request_id,request_date,source_system,department,request_type,asset_id,asset_type,asset_criticality,asset_condition,asset_failure_risk,overdue_days,corridor_id,route_section,km_start,km_end,line,track,work_description,estimated_work_duration_min,setup_time_min,clearance_time_min,total_block_time_min,earliest_feasible_start,preferred_start,preferred_end,latest_permissible_completion,required_block_type,required_resource_type,required_resource_count,required_skill,joint_block_eligible,parallel_execution_allowed,sequential_execution_allowed,compatible_departments,safety_risk_level,consequence_of_deferral,delay_penalty_inr,priority_feature_score,dependency_request_id,dependency_type
REQ-0000001,2026-10-05,TMS,Engineering,Preventive,AST-000004,Point Machine,Critical,Good,0.553,0,COR-01,SEC-01,217.338,217.702,Down,Main Line,Ballast maintenance,60,20,20,100,2026-10-05 13:43,2026-10-05 15:00,2026-10-05 16:40,2026-10-06 19:40,Line Block,Inspection Vehicle,1,Bridge Inspector,Yes,Yes,Yes,S&T;TD,Medium,Speed restriction,12608.2,0.586,,
REQ-0000002,2026-11-08,TMS,Engineering,Corrective,AST-000076,Bridge,High,Fair,0.233,8,COR-03,SEC-05,179.734,180.078,Up,Loop Line,Rail joint replacement,120,15,15,150,2026-11-07 23:52,2026-11-08 01:15,2026-11-08 03:45,2026-11-13 07:45,Line Block,Crane,2,Bridge Inspector,Yes,Yes,Yes,S&T,Medium,Failure risk,9985.76,0.429,,
REQ-0000003,2026-10-09,SMMS,S&T,Preventive,AST-000214,Axle Counter,Medium,Good,0.211,279,COR-01,SEC-01,193.389,193.509,Up,Yard,Track circuit inspection,60,10,20,90,2026-10-09 02:50,2026-10-09 03:15,2026-10-09 04:45,2026-10-13 07:45,Full Block,Maintenance Van,1,Telecom Technician,Yes,No,No,Engineering,Medium,Minor operational impact,10191.83,0.483,,
REQ-0000004,2026-10-29,TMS,Engineering,Preventive,AST-000191,Track Machine,High,Poor,0.389,0,COR-04,SEC-07,372.468,372.844,Up,Main Line,Rail joint replacement,60,30,15,105,2026-10-28 21:17,2026-10-29 00:00,2026-10-29 01:45,2026-11-03 06:45,Full Block,Maintenance Van,1,P.Way Technician,Yes,No,Yes,TD,Low,Speed restriction,9860.7,0.437,,
REQ-0000005,2026-11-08,TMS,Engineering,Preventive,AST-000349,Track Machine,Medium,Good,0.116,154,COR-01,SEC-01,199.588,199.822,Down,Loop Line,Drainage maintenance,120,20,10,150,2026-11-08 01:50,2026-11-08 04:45,2026-11-08 07:15,2026-11-09 11:15,Power Block,Maintenance Van,1,P.Way Technician,Yes,Yes,Yes,TD,High,Line closure,7483.17,0.426,,
REQ-0000006,2026-11-14,SMMS,S&T,Emergency,AST-000233,Axle Counter,High,Fair,0.347,159,COR-04,SEC-08,349.915,350.121,Both Lines,Main Line,Track circuit inspection,75,10,20,105,2026-11-14 00:46,2026-11-14 01:00,2026-11-14 02:45,2026-11-19 04:45,Power Block,Maintenance Van,1,Interlocking Technician,No,No,No,,High,Speed restriction,12452.4,0.681,,
REQ-0000007,2026-10-23,TMS,Engineering,Preventive,AST-000010,Track Machine,Medium,Poor,0.493,49,COR-03,SEC-06,166.334,166.475,Up,Loop Line,Turnout inspection,45,20,10,75,2026-10-23 01:47,2026-10-23 04:15,2026-10-23 05:30,2026-10-26 06:30,Full Block,Maintenance Van,2,Bridge Inspector,Yes,Yes,No,TD,Medium,Minor operational impact,12499.15,0.422,,
REQ-0000008,2026-11-17,SMMS,S&T,Emergency,AST-000119,Telecom,Medium,Fair,0.24,54,COR-01,SEC-02,259.345,259.398,Both Lines,Loop Line,Communication equipment maintenance,90,15,10,115,2026-11-17 01:41,2026-11-17 02:45,2026-11-17 04:40,2026-11-18 09:40,Line Block,Signal Testing Kit,1,Telecom Technician,No,No,No,,High,Line closure,11137.87,0.432,,
REQ-0000009,2026-11-12,SMMS,S&T,Inspection,AST-000419,Interlocking Equipment,Critical,Good,0.217,86,COR-03,SEC-06,185.489,185.599,Up,Main Line,Relay room inspection,120,30,15,165,2026-11-12 00:17,2026-11-12 00:45,2026-11-12 03:30,2026-11-13 03:30,Power Block,Signal Testing Kit,2,Telecom Technician,Yes,No,Yes,Engineering,Low,Failure risk,9834.56,0.581,,
REQ-0000010,2026-11-09,TMS,Engineering,Corrective,AST-000021,Bridge,Low,Good,0.322,0,COR-03,SEC-06,137.918,138.088,Up,Main Line,Ballast maintenance,75,15,15,105,2026-11-09 01:02,2026-11-09 01:30,2026-11-09 03:15,2026-11-10 04:15,Caution Order,Crane,2,Bridge Inspector,No,No,No,,High,Line closure,8512.35,0.247,,
REQ-0000011,2026-10-11,TDMS,TD,Corrective,AST-000491,Traction Substation,Medium,Good,0.441,51,COR-03,SEC-05,181.093,181.34,Up,Main Line,Sectioning equipment inspection,150,15,15,180,2026-10-10 22:52,2026-10-11 01:45,2026-10-11 04:45,2026-10-14 10:45,Full Block,Maintenance Van,1,Traction Technician,Yes,No,Yes,Engineering,Low,Speed restriction,8564.47,0.439,,
REQ-0000012,2026-11-09,SMMS,S&T,Preventive,AST-000394,Telecom,Medium,Critical,0.342,0,COR-03,SEC-05,129.68,129.874,Down,Yard,Communication equipment maintenance,75,20,15,110,2026-11-08 23:18,2026-11-09 00:30,2026-11-09 02:20,2026-11-11 03:20,Full Block,Signal Testing Kit,2,Signal Technician,Yes,Yes,Yes,Engineering;TD,Medium,Minor operational impact,8023.8,0.323,,
REQ-0000013,2026-10-21,TMS,Engineering,Preventive,AST-000148,Track,High,Good,0.296,0,COR-01,SEC-01,205.687,206.062,Down,Main Line,Turnout inspection,30,30,10,70,2026-10-20 22:32,2026-10-21 00:30,2026-10-21 01:40,2026-10-22 07:40,Line Block,Maintenance Van,1,Track Machine Operator,Yes,Yes,No,TD,High,Failure risk,13827.86,0.409,,
REQ-0000014,2026-10-08,SMMS,S&T,Inspection,AST-000008,Relay Room,Medium,Fair,0.174,0,COR-03,SEC-05,166.788,167.125,Down,Loop Line,Signal equipment inspection,90,20,30,140,2026-10-08 01:58,2026-10-08 03:00,2026-10-08 05:20,2026-10-09 05:20,Full Block,Signal Testing Kit,1,Signal Technician,Yes,Yes,Yes,Engineering;TD,Medium,Line closure,8209.86,0.272,,
REQ-0000015,2026-10-13,TMS,Engineering,Corrective,AST-000067,Track,Low,Fair,0.18,179,COR-04,SEC-07,375.335,375.654,Both Lines,Yard,Sleeper replacement,90,20,30,140,2026-10-13 07:24,2026-10-13 10:15,2026-10-13 12:35,2026-10-15 12:35,Power Block,Crane,1,Track Machine Operator,No,No,No,,Critical,Operational delay,6712.77,0.403,,
REQ-0000016,2026-11-17,TDMS,TD,Corrective,AST-000083,Sectioning Post,Critical,Fair,0.401,157,COR-03,SEC-06,159.352,159.671,Both Lines,Loop Line,OHE inspection,45,10,10,65,2026-11-16 22:38,2026-11-17 00:45,2026-11-17 01:50,2026-11-22 01:50,Power Block,Maintenance Van,1,OHE Technician,Yes,No,Yes,Engineering;S&T,Medium,Speed restriction,15089.24,0.745,,
REQ-0000017,2026-10-23,TDMS,TD,Corrective,AST-000159,Switching Station,Critical,Critical,0.53,91,COR-03,SEC-05,144.09,144.302,Both Lines,Main Line,Electrical isolation testing,150,15,30,195,2026-10-23 00:06,2026-10-23 01:45,2026-10-23 05:00,2026-10-25 08:00,Power Block,OHE Tower Wagon,1,OHE Technician,No,No,No,,High,Line closure,16285.45,0.71,,
REQ-0000018,2026-11-04,SMMS,S&T,Preventive,AST-000489,Relay Room,High,Fair,0.123,5,COR-03,SEC-05,151.416,151.712,Up,Loop Line,Track circuit inspection,75,30,10,115,2026-11-04 05:44,2026-11-04 08:00,2026-11-04 09:55,2026-11-05 16:55,Power Block,Testing Kit,1,S&T Supervisor,Yes,No,Yes,Engineering,High,Line closure,10516.26,0.362,,
REQ-0000019,2026-11-23,SMMS,S&T,Preventive,AST-000257,Telecom,Critical,Good,0.448,84,COR-03,SEC-05,184.565,184.794,Down,Loop Line,Communication equipment maintenance,30,15,30,75,2026-11-22 22:44,2026-11-23 00:30,2026-11-23 01:45,2026-11-26 01:45,Caution Order,Maintenance Van,2,S&T Supervisor,Yes,Yes,Yes,Engineering,Low,Minor operational impact,12366.11,0.648,,
REQ-0000020,2026-11-15,TMS,Engineering,Corrective,AST-000143,Track,Medium,Good,0.212,0,COR-04,SEC-07,355.062,355.282,Down,Main Line,Ballast maintenance,30,20,20,70,2026-11-15 02:21,2026-11-15 03:45,2026-11-15 04:55,2026-11-19 05:55,Power Block,Track Machine,1,Track Machine Operator,Yes,No,Yes,S&T;TD,Medium,Failure risk,10190.33,0.314,,
REQ-0000021,2026-11-15,TMS,Engineering,Preventive,AST-000280,Level Crossing,Medium,Fair,0.532,170,COR-02,SEC-04,293.353,293.572,Both Lines,Main Line,Rail joint replacement,75,20,10,105,2026-11-15 07:25,2026-11-15 08:45,2026-11-15 10:30,2026-11-20 11:30,Full Block,Track Machine,1,Track Supervisor,Yes,No,Yes,S&T,Low,Speed restriction,12906.92,0.568,,
REQ-0000022,2026-10-23,TDMS,TD,Preventive,AST-000083,Sectioning Post,Critical,Fair,0.401,157,COR-03,SEC-06,159.352,159.439,Down,Main Line,OHE mast inspection,30,10,10,50,2026-10-23 10:25,2026-10-23 12:30,2026-10-23 13:20,2026-10-25 16:20,Power Block,Electrical Testing Kit,2,Electrical Supervisor,Yes,Yes,Yes,Engineering;S&T,High,Operational delay,20229.97,0.715,,
REQ-0000023,2026-10-14,TDMS,TD,Preventive,AST-000406,Sectioning Post,Medium,Good,0.206,0,COR-02,SEC-03,328.477,328.594,Down,Main Line,OHE fitting replacement,45,10,10,65,2026-10-14 04:20,2026-10-14 04:30,2026-10-14 05:35,2026-10-17 12:35,Power Block,Maintenance Van,1,Traction Technician,No,No,No,,Medium,Failure risk,11516.93,0.282,,
REQ-0000024,2026-11-05,TDMS,TD,Preventive,AST-000318,Switching Station,Medium,Fair,0.033,0,COR-02,SEC-03,302.37,302.679,Down,Yard,Electrical isolation testing,60,20,10,90,2026-11-04 21:43,2026-11-05 00:00,2026-11-05 01:30,2026-11-06 05:30,Power Block,Maintenance Van,1,OHE Technician,Yes,No,Yes,Engineering;S&T,Medium,Operational delay,10036.9,0.23,,
REQ-0000025,2026-10-23,TDMS,TD,Emergency,AST-000286,Switching Station,High,Poor,0.703,0,COR-03,SEC-05,161.459,161.642,Down,Main Line,OHE inspection,150,10,10,170,2026-10-22 23:10,2026-10-23 00:45,2026-10-23 03:35,2026-10-26 08:35,Full Block,Electrical Testing Kit,1,Electrical Supervisor,No,No,No,,Medium,Line closure,13166.69,0.611,,
REQ-0000026,2026-09-29,SMMS,S&T,Inspection,AST-000232,Relay Room,Medium,Fair,0.135,185,COR-03,SEC-06,156.405,156.742,Up,Yard,Track circuit inspection,120,30,15,165,2026-09-29 11:45,2026-09-29 14:00,2026-09-29 16:45,2026-10-02 21:45,Power Block,Testing Kit,1,Telecom Technician,Yes,No,Yes,TD,Medium,Operational delay,9543.27,0.461,,
REQ-0000027,2026-10-11,SMMS,S&T,Corrective,AST-000384,Telecom,Critical,Excellent,0.577,170,COR-03,SEC-05,123.315,123.617,Down,Main Line,Interlocking equipment testing,60,30,20,110,2026-10-10 22:23,2026-10-11 01:00,2026-10-11 02:50,2026-10-14 02:50,Power Block,Signal Testing Kit,1,S&T Supervisor,Yes,Yes,Yes,,High,Line closure,11958.36,0.812,,
REQ-0000028,2026-10-13,SMMS,S&T,Corrective,AST-000305,Interlocking Equipment,High,Good,0.436,77,COR-03,SEC-06,159.226,159.366,Down,Loop Line,Axle counter maintenance,45,15,15,75,2026-10-12 22:35,2026-10-13 01:30,2026-10-13 02:45,2026-10-18 02:45,Full Block,Maintenance Van,1,Signal Technician,No,No,No,,Low,Minor operational impact,10477.12,0.566,REQ-0000026,Inspection before repair
REQ-0000029,2026-10-29,SMMS,S&T,Inspection,AST-000283,Axle Counter,High,Poor,0.275,34,COR-03,SEC-05,166.504,166.54,Down,Yard,Track circuit inspection,30,20,15,65,2026-10-29 08:30,2026-10-29 08:30,2026-10-29 09:35,2026-10-31 16:35,Power Block,Testing Kit,1,S&T Supervisor,Yes,No,Yes,TD,High,Failure risk,9757.76,0.44,,
REQ-0000030,2026-11-05,SMMS,S&T,Preventive,AST-000160,Axle Counter,High,Fair,0.453,194,COR-01,SEC-02,230.739,230.88,Down,Main Line,Signal equipment inspection,120,30,15,165,2026-11-05 00:20,2026-11-05 00:45,2026-11-05 03:30,2026-11-08 10:30,Caution Order,Signal Testing Kit,2,S&T Supervisor,Yes,No,Yes,,Medium,Speed restriction,16972.66,0.656,,
REQ-0000031,2026-10-17,SMMS,S&T,Preventive,AST-000341,Signal,Medium,Good,0.113,240,COR-01,SEC-02,233.347,233.619,Both Lines,Loop Line,Signal equipment replacement,30,15,30,75,2026-10-17 01:07,2026-10-17 02:00,2026-10-17 03:15,2026-10-19 05:15,Line Block,Maintenance Van,2,Telecom Technician,No,No,No,,Low,Speed restriction,8851.18,0.454,,
REQ-0000032,2026-10-31,SMMS,S&T,Inspection,AST-000175,Axle Counter,High,Poor,0.461,0,COR-03,SEC-06,152.18,152.371,Down,Main Line,Axle counter maintenance,120,15,10,145,2026-10-31 02:26,2026-10-31 03:15,2026-10-31 05:40,2026-11-01 12:40,Full Block,Maintenance Van,1,Telecom Technician,Yes,Yes,Yes,,Low,Speed restriction,16285.5,0.458,,
REQ-0000033,2026-11-04,SMMS,S&T,Corrective,AST-000379,Relay Room,Medium,Fair,0.08,90,COR-04,SEC-07,345.024,345.306,Up,Loop Line,Signal equipment replacement,45,20,10,75,2026-11-04 08:03,2026-11-04 09:45,2026-11-04 11:00,2026-11-06 17:00,Full Block,Testing Kit,1,Telecom Technician,Yes,No,Yes,Engineering;TD,High,Line closure,9734.83,0.374,,
REQ-0000034,2026-10-02,TDMS,TD,Preventive,AST-000446,OHE Mast,Critical,Poor,0.617,131,COR-03,SEC-05,167.991,168.357,Up,Main Line,OHE mast inspection,150,20,30,200,2026-10-01 23:21,2026-10-02 00:00,2026-10-02 03:20,2026-10-06 04:20,Power Block,Electrical Testing Kit,1,OHE Authorized Supervisor,Yes,Yes,Yes,Engineering;S&T,Medium,Speed restriction,14387.8,0.751,,
REQ-0000035,2026-10-25,SMMS,S&T,Corrective,AST-000163,Relay Room,High,Good,0.07,16,COR-03,SEC-06,141.746,141.812,Both Lines,Yard,Interlocking equipment testing,150,10,20,180,2026-10-25 01:08,2026-10-25 01:45,2026-10-25 04:45,2026-10-26 10:45,Line Block,Maintenance Van,1,Signal Technician,Yes,Yes,Yes,,Medium,Line closure,11698.55,0.389,,
REQ-0000036,2026-10-13,SMMS,S&T,Corrective,AST-000119,Telecom,Medium,Fair,0.24,54,COR-01,SEC-02,259.345,259.454,Up,Yard,Relay room inspection,120,30,20,170,2026-10-13 17:06,2026-10-13 17:30,2026-10-13 20:20,2026-10-18 21:20,Power Block,Maintenance Van,1,S&T Supervisor,Yes,Yes,Yes,Engineering;TD,High,Minor operational impact,11997.29,0.382,,
REQ-0000037,2026-11-14,TDMS,TD,Preventive,AST-000446,OHE Mast,Critical,Poor,0.617,131,COR-03,SEC-05,167.991,168.21,Down,Main Line,Traction equipment maintenance,60,10,20,90,2026-11-13 23:31,2026-11-14 01:15,2026-11-14 02:45,2026-11-18 07:45,Full Block,Maintenance Van,1,Electrical Supervisor,Yes,No,No,S&T,Medium,Line closure,19561.45,0.751,,
REQ-0000038,2026-10-07,SMMS,S&T,Inspection,AST-000160,Axle Counter,High,Fair,0.453,194,COR-01,SEC-02,230.739,230.861,Both Lines,Loop Line,Communication equipment maintenance,45,20,10,75,2026-10-07 00:31,2026-10-07 01:30,2026-10-07 02:45,2026-10-11 04:45,Caution Order,Testing Kit,1,Telecom Technician,No,No,No,,Medium,Line closure,17125.13,0.656,,
REQ-0000039,2026-10-08,TMS,Engineering,Emergency,AST-000071,Bridge,Low,Critical,0.69,65,COR-04,SEC-08,385.787,385.962,Up,Main Line,Ballast maintenance,30,10,10,50,2026-10-08 17:49,2026-10-08 19:45,2026-10-08 20:35,2026-10-13 20:35,Full Block,Track Machine,1,Bridge Inspector,No,No,No,,Medium,Speed restriction,7168.38,0.479,,
REQ-0000040,2026-10-08,TDMS,TD,Preventive,AST-000208,OHE,High,Fair,0.218,216,COR-03,SEC-05,141.537,141.791,Down,Main Line,OHE mast inspection,120,15,10,145,2026-10-08 01:53,2026-10-08 02:00,2026-10-08 04:25,2026-10-11 08:25,Full Block,OHE Tower Wagon,1,OHE Technician,Yes,Yes,Yes,Engineering,High,Failure risk,9587.52,0.585,,
REQ-0000041,2026-10-03,SMMS,S&T,Preventive,AST-000095,Telecom,High,Excellent,0.085,42,COR-02,SEC-03,309.743,310.139,Down,Loop Line,Signal equipment replacement,45,15,20,80,2026-10-03 02:57,2026-10-03 04:45,2026-10-03 06:05,2026-10-05 12:05,Full Block,Maintenance Van,2,S&T Supervisor,Yes,Yes,Yes,TD,High,Failure risk,14370.35,0.392,,
REQ-0000042,2026-11-14,TDMS,TD,Inspection,AST-000087,OHE,High,Good,0.043,0,COR-04,SEC-07,358.224,358.366,Down,Yard,Sectioning equipment inspection,120,20,30,170,2026-11-14 02:01,2026-11-14 02:30,2026-11-14 05:20,2026-11-17 10:20,Power Block,Electrical Testing Kit,1,OHE Authorized Supervisor,Yes,Yes,Yes,Engineering;S&T,Medium,Speed restriction,10040.06,0.333,,
REQ-0000043,2026-09-30,TMS,Engineering,Preventive,AST-000296,Point Machine,High,Fair,0.827,0,COR-03,SEC-05,142.377,142.544,Down,Main Line,Ballast maintenance,180,15,10,205,2026-09-30 03:36,2026-09-30 04:00,2026-09-30 07:25,2026-10-03 11:25,Line Block,Maintenance Van,1,P.Way Technician,Yes,Yes,Yes,S&T,Medium,Failure risk,14662.98,0.568,REQ-0000026,Testing before restoration
REQ-0000044,2026-10-06,TDMS,TD,Preventive,AST-000314,OHE Mast,Medium,Fair,0.288,0,COR-03,SEC-05,176.861,177.164,Down,Loop Line,OHE fitting replacement,60,15,20,95,2026-10-06 01:55,2026-10-06 02:30,2026-10-06 04:05,2026-10-07 10:05,Power Block,Maintenance Van,1,Electrical Supervisor,Yes,Yes,Yes,S&T,High,Operational delay,9049.81,0.306,,
REQ-0000045,2026-10-01,TMS,Engineering,Corrective,AST-000499,Track,Medium,Fair,0.122,57,COR-03,SEC-06,151.139,151.267,Down,Yard,Drainage maintenance,150,10,30,190,2026-10-01 01:20,2026-10-01 02:30,2026-10-01 05:40,2026-10-03 09:40,Power Block,Inspection Vehicle,1,P.Way Technician,Yes,Yes,Yes,S&T;TD,Medium,Line closure,11308.27,0.35,,
REQ-0000046,2026-10-07,TDMS,TD,Preventive,AST-000362,OHE Mast,High,Good,0.257,31,COR-01,SEC-02,233.866,234.054,Up,Loop Line,Sectioning equipment inspection,75,15,20,110,2026-10-07 15:51,2026-10-07 17:45,2026-10-07 19:35,2026-10-10 21:35,Full Block,OHE Tower Wagon,1,OHE Authorized Supervisor,Yes,No,Yes,Engineering;S&T,High,Failure risk,8906.37,0.432,,
REQ-0000047,2026-10-06,TMS,Engineering,Corrective,AST-000383,Track,Medium,Fair,0.406,134,COR-02,SEC-04,320.504,320.812,Up,Yard,Rail joint replacement,60,15,30,105,2026-10-06 06:57,2026-10-06 08:15,2026-10-06 10:00,2026-10-08 16:00,Line Block,Crane,1,Track Supervisor,Yes,Yes,Yes,S&T;TD,Medium,Failure risk,10499.9,0.521,,
REQ-0000048,2026-11-16,TMS,Engineering,Corrective,AST-000365,Track Machine,Critical,Poor,0.59,80,COR-03,SEC-05,189.721,189.79,Up,Yard,Ballast maintenance,45,30,15,90,2026-11-16 02:00,2026-11-16 04:30,2026-11-16 06:00,2026-11-17 10:00,Line Block,Track Machine,1,Track Supervisor,Yes,Yes,Yes,S&T;TD,Low,Failure risk,17003.74,0.716,,
REQ-0000049,2026-10-06,TDMS,TD,Preventive,AST-000495,OHE Mast,Medium,Fair,0.174,0,COR-02,SEC-04,282.651,282.742,Up,Yard,OHE fitting replacement,60,30,30,120,2026-10-06 16:43,2026-10-06 17:00,2026-10-06 19:00,2026-10-08 01:00,Power Block,Maintenance Van,2,OHE Authorized Supervisor,Yes,Yes,Yes,S&T,High,Line closure,7493.54,0.272,,
REQ-0000050,2026-10-16,TDMS,TD,Preventive,AST-000425,Switching Station,High,Fair,0.494,0,COR-03,SEC-05,125.806,126.203,Down,Main Line,Traction equipment maintenance,180,30,30,240,2026-10-16 00:39,2026-10-16 03:15,2026-10-16 07:15,2026-10-17 10:15,Full Block,OHE Tower Wagon,1,Electrical Supervisor,No,No,No,,Medium,Failure risk,8925.06,0.468,,
REQ-0000051,2026-10-13,TMS,Engineering,Preventive,AST-000076,Bridge,High,Fair,0.233,8,COR-03,SEC-05,179.734,179.907,Down,Loop Line,Ballast maintenance,120,30,20,170,2026-10-13 02:11,2026-10-13 03:15,2026-10-13 06:05,2026-10-16 06:05,Full Block,Inspection Vehicle,1,Track Machine Operator,No,No,No,,High,Minor operational impact,8305.14,0.399,,
REQ-0000052,2026-10-08,TMS,Engineering,Inspection,AST-000349,Track Machine,Medium,Good,0.116,154,COR-01,SEC-01,199.588,199.722,Up,Loop Line,Sleeper replacement,150,30,15,195,2026-10-08 03:37,2026-10-08 03:45,2026-10-08 07:00,2026-10-13 14:00,Line Block,Crane,2,P.Way Technician,Yes,Yes,Yes,TD,Low,Failure risk,8327.19,0.426,,
REQ-0000053,2026-11-20,TDMS,TD,Emergency,AST-000446,OHE Mast,Critical,Poor,0.617,131,COR-03,SEC-05,167.991,168.315,Down,Loop Line,Traction equipment maintenance,30,20,20,70,2026-11-20 02:08,2026-11-20 03:45,2026-11-20 04:55,2026-11-24 11:55,Power Block,Electrical Testing Kit,1,Traction Technician,No,No,No,,Medium,Line closure,14445.77,0.831,,
REQ-0000054,2026-10-23,TMS,Engineering,Emergency,AST-000130,Bridge,Critical,Poor,0.792,259,COR-03,SEC-06,166.442,166.546,Up,Main Line,Track alignment correction,90,10,10,110,2026-10-22 22:50,2026-10-23 01:45,2026-10-23 03:35,2026-10-26 04:35,Caution Order,Crane,1,Track Supervisor,No,No,No,,Medium,Operational delay,11653.47,0.938,,
REQ-0000055,2026-11-19,SMMS,S&T,Inspection,AST-000269,Signal,Low,Excellent,0.082,0,COR-03,SEC-06,154.74,155.092,Up,Main Line,Track circuit inspection,180,10,15,205,2026-11-19 01:03,2026-11-19 01:45,2026-11-19 05:10,2026-11-23 07:10,Caution Order,Testing Kit,1,Telecom Technician,Yes,Yes,No,Engineering,Medium,Speed restriction,5879.51,0.145,,
REQ-0000056,2026-10-12,SMMS,S&T,Emergency,AST-000091,Signal,High,Poor,0.528,97,COR-02,SEC-03,338.772,338.971,Up,Yard,Axle counter maintenance,90,30,20,140,2026-10-12 02:32,2026-10-12 04:15,2026-10-12 06:35,2026-10-14 06:35,Full Block,Signal Testing Kit,2,S&T Supervisor,No,No,No,,High,Speed restriction,16407.8,0.666,,
REQ-0000057,2026-11-15,TMS,Engineering,Inspection,AST-000156,Bridge,Medium,Fair,0.015,145,COR-02,SEC-03,338.572,338.654,Down,Loop Line,Ballast maintenance,45,10,10,65,2026-11-15 06:43,2026-11-15 07:15,2026-11-15 08:20,2026-11-17 10:20,Caution Order,Crane,2,Track Machine Operator,Yes,No,Yes,S&T;TD,Medium,Speed restriction,8607.38,0.386,,
REQ-0000058,2026-11-17,TDMS,TD,Emergency,AST-000083,Sectioning Post,Critical,Fair,0.401,157,COR-03,SEC-06,159.352,159.505,Down,Main Line,Power supply inspection,150,15,15,180,2026-11-17 00:27,2026-11-17 00:30,2026-11-17 03:30,2026-11-18 03:30,Full Block,OHE Tower Wagon,1,OHE Authorized Supervisor,No,No,No,,High,Operational delay,19839.38,0.795,,
REQ-0000059,2026-11-21,TMS,Engineering,Corrective,AST-000197,Level Crossing,Low,Fair,0.408,149,COR-02,SEC-03,323.619,323.938,Up,Yard,Sleeper replacement,90,10,20,120,2026-11-21 00:50,2026-11-21 03:45,2026-11-21 05:45,2026-11-26 06:45,Line Block,Track Machine,1,Track Machine Operator,Yes,Yes,No,,Medium,Minor operational impact,9488.49,0.438,,
REQ-0000060,2026-10-07,TDMS,TD,Preventive,AST-000131,Traction Substation,Low,Critical,0.394,58,COR-01,SEC-01,232.215,232.269,Down,Yard,Traction equipment maintenance,180,20,15,215,2026-10-06 22:54,2026-10-07 00:45,2026-10-07 04:20,2026-10-09 05:20,Full Block,Maintenance Van,1,Electrical Supervisor,Yes,Yes,Yes,S&T,High,Line closure,7378.24,0.303,,
REQ-0000061,2026-10-16,SMMS,S&T,Preventive,AST-000033,Interlocking Equipment,Medium,Poor,0.348,143,COR-01,SEC-02,205.439,205.539,Down,Loop Line,Interlocking equipment testing,30,20,20,70,2026-10-16 01:20,2026-10-16 01:45,2026-10-16 02:55,2026-10-17 06:55,Full Block,Testing Kit,1,Telecom Technician,Yes,Yes,Yes,Engineering;TD,Medium,Failure risk,8444.5,0.483,,
REQ-0000062,2026-11-01,SMMS,S&T,Preventive,AST-000388,Relay Room,High,Poor,0.507,0,COR-04,SEC-08,376.454,376.543,Both Lines,Yard,Signal equipment inspection,150,15,10,175,2026-11-01 00:20,2026-11-01 02:00,2026-11-01 04:55,2026-11-04 11:55,Line Block,Maintenance Van,2,Interlocking Technician,Yes,Yes,No,Engineering,High,Failure risk,14402.44,0.472,,
REQ-0000063,2026-10-10,TDMS,TD,Preventive,AST-000491,Traction Substation,Medium,Good,0.441,51,COR-03,SEC-05,181.093,181.437,Up,Main Line,Traction equipment maintenance,90,10,10,110,2026-10-10 02:55,2026-10-10 03:30,2026-10-10 05:20,2026-10-14 10:20,Full Block,Maintenance Van,1,Electrical Supervisor,No,No,No,,Medium,Failure risk,11349.18,0.409,,
REQ-0000064,2026-10-02,TMS,Engineering,Preventive,AST-000096,Point Machine,Medium,Good,0.127,126,COR-04,SEC-07,356.19,356.519,Up,Yard,Drainage maintenance,75,15,15,105,2026-10-02 02:22,2026-10-02 04:15,2026-10-02 06:00,2026-10-06 09:00,Power Block,Maintenance Van,2,Track Machine Operator,Yes,Yes,No,TD,Medium,Speed restriction,9281.27,0.398,,
REQ-0000065,2026-11-15,TDMS,TD,Corrective,AST-000301,Switching Station,High,Good,0.113,26,COR-01,SEC-01,232.205,232.465,Up,Main Line,Traction equipment maintenance,150,20,15,185,2026-11-15 11:40,2026-11-15 14:00,2026-11-15 17:05,2026-11-16 22:05,Full Block,Maintenance Van,1,Electrical Supervisor,Yes,No,Yes,Engineering,Low,Operational delay,10545.43,0.413,,
REQ-0000066,2026-10-01,SMMS,S&T,Preventive,AST-000320,Interlocking Equipment,Medium,Poor,0.573,0,COR-01,SEC-02,250.566,250.826,Up,Loop Line,Track circuit inspection,90,30,15,135,2026-10-01 00:48,2026-10-01 02:00,2026-10-01 04:15,2026-10-03 06:15,Line Block,Signal Testing Kit,1,S&T Supervisor,Yes,Yes,Yes,Engineering,High,Operational delay,11653.29,0.392,,
REQ-0000067,2026-11-09,TMS,Engineering,Corrective,AST-000389,Track,Medium,Fair,0.318,0,COR-02,SEC-04,307.17,307.348,Up,Loop Line,Turnout inspection,75,20,30,125,2026-11-09 03:06,2026-11-09 04:00,2026-11-09 06:05,2026-11-10 08:05,Power Block,Maintenance Van,1,P.Way Technician,No,No,No,,Medium,Line closure,6430.17,0.345,,
REQ-0000068,2026-10-27,TDMS,TD,Emergency,AST-000354,OHE Mast,Low,Good,0.267,48,COR-04,SEC-08,384.977,385.326,Up,Main Line,OHE fitting replacement,45,10,10,65,2026-10-27 02:37,2026-10-27 03:30,2026-10-27 04:35,2026-10-31 11:35,Power Block,OHE Tower Wagon,1,Traction Technician,No,No,No,,High,Operational delay,7261.58,0.333,REQ-0000039,Testing before restoration
REQ-0000069,2026-10-31,TDMS,TD,Preventive,AST-000212,OHE,Low,Fair,0.653,98,COR-04,SEC-08,373.711,374.026,Down,Yard,OHE fitting replacement,75,20,10,105,2026-10-31 02:49,2026-10-31 03:45,2026-10-31 05:30,2026-11-04 05:30,Power Block,OHE Tower Wagon,1,Traction Technician,Yes,Yes,Yes,Engineering;S&T,High,Failure risk,9309.31,0.425,,
REQ-0000070,2026-10-21,SMMS,S&T,Inspection,AST-000378,Relay Room,Medium,Good,0.125,148,COR-03,SEC-05,122.612,122.828,Up,Loop Line,Signal equipment inspection,120,15,20,155,2026-10-20 22:21,2026-10-21 00:45,2026-10-21 03:20,2026-10-24 09:20,Power Block,Testing Kit,2,S&T Supervisor,No,No,No,,High,Minor operational impact,10273.38,0.422,,
REQ-0000071,2026-09-30,TMS,Engineering,Inspection,AST-000210,Track Machine,Critical,Good,0.345,0,COR-02,SEC-04,292.723,292.997,Up,Main Line,Sleeper replacement,150,10,10,170,2026-09-30 01:38,2026-09-30 04:00,2026-09-30 06:50,2026-10-04 07:50,Power Block,Maintenance Van,1,P.Way Technician,Yes,Yes,Yes,S&T;TD,Medium,Failure risk,17306.1,0.524,,
REQ-0000072,2026-11-21,TDMS,TD,Emergency,AST-000314,OHE Mast,Medium,Fair,0.288,0,COR-03,SEC-05,176.861,177.157,Up,Main Line,Traction equipment maintenance,90,10,20,120,2026-11-21 01:23,2026-11-21 04:00,2026-11-21 06:00,2026-11-22 13:00,Full Block,Maintenance Van,1,OHE Technician,No,No,No,,Medium,Speed restriction,10926.25,0.386,,
REQ-0000073,2026-10-20,TMS,Engineering,Preventive,AST-000278,Track,High,Good,0.417,96,COR-02,SEC-03,339.3,339.429,Up,Loop Line,Sleeper replacement,180,15,10,205,2026-10-20 00:45,2026-10-20 03:15,2026-10-20 06:40,2026-10-23 10:40,Full Block,Maintenance Van,1,P.Way Technician,Yes,Yes,Yes,TD,Medium,Line closure,15750.58,0.552,,
REQ-0000074,2026-10-08,TMS,Engineering,Preventive,AST-000046,Track Machine,Medium,Good,0.49,0,COR-03,SEC-05,179.537,179.873,Down,Loop Line,Track alignment correction,75,10,10,95,2026-10-08 02:56,2026-10-08 04:45,2026-10-08 06:20,2026-10-09 08:20,Line Block,Inspection Vehicle,1,Track Supervisor,Yes,No,Yes,S&T,Medium,Speed restriction,10620.64,0.367,,
REQ-0000075,2026-10-31,TMS,Engineering,Preventive,AST-000479,Level Crossing,Low,Good,0.438,111,COR-04,SEC-08,366.967,367.174,Up,Yard,Track geometry inspection,150,10,15,175,2026-10-30 23:25,2026-10-31 00:00,2026-10-31 02:55,2026-11-04 08:55,Caution Order,Crane,1,Track Supervisor,Yes,Yes,Yes,,Medium,Minor operational impact,5806.79,0.375,,
REQ-0000076,2026-10-29,SMMS,S&T,Inspection,AST-000011,Interlocking Equipment,Medium,Fair,0.164,90,COR-01,SEC-02,187.204,187.361,Down,Main Line,Communication equipment maintenance,75,10,10,95,2026-10-29 18:38,2026-10-29 19:30,2026-10-29 21:05,2026-11-03 00:05,Line Block,Testing Kit,1,Signal Technician,Yes,Yes,Yes,,Medium,Line closure,6138.34,0.369,,
REQ-0000077,2026-11-17,SMMS,S&T,Inspection,AST-000376,Interlocking Equipment,High,Good,0.383,313,COR-03,SEC-05,139.941,140.294,Up,Loop Line,Axle counter maintenance,75,30,15,120,2026-11-17 01:36,2026-11-17 02:45,2026-11-17 04:45,2026-11-21 07:45,Line Block,Testing Kit,1,Signal Technician,Yes,No,Yes,Engineering;TD,High,Line closure,16289.36,0.635,,
REQ-0000078,2026-10-22,SMMS,S&T,Corrective,AST-000339,Relay Room,Critical,Fair,0.664,189,COR-04,SEC-07,399.807,399.957,Down,Yard,Communication equipment maintenance,180,30,20,230,2026-10-22 02:28,2026-10-22 02:30,2026-10-22 06:20,2026-10-25 13:20,Line Block,Testing Kit,1,S&T Supervisor,Yes,Yes,Yes,Engineering;TD,Medium,Failure risk,19519.26,0.849,,
REQ-0000079,2026-10-25,SMMS,S&T,Preventive,AST-000188,Interlocking Equipment,Medium,Poor,0.497,0,COR-04,SEC-07,354.56,354.851,Down,Main Line,Communication equipment maintenance,120,30,30,180,2026-10-25 02:09,2026-10-25 04:30,2026-10-25 07:30,2026-10-29 10:30,Power Block,Maintenance Van,1,Interlocking Technician,Yes,Yes,Yes,TD,Low,Line closure,10106.12,0.369,,
REQ-0000080,2026-10-08,SMMS,S&T,Inspection,AST-000427,Signal,High,Poor,0.321,286,COR-03,SEC-05,140.738,140.912,Both Lines,Main Line,Track circuit inspection,150,30,30,210,2026-10-08 16:25,2026-10-08 17:30,2026-10-08 21:00,2026-10-13 03:00,Caution Order,Signal Testing Kit,1,S&T Supervisor,No,No,No,,High,Line closure,15677.07,0.616,,
REQ-0000081,2026-11-01,TMS,Engineering,Preventive,AST-000273,Bridge,Medium,Fair,0.191,117,COR-04,SEC-08,356.429,356.543,Up,Main Line,Rail joint replacement,150,20,30,200,2026-11-01 02:14,2026-11-01 04:30,2026-11-01 07:50,2026-11-04 10:50,Caution Order,Track Machine,1,Track Supervisor,No,No,No,,Medium,Line closure,7665.91,0.407,,
REQ-0000082,2026-10-12,TDMS,TD,Preventive,AST-000079,OHE,Critical,Fair,0.503,226,COR-01,SEC-02,196.158,196.524,Up,Loop Line,Power supply inspection,150,10,15,175,2026-10-12 01:23,2026-10-12 02:45,2026-10-12 05:40,2026-10-17 11:40,Full Block,OHE Tower Wagon,2,OHE Technician,Yes,Yes,Yes,,High,Minor operational impact,11128.18,0.771,,
REQ-0000083,2026-11-13,TDMS,TD,Inspection,AST-000366,Traction Substation,High,Good,0.18,0,COR-02,SEC-03,307.882,308.053,Down,Yard,Sectioning equipment inspection,120,15,10,145,2026-11-13 03:56,2026-11-13 04:00,2026-11-13 06:25,2026-11-16 12:25,Full Block,Electrical Testing Kit,1,OHE Technician,Yes,Yes,Yes,Engineering;S&T,Medium,Minor operational impact,13055.78,0.374,,
REQ-0000084,2026-11-22,TDMS,TD,Corrective,AST-000111,Switching Station,Low,Poor,0.433,208,COR-02,SEC-04,335.202,335.467,Both Lines,Loop Line,OHE mast inspection,150,15,30,195,2026-11-21 23:48,2026-11-22 01:45,2026-11-22 05:00,2026-11-27 12:00,Full Block,OHE Tower Wagon,2,Traction Technician,No,No,No,,Medium,Speed restriction,8964.38,0.48,,
REQ-0000085,2026-11-07,SMMS,S&T,Inspection,AST-000311,Axle Counter,Medium,Fair,0.153,181,COR-03,SEC-06,177.248,177.538,Up,Loop Line,Axle counter maintenance,75,20,15,110,2026-11-07 02:18,2026-11-07 03:45,2026-11-07 05:35,2026-11-09 07:35,Full Block,Testing Kit,2,Interlocking Technician,Yes,No,Yes,Engineering;TD,Medium,Minor operational impact,10007.78,0.466,,
REQ-0000086,2026-09-28,TDMS,TD,Corrective,AST-000239,Switching Station,Critical,Critical,0.717,0,COR-03,SEC-05,129.164,129.448,Both Lines,Main Line,OHE fitting replacement,120,10,10,140,2026-09-28 00:35,2026-09-28 03:15,2026-09-28 05:35,2026-10-01 10:35,Power Block,Maintenance Van,1,OHE Technician,No,No,No,,High,Minor operational impact,20777.0,0.665,,
REQ-0000087,2026-10-04,TDMS,TD,Preventive,AST-000487,OHE Mast,Medium,Poor,0.457,213,COR-02,SEC-04,317.894,318.291,Down,Main Line,Sectioning equipment inspection,120,20,30,170,2026-10-04 11:33,2026-10-04 14:30,2026-10-04 17:20,2026-10-09 19:20,Full Block,Electrical Testing Kit,1,OHE Technician,No,No,No,,Medium,Failure risk,7172.86,0.557,,
REQ-0000088,2026-10-19,TDMS,TD,Preventive,AST-000276,OHE,Medium,Poor,0.252,158,COR-03,SEC-05,129.365,129.534,Down,Yard,Electrical isolation testing,150,10,15,175,2026-10-19 17:57,2026-10-19 18:30,2026-10-19 21:25,2026-10-21 04:25,Power Block,OHE Tower Wagon,1,OHE Authorized Supervisor,Yes,Yes,Yes,Engineering,High,Minor operational impact,8811.3,0.471,REQ-0000044,Isolation before work
REQ-0000089,2026-10-18,SMMS,S&T,Corrective,AST-000279,Signal,Medium,Good,0.193,76,COR-04,SEC-07,402.478,402.692,Both Lines,Loop Line,Relay room inspection,120,20,20,160,2026-10-18 18:37,2026-10-18 20:00,2026-10-18 22:40,2026-10-22 22:40,Line Block,Maintenance Van,1,S&T Supervisor,Yes,Yes,Yes,Engineering;TD,Medium,Minor operational impact,9358.61,0.392,,
REQ-0000090,2026-10-12,TMS,Engineering,Corrective,AST-000048,Track,Medium,Good,0.263,257,COR-01,SEC-01,202.713,202.774,Up,Main Line,Ballast maintenance,75,30,20,125,2026-10-11 23:17,2026-10-12 00:30,2026-10-12 02:35,2026-10-14 07:35,Power Block,Crane,1,P.Way Technician,Yes,Yes,Yes,S&T,Medium,Operational delay,6362.04,0.529,,
REQ-0000091,2026-10-14,SMMS,S&T,Preventive,AST-000436,Telecom,Medium,Poor,0.29,5,COR-01,SEC-01,220.922,221.287,Down,Yard,Signal equipment replacement,180,20,20,220,2026-10-14 00:50,2026-10-14 03:45,2026-10-14 07:25,2026-10-15 10:25,Line Block,Testing Kit,1,S&T Supervisor,No,No,No,,Medium,Minor operational impact,8274.04,0.313,,
REQ-0000092,2026-10-27,TDMS,TD,Emergency,AST-000227,Switching Station,Critical,Poor,0.878,153,COR-03,SEC-06,158.523,158.634,Up,Loop Line,OHE fitting replacement,120,30,30,180,2026-10-27 00:18,2026-10-27 01:00,2026-10-27 04:00,2026-10-30 08:00,Power Block,Maintenance Van,1,Electrical Supervisor,No,No,No,,Medium,Speed restriction,12568.07,0.933,,
REQ-0000093,2026-10-28,TDMS,TD,Inspection,AST-000434,Traction Substation,Low,Good,0.387,120,COR-04,SEC-07,351.71,351.942,Up,Yard,Power supply inspection,60,30,15,105,2026-10-27 23:50,2026-10-28 00:15,2026-10-28 02:00,2026-10-30 04:00,Power Block,OHE Tower Wagon,1,OHE Authorized Supervisor,Yes,No,Yes,Engineering,High,Line closure,9053.89,0.369,,
REQ-0000094,2026-10-11,TDMS,TD,Inspection,AST-000442,OHE Mast,High,Excellent,0.328,18,COR-04,SEC-07,361.867,361.99,Down,Main Line,Electrical isolation testing,120,20,15,155,2026-10-11 02:38,2026-10-11 04:00,2026-10-11 06:35,2026-10-14 09:35,Power Block,OHE Tower Wagon,2,Electrical Supervisor,No,No,No,,Medium,Minor operational impact,9589.16,0.438,,
REQ-0000095,2026-09-30,TDMS,TD,Corrective,AST-000042,OHE Mast,Medium,Poor,0.755,50,COR-04,SEC-07,376.584,376.911,Up,Loop Line,Electrical isolation testing,150,10,15,175,2026-09-30 02:56,2026-09-30 03:45,2026-09-30 06:40,2026-10-05 12:40,Power Block,Electrical Testing Kit,1,OHE Authorized Supervisor,Yes,Yes,Yes,Engineering;S&T,Medium,Minor operational impact,13763.06,0.532,,
REQ-0000096,2026-10-22,TDMS,TD,Inspection,AST-000332,Sectioning Post,High,Poor,0.38,248,COR-04,SEC-08,386.261,386.329,Up,Loop Line,OHE mast inspection,75,20,20,115,2026-10-22 15:03,2026-10-22 17:00,2026-10-22 18:55,2026-10-27 22:55,Power Block,Maintenance Van,1,OHE Technician,Yes,Yes,Yes,Engineering,Medium,Operational delay,10538.52,0.634,,
REQ-0000097,2026-10-28,TMS,Engineering,Corrective,AST-000345,Track,High,Fair,0.136,0,COR-04,SEC-08,380.169,380.229,Up,Main Line,Track geometry inspection,75,30,20,125,2026-10-28 00:04,2026-10-28 02:15,2026-10-28 04:20,2026-11-02 11:20,Power Block,Inspection Vehicle,1,Track Machine Operator,Yes,No,Yes,S&T,High,Minor operational impact,9919.74,0.391,,
REQ-0000098,2026-11-13,TMS,Engineering,Preventive,AST-000417,Bridge,Medium,Good,0.297,67,COR-04,SEC-07,373.895,374.258,Up,Yard,Drainage maintenance,30,10,30,70,2026-11-13 16:14,2026-11-13 17:15,2026-11-13 18:25,2026-11-17 21:25,Caution Order,Inspection Vehicle,2,Bridge Inspector,No,No,No,,High,Line closure,8263.59,0.384,REQ-0000004,Testing before restoration
REQ-0000099,2026-10-10,TMS,Engineering,Inspection,AST-000078,Track Machine,Medium,Fair,0.22,329,COR-04,SEC-08,389.062,389.134,Up,Loop Line,Ballast maintenance,180,30,30,240,2026-10-10 01:07,2026-10-10 02:30,2026-10-10 06:30,2026-10-14 07:30,Power Block,Track Machine,2,Track Machine Operator,No,No,No,,Low,Line closure,6314.84,0.486,,
REQ-0000100,2026-10-11,TMS,Engineering,Preventive,AST-000260,Track,High,Fair,0.048,0,COR-04,SEC-08,365.821,366.176,Up,Main Line,Track alignment correction,30,30,15,75,2026-10-11 01:53,2026-10-11 03:45,2026-10-11 05:00,2026-10-13 07:00,Full Block,Track Machine,1,Track Supervisor,Yes,No,Yes,S&T;TD,Medium,Speed restriction,14005.34,0.334,,
REQ-0000101,2026-11-01,TDMS,TD,Preventive,AST-000454,Sectioning Post,Medium,Fair,0.475,109,COR-01,SEC-01,245.591,245.702,Up,Main Line,OHE mast inspection,60,30,30,120,2026-11-01 03:56,2026-11-01 04:30,2026-11-01 06:30,2026-11-03 12:30,Full Block,Maintenance Van,2,Electrical Supervisor,No,No,No,,High,Minor operational impact,8274.99,0.484,,
REQ-0000102,2026-10-28,SMMS,S&T,Preventive,AST-000141,Telecom,High,Fair,0.132,103,COR-02,SEC-03,290.83,291.163,Down,Main Line,Axle counter maintenance,120,30,10,160,2026-10-28 03:12,2026-10-28 04:15,2026-10-28 06:55,2026-10-29 07:55,Caution Order,Signal Testing Kit,1,S&T Supervisor,Yes,Yes,Yes,Engineering;TD,Critical,Failure risk,10816.93,0.474,,
REQ-0000103,2026-10-01,TDMS,TD,Corrective,AST-000409,OHE Mast,Medium,Poor,0.725,216,COR-03,SEC-05,173.576,173.775,Up,Yard,OHE inspection,30,10,30,70,2026-09-30 23:06,2026-10-01 01:30,2026-10-01 02:40,2026-10-06 08:40,Power Block,Electrical Testing Kit,1,Electrical Supervisor,Yes,No,Yes,S&T,Critical,Speed restriction,13179.03,0.667,,
REQ-0000104,2026-11-22,TDMS,TD,Corrective,AST-000159,Switching Station,Critical,Critical,0.53,91,COR-03,SEC-05,144.09,144.446,Down,Yard,Power supply inspection,120,10,20,150,2026-11-22 16:13,2026-11-22 18:15,2026-11-22 20:45,2026-11-28 03:45,Full Block,Maintenance Van,2,OHE Authorized Supervisor,No,No,No,,Medium,Line closure,18208.09,0.71,,
REQ-0000105,2026-11-01,TMS,Engineering,Corrective,AST-000321,Track Machine,High,Excellent,0.464,114,COR-04,SEC-07,347.037,347.325,Down,Loop Line,Turnout inspection,75,30,15,120,2026-10-31 23:56,2026-11-01 00:30,2026-11-01 02:30,2026-11-02 07:30,Caution Order,Crane,1,P.Way Technician,Yes,Yes,Yes,S&T;TD,High,Minor operational impact,16242.66,0.616,REQ-0000078,Isolation before work
REQ-0000106,2026-10-20,TDMS,TD,Preventive,AST-000286,Switching Station,High,Poor,0.703,0,COR-03,SEC-05,161.459,161.524,Down,Main Line,OHE inspection,75,10,30,115,2026-10-20 12:50,2026-10-20 14:15,2026-10-20 16:10,2026-10-21 17:10,Full Block,OHE Tower Wagon,1,OHE Technician,Yes,No,Yes,S&T,Low,Line closure,13921.45,0.531,,
REQ-0000107,2026-10-10,SMMS,S&T,Preventive,AST-000138,Relay Room,Medium,Fair,0.174,266,COR-02,SEC-04,270.977,271.186,Down,Yard,Signal equipment inspection,60,20,10,90,2026-10-10 02:39,2026-10-10 04:45,2026-10-10 06:15,2026-10-11 07:15,Full Block,Signal Testing Kit,2,Telecom Technician,No,No,No,,High,Minor operational impact,9467.81,0.472,REQ-0000047,Inspection before repair
REQ-0000108,2026-11-23,TMS,Engineering,Corrective,AST-000469,Level Crossing,Medium,Fair,0.328,130,COR-04,SEC-08,366.519,366.719,Down,Yard,Rail joint replacement,90,30,20,140,2026-11-23 00:44,2026-11-23 03:00,2026-11-23 05:20,2026-11-28 08:20,Full Block,Inspection Vehicle,1,Track Machine Operator,Yes,Yes,Yes,TD,High,Minor operational impact,10356.35,0.493,REQ-0000078,Testing before restoration
REQ-0000109,2026-11-03,SMMS,S&T,Preventive,AST-000486,Signal,Low,Poor,0.856,193,COR-01,SEC-02,218.745,218.933,Down,Loop Line,Communication equipment maintenance,30,15,15,60,2026-11-02 22:38,2026-11-03 00:15,2026-11-03 01:15,2026-11-08 08:15,Line Block,Maintenance Van,1,Signal Technician,Yes,Yes,Yes,Engineering;TD,High,Failure risk,6568.22,0.577,,
REQ-0000110,2026-11-17,TDMS,TD,Inspection,AST-000271,OHE,Medium,Fair,0.364,68,COR-04,SEC-08,388.283,388.658,Down,Main Line,Power supply inspection,30,10,30,70,2026-11-17 18:28,2026-11-17 20:15,2026-11-17 21:25,2026-11-21 04:25,Full Block,Electrical Testing Kit,1,OHE Technician,No,No,No,,High,Line closure,12813.41,0.405,,
REQ-0000111,2026-10-17,SMMS,S&T,Preventive,AST-000073,Telecom,Medium,Excellent,0.098,155,COR-02,SEC-04,333.976,334.293,Down,Yard,Relay room inspection,45,10,30,85,2026-10-17 01:37,2026-10-17 02:45,2026-10-17 04:10,2026-10-20 07:10,Power Block,Maintenance Van,1,Signal Technician,No,No,No,,Low,Speed restriction,10811.18,0.422,,
REQ-0000112,2026-11-15,TMS,Engineering,Inspection,AST-000209,Track Machine,Medium,Fair,0.356,191,COR-01,SEC-02,229.749,229.884,Up,Yard,Rail joint replacement,180,20,10,210,2026-11-15 03:07,2026-11-15 03:45,2026-11-15 07:15,2026-11-16 11:15,Full Block,Crane,1,Bridge Inspector,Yes,No,Yes,S&T;TD,Medium,Speed restriction,7150.07,0.527,,
REQ-0000113,2026-10-18,TDMS,TD,Preventive,AST-000370,OHE,Medium,Poor,0.56,0,COR-01,SEC-02,186.444,186.63,Down,Loop Line,Electrical isolation testing,75,30,15,120,2026-10-18 00:41,2026-10-18 03:15,2026-10-18 05:15,2026-10-19 10:15,Full Block,OHE Tower Wagon,1,OHE Authorized Supervisor,Yes,No,Yes,Engineering,High,Speed restriction,8609.2,0.388,REQ-0000038,Inspection before repair
REQ-0000114,2026-10-12,TDMS,TD,Corrective,AST-000043,Switching Station,Medium,Fair,0.123,175,COR-02,SEC-04,267.017,267.163,Down,Yard,Traction equipment maintenance,180,15,20,215,2026-10-12 00:05,2026-10-12 00:45,2026-10-12 04:20,2026-10-17 05:20,Power Block,Electrical Testing Kit,2,Electrical Supervisor,Yes,Yes,Yes,Engineering;S&T,High,Failure risk,10060.24,0.481,,
REQ-0000115,2026-11-23,SMMS,S&T,Preventive,AST-000182,Axle Counter,High,Fair,0.238,144,COR-01,SEC-01,219.545,219.785,Both Lines,Main Line,Axle counter maintenance,120,20,15,155,2026-11-23 12:46,2026-11-23 14:15,2026-11-23 16:50,2026-11-25 17:50,Power Block,Signal Testing Kit,2,S&T Supervisor,Yes,No,Yes,Engineering;TD,High,Failure risk,10955.2,0.551,,
REQ-0000116,2026-11-21,TDMS,TD,Corrective,AST-000370,OHE,Medium,Poor,0.56,0,COR-01,SEC-02,186.444,186.528,Down,Loop Line,OHE fitting replacement,150,10,30,190,2026-11-21 00:02,2026-11-21 01:15,2026-11-21 04:25,2026-11-22 11:25,Full Block,Maintenance Van,2,OHE Technician,Yes,Yes,Yes,Engineering,High,Line closure,8433.87,0.418,,
REQ-0000117,2026-11-16,SMMS,S&T,Corrective,AST-000343,Axle Counter,High,Poor,0.364,60,COR-04,SEC-08,394.368,394.735,Up,Loop Line,Interlocking equipment testing,120,10,20,150,2026-11-16 01:30,2026-11-16 01:30,2026-11-16 04:00,2026-11-20 10:00,Caution Order,Signal Testing Kit,2,Interlocking Technician,Yes,Yes,Yes,Engineering;TD,High,Speed restriction,13009.48,0.526,,
REQ-0000118,2026-11-16,TDMS,TD,Preventive,AST-000263,OHE,Medium,Poor,0.449,11,COR-03,SEC-05,155.537,155.615,Down,Loop Line,OHE fitting replacement,120,15,15,150,2026-11-16 03:37,2026-11-16 03:45,2026-11-16 06:15,2026-11-20 13:15,Power Block,OHE Tower Wagon,1,OHE Authorized Supervisor,Yes,Yes,No,Engineering;S&T,High,Minor operational impact,7040.96,0.367,,
REQ-0000119,2026-10-01,TMS,Engineering,Preventive,AST-000358,Bridge,Medium,Poor,0.52,0,COR-03,SEC-05,127.974,128.254,Down,Yard,Rail joint replacement,150,30,10,190,2026-10-01 01:11,2026-10-01 03:15,2026-10-01 06:25,2026-10-04 12:25,Line Block,Inspection Vehicle,2,Track Machine Operator,No,No,No,,High,Operational delay,10611.02,0.376,,
REQ-0000120,2026-10-21,TMS,Engineering,Corrective,AST-000313,Track,High,Poor,0.35,154,COR-01,SEC-02,249.988,250.345,Down,Loop Line,Track alignment correction,60,30,10,100,2026-10-21 05:47,2026-10-21 08:45,2026-10-21 10:25,2026-10-25 10:25,Full Block,Inspection Vehicle,1,Track Supervisor,No,No,No,,High,Line closure,13500.21,0.626,,
REQ-0000121,2026-10-08,SMMS,S&T,Inspection,AST-000437,Signal,Low,Good,0.484,210,COR-03,SEC-06,131.556,131.916,Up,Loop Line,Signal equipment replacement,180,10,10,200,2026-10-07 23:27,2026-10-08 01:00,2026-10-08 04:20,2026-10-13 04:20,Line Block,Testing Kit,1,Signal Technician,Yes,No,Yes,Engineering,Low,Minor operational impact,10160.11,0.465,,
REQ-0000122,2026-10-05,TMS,Engineering,Inspection,AST-000132,Point Machine,Critical,Fair,0.39,0,COR-04,SEC-07,369.734,369.797,Down,Main Line,Drainage maintenance,90,10,20,120,2026-10-05 02:53,2026-10-05 03:45,2026-10-05 05:45,2026-10-09 08:45,Full Block,Maintenance Van,1,P.Way Technician,Yes,Yes,Yes,S&T,Low,Line closure,16464.77,0.537,,
REQ-0000123,2026-11-04,TDMS,TD,Inspection,AST-000047,OHE,Medium,Fair,0.303,0,COR-02,SEC-03,283.629,283.764,Up,Yard,Electrical isolation testing,45,10,10,65,2026-11-04 03:41,2026-11-04 04:30,2026-11-04 05:35,2026-11-05 10:35,Full Block,Maintenance Van,1,Traction Technician,No,No,No,,Medium,Line closure,8579.82,0.311,,
REQ-0000124,2026-10-31,SMMS,S&T,Inspection,AST-000279,Signal,Medium,Good,0.193,76,COR-04,SEC-07,402.478,402.532,Up,Yard,Communication equipment maintenance,150,15,30,195,2026-10-31 17:59,2026-10-31 20:45,2026-11-01 00:00,2026-11-05 05:00,Line Block,Testing Kit,2,S&T Supervisor,Yes,Yes,Yes,Engineering;TD,High,Failure risk,6242.58,0.362,REQ-0000094,Testing before restoration
REQ-0000125,2026-11-11,TMS,Engineering,Preventive,AST-000253,Bridge,Low,Poor,0.53,173,COR-02,SEC-04,280.538,280.68,Up,Main Line,Ballast maintenance,120,20,10,150,2026-11-11 03:13,2026-11-11 04:30,2026-11-11 07:00,2026-11-16 10:00,Caution Order,Inspection Vehicle,1,P.Way Technician,Yes,No,No,,Medium,Line closure,8919.43,0.471,,
REQ-0000126,2026-10-02,SMMS,S&T,Preventive,AST-000371,Axle Counter,Medium,Fair,0.343,75,COR-01,SEC-02,235.994,236.203,Up,Loop Line,Axle counter maintenance,180,20,15,215,2026-10-02 07:10,2026-10-02 10:00,2026-10-02 13:35,2026-10-04 14:35,Full Block,Maintenance Van,1,Interlocking Technician,Yes,Yes,Yes,Engineering;TD,Medium,Line closure,8535.88,0.406,,
REQ-0000127,2026-10-23,TDMS,TD,Corrective,AST-000237,Traction Substation,Medium,Poor,0.837,165,COR-04,SEC-08,395.129,395.326,Both Lines,Main Line,OHE fitting replacement,60,15,20,95,2026-10-23 14:50,2026-10-23 15:15,2026-10-23 16:50,2026-10-25 18:50,Full Block,Maintenance Van,1,OHE Authorized Supervisor,No,No,No,,Low,Failure risk,14511.44,0.684,,
REQ-0000128,2026-10-12,SMMS,S&T,Inspection,AST-000421,Axle Counter,Medium,Poor,0.485,209,COR-03,SEC-05,139.426,139.723,Up,Loop Line,Interlocking equipment testing,45,30,15,90,2026-10-11 22:40,2026-10-12 00:30,2026-10-12 02:00,2026-10-15 06:00,Full Block,Maintenance Van,1,S&T Supervisor,No,No,No,,Medium,Operational delay,13383.27,0.566,,
REQ-0000129,2026-11-09,SMMS,S&T,Inspection,AST-000058,Signal,High,Fair,0.478,254,COR-04,SEC-07,378.44,378.591,Down,Loop Line,Axle counter maintenance,90,15,20,125,2026-11-09 02:02,2026-11-09 04:15,2026-11-09 06:20,2026-11-14 12:20,Full Block,Testing Kit,1,Interlocking Technician,Yes,Yes,Yes,Engineering;TD,Medium,Operational delay,12200.65,0.663,,
REQ-0000130,2026-10-08,TDMS,TD,Preventive,AST-000136,Switching Station,High,Poor,0.321,55,COR-01,SEC-02,239.024,239.336,Down,Main Line,Sectioning equipment inspection,180,15,20,215,2026-10-08 00:18,2026-10-08 03:00,2026-10-08 06:35,2026-10-13 06:35,Power Block,Maintenance Van,1,Traction Technician,Yes,No,Yes,Engineering;S&T,Medium,Failure risk,14742.6,0.477,,
REQ-0000131,2026-10-29,TDMS,TD,Preventive,AST-000201,OHE,Medium,Good,0.081,109,COR-02,SEC-04,264.07,264.366,Up,Main Line,OHE mast inspection,90,10,15,115,2026-10-29 02:12,2026-10-29 03:30,2026-10-29 05:25,2026-11-03 11:25,Full Block,OHE Tower Wagon,1,OHE Authorized Supervisor,Yes,No,Yes,S&T,Medium,Minor operational impact,10477.04,0.365,,
REQ-0000132,2026-10-17,TMS,Engineering,Corrective,AST-000037,Bridge,High,Fair,0.402,28,COR-01,SEC-02,213.351,213.749,Down,Main Line,Rail joint replacement,75,30,20,125,2026-10-17 00:10,2026-10-17 02:45,2026-10-17 04:50,2026-10-18 04:50,Power Block,Track Machine,1,Track Machine Operator,Yes,Yes,Yes,TD,Medium,Operational delay,12715.54,0.502,,
REQ-0000133,2026-11-03,SMMS,S&T,Preventive,AST-000272,Interlocking Equipment,Critical,Poor,0.538,17,COR-01,SEC-02,237.9,238.002,Down,Loop Line,Signal equipment replacement,150,30,10,190,2026-11-03 02:43,2026-11-03 02:45,2026-11-03 05:55,2026-11-05 05:55,Full Block,Maintenance Van,1,Signal Technician,Yes,Yes,No,Engineering;TD,Medium,Failure risk,11990.06,0.6,,
REQ-0000134,2026-10-31,TMS,Engineering,Corrective,AST-000418,Track,Low,Critical,0.403,179,COR-01,SEC-01,249.557,249.67,Down,Main Line,Ballast maintenance,180,15,20,215,2026-10-31 17:00,2026-10-31 18:30,2026-10-31 22:05,2026-11-03 01:05,Line Block,Crane,2,Track Supervisor,Yes,No,Yes,TD,Medium,Speed restriction,5912.75,0.47,,
REQ-0000135,2026-10-14,TMS,Engineering,Emergency,AST-000172,Bridge,High,Fair,0.191,0,COR-04,SEC-07,381.507,381.78,Up,Main Line,Track alignment correction,150,30,15,195,2026-10-14 03:05,2026-10-14 03:30,2026-10-14 06:45,2026-10-17 11:45,Full Block,Track Machine,2,Track Machine Operator,No,No,No,,Medium,Speed restriction,7797.05,0.457,,
REQ-0000136,2026-11-01,TMS,Engineering,Preventive,AST-000067,Track,Low,Fair,0.18,179,COR-04,SEC-07,375.335,375.588,Down,Yard,Track geometry inspection,60,15,20,95,2026-10-31 22:19,2026-11-01 00:15,2026-11-01 01:50,2026-11-05 08:50,Caution Order,Track Machine,1,Track Machine Operator,No,No,No,,High,Speed restriction,6852.03,0.373,,
REQ-0000137,2026-11-02,TMS,Engineering,Preventive,AST-000122,Point Machine,High,Fair,0.304,221,COR-04,SEC-07,400.244,400.541,Down,Yard,Track geometry inspection,30,30,15,75,2026-11-02 01:05,2026-11-02 02:45,2026-11-02 04:00,2026-11-07 10:00,Caution Order,Maintenance Van,1,Bridge Inspector,Yes,Yes,Yes,S&T;TD,Low,Minor operational impact,12031.18,0.611,REQ-0000100,Testing before restoration
REQ-0000138,2026-11-10,TMS,Engineering,Corrective,AST-000356,Level Crossing,High,Fair,0.075,228,COR-04,SEC-07,366.175,366.392,Up,Main Line,Rail joint replacement,120,10,20,150,2026-11-10 00:57,2026-11-10 01:45,2026-11-10 04:15,2026-11-12 04:15,Line Block,Maintenance Van,1,Track Supervisor,Yes,No,Yes,S&T,Medium,Line closure,14078.61,0.573,,
REQ-0000139,2026-11-09,TMS,Engineering,Emergency,AST-000267,Track Machine,Medium,Fair,0.385,18,COR-02,SEC-04,320.52,320.685,Both Lines,Yard,Track geometry inspection,180,30,30,240,2026-11-08 23:26,2026-11-09 01:15,2026-11-09 05:15,2026-11-10 06:15,Power Block,Maintenance Van,1,Bridge Inspector,No,No,No,,Medium,Line closure,12716.14,0.435,,
REQ-0000140,2026-10-01,SMMS,S&T,Emergency,AST-000198,Signal,High,Poor,0.495,265,COR-04,SEC-08,346.567,346.804,Up,Yard,Signal equipment replacement,30,10,15,55,2026-10-01 07:48,2026-10-01 10:30,2026-10-01 11:25,2026-10-03 18:25,Caution Order,Testing Kit,1,Telecom Technician,No,No,No,,High,Line closure,10518.78,0.749,,
REQ-0000141,2026-11-11,SMMS,S&T,Emergency,AST-000488,Interlocking Equipment,Medium,Good,0.453,0,COR-01,SEC-02,196.404,196.603,Up,Loop Line,Signal equipment inspection,45,30,15,90,2026-11-10 22:23,2026-11-11 00:30,2026-11-11 02:00,2026-11-13 09:00,Line Block,Signal Testing Kit,1,Telecom Technician,No,No,No,,High,Operational delay,12518.21,0.436,,
REQ-0000142,2026-10-12,TDMS,TD,Preventive,AST-000261,Sectioning Post,Medium,Fair,0.388,208,COR-01,SEC-02,222.712,222.956,Down,Loop Line,Power supply inspection,180,30,10,220,2026-10-12 00:43,2026-10-12 03:15,2026-10-12 06:55,2026-10-15 12:55,Full Block,Maintenance Van,1,OHE Authorized Supervisor,No,No,No,,High,Operational delay,9353.99,0.536,REQ-0000046,Access preparation before maintenance
REQ-0000143,2026-09-29,SMMS,S&T,Inspection,AST-000218,Telecom,Medium,Fair,0.556,114,COR-01,SEC-02,220.44,220.782,Down,Yard,Interlocking equipment testing,90,10,30,130,2026-09-29 03:51,2026-09-29 04:15,2026-09-29 06:25,2026-10-03 10:25,Line Block,Maintenance Van,2,Signal Technician,Yes,Yes,Yes,Engineering,Medium,Speed restriction,7613.41,0.513,,
REQ-0000144,2026-11-03,TMS,Engineering,Corrective,AST-000149,Track Machine,Low,Poor,0.35,51,COR-02,SEC-03,310.652,310.895,Down,Loop Line,Turnout inspection,90,15,20,125,2026-11-02 22:58,2026-11-03 01:30,2026-11-03 03:35,2026-11-06 05:35,Full Block,Track Machine,1,P.Way Technician,Yes,No,Yes,TD,High,Line closure,6857.9,0.312,,
REQ-0000145,2026-10-04,SMMS,S&T,Corrective,AST-000407,Relay Room,Medium,Excellent,0.348,0,COR-01,SEC-02,213.122,213.488,Down,Loop Line,Signal equipment replacement,60,30,10,100,2026-10-04 02:33,2026-10-04 04:00,2026-10-04 05:40,2026-10-07 09:40,Caution Order,Testing Kit,1,Telecom Technician,Yes,No,Yes,Engineering;TD,Medium,Operational delay,9213.38,0.354,,
REQ-0000146,2026-11-04,TDMS,TD,Corrective,AST-000442,OHE Mast,High,Excellent,0.328,18,COR-04,SEC-07,361.867,362.092,Down,Main Line,OHE fitting replacement,180,20,15,215,2026-11-04 04:10,2026-11-04 04:15,2026-11-04 07:50,2026-11-07 09:50,Power Block,Electrical Testing Kit,1,OHE Authorized Supervisor,Yes,Yes,Yes,Engineering,Critical,Speed restriction,9514.16,0.468,REQ-0000033,Isolation before work
REQ-0000147,2026-11-23,TMS,Engineering,Preventive,AST-000315,Level Crossing,High,Good,0.46,118,COR-03,SEC-05,137.308,137.44,Down,Loop Line,Track alignment correction,45,30,20,95,2026-11-23 02:02,2026-11-23 02:15,2026-11-23 03:50,2026-11-27 10:50,Full Block,Track Machine,1,Track Machine Operator,No,No,No,,Medium,Line closure,13902.28,0.589,,
REQ-0000148,2026-11-11,SMMS,S&T,Preventive,AST-000311,Axle Counter,Medium,Fair,0.153,181,COR-03,SEC-06,177.248,177.334,Down,Loop Line,Track circuit inspection,45,15,20,80,2026-11-11 00:59,2026-11-11 01:30,2026-11-11 02:50,2026-11-13 09:50,Power Block,Maintenance Van,1,S&T Supervisor,Yes,Yes,Yes,Engineering;TD,Medium,Minor operational impact,11197.4,0.466,,
REQ-0000149,2026-11-22,TMS,Engineering,Inspection,AST-000094,Point Machine,Critical,Critical,0.733,267,COR-03,SEC-06,120.281,120.594,Both Lines,Loop Line,Drainage maintenance,120,15,30,165,2026-11-22 00:02,2026-11-22 02:00,2026-11-22 04:45,2026-11-25 05:45,Caution Order,Inspection Vehicle,1,P.Way Technician,Yes,No,Yes,S&T,Medium,Minor operational impact,17673.71,0.84,REQ-0000148,Inspection before repair
REQ-0000150,2026-10-25,TDMS,TD,Emergency,AST-000362,OHE Mast,High,Good,0.257,31,COR-01,SEC-02,233.866,234.05,Down,Yard,OHE mast inspection,180,15,15,210,2026-10-25 02:49,2026-10-25 04:45,2026-10-25 08:15,2026-10-26 11:15,Full Block,Maintenance Van,2,Traction Technician,No,No,No,,Medium,Minor operational impact,8382.68,0.512,,
REQ-0000151,2026-11-17,TDMS,TD,Preventive,AST-000329,OHE,Medium,Fair,0.439,120,COR-03,SEC-05,135.537,135.696,Down,Main Line,Sectioning equipment inspection,150,30,15,195,2026-11-16 23:48,2026-11-17 00:30,2026-11-17 03:45,2026-11-18 10:45,Full Block,OHE Tower Wagon,1,Electrical Supervisor,Yes,No,Yes,Engineering,High,Speed restriction,9549.15,0.485,,
REQ-0000152,2026-10-18,TDMS,TD,Corrective,AST-000297,OHE,High,Fair,0.255,3,COR-04,SEC-07,341.753,341.956,Up,Yard,OHE inspection,45,20,30,95,2026-10-18 02:18,2026-10-18 02:45,2026-10-18 04:20,2026-10-20 07:20,Power Block,OHE Tower Wagon,2,Electrical Supervisor,Yes,No,Yes,Engineering;S&T,Medium,Speed restriction,11601.52,0.43,,
REQ-0000153,2026-10-28,SMMS,S&T,Emergency,AST-000011,Interlocking Equipment,Medium,Fair,0.164,90,COR-01,SEC-02,187.204,187.568,Down,Main Line,Signal equipment replacement,60,10,10,80,2026-10-28 00:17,2026-10-28 02:15,2026-10-28 03:35,2026-11-02 06:35,Power Block,Maintenance Van,1,Signal Technician,No,No,No,,Critical,Line closure,8865.6,0.449,,
REQ-0000154,2026-11-09,SMMS,S&T,Preventive,AST-000095,Telecom,High,Excellent,0.085,42,COR-02,SEC-03,309.743,310.068,Down,Loop Line,Axle counter maintenance,90,10,30,130,2026-11-09 02:44,2026-11-09 03:00,2026-11-09 05:10,2026-11-13 11:10,Line Block,Signal Testing Kit,1,Signal Technician,Yes,Yes,Yes,TD,Medium,Minor operational impact,12446.08,0.392,,
REQ-0000155,2026-09-30,SMMS,S&T,Preventive,AST-000287,Telecom,Medium,Fair,0.483,2,COR-02,SEC-03,329.129,329.264,Both Lines,Yard,Axle counter maintenance,60,30,10,100,2026-09-29 22:43,2026-09-30 01:00,2026-09-30 02:40,2026-10-02 05:40,Full Block,Signal Testing Kit,2,S&T Supervisor,Yes,Yes,Yes,TD,Medium,Failure risk,12305.32,0.367,,
REQ-0000156,2026-11-08,SMMS,S&T,Preventive,AST-000204,Signal,Low,Poor,0.495,25,COR-03,SEC-06,188.064,188.127,Down,Yard,Axle counter maintenance,120,15,20,155,2026-11-08 15:13,2026-11-08 17:00,2026-11-08 19:35,2026-11-12 01:35,Caution Order,Signal Testing Kit,2,S&T Supervisor,Yes,Yes,Yes,,Critical,Failure risk,9013.53,0.296,,
REQ-0000157,2026-11-09,SMMS,S&T,Inspection,AST-000384,Telecom,Critical,Excellent,0.577,170,COR-03,SEC-05,123.315,123.659,Up,Loop Line,Communication equipment maintenance,150,20,30,200,2026-11-09 15:12,2026-11-09 15:30,2026-11-09 18:50,2026-11-12 01:50,Line Block,Maintenance Van,1,Signal Technician,No,No,No,,High,Minor operational impact,12724.51,0.782,,
REQ-0000158,2026-10-09,TDMS,TD,Preventive,AST-000465,OHE,High,Fair,0.288,328,COR-03,SEC-05,157.688,157.847,Up,Yard,Sectioning equipment inspection,90,30,10,130,2026-10-09 14:13,2026-10-09 17:00,2026-10-09 19:10,2026-10-12 00:10,Power Block,Maintenance Van,2,OHE Technician,Yes,Yes,Yes,Engineering;S&T,High,Line closure,15644.28,0.606,,
REQ-0000159,2026-10-16,TDMS,TD,Preventive,AST-000429,Switching Station,Critical,Fair,0.516,146,COR-04,SEC-07,382.019,382.38,Down,Loop Line,Power supply inspection,60,15,30,105,2026-10-16 01:22,2026-10-16 02:00,2026-10-16 03:45,2026-10-20 10:45,Full Block,OHE Tower Wagon,1,Electrical Supervisor,Yes,No,Yes,Engineering,Low,Line closure,18540.81,0.737,,
REQ-0000160,2026-11-16,SMMS,S&T,Corrective,AST-000073,Telecom,Medium,Excellent,0.098,155,COR-02,SEC-04,333.976,334.333,Both Lines,Yard,Interlocking equipment testing,60,20,15,95,2026-11-16 03:35,2026-11-16 04:15,2026-11-16 05:50,2026-11-20 07:50,Caution Order,Signal Testing Kit,1,S&T Supervisor,Yes,Yes,Yes,TD,Medium,Failure risk,5903.9,0.452,,
REQ-0000161,2026-11-19,TDMS,TD,Preventive,AST-000208,OHE,High,Fair,0.218,216,COR-03,SEC-05,141.537,141.897,Down,Loop Line,Power supply inspection,150,10,10,170,2026-11-19 04:04,2026-11-19 04:15,2026-11-19 07:05,2026-11-22 07:05,Full Block,Maintenance Van,1,OHE Technician,Yes,Yes,Yes,,Medium,Speed restriction,11777.89,0.585,,
REQ-0000162,2026-10-02,TMS,Engineering,Corrective,AST-000048,Track,Medium,Good,0.263,257,COR-01,SEC-01,202.713,202.851,Down,Loop Line,Track alignment correction,150,15,30,195,2026-10-02 15:01,2026-10-02 18:00,2026-10-02 21:15,2026-10-08 04:15,Caution Order,Maintenance Van,1,Track Machine Operator,No,No,No,,Medium,Line closure,7259.37,0.529,,
REQ-0000163,2026-10-09,TDMS,TD,Corrective,AST-000473,Traction Substation,High,Excellent,0.372,245,COR-03,SEC-06,149.376,149.735,Down,Loop Line,OHE inspection,150,15,10,175,2026-10-09 12:51,2026-10-09 15:45,2026-10-09 18:40,2026-10-12 23:40,Power Block,Maintenance Van,1,Traction Technician,Yes,Yes,Yes,S&T,Medium,Failure risk,13499.96,0.662,,
REQ-0000164,2026-11-12,TMS,Engineering,Preventive,AST-000393,Point Machine,Low,Fair,0.422,100,COR-04,SEC-07,400.639,400.723,Up,Loop Line,Drainage maintenance,60,15,30,105,2026-11-11 23:51,2026-11-12 01:45,2026-11-12 03:30,2026-11-14 05:30,Power Block,Inspection Vehicle,2,Track Supervisor,No,No,No,,High,Failure risk,7604.93,0.358,,
REQ-0000165,2026-10-05,TMS,Engineering,Preventive,AST-000398,Bridge,Medium,Good,0.208,117,COR-02,SEC-03,272.335,272.59,Up,Yard,Sleeper replacement,150,20,20,190,2026-10-05 03:00,2026-10-05 03:30,2026-10-05 06:40,2026-10-10 13:40,Line Block,Crane,1,Track Machine Operator,No,No,No,,High,Line closure,9760.53,0.412,,
REQ-0000166,2026-10-26,TDMS,TD,Preventive,AST-000438,Switching Station,Medium,Poor,0.385,64,COR-02,SEC-04,312.964,313.166,Up,Main Line,OHE inspection,75,10,20,105,2026-10-26 02:42,2026-10-26 03:30,2026-10-26 05:15,2026-10-29 12:15,Power Block,Electrical Testing Kit,1,OHE Technician,No,No,No,,High,Minor operational impact,9019.92,0.407,,
REQ-0000167,2026-11-01,TDMS,TD,Inspection,AST-000223,Sectioning Post,High,Good,0.427,30,COR-02,SEC-03,298.179,298.364,Down,Main Line,Electrical isolation testing,90,10,10,110,2026-11-01 02:35,2026-11-01 04:45,2026-11-01 06:35,2026-11-06 11:35,Full Block,OHE Tower Wagon,1,OHE Authorized Supervisor,Yes,Yes,Yes,S&T,Medium,Operational delay,15636.72,0.481,,
REQ-0000168,2026-11-13,SMMS,S&T,Preventive,AST-000258,Telecom,Medium,Excellent,0.191,233,COR-01,SEC-01,200.265,200.503,Up,Yard,Track circuit inspection,150,20,10,180,2026-11-12 22:45,2026-11-13 00:15,2026-11-13 03:15,2026-11-17 08:15,Full Block,Maintenance Van,1,Signal Technician,Yes,Yes,Yes,TD,Medium,Line closure,11510.7,0.477,,
REQ-0000169,2026-10-10,TDMS,TD,Preventive,AST-000025,OHE Mast,Medium,Good,0.391,131,COR-03,SEC-06,129.228,129.608,Both Lines,Yard,Power supply inspection,30,10,30,70,2026-10-10 00:49,2026-10-10 02:00,2026-10-10 03:10,2026-10-15 05:10,Full Block,Maintenance Van,1,OHE Authorized Supervisor,Yes,No,Yes,Engineering;S&T,Medium,Speed restriction,8731.78,0.483,,
REQ-0000170,2026-10-12,TDMS,TD,Preventive,AST-000042,OHE Mast,Medium,Poor,0.755,50,COR-04,SEC-07,376.584,376.802,Up,Main Line,Traction equipment maintenance,30,30,10,70,2026-10-12 03:26,2026-10-12 03:45,2026-10-12 04:55,2026-10-16 05:55,Power Block,Maintenance Van,1,Electrical Supervisor,Yes,Yes,Yes,Engineering,Medium,Operational delay,13190.51,0.502,,
REQ-0000171,2026-10-25,TMS,Engineering,Preventive,AST-000397,Bridge,Medium,Poor,0.483,0,COR-03,SEC-05,136.246,136.359,Up,Yard,Rail joint replacement,180,30,15,225,2026-10-25 03:15,2026-10-25 04:45,2026-10-25 08:30,2026-10-26 08:30,Line Block,Maintenance Van,1,Bridge Inspector,Yes,No,Yes,,Medium,Line closure,7213.88,0.365,REQ-0000121,Isolation before work
REQ-0000172,2026-11-06,TDMS,TD,Emergency,AST-000374,OHE Mast,Medium,Poor,0.675,32,COR-04,SEC-07,359.197,359.446,Up,Loop Line,Traction equipment maintenance,30,15,15,60,2026-11-05 22:37,2026-11-06 01:00,2026-11-06 02:00,2026-11-08 09:00,Full Block,Electrical Testing Kit,1,OHE Authorized Supervisor,No,No,No,,Medium,Operational delay,14751.25,0.538,,
REQ-0000173,2026-10-23,TDMS,TD,Preventive,AST-000307,OHE,High,Poor,0.588,0,COR-04,SEC-07,400.405,400.516,Up,Main Line,Power supply inspection,30,30,15,75,2026-10-22 21:44,2026-10-23 00:15,2026-10-23 01:30,2026-10-27 06:30,Power Block,OHE Tower Wagon,2,Traction Technician,Yes,Yes,Yes,Engineering,Medium,Operational delay,11224.62,0.496,,
REQ-0000174,2026-09-30,TMS,Engineering,Corrective,AST-000391,Track,High,Fair,0.276,162,COR-01,SEC-02,205.176,205.391,Down,Main Line,Turnout inspection,75,30,15,120,2026-09-30 02:22,2026-09-30 03:15,2026-09-30 05:15,2026-10-04 09:15,Line Block,Crane,1,Track Machine Operator,Yes,Yes,Yes,S&T;TD,High,Line closure,10461.93,0.613,,
REQ-0000175,2026-11-21,TMS,Engineering,Corrective,AST-000382,Point Machine,High,Fair,0.041,124,COR-04,SEC-07,346.312,346.356,Down,Main Line,Turnout inspection,120,20,30,170,2026-11-21 06:35,2026-11-21 07:15,2026-11-21 10:05,2026-11-23 13:05,Caution Order,Maintenance Van,1,Track Supervisor,No,No,No,,Medium,Minor operational impact,11593.01,0.5,,
REQ-0000176,2026-10-03,TDMS,TD,Corrective,AST-000035,Sectioning Post,Low,Critical,0.371,237,COR-02,SEC-03,327.486,327.872,Down,Yard,Power supply inspection,150,10,10,170,2026-10-03 00:41,2026-10-03 01:45,2026-10-03 04:35,2026-10-08 07:35,Full Block,OHE Tower Wagon,2,Traction Technician,No,No,No,,High,Minor operational impact,7589.09,0.461,,
REQ-0000177,2026-10-11,TMS,Engineering,Preventive,AST-000135,Track Machine,High,Good,0.038,0,COR-04,SEC-08,397.619,397.912,Up,Loop Line,Rail joint replacement,150,30,10,190,2026-10-11 01:44,2026-10-11 03:45,2026-10-11 06:55,2026-10-12 07:55,Line Block,Crane,1,P.Way Technician,Yes,Yes,Yes,S&T,Medium,Line closure,8993.84,0.331,,
REQ-0000178,2026-10-25,SMMS,S&T,Preventive,AST-000480,Signal,Medium,Fair,0.403,197,COR-04,SEC-07,369.92,370.228,Up,Main Line,Track circuit inspection,30,30,10,70,2026-10-24 23:49,2026-10-25 00:15,2026-10-25 01:25,2026-10-26 08:25,Power Block,Signal Testing Kit,1,Signal Technician,Yes,No,Yes,TD,Medium,Operational delay,12420.93,0.541,,
REQ-0000179,2026-11-17,TMS,Engineering,Inspection,AST-000056,Track Machine,High,Fair,0.114,161,COR-02,SEC-03,310.77,311.146,Down,Main Line,Drainage maintenance,180,15,30,225,2026-11-17 03:27,2026-11-17 04:30,2026-11-17 08:15,2026-11-19 13:15,Full Block,Maintenance Van,1,Track Supervisor,Yes,No,Yes,TD,Medium,Failure risk,11186.63,0.533,,
REQ-0000180,2026-11-05,SMMS,S&T,Inspection,AST-000348,Axle Counter,Medium,Fair,0.102,79,COR-03,SEC-05,159.411,159.515,Up,Main Line,Signal equipment replacement,45,20,10,75,2026-11-05 00:17,2026-11-05 00:45,2026-11-05 02:00,2026-11-10 05:00,Line Block,Testing Kit,1,Interlocking Technician,No,No,No,,High,Operational delay,6853.4,0.338,,
REQ-0000181,2026-10-27,TMS,Engineering,Corrective,AST-000122,Point Machine,High,Fair,0.304,221,COR-04,SEC-07,400.244,400.409,Down,Loop Line,Turnout inspection,120,10,15,145,2026-10-27 10:36,2026-10-27 11:30,2026-10-27 13:55,2026-10-30 19:55,Power Block,Crane,2,Bridge Inspector,Yes,Yes,Yes,TD,Medium,Minor operational impact,8831.8,0.641,,
REQ-0000182,2026-10-13,SMMS,S&T,Corrective,AST-000500,Interlocking Equipment,Medium,Fair,0.191,0,COR-03,SEC-05,128.794,128.861,Up,Loop Line,Signal equipment inspection,30,30,30,90,2026-10-13 00:38,2026-10-13 03:15,2026-10-13 04:45,2026-10-15 11:45,Full Block,Testing Kit,1,Signal Technician,Yes,Yes,Yes,TD,Medium,Minor operational impact,7290.61,0.307,,
REQ-0000183,2026-10-12,TDMS,TD,Preventive,AST-000152,Traction Substation,High,Poor,0.4,0,COR-03,SEC-06,186.186,186.418,Up,Yard,OHE mast inspection,180,20,20,220,2026-10-12 02:50,2026-10-12 03:00,2026-10-12 06:40,2026-10-14 06:40,Power Block,Maintenance Van,2,OHE Technician,Yes,Yes,No,Engineering;S&T,Medium,Line closure,10752.87,0.44,,
REQ-0000184,2026-11-07,SMMS,S&T,Preventive,AST-000073,Telecom,Medium,Excellent,0.098,155,COR-02,SEC-04,333.976,334.12,Down,Main Line,Axle counter maintenance,120,10,10,140,2026-11-07 11:37,2026-11-07 14:00,2026-11-07 16:20,2026-11-10 23:20,Power Block,Maintenance Van,1,S&T Supervisor,Yes,Yes,Yes,Engineering,Medium,Speed restriction,9411.96,0.422,,
REQ-0000185,2026-11-08,SMMS,S&T,Inspection,AST-000146,Signal,Medium,Fair,0.329,217,COR-04,SEC-08,392.799,393.177,Both Lines,Yard,Track circuit inspection,60,20,15,95,2026-11-08 04:25,2026-11-08 04:45,2026-11-08 06:20,2026-11-13 09:20,Line Block,Signal Testing Kit,1,Signal Technician,Yes,No,Yes,TD,High,Line closure,11954.55,0.519,,
REQ-0000186,2026-10-04,SMMS,S&T,Preventive,AST-000204,Signal,Low,Poor,0.495,25,COR-03,SEC-06,188.064,188.174,Down,Yard,Interlocking equipment testing,150,20,10,180,2026-10-04 07:57,2026-10-04 10:00,2026-10-04 13:00,2026-10-07 13:00,Full Block,Testing Kit,1,Interlocking Technician,Yes,Yes,Yes,Engineering,Medium,Operational delay,6358.06,0.296,,
REQ-0000187,2026-10-03,SMMS,S&T,Inspection,AST-000342,Interlocking Equipment,High,Fair,0.29,114,COR-01,SEC-02,193.492,193.583,Down,Main Line,Communication equipment maintenance,180,30,15,225,2026-10-03 02:59,2026-10-03 04:45,2026-10-03 08:30,2026-10-05 09:30,Line Block,Testing Kit,1,S&T Supervisor,Yes,Yes,Yes,Engineering;TD,High,Line closure,9186.06,0.534,,
REQ-0000188,2026-11-05,TMS,Engineering,Inspection,AST-000450,Bridge,High,Good,0.117,0,COR-04,SEC-07,365.944,366.281,Down,Loop Line,Turnout inspection,120,15,10,145,2026-11-05 15:28,2026-11-05 16:15,2026-11-05 18:40,2026-11-07 00:40,Line Block,Track Machine,1,P.Way Technician,Yes,Yes,Yes,S&T;TD,Critical,Operational delay,11179.82,0.355,,
REQ-0000189,2026-10-03,TMS,Engineering,Preventive,AST-000088,Bridge,Medium,Good,0.319,0,COR-02,SEC-03,296.862,297.236,Down,Main Line,Drainage maintenance,30,10,30,70,2026-10-03 03:17,2026-10-03 04:00,2026-10-03 05:10,2026-10-07 12:10,Power Block,Maintenance Van,1,Bridge Inspector,No,No,No,,High,Operational delay,8795.61,0.316,,
REQ-0000190,2026-10-03,TMS,Engineering,Preventive,AST-000444,Point Machine,Medium,Fair,0.115,188,COR-01,SEC-02,247.276,247.404,Down,Yard,Track alignment correction,90,30,15,135,2026-10-03 10:50,2026-10-03 13:45,2026-10-03 16:00,2026-10-08 17:00,Line Block,Track Machine,1,P.Way Technician,No,No,No,,High,Speed restriction,8570.38,0.455,,
REQ-0000191,2026-10-20,TMS,Engineering,Corrective,AST-000210,Track Machine,Critical,Good,0.345,0,COR-02,SEC-04,292.723,292.831,Up,Loop Line,Drainage maintenance,60,20,20,100,2026-10-20 03:51,2026-10-20 04:15,2026-10-20 05:55,2026-10-25 07:55,Line Block,Maintenance Van,1,Track Supervisor,No,No,No,,Medium,Minor operational impact,13403.49,0.554,,
REQ-0000192,2026-11-16,SMMS,S&T,Preventive,AST-000279,Signal,Medium,Good,0.193,76,COR-04,SEC-07,402.478,402.529,Down,Loop Line,Axle counter maintenance,90,30,30,150,2026-11-16 01:20,2026-11-16 02:00,2026-11-16 04:30,2026-11-17 05:30,Caution Order,Signal Testing Kit,2,S&T Supervisor,No,No,No,,Critical,Line closure,6682.97,0.362,REQ-0000093,Access preparation before maintenance
REQ-0000193,2026-11-03,TDMS,TD,Preventive,AST-000207,Sectioning Post,High,Good,0.278,287,COR-01,SEC-02,200.856,201.004,Down,Yard,Electrical isolation testing,120,20,30,170,2026-11-03 00:55,2026-11-03 01:30,2026-11-03 04:20,2026-11-06 07:20,Full Block,OHE Tower Wagon,1,Traction Technician,No,No,No,,High,Failure risk,10373.7,0.603,,
REQ-0000194,2026-10-14,SMMS,S&T,Preventive,AST-000441,Axle Counter,Medium,Fair,0.175,21,COR-01,SEC-02,192.282,192.537,Down,Yard,Signal equipment replacement,45,10,10,65,2026-10-14 00:07,2026-10-14 01:45,2026-10-14 02:50,2026-10-19 04:50,Power Block,Testing Kit,1,Interlocking Technician,Yes,No,Yes,Engineering,Medium,Line closure,7610.86,0.296,,
REQ-0000195,2026-10-02,SMMS,S&T,Corrective,AST-000338,Signal,Medium,Good,0.122,152,COR-03,SEC-05,159.747,159.931,Down,Loop Line,Communication equipment maintenance,60,20,10,90,2026-10-02 00:37,2026-10-02 03:15,2026-10-02 04:45,2026-10-05 06:45,Line Block,Testing Kit,2,Telecom Technician,No,No,No,,High,Failure risk,10196.46,0.455,,
REQ-0000196,2026-10-29,SMMS,S&T,Inspection,AST-000045,Relay Room,Low,Poor,0.449,125,COR-01,SEC-01,224.239,224.408,Both Lines,Yard,Axle counter maintenance,60,30,10,100,2026-10-29 01:12,2026-10-29 03:30,2026-10-29 05:10,2026-11-02 12:10,Power Block,Testing Kit,2,Telecom Technician,Yes,Yes,Yes,Engineering;TD,Medium,Line closure,5517.85,0.394,REQ-0000082,Inspection before repair
REQ-0000197,2026-11-05,TMS,Engineering,Corrective,AST-000352,Point Machine,High,Poor,0.389,130,COR-03,SEC-05,162.169,162.387,Up,Main Line,Turnout inspection,120,20,20,160,2026-11-05 01:19,2026-11-05 02:15,2026-11-05 04:55,2026-11-08 04:55,Line Block,Track Machine,2,P.Way Technician,Yes,No,No,S&T,Medium,Failure risk,9253.21,0.611,,
REQ-0000198,2026-11-08,SMMS,S&T,Corrective,AST-000168,Interlocking Equipment,High,Poor,0.63,165,COR-03,SEC-05,163.819,164.049,Down,Yard,Relay room inspection,180,20,15,215,2026-11-07 23:20,2026-11-08 00:45,2026-11-08 04:20,2026-11-11 08:20,Caution Order,Maintenance Van,1,S&T Supervisor,No,No,No,,High,Minor operational impact,14299.85,0.722,REQ-0000088,Isolation before work
REQ-0000199,2026-11-19,SMMS,S&T,Preventive,AST-000396,Relay Room,Medium,Good,0.228,98,COR-01,SEC-02,200.137,200.419,Down,Yard,Interlocking equipment testing,120,20,15,155,2026-11-19 02:28,2026-11-19 03:45,2026-11-19 06:20,2026-11-22 12:20,Line Block,Signal Testing Kit,1,Telecom Technician,Yes,No,Yes,Engineering,Critical,Line closure,11509.08,0.397,,
REQ-0000200,2026-10-23,SMMS,S&T,Corrective,AST-000488,Interlocking Equipment,Medium,Good,0.453,0,COR-01,SEC-02,196.404,196.435,Up,Yard,Communication equipment maintenance,150,20,20,190,2026-10-23 02:05,2026-10-23 04:30,2026-10-23 07:40,2026-10-26 12:40,Full Block,Signal Testing Kit,1,S&T Supervisor,Yes,No,Yes,TD,High,Failure risk,13610.12,0.386,,
REQ-0000201,2026-10-01,SMMS,S&T,Preventive,AST-000340,Signal,Medium,Fair,0.096,94,COR-02,SEC-04,314.72,315.046,Down,Yard,Track circuit inspection,30,10,10,50,2026-10-01 01:23,2026-10-01 02:45,2026-10-01 03:35,2026-10-05 04:35,Caution Order,Maintenance Van,1,Telecom Technician,Yes,Yes,Yes,Engineering,Medium,Failure risk,5601.81,0.353,REQ-0000155,Access preparation before maintenance
REQ-0000202,2026-10-15,TDMS,TD,Corrective,AST-000153,Sectioning Post,Medium,Poor,0.217,277,COR-01,SEC-01,182.123,182.4,Both Lines,Yard,OHE inspection,30,30,10,70,2026-10-15 00:48,2026-10-15 02:45,2026-10-15 03:55,2026-10-17 03:55,Full Block,Maintenance Van,1,OHE Authorized Supervisor,Yes,Yes,Yes,Engineering;S&T,Medium,Speed restriction,7446.29,0.515,,
REQ-0000203,2026-11-20,TDMS,TD,Corrective,AST-000178,Traction Substation,Critical,Fair,0.429,110,COR-02,SEC-03,316.402,316.658,Down,Main Line,OHE mast inspection,45,20,15,80,2026-11-20 01:03,2026-11-20 01:30,2026-11-20 02:50,2026-11-23 07:50,Full Block,OHE Tower Wagon,1,Traction Technician,No,No,No,,Low,Failure risk,12333.85,0.701,REQ-0000189,Inspection before repair
REQ-0000204,2026-11-16,SMMS,S&T,Preventive,AST-000121,Signal,Critical,Fair,0.362,260,COR-02,SEC-03,270.065,270.298,Both Lines,Loop Line,Signal equipment replacement,75,15,15,105,2026-11-16 08:13,2026-11-16 10:00,2026-11-16 11:45,2026-11-20 13:45,Caution Order,Signal Testing Kit,1,Interlocking Technician,Yes,Yes,Yes,Engineering,Medium,Minor operational impact,11358.96,0.729,,
REQ-0000205,2026-11-07,SMMS,S&T,Inspection,AST-000394,Telecom,Medium,Critical,0.342,0,COR-03,SEC-05,129.68,129.723,Both Lines,Loop Line,Axle counter maintenance,120,10,10,140,2026-11-07 16:55,2026-11-07 17:00,2026-11-07 19:20,2026-11-10 20:20,Line Block,Testing Kit,1,Interlocking Technician,Yes,Yes,Yes,TD,Medium,Line closure,11505.82,0.323,,
REQ-0000206,2026-10-29,TDMS,TD,Corrective,AST-000494,OHE Mast,Critical,Excellent,0.254,73,COR-04,SEC-07,399.233,399.488,Down,Loop Line,Sectioning equipment inspection,150,20,30,200,2026-10-28 21:32,2026-10-29 00:00,2026-10-29 03:20,2026-10-31 10:20,Full Block,Electrical Testing Kit,1,Traction Technician,Yes,No,Yes,,Medium,Failure risk,18355.68,0.607,,
REQ-0000207,2026-10-06,SMMS,S&T,Corrective,AST-000439,Signal,Critical,Poor,0.385,93,COR-03,SEC-05,169.312,169.646,Down,Yard,Interlocking equipment testing,120,20,30,170,2026-10-06 07:21,2026-10-06 08:15,2026-10-06 11:05,2026-10-08 18:05,Caution Order,Maintenance Van,1,Interlocking Technician,Yes,Yes,Yes,Engineering;TD,Medium,Failure risk,10253.46,0.669,,
REQ-0000208,2026-11-14,TDMS,TD,Corrective,AST-000429,Switching Station,Critical,Fair,0.516,146,COR-04,SEC-07,382.019,382.153,Down,Loop Line,Power supply inspection,75,20,10,105,2026-11-14 02:58,2026-11-14 03:00,2026-11-14 04:45,2026-11-19 05:45,Full Block,Maintenance Van,1,OHE Technician,No,No,No,,High,Line closure,13249.25,0.767,,
REQ-0000209,2026-11-05,TMS,Engineering,Inspection,AST-000405,Track Machine,Medium,Poor,0.355,19,COR-04,SEC-07,379.409,379.8,Down,Yard,Rail joint replacement,75,10,30,115,2026-11-04 22:26,2026-11-05 00:30,2026-11-05 02:25,2026-11-10 06:25,Power Block,Track Machine,2,Bridge Inspector,Yes,Yes,Yes,,High,Failure risk,11866.4,0.348,,
REQ-0000210,2026-11-22,TDMS,TD,Corrective,AST-000189,Traction Substation,High,Fair,0.116,0,COR-01,SEC-01,195.64,195.823,Up,Loop Line,Traction equipment maintenance,180,20,15,215,2026-11-21 23:17,2026-11-22 00:00,2026-11-22 03:35,2026-11-23 07:35,Full Block,OHE Tower Wagon,2,Electrical Supervisor,Yes,No,Yes,Engineering;S&T,Medium,Minor operational impact,10985.89,0.385,,
REQ-0000211,2026-10-01,SMMS,S&T,Corrective,AST-000170,Telecom,High,Good,0.393,56,COR-02,SEC-04,313.828,313.977,Down,Main Line,Track circuit inspection,150,30,30,210,2026-10-01 03:00,2026-10-01 04:00,2026-10-01 07:30,2026-10-06 09:30,Full Block,Testing Kit,1,S&T Supervisor,Yes,No,No,Engineering;TD,High,Minor operational impact,14187.89,0.53,,
REQ-0000212,2026-11-19,SMMS,S&T,Emergency,AST-000091,Signal,High,Poor,0.528,97,COR-02,SEC-03,338.772,339.001,Down,Loop Line,Signal equipment replacement,180,20,10,210,2026-11-19 03:38,2026-11-19 03:45,2026-11-19 07:15,2026-11-22 12:15,Power Block,Signal Testing Kit,1,Telecom Technician,No,No,No,,Medium,Minor operational impact,14241.8,0.666,,
REQ-0000213,2026-11-03,TDMS,TD,Preventive,AST-000202,Sectioning Post,High,Excellent,0.106,101,COR-02,SEC-03,279.656,279.977,Down,Loop Line,Electrical isolation testing,120,15,20,155,2026-11-02 22:57,2026-11-03 00:00,2026-11-03 02:35,2026-11-05 05:35,Full Block,OHE Tower Wagon,1,OHE Technician,Yes,Yes,Yes,Engineering;S&T,Critical,Minor operational impact,12586.71,0.464,,
REQ-0000214,2026-10-12,TDMS,TD,Preventive,AST-000151,Switching Station,Medium,Poor,0.376,0,COR-01,SEC-01,197.163,197.195,Up,Yard,Sectioning equipment inspection,75,15,20,110,2026-10-12 08:50,2026-10-12 10:30,2026-10-12 12:20,2026-10-14 19:20,Power Block,Maintenance Van,1,OHE Technician,No,No,No,,Medium,Minor operational impact,11292.8,0.333,,
REQ-0000215,2026-10-26,TDMS,TD,Inspection,AST-000434,Traction Substation,Low,Good,0.387,120,COR-04,SEC-07,351.71,352.106,Up,Yard,Sectioning equipment inspection,30,15,15,60,2026-10-25 23:57,2026-10-26 00:45,2026-10-26 01:45,2026-10-31 02:45,Full Block,OHE Tower Wagon,1,OHE Technician,Yes,Yes,Yes,Engineering;S&T,High,Line closure,7235.38,0.369,,
REQ-0000216,2026-10-17,SMMS,S&T,Preventive,AST-000175,Axle Counter,High,Poor,0.461,0,COR-03,SEC-06,152.18,152.558,Up,Main Line,Relay room inspection,75,15,30,120,2026-10-17 04:25,2026-10-17 04:30,2026-10-17 06:30,2026-10-21 09:30,Power Block,Testing Kit,2,Telecom Technician,Yes,Yes,Yes,Engineering,Critical,Speed restriction,16487.0,0.458,,
REQ-0000217,2026-11-04,TDMS,TD,Corrective,AST-000370,OHE,Medium,Poor,0.56,0,COR-01,SEC-02,186.444,186.482,Both Lines,Loop Line,OHE fitting replacement,180,30,20,230,2026-11-04 00:03,2026-11-04 02:30,2026-11-04 06:20,2026-11-09 11:20,Full Block,OHE Tower Wagon,2,Electrical Supervisor,Yes,Yes,Yes,S&T,Low,Minor operational impact,7881.3,0.418,,
REQ-0000218,2026-10-23,TMS,Engineering,Emergency,AST-000088,Bridge,Medium,Good,0.319,0,COR-02,SEC-03,296.862,297.083,Up,Yard,Turnout inspection,30,30,20,80,2026-10-23 02:05,2026-10-23 02:30,2026-10-23 03:50,2026-10-27 07:50,Line Block,Crane,1,Track Machine Operator,No,No,No,,Medium,Speed restriction,8707.11,0.396,,
REQ-0000219,2026-10-26,TMS,Engineering,Corrective,AST-000053,Level Crossing,High,Good,0.24,0,COR-04,SEC-08,389.67,390.046,Up,Loop Line,Track geometry inspection,120,30,10,160,2026-10-26 10:28,2026-10-26 12:15,2026-10-26 14:55,2026-10-30 14:55,Full Block,Maintenance Van,1,Track Machine Operator,Yes,Yes,Yes,S&T,Low,Operational delay,13290.81,0.422,,
REQ-0000220,2026-11-11,SMMS,S&T,Corrective,AST-000266,Relay Room,High,Excellent,0.07,41,COR-03,SEC-06,141.534,141.635,Up,Main Line,Relay room inspection,30,20,30,80,2026-11-11 03:06,2026-11-11 03:15,2026-11-11 04:35,2026-11-13 09:35,Caution Order,Maintenance Van,1,Telecom Technician,No,No,No,,Low,Speed restriction,9776.64,0.417,,
REQ-0000221,2026-10-08,SMMS,S&T,Preventive,AST-000388,Relay Room,High,Poor,0.507,0,COR-04,SEC-08,376.454,376.744,Down,Main Line,Signal equipment replacement,180,15,30,225,2026-10-08 01:46,2026-10-08 04:30,2026-10-08 08:15,2026-10-12 09:15,Power Block,Signal Testing Kit,1,Signal Technician,No,No,No,,High,Speed restriction,16509.83,0.472,,
REQ-0000222,2026-11-16,TDMS,TD,Preventive,AST-000322,Traction Substation,Low,Excellent,0.265,32,COR-03,SEC-05,175.966,176.335,Down,Yard,Traction equipment maintenance,30,15,15,60,2026-11-16 02:27,2026-11-16 04:00,2026-11-16 05:00,2026-11-17 10:00,Power Block,OHE Tower Wagon,1,Traction Technician,Yes,No,Yes,,Medium,Failure risk,8407.84,0.235,,
REQ-0000223,2026-11-21,TDMS,TD,Inspection,AST-000025,OHE Mast,Medium,Good,0.391,131,COR-03,SEC-06,129.228,129.509,Up,Loop Line,Electrical isolation testing,30,30,15,75,2026-11-21 12:22,2026-11-21 15:00,2026-11-21 16:15,2026-11-23 18:15,Full Block,Maintenance Van,2,OHE Technician,Yes,No,Yes,S&T,High,Line closure,10789.97,0.483,,
REQ-0000224,2026-11-01,SMMS,S&T,Preventive,AST-000045,Relay Room,Low,Poor,0.449,125,COR-01,SEC-01,224.239,224.451,Down,Main Line,Track circuit inspection,150,10,10,170,2026-11-01 14:31,2026-11-01 16:00,2026-11-01 18:50,2026-11-02 18:50,Line Block,Signal Testing Kit,1,Telecom Technician,Yes,Yes,Yes,,Critical,Speed restriction,7952.23,0.394,,
REQ-0000225,2026-10-09,SMMS,S&T,Preventive,AST-000233,Axle Counter,High,Fair,0.347,159,COR-04,SEC-08,349.915,350.297,Up,Main Line,Communication equipment maintenance,180,20,20,220,2026-10-08 23:09,2026-10-09 01:45,2026-10-09 05:25,2026-10-11 09:25,Power Block,Testing Kit,1,S&T Supervisor,Yes,No,Yes,Engineering,Critical,Failure risk,14302.15,0.601,,
REQ-0000226,2026-10-14,SMMS,S&T,Preventive,AST-000188,Interlocking Equipment,Medium,Poor,0.497,0,COR-04,SEC-07,354.56,354.652,Down,Yard,Interlocking equipment testing,150,10,30,190,2026-10-14 00:25,2026-10-14 03:15,2026-10-14 06:25,2026-10-18 09:25,Line Block,Signal Testing Kit,1,Interlocking Technician,Yes,Yes,Yes,TD,Critical,Minor operational impact,13291.86,0.369,,
REQ-0000227,2026-11-17,TMS,Engineering,Corrective,AST-000050,Point Machine,High,Poor,0.367,40,COR-03,SEC-06,176.104,176.22,Up,Main Line,Track geometry inspection,75,30,20,125,2026-11-17 03:29,2026-11-17 03:30,2026-11-17 05:35,2026-11-19 10:35,Caution Order,Maintenance Van,1,Track Machine Operator,Yes,Yes,Yes,S&T,Medium,Minor operational impact,9757.69,0.505,,
REQ-0000228,2026-11-01,TMS,Engineering,Corrective,AST-000137,Level Crossing,Medium,Good,0.246,0,COR-03,SEC-06,134.587,134.663,Both Lines,Main Line,Track geometry inspection,180,15,20,215,2026-11-01 00:32,2026-11-01 01:00,2026-11-01 04:35,2026-11-05 05:35,Line Block,Track Machine,1,Track Machine Operator,No,No,No,,Medium,Speed restriction,9916.69,0.324,,
REQ-0000229,2026-11-02,SMMS,S&T,Inspection,AST-000091,Signal,High,Poor,0.528,97,COR-02,SEC-03,338.772,338.912,Down,Yard,Signal equipment inspection,90,30,10,130,2026-11-02 10:35,2026-11-02 11:15,2026-11-02 13:25,2026-11-03 13:25,Full Block,Maintenance Van,1,Interlocking Technician,Yes,No,Yes,Engineering,Medium,Minor operational impact,16610.98,0.586,,
REQ-0000230,2026-11-11,SMMS,S&T,Preventive,AST-000376,Interlocking Equipment,High,Good,0.383,313,COR-03,SEC-05,139.941,140.028,Down,Loop Line,Signal equipment replacement,45,10,20,75,2026-11-11 03:45,2026-11-11 04:45,2026-11-11 06:00,2026-11-12 11:00,Caution Order,Testing Kit,1,Telecom Technician,Yes,Yes,Yes,Engineering;TD,Low,Failure risk,9240.59,0.635,,
REQ-0000231,2026-11-02,TDMS,TD,Corrective,AST-000433,Traction Substation,Low,Good,0.589,74,COR-02,SEC-03,323.948,324.222,Down,Main Line,OHE mast inspection,180,30,15,225,2026-11-02 01:39,2026-11-02 02:30,2026-11-02 06:15,2026-11-06 10:15,Full Block,Electrical Testing Kit,1,OHE Technician,Yes,Yes,Yes,Engineering,Medium,Minor operational impact,6923.84,0.409,,
REQ-0000232,2026-11-13,SMMS,S&T,Corrective,AST-000415,Telecom,High,Good,0.12,94,COR-03,SEC-05,173.336,173.444,Both Lines,Loop Line,Interlocking equipment testing,75,20,20,115,2026-11-13 02:40,2026-11-13 03:15,2026-11-13 05:10,2026-11-15 05:10,Caution Order,Signal Testing Kit,1,S&T Supervisor,Yes,No,Yes,TD,Medium,Minor operational impact,14453.92,0.49,,
REQ-0000233,2026-11-05,TMS,Engineering,Corrective,AST-000260,Track,High,Fair,0.048,0,COR-04,SEC-08,365.821,366.191,Up,Loop Line,Drainage maintenance,150,10,30,190,2026-11-05 17:57,2026-11-05 20:15,2026-11-05 23:25,2026-11-09 23:25,Caution Order,Maintenance Van,1,Track Machine Operator,No,No,No,,High,Failure risk,9337.92,0.364,,
REQ-0000234,2026-10-29,TMS,Engineering,Preventive,AST-000071,Bridge,Low,Critical,0.69,65,COR-04,SEC-08,385.787,385.999,Down,Yard,Track alignment correction,60,20,20,100,2026-10-29 04:11,2026-10-29 04:15,2026-10-29 05:55,2026-10-30 05:55,Power Block,Inspection Vehicle,2,Track Machine Operator,Yes,Yes,Yes,TD,High,Speed restriction,11242.55,0.399,REQ-0000177,Isolation before work
REQ-0000235,2026-10-14,SMMS,S&T,Emergency,AST-000376,Interlocking Equipment,High,Good,0.383,313,COR-03,SEC-05,139.941,140.302,Down,Main Line,Relay room inspection,180,20,20,220,2026-10-14 01:43,2026-10-14 03:30,2026-10-14 07:10,2026-10-17 14:10,Power Block,Signal Testing Kit,2,Telecom Technician,No,No,No,,Medium,Failure risk,14737.63,0.715,,
REQ-0000236,2026-11-06,TMS,Engineering,Preventive,AST-000156,Bridge,Medium,Fair,0.015,145,COR-02,SEC-03,338.572,338.663,Both Lines,Loop Line,Track geometry inspection,90,15,15,120,2026-11-06 00:23,2026-11-06 02:30,2026-11-06 04:30,2026-11-08 04:30,Full Block,Track Machine,2,Bridge Inspector,No,No,No,,High,Failure risk,5454.45,0.386,,
REQ-0000237,2026-11-14,TMS,Engineering,Preventive,AST-000478,Point Machine,Medium,Poor,0.363,187,COR-03,SEC-06,138.751,138.91,Down,Loop Line,Sleeper replacement,60,10,20,90,2026-11-13 23:04,2026-11-14 02:00,2026-11-14 03:30,2026-11-17 03:30,Full Block,Track Machine,1,P.Way Technician,Yes,Yes,Yes,,Medium,Failure risk,11452.73,0.529,,
REQ-0000238,2026-10-17,TDMS,TD,Corrective,AST-000301,Switching Station,High,Good,0.113,26,COR-01,SEC-01,232.205,232.299,Down,Main Line,Power supply inspection,120,10,15,145,2026-10-16 23:03,2026-10-17 01:00,2026-10-17 03:25,2026-10-19 10:25,Power Block,OHE Tower Wagon,2,OHE Technician,Yes,No,Yes,Engineering;S&T,Medium,Line closure,14585.56,0.413,,
REQ-0000239,2026-10-31,TDMS,TD,Corrective,AST-000410,Switching Station,Medium,Excellent,0.203,0,COR-01,SEC-02,247.009,247.297,Up,Main Line,OHE mast inspection,60,15,20,95,2026-10-31 00:56,2026-10-31 02:00,2026-10-31 03:35,2026-11-02 08:35,Full Block,OHE Tower Wagon,1,OHE Technician,No,No,No,,Low,Speed restriction,10975.78,0.311,,
REQ-0000240,2026-11-20,TMS,Engineering,Corrective,AST-000247,Track,Critical,Excellent,0.254,0,COR-03,SEC-05,142.955,143.329,Up,Yard,Track geometry inspection,30,30,15,75,2026-11-20 17:09,2026-11-20 17:15,2026-11-20 18:30,2026-11-22 18:30,Line Block,Maintenance Van,2,P.Way Technician,No,No,No,,High,Speed restriction,18816.31,0.526,,
REQ-0000241,2026-11-15,TMS,Engineering,Preventive,AST-000156,Bridge,Medium,Fair,0.015,145,COR-02,SEC-03,338.572,338.77,Up,Main Line,Ballast maintenance,150,30,30,210,2026-11-15 00:22,2026-11-15 00:45,2026-11-15 04:15,2026-11-17 09:15,Caution Order,Maintenance Van,1,Bridge Inspector,Yes,No,Yes,S&T;TD,Medium,Failure risk,9920.53,0.386,,
REQ-0000242,2026-10-14,SMMS,S&T,Preventive,AST-000217,Signal,High,Fair,0.225,141,COR-03,SEC-06,178.299,178.595,Down,Yard,Axle counter maintenance,90,15,15,120,2026-10-14 05:52,2026-10-14 08:45,2026-10-14 10:45,2026-10-15 16:45,Caution Order,Maintenance Van,2,Telecom Technician,Yes,Yes,Yes,Engineering;TD,High,Failure risk,8696.92,0.544,,
REQ-0000243,2026-11-01,TMS,Engineering,Preventive,AST-000383,Track,Medium,Fair,0.406,134,COR-02,SEC-04,320.504,320.889,Up,Loop Line,Rail joint replacement,150,20,15,185,2026-11-01 01:45,2026-11-01 02:00,2026-11-01 05:05,2026-11-06 07:05,Power Block,Crane,2,Track Machine Operator,Yes,Yes,Yes,S&T;TD,Critical,Line closure,10714.62,0.491,,
REQ-0000244,2026-10-27,SMMS,S&T,Emergency,AST-000270,Relay Room,Medium,Fair,0.338,0,COR-01,SEC-01,195.849,196.218,Up,Yard,Signal equipment replacement,150,30,10,190,2026-10-27 08:02,2026-10-27 09:45,2026-10-27 12:55,2026-10-30 14:55,Line Block,Maintenance Van,1,S&T Supervisor,No,No,No,,Medium,Failure risk,10849.54,0.401,,
REQ-0000245,2026-09-29,TDMS,TD,Corrective,AST-000429,Switching Station,Critical,Fair,0.516,146,COR-04,SEC-07,382.019,382.059,Up,Yard,OHE inspection,180,10,20,210,2026-09-29 09:04,2026-09-29 10:30,2026-09-29 14:00,2026-10-02 20:00,Power Block,Maintenance Van,1,OHE Technician,Yes,Yes,Yes,S&T,High,Speed restriction,11127.08,0.767,,
REQ-0000246,2026-10-07,SMMS,S&T,Inspection,AST-000320,Interlocking Equipment,Medium,Poor,0.573,0,COR-01,SEC-02,250.566,250.706,Up,Main Line,Relay room inspection,90,15,20,125,2026-10-07 03:06,2026-10-07 03:30,2026-10-07 05:35,2026-10-09 12:35,Caution Order,Maintenance Van,1,S&T Supervisor,Yes,Yes,Yes,TD,Medium,Failure risk,14157.61,0.392,,
REQ-0000247,2026-11-09,SMMS,S&T,Preventive,AST-000213,Axle Counter,Critical,Fair,0.426,321,COR-03,SEC-06,126.663,126.955,Up,Loop Line,Signal equipment inspection,120,30,20,170,2026-11-09 01:57,2026-11-09 03:30,2026-11-09 06:20,2026-11-11 09:20,Line Block,Testing Kit,1,Interlocking Technician,Yes,No,Yes,TD,High,Minor operational impact,15553.7,0.748,,
REQ-0000248,2026-10-09,TMS,Engineering,Corrective,AST-000085,Point Machine,Critical,Fair,0.331,28,COR-01,SEC-02,210.76,211.127,Down,Main Line,Drainage maintenance,75,10,30,115,2026-10-09 03:36,2026-10-09 04:45,2026-10-09 06:40,2026-10-14 10:40,Caution Order,Track Machine,1,Bridge Inspector,Yes,No,Yes,S&T,High,Failure risk,18229.54,0.58,,
REQ-0000249,2026-10-06,SMMS,S&T,Corrective,AST-000461,Relay Room,High,Critical,0.378,167,COR-01,SEC-02,214.567,214.695,Up,Yard,Track circuit inspection,90,20,30,140,2026-10-06 05:19,2026-10-06 07:00,2026-10-06 09:20,2026-10-11 09:20,Caution Order,Signal Testing Kit,1,Telecom Technician,Yes,Yes,Yes,Engineering,High,Minor operational impact,14159.72,0.649,,
REQ-0000250,2026-10-16,TDMS,TD,Corrective,AST-000322,Traction Substation,Low,Excellent,0.265,32,COR-03,SEC-05,175.966,176.294,Up,Yard,OHE inspection,45,20,20,85,2026-10-15 23:28,2026-10-16 00:30,2026-10-16 01:55,2026-10-17 05:55,Power Block,Electrical Testing Kit,2,OHE Technician,Yes,No,No,Engineering,High,Speed restriction,7370.73,0.265,,
REQ-0000251,2026-11-22,SMMS,S&T,Preventive,AST-000073,Telecom,Medium,Excellent,0.098,155,COR-02,SEC-04,333.976,334.107,Down,Yard,Signal equipment inspection,180,10,30,220,2026-11-22 18:22,2026-11-22 18:30,2026-11-22 22:10,2026-11-24 01:10,Caution Order,Signal Testing Kit,1,Signal Technician,Yes,Yes,No,TD,Low,Operational delay,10111.09,0.422,,
REQ-0000252,2026-11-13,TMS,Engineering,Preventive,AST-000028,Level Crossing,Medium,Poor,0.454,33,COR-02,SEC-03,337.299,337.514,Down,Yard,Ballast maintenance,120,30,15,165,2026-11-13 01:36,2026-11-13 02:30,2026-11-13 05:15,2026-11-16 07:15,Line Block,Maintenance Van,1,Track Supervisor,Yes,Yes,Yes,TD,Medium,Failure risk,7927.68,0.393,,
REQ-0000253,2026-10-11,SMMS,S&T,Inspection,AST-000033,Interlocking Equipment,Medium,Poor,0.348,143,COR-01,SEC-02,205.439,205.793,Down,Yard,Communication equipment maintenance,45,15,20,80,2026-10-10 22:49,2026-10-11 01:30,2026-10-11 02:50,2026-10-14 02:50,Line Block,Testing Kit,1,Interlocking Technician,No,No,No,,Medium,Failure risk,9498.84,0.483,,
REQ-0000254,2026-10-09,SMMS,S&T,Inspection,AST-000475,Telecom,Critical,Poor,0.515,0,COR-01,SEC-02,194.251,194.65,Down,Main Line,Signal equipment replacement,150,20,30,200,2026-10-09 02:07,2026-10-09 04:15,2026-10-09 07:35,2026-10-14 10:35,Line Block,Testing Kit,1,Telecom Technician,Yes,Yes,Yes,Engineering,Medium,Failure risk,12670.44,0.575,,
REQ-0000255,2026-10-09,TMS,Engineering,Corrective,AST-000296,Point Machine,High,Fair,0.827,0,COR-03,SEC-05,142.377,142.503,Both Lines,Main Line,Track alignment correction,90,15,20,125,2026-10-08 23:23,2026-10-09 00:00,2026-10-09 02:05,2026-10-10 02:05,Line Block,Maintenance Van,1,P.Way Technician,Yes,No,Yes,TD,High,Operational delay,18719.79,0.598,,
REQ-0000256,2026-10-17,TDMS,TD,Corrective,AST-000410,Switching Station,Medium,Excellent,0.203,0,COR-01,SEC-02,247.009,247.054,Up,Main Line,Sectioning equipment inspection,120,10,15,145,2026-10-17 00:12,2026-10-17 00:30,2026-10-17 02:55,2026-10-18 05:55,Power Block,Maintenance Van,1,Electrical Supervisor,Yes,No,No,Engineering;S&T,Medium,Minor operational impact,7607.24,0.311,,
REQ-0000257,2026-11-04,SMMS,S&T,Inspection,AST-000074,Telecom,Medium,Poor,0.369,189,COR-01,SEC-01,249.237,249.341,Up,Yard,Signal equipment replacement,150,10,15,175,2026-11-04 02:20,2026-11-04 03:15,2026-11-04 06:10,2026-11-07 13:10,Line Block,Signal Testing Kit,2,Telecom Technician,Yes,No,Yes,Engineering;TD,Medium,Minor operational impact,9816.18,0.531,,
REQ-0000258,2026-09-29,SMMS,S&T,Preventive,AST-000439,Signal,Critical,Poor,0.385,93,COR-03,SEC-05,169.312,169.644,Both Lines,Loop Line,Axle counter maintenance,120,30,30,180,2026-09-28 22:20,2026-09-29 01:15,2026-09-29 04:15,2026-10-03 07:15,Line Block,Signal Testing Kit,1,Telecom Technician,Yes,Yes,Yes,Engineering,High,Line closure,18779.06,0.639,,
REQ-0000259,2026-10-03,TMS,Engineering,Preventive,AST-000251,Track Machine,High,Fair,0.254,213,COR-01,SEC-02,201.217,201.559,Down,Main Line,Drainage maintenance,45,20,15,80,2026-10-03 01:38,2026-10-03 02:00,2026-10-03 03:20,2026-10-07 07:20,Caution Order,Maintenance Van,1,P.Way Technician,No,No,No,,Medium,Operational delay,15633.84,0.596,,
REQ-0000260,2026-10-11,TMS,Engineering,Preventive,AST-000149,Track Machine,Low,Poor,0.35,51,COR-02,SEC-03,310.652,310.785,Up,Loop Line,Turnout inspection,90,30,20,140,2026-10-11 00:15,2026-10-11 01:15,2026-10-11 03:35,2026-10-14 07:35,Full Block,Inspection Vehicle,2,Track Machine Operator,No,No,No,,Medium,Operational delay,7042.57,0.282,,
REQ-0000261,2026-10-31,TMS,Engineering,Preventive,AST-000313,Track,High,Poor,0.35,154,COR-01,SEC-02,249.988,250.263,Down,Yard,Drainage maintenance,150,10,15,175,2026-10-31 00:55,2026-10-31 01:30,2026-10-31 04:25,2026-11-01 04:25,Full Block,Crane,2,Bridge Inspector,No,No,No,,Medium,Minor operational impact,13607.62,0.596,,
REQ-0000262,2026-10-16,TMS,Engineering,Corrective,AST-000225,Track,High,Fair,0.462,99,COR-01,SEC-02,183.404,183.612,Up,Main Line,Track geometry inspection,45,15,30,90,2026-10-16 01:18,2026-10-16 03:30,2026-10-16 05:00,2026-10-20 11:00,Line Block,Maintenance Van,1,Track Supervisor,Yes,Yes,Yes,S&T;TD,Critical,Speed restriction,15130.53,0.599,,
REQ-0000263,2026-10-22,TDMS,TD,Preventive,AST-000127,Sectioning Post,High,Fair,0.283,177,COR-04,SEC-08,360.252,360.461,Down,Yard,OHE inspection,45,10,20,75,2026-10-22 18:11,2026-10-22 18:15,2026-10-22 19:30,2026-10-25 21:30,Full Block,Maintenance Van,2,Traction Technician,Yes,Yes,Yes,Engineering,High,Failure risk,13131.56,0.602,,
REQ-0000264,2026-10-02,TDMS,TD,Preventive,AST-000252,OHE Mast,High,Fair,0.347,93,COR-02,SEC-04,293.419,293.625,Down,Main Line,OHE fitting replacement,60,15,30,105,2026-10-01 22:49,2026-10-02 00:15,2026-10-02 02:00,2026-10-06 06:00,Full Block,OHE Tower Wagon,1,OHE Technician,Yes,No,Yes,,High,Line closure,10305.37,0.527,,
REQ-0000265,2026-11-14,TDMS,TD,Inspection,AST-000416,Traction Substation,Medium,Poor,0.362,89,COR-04,SEC-07,345.16,345.323,Down,Loop Line,Power supply inspection,60,30,30,120,2026-11-13 23:55,2026-11-14 00:30,2026-11-14 02:30,2026-11-18 08:30,Power Block,OHE Tower Wagon,2,Electrical Supervisor,Yes,Yes,Yes,Engineering,Medium,Line closure,11620.76,0.427,,
REQ-0000266,2026-11-12,SMMS,S&T,Emergency,AST-000281,Telecom,High,Poor,0.985,0,COR-04,SEC-07,348.669,348.78,Up,Yard,Axle counter maintenance,60,20,30,110,2026-11-12 02:00,2026-11-12 02:15,2026-11-12 04:05,2026-11-17 06:05,Full Block,Testing Kit,1,Telecom Technician,No,No,No,,Low,Minor operational impact,20341.07,0.696,,
REQ-0000267,2026-10-27,TDMS,TD,Corrective,AST-000416,Traction Substation,Medium,Poor,0.362,89,COR-04,SEC-07,345.16,345.437,Both Lines,Loop Line,Power supply inspection,75,15,15,105,2026-10-27 01:57,2026-10-27 04:15,2026-10-27 06:00,2026-10-28 10:00,Full Block,Maintenance Van,1,Traction Technician,Yes,Yes,Yes,,High,Failure risk,12000.66,0.457,,
REQ-0000268,2026-11-23,TDMS,TD,Preventive,AST-000355,Sectioning Post,Medium,Good,0.359,0,COR-04,SEC-08,374.687,374.92,Down,Main Line,OHE fitting replacement,75,30,30,135,2026-11-22 21:36,2026-11-23 00:30,2026-11-23 02:45,2026-11-25 08:45,Full Block,Maintenance Van,1,Electrical Supervisor,Yes,Yes,Yes,Engineering,High,Minor operational impact,10487.63,0.328,,
REQ-0000269,2026-10-12,TDMS,TD,Corrective,AST-000202,Sectioning Post,High,Excellent,0.106,101,COR-02,SEC-03,279.656,279.709,Both Lines,Loop Line,OHE mast inspection,120,20,30,170,2026-10-12 00:37,2026-10-12 02:00,2026-10-12 04:50,2026-10-13 05:50,Power Block,OHE Tower Wagon,2,OHE Authorized Supervisor,Yes,Yes,Yes,Engineering;S&T,Critical,Failure risk,11598.95,0.494,,
REQ-0000270,2026-11-19,TDMS,TD,Preventive,AST-000473,Traction Substation,High,Excellent,0.372,245,COR-03,SEC-06,149.376,149.554,Up,Main Line,Traction equipment maintenance,60,10,10,80,2026-11-19 15:28,2026-11-19 18:00,2026-11-19 19:20,2026-11-23 00:20,Power Block,Maintenance Van,2,Electrical Supervisor,Yes,No,Yes,Engineering,Low,Line closure,12426.47,0.632,REQ-0000017,Access preparation before maintenance
REQ-0000271,2026-11-21,TDMS,TD,Preventive,AST-000178,Traction Substation,Critical,Fair,0.429,110,COR-02,SEC-03,316.402,316.791,Down,Main Line,Electrical isolation testing,75,20,10,105,2026-11-21 01:19,2026-11-21 02:15,2026-11-21 04:00,2026-11-25 06:00,Power Block,OHE Tower Wagon,2,OHE Authorized Supervisor,No,No,No,,High,Failure risk,12419.93,0.671,,
REQ-0000272,2026-11-11,TMS,Engineering,Corrective,AST-000330,Track,Medium,Fair,0.166,0,COR-02,SEC-03,263.653,264.045,Down,Loop Line,Rail joint replacement,150,10,15,175,2026-11-10 23:29,2026-11-11 01:00,2026-11-11 03:55,2026-11-12 10:55,Power Block,Track Machine,1,Track Supervisor,Yes,Yes,Yes,TD,Medium,Operational delay,10036.74,0.3,,
REQ-0000273,2026-10-25,TDMS,TD,Corrective,AST-000142,Switching Station,Medium,Good,0.172,0,COR-01,SEC-01,251.561,251.606,Down,Main Line,Sectioning equipment inspection,60,15,10,85,2026-10-25 05:24,2026-10-25 08:15,2026-10-25 09:40,2026-10-26 10:40,Power Block,OHE Tower Wagon,1,OHE Technician,No,No,No,,Medium,Operational delay,5930.26,0.302,,
REQ-0000274,2026-10-21,SMMS,S&T,Emergency,AST-000241,Telecom,Low,Good,0.352,138,COR-02,SEC-03,302.458,302.815,Up,Main Line,Axle counter maintenance,120,10,30,160,2026-10-21 03:45,2026-10-21 04:15,2026-10-21 06:55,2026-10-25 12:55,Caution Order,Testing Kit,1,S&T Supervisor,No,No,No,,Medium,Line closure,6115.88,0.459,,
REQ-0000275,2026-10-21,TDMS,TD,Preventive,AST-000325,Traction Substation,High,Fair,0.142,75,COR-04,SEC-07,383.874,384.027,Up,Main Line,OHE inspection,60,30,10,100,2026-10-21 01:20,2026-10-21 02:30,2026-10-21 04:10,2026-10-26 07:10,Power Block,OHE Tower Wagon,1,OHE Technician,Yes,Yes,Yes,S&T,Low,Operational delay,9589.68,0.446,,
REQ-0000276,2026-10-09,TMS,Engineering,Preventive,AST-000210,Track Machine,Critical,Good,0.345,0,COR-02,SEC-04,292.723,293.058,Down,Yard,Drainage maintenance,60,15,10,85,2026-10-09 02:11,2026-10-09 04:00,2026-10-09 05:25,2026-10-13 12:25,Line Block,Track Machine,1,Track Supervisor,Yes,No,Yes,,Medium,Line closure,16814.97,0.524,REQ-0000201,Inspection before repair
REQ-0000277,2026-10-17,TMS,Engineering,Corrective,AST-000060,Point Machine,High,Good,0.136,14,COR-01,SEC-01,206.73,206.766,Up,Main Line,Track geometry inspection,60,20,20,100,2026-10-16 23:52,2026-10-17 00:30,2026-10-17 02:10,2026-10-18 04:10,Caution Order,Track Machine,1,P.Way Technician,Yes,Yes,Yes,S&T;TD,Low,Line closure,13521.8,0.406,,
REQ-0000278,2026-10-11,TDMS,TD,Preventive,AST-000317,OHE,Low,Excellent,0.101,125,COR-03,SEC-06,147.542,147.704,Down,Yard,Power supply inspection,60,10,15,85,2026-10-11 02:25,2026-10-11 02:45,2026-10-11 04:10,2026-10-15 04:10,Full Block,OHE Tower Wagon,1,Electrical Supervisor,Yes,Yes,Yes,S&T,Medium,Minor operational impact,6988.04,0.289,,
REQ-0000279,2026-11-16,TDMS,TD,Corrective,AST-000390,OHE Mast,Medium,Fair,0.244,0,COR-04,SEC-08,379.242,379.304,Up,Main Line,OHE mast inspection,75,20,10,105,2026-11-16 04:21,2026-11-16 07:00,2026-11-16 08:45,2026-11-20 10:45,Power Block,OHE Tower Wagon,1,OHE Technician,No,No,No,,High,Minor operational impact,9222.93,0.323,,
REQ-0000280,2026-10-09,SMMS,S&T,Corrective,AST-000099,Axle Counter,Low,Good,0.032,61,COR-03,SEC-05,180.129,180.496,Up,Yard,Signal equipment replacement,120,10,15,145,2026-10-08 22:21,2026-10-09 00:30,2026-10-09 02:55,2026-10-12 03:55,Power Block,Testing Kit,2,S&T Supervisor,Yes,Yes,Yes,,High,Operational delay,6812.99,0.227,,
REQ-0000281,2026-10-08,TMS,Engineering,Preventive,AST-000334,Track Machine,Critical,Good,0.436,0,COR-03,SEC-06,137.468,137.851,Down,Loop Line,Rail joint replacement,60,20,20,100,2026-10-08 01:28,2026-10-08 01:30,2026-10-08 03:10,2026-10-11 09:10,Power Block,Track Machine,2,P.Way Technician,Yes,Yes,Yes,S&T,Medium,Line closure,11814.73,0.551,,
REQ-0000282,2026-11-14,TDMS,TD,Inspection,AST-000047,OHE,Medium,Fair,0.303,0,COR-02,SEC-03,283.629,283.688,Up,Loop Line,Electrical isolation testing,45,30,30,105,2026-11-14 02:21,2026-11-14 02:30,2026-11-14 04:15,2026-11-19 10:15,Full Block,Maintenance Van,1,OHE Technician,Yes,No,Yes,Engineering;S&T,Medium,Line closure,10371.62,0.311,,
REQ-0000283,2026-10-19,TMS,Engineering,Corrective,AST-000296,Point Machine,High,Fair,0.827,0,COR-03,SEC-05,142.377,142.603,Down,Loop Line,Rail joint replacement,75,20,20,115,2026-10-18 21:51,2026-10-19 00:45,2026-10-19 02:40,2026-10-20 06:40,Line Block,Crane,1,Track Machine Operator,Yes,Yes,Yes,S&T,High,Line closure,11454.0,0.598,,
REQ-0000284,2026-10-29,TDMS,TD,Emergency,AST-000431,OHE,Medium,Poor,0.43,143,COR-04,SEC-08,370.732,370.959,Down,Loop Line,Power supply inspection,45,15,30,90,2026-10-29 10:51,2026-10-29 12:45,2026-10-29 14:15,2026-11-03 21:15,Power Block,Maintenance Van,1,Electrical Supervisor,No,No,No,,Medium,Operational delay,10101.98,0.588,,
REQ-0000285,2026-11-02,SMMS,S&T,Preventive,AST-000430,Axle Counter,High,Fair,0.406,97,COR-04,SEC-07,401.834,402.103,Down,Main Line,Interlocking equipment testing,180,30,30,240,2026-11-02 01:37,2026-11-02 04:15,2026-11-02 08:15,2026-11-07 14:15,Full Block,Testing Kit,1,Telecom Technician,No,No,No,,Medium,Minor operational impact,9055.0,0.55,,
REQ-0000286,2026-11-20,SMMS,S&T,Corrective,AST-000255,Telecom,Critical,Fair,0.521,0,COR-02,SEC-03,325.272,325.429,Down,Main Line,Signal equipment replacement,120,15,20,155,2026-11-20 05:52,2026-11-20 07:30,2026-11-20 10:05,2026-11-21 14:05,Full Block,Testing Kit,1,Interlocking Technician,Yes,Yes,Yes,Engineering;TD,Medium,Speed restriction,19574.36,0.606,,
REQ-0000287,2026-10-21,TMS,Engineering,Inspection,AST-000098,Level Crossing,Low,Fair,0.434,29,COR-01,SEC-01,187.526,187.81,Up,Loop Line,Sleeper replacement,30,30,30,90,2026-10-21 03:11,2026-10-21 03:30,2026-10-21 05:00,2026-10-26 05:00,Power Block,Inspection Vehicle,1,Track Machine Operator,Yes,Yes,No,,High,Failure risk,7487.97,0.282,,
REQ-0000288,2026-10-11,SMMS,S&T,Inspection,AST-000109,Interlocking Equipment,Low,Good,0.353,0,COR-04,SEC-08,348.446,348.477,Down,Main Line,Signal equipment replacement,90,30,10,130,2026-10-11 02:25,2026-10-11 03:30,2026-10-11 05:40,2026-10-15 05:40,Power Block,Testing Kit,2,Signal Technician,Yes,Yes,Yes,Engineering;TD,Medium,Operational delay,5885.87,0.226,,
REQ-0000289,2026-10-31,SMMS,S&T,Corrective,AST-000477,Relay Room,Medium,Poor,0.357,131,COR-04,SEC-08,389.84,390.031,Up,Loop Line,Signal equipment replacement,90,30,20,140,2026-10-31 00:03,2026-10-31 02:45,2026-10-31 05:05,2026-11-03 09:05,Full Block,Signal Testing Kit,1,Signal Technician,Yes,Yes,Yes,Engineering;TD,Medium,Minor operational impact,7363.62,0.503,,
REQ-0000290,2026-10-14,SMMS,S&T,Inspection,AST-000254,Telecom,High,Poor,0.893,235,COR-03,SEC-05,160.891,161.234,Up,Loop Line,Communication equipment maintenance,120,10,15,145,2026-10-14 01:45,2026-10-14 03:30,2026-10-14 05:55,2026-10-19 05:55,Line Block,Maintenance Van,2,S&T Supervisor,Yes,No,Yes,TD,Low,Line closure,16824.44,0.788,,
REQ-0000291,2026-11-09,SMMS,S&T,Preventive,AST-000221,Telecom,High,Excellent,0.402,35,COR-02,SEC-04,295.575,295.61,Up,Main Line,Signal equipment replacement,180,30,10,220,2026-11-09 03:14,2026-11-09 04:15,2026-11-09 07:55,2026-11-12 11:55,Full Block,Signal Testing Kit,1,Signal Technician,No,No,No,,Medium,Speed restriction,10716.9,0.479,,
REQ-0000292,2026-10-26,SMMS,S&T,Corrective,AST-000272,Interlocking Equipment,Critical,Poor,0.538,17,COR-01,SEC-02,237.9,238.058,Down,Loop Line,Interlocking equipment testing,150,20,15,185,2026-10-26 04:39,2026-10-26 07:30,2026-10-26 10:35,2026-10-29 11:35,Full Block,Signal Testing Kit,1,Telecom Technician,No,No,No,,High,Failure risk,14916.5,0.63,,
REQ-0000293,2026-10-24,TMS,Engineering,Preventive,AST-000424,Bridge,High,Poor,0.503,9,COR-04,SEC-08,367.253,367.434,Down,Main Line,Rail joint replacement,45,20,15,80,2026-10-24 14:04,2026-10-24 15:15,2026-10-24 16:35,2026-10-25 22:35,Full Block,Crane,1,Track Machine Operator,No,No,No,,Medium,Line closure,9227.23,0.481,,
REQ-0000294,2026-11-09,SMMS,S&T,Corrective,AST-000064,Relay Room,High,Good,0.361,128,COR-04,SEC-08,372.853,373.181,Up,Yard,Interlocking equipment testing,45,30,30,105,2026-11-09 01:29,2026-11-09 03:00,2026-11-09 04:45,2026-11-10 10:45,Power Block,Signal Testing Kit,2,Interlocking Technician,No,No,No,,High,Operational delay,9153.96,0.601,,
REQ-0000295,2026-11-22,TDMS,TD,Inspection,AST-000189,Traction Substation,High,Fair,0.116,0,COR-01,SEC-01,195.64,195.92,Up,Loop Line,Traction equipment maintenance,90,15,10,115,2026-11-22 00:10,2026-11-22 02:00,2026-11-22 03:55,2026-11-26 08:55,Full Block,Maintenance Van,2,OHE Authorized Supervisor,Yes,No,Yes,Engineering,Critical,Minor operational impact,9681.34,0.355,,
REQ-0000296,2026-09-28,TDMS,TD,Corrective,AST-000347,Switching Station,Critical,Fair,0.547,0,COR-04,SEC-07,356.891,357.175,Down,Loop Line,Electrical isolation testing,90,15,15,120,2026-09-28 00:20,2026-09-28 01:45,2026-09-28 03:45,2026-10-01 10:45,Full Block,Electrical Testing Kit,1,Electrical Supervisor,No,No,No,,High,Failure risk,19050.2,0.614,,
REQ-0000297,2026-11-19,TMS,Engineering,Preventive,AST-000485,Level Crossing,Medium,Fair,0.438,249,COR-03,SEC-06,175.234,175.633,Up,Loop Line,Ballast maintenance,45,20,10,75,2026-11-19 01:04,2026-11-19 01:30,2026-11-19 02:45,2026-11-23 05:45,Caution Order,Track Machine,2,P.Way Technician,No,No,No,,Medium,Operational delay,7687.77,0.551,,
REQ-0000298,2026-10-03,TMS,Engineering,Preventive,AST-000002,Track,High,Poor,0.414,20,COR-02,SEC-03,296.031,296.228,Up,Main Line,Rail joint replacement,60,15,10,85,2026-10-03 13:05,2026-10-03 13:45,2026-10-03 15:10,2026-10-06 22:10,Full Block,Track Machine,2,Track Supervisor,Yes,Yes,Yes,S&T,Medium,Line closure,12096.92,0.466,REQ-0000211,Inspection before repair
REQ-0000299,2026-11-15,SMMS,S&T,Preventive,AST-000413,Interlocking Equipment,High,Poor,0.436,70,COR-02,SEC-03,301.538,301.841,Both Lines,Main Line,Axle counter maintenance,30,10,10,50,2026-11-14 22:38,2026-11-15 00:15,2026-11-15 01:05,2026-11-19 03:05,Caution Order,Maintenance Van,2,Signal Technician,Yes,No,No,Engineering;TD,High,Operational delay,16161.94,0.529,,
REQ-0000300,2026-10-13,TDMS,TD,Preventive,AST-000142,Switching Station,Medium,Good,0.172,0,COR-01,SEC-01,251.561,251.906,Down,Loop Line,Sectioning equipment inspection,90,20,20,130,2026-10-12 22:15,2026-10-13 01:00,2026-10-13 03:10,2026-10-17 05:10,Power Block,Electrical Testing Kit,1,OHE Technician,Yes,No,Yes,Engineering,Low,Line closure,10801.19,0.272,,
REQ-0000301,2026-10-16,SMMS,S&T,Inspection,AST-000279,Signal,Medium,Good,0.193,76,COR-04,SEC-07,402.478,402.822,Up,Loop Line,Signal equipment inspection,45,15,30,90,2026-10-15 23:52,2026-10-16 01:00,2026-10-16 02:30,2026-10-21 08:30,Full Block,Maintenance Van,2,Telecom Technician,Yes,Yes,Yes,Engineering,High,Failure risk,11350.4,0.362,,
REQ-0000302,2026-11-07,SMMS,S&T,Corrective,AST-000304,Relay Room,Low,Poor,0.528,280,COR-02,SEC-03,325.845,325.88,Up,Loop Line,Signal equipment inspection,90,10,20,120,2026-11-07 09:24,2026-11-07 10:30,2026-11-07 12:30,2026-11-09 17:30,Full Block,Signal Testing Kit,1,S&T Supervisor,Yes,No,No,TD,Low,Failure risk,6147.42,0.508,,
REQ-0000303,2026-10-17,TDMS,TD,Preventive,AST-000261,Sectioning Post,Medium,Fair,0.388,208,COR-01,SEC-02,222.712,222.764,Up,Main Line,Traction equipment maintenance,180,30,30,240,2026-10-17 16:49,2026-10-17 17:30,2026-10-17 21:30,2026-10-19 22:30,Full Block,OHE Tower Wagon,1,OHE Technician,Yes,Yes,Yes,Engineering;S&T,Medium,Failure risk,9345.02,0.536,REQ-0000238,Access preparation before maintenance
REQ-0000304,2026-11-06,SMMS,S&T,Preventive,AST-000171,Axle Counter,Medium,Fair,0.321,242,COR-01,SEC-01,219.812,219.916,Up,Yard,Track circuit inspection,60,30,10,100,2026-11-06 03:13,2026-11-06 03:45,2026-11-06 05:25,2026-11-11 11:25,Full Block,Signal Testing Kit,2,Telecom Technician,Yes,Yes,Yes,Engineering,Medium,Operational delay,7593.66,0.516,,
REQ-0000305,2026-11-09,TMS,Engineering,Emergency,AST-000154,Track Machine,Medium,Good,0.451,256,COR-01,SEC-02,209.845,210.106,Up,Yard,Rail joint replacement,60,15,10,85,2026-11-08 23:38,2026-11-09 02:15,2026-11-09 03:40,2026-11-10 09:40,Caution Order,Crane,2,Track Supervisor,No,No,No,,Medium,Line closure,6975.45,0.635,,
REQ-0000306,2026-11-19,SMMS,S&T,Emergency,AST-000009,Telecom,High,Good,0.353,248,COR-01,SEC-01,182.465,182.791,Down,Loop Line,Axle counter maintenance,60,15,20,95,2026-11-19 00:17,2026-11-19 02:30,2026-11-19 04:05,2026-11-20 07:05,Line Block,Signal Testing Kit,1,Telecom Technician,No,No,No,,High,Operational delay,8350.66,0.706,,
REQ-0000307,2026-09-29,TDMS,TD,Inspection,AST-000306,OHE Mast,Medium,Good,0.369,9,COR-03,SEC-06,150.002,150.232,Up,Yard,OHE inspection,150,30,20,200,2026-09-29 00:06,2026-09-29 01:30,2026-09-29 04:50,2026-09-30 11:50,Power Block,OHE Tower Wagon,1,OHE Authorized Supervisor,Yes,No,No,Engineering;S&T,Medium,Speed restriction,9514.06,0.341,,
REQ-0000308,2026-11-03,SMMS,S&T,Emergency,AST-000102,Interlocking Equipment,Medium,Fair,0.469,58,COR-01,SEC-01,228.699,228.872,Both Lines,Main Line,Interlocking equipment testing,120,15,30,165,2026-11-02 21:25,2026-11-03 00:15,2026-11-03 03:00,2026-11-04 10:00,Line Block,Maintenance Van,2,Interlocking Technician,No,No,No,,Critical,Operational delay,10406.32,0.505,,
REQ-0000309,2026-11-11,TDMS,TD,Preventive,AST-000473,Traction Substation,High,Excellent,0.372,245,COR-03,SEC-06,149.376,149.555,Up,Main Line,OHE inspection,75,10,10,95,2026-11-11 01:50,2026-11-11 03:30,2026-11-11 05:05,2026-11-16 08:05,Full Block,Electrical Testing Kit,2,Traction Technician,Yes,No,Yes,S&T,Medium,Speed restriction,10729.74,0.632,,
REQ-0000310,2026-10-14,TMS,Engineering,Preventive,AST-000300,Level Crossing,High,Fair,0.151,0,COR-01,SEC-02,180.312,180.445,Up,Main Line,Track geometry inspection,45,20,30,95,2026-10-13 22:53,2026-10-14 01:15,2026-10-14 02:50,2026-10-16 06:50,Line Block,Crane,1,Bridge Inspector,Yes,Yes,Yes,,High,Line closure,13539.39,0.365,,
REQ-0000311,2026-11-01,TMS,Engineering,Preventive,AST-000137,Level Crossing,Medium,Good,0.246,0,COR-03,SEC-06,134.587,134.808,Up,Loop Line,Track alignment correction,180,20,15,215,2026-11-01 09:29,2026-11-01 12:15,2026-11-01 15:50,2026-11-04 16:50,Caution Order,Track Machine,1,Track Machine Operator,Yes,Yes,Yes,TD,Medium,Minor operational impact,10655.65,0.294,,
REQ-0000312,2026-10-14,SMMS,S&T,Preventive,AST-000013,Signal,Low,Poor,0.579,0,COR-03,SEC-05,138.611,139.007,Down,Yard,Axle counter maintenance,180,10,15,205,2026-10-14 12:47,2026-10-14 13:30,2026-10-14 16:55,2026-10-18 16:55,Full Block,Testing Kit,2,Interlocking Technician,Yes,Yes,Yes,Engineering;TD,Medium,Operational delay,8436.15,0.294,,
REQ-0000313,2026-11-03,SMMS,S&T,Corrective,AST-000064,Relay Room,High,Good,0.361,128,COR-04,SEC-08,372.853,373.24,Both Lines,Yard,Signal equipment replacement,60,20,30,110,2026-11-03 05:00,2026-11-03 06:45,2026-11-03 08:35,2026-11-06 09:35,Full Block,Testing Kit,1,Telecom Technician,No,No,No,,High,Minor operational impact,10494.87,0.601,,
REQ-0000314,2026-11-03,SMMS,S&T,Corrective,AST-000394,Telecom,Medium,Critical,0.342,0,COR-03,SEC-05,129.68,129.741,Both Lines,Yard,Signal equipment inspection,180,30,15,225,2026-11-03 01:05,2026-11-03 04:00,2026-11-03 07:45,2026-11-07 10:45,Full Block,Maintenance Van,1,Telecom Technician,No,No,No,,High,Speed restriction,12537.43,0.353,,
REQ-0000315,2026-11-14,TMS,Engineering,Preventive,AST-000128,Point Machine,Medium,Poor,0.552,0,COR-03,SEC-06,143.529,143.883,Down,Main Line,Sleeper replacement,120,10,10,140,2026-11-14 07:36,2026-11-14 10:15,2026-11-14 12:35,2026-11-17 19:35,Full Block,Inspection Vehicle,1,P.Way Technician,Yes,Yes,Yes,,Medium,Minor operational impact,9851.75,0.386,,
REQ-0000316,2026-11-07,TMS,Engineering,Preventive,AST-000312,Track,Medium,Good,0.282,207,COR-04,SEC-07,356.715,356.933,Down,Yard,Turnout inspection,30,20,20,70,2026-11-07 06:23,2026-11-07 07:30,2026-11-07 08:40,2026-11-09 11:40,Power Block,Maintenance Van,2,Bridge Inspector,Yes,No,No,S&T,Medium,Operational delay,8902.7,0.505,,
REQ-0000317,2026-11-10,SMMS,S&T,Preventive,AST-000328,Axle Counter,Low,Critical,0.409,156,COR-02,SEC-04,264.324,264.61,Up,Yard,Axle counter maintenance,30,30,10,70,2026-11-10 03:11,2026-11-10 03:30,2026-11-10 04:40,2026-11-14 08:40,Full Block,Testing Kit,1,Interlocking Technician,Yes,Yes,Yes,Engineering;TD,Medium,Line closure,8599.79,0.416,,
REQ-0000318,2026-11-19,TMS,Engineering,Inspection,AST-000417,Bridge,Medium,Good,0.297,67,COR-04,SEC-07,373.895,374.128,Up,Loop Line,Track geometry inspection,60,10,30,100,2026-11-18 21:43,2026-11-19 00:15,2026-11-19 01:55,2026-11-20 05:55,Power Block,Track Machine,1,Bridge Inspector,Yes,No,Yes,S&T,Medium,Failure risk,7952.87,0.384,,
REQ-0000319,2026-11-02,TDMS,TD,Preventive,AST-000111,Switching Station,Low,Poor,0.433,208,COR-02,SEC-04,335.202,335.56,Down,Yard,OHE mast inspection,90,20,10,120,2026-11-02 05:42,2026-11-02 08:30,2026-11-02 10:30,2026-11-04 10:30,Power Block,Electrical Testing Kit,2,Traction Technician,Yes,No,Yes,Engineering,Medium,Failure risk,5430.24,0.45,,
REQ-0000320,2026-11-13,TDMS,TD,Inspection,AST-000120,Switching Station,Medium,Poor,0.657,114,COR-02,SEC-04,317.583,317.8,Down,Main Line,Power supply inspection,150,20,20,190,2026-11-13 13:36,2026-11-13 16:30,2026-11-13 19:40,2026-11-18 23:40,Full Block,Electrical Testing Kit,1,OHE Technician,Yes,No,Yes,Engineering,High,Minor operational impact,9364.98,0.544,,
REQ-0000321,2026-10-01,SMMS,S&T,Preventive,AST-000343,Axle Counter,High,Poor,0.364,60,COR-04,SEC-08,394.368,394.467,Down,Yard,Axle counter maintenance,75,10,20,105,2026-10-01 01:53,2026-10-01 03:15,2026-10-01 05:00,2026-10-06 07:00,Power Block,Maintenance Van,2,S&T Supervisor,No,No,No,,Medium,Line closure,14439.99,0.496,,
REQ-0000322,2026-11-01,TDMS,TD,Corrective,AST-000035,Sectioning Post,Low,Critical,0.371,237,COR-02,SEC-03,327.486,327.74,Down,Yard,OHE fitting replacement,90,20,15,125,2026-10-31 23:49,2026-11-01 00:00,2026-11-01 02:05,2026-11-02 03:05,Full Block,OHE Tower Wagon,1,Traction Technician,Yes,No,Yes,Engineering;S&T,High,Line closure,6515.93,0.461,,
REQ-0000323,2026-11-07,TMS,Engineering,Emergency,AST-000110,Level Crossing,Medium,Poor,0.259,32,COR-02,SEC-04,316.82,317.033,Down,Main Line,Ballast maintenance,180,20,10,210,2026-11-07 14:25,2026-11-07 15:00,2026-11-07 18:30,2026-11-12 00:30,Caution Order,Crane,1,Track Supervisor,No,No,No,,High,Line closure,8265.18,0.413,,
REQ-0000324,2026-11-02,TDMS,TD,Corrective,AST-000431,OHE,Medium,Poor,0.43,143,COR-04,SEC-08,370.732,370.763,Up,Main Line,Electrical isolation testing,30,10,20,60,2026-11-02 02:02,2026-11-02 03:15,2026-11-02 04:15,2026-11-06 10:15,Power Block,Maintenance Van,1,Electrical Supervisor,Yes,No,Yes,Engineering;S&T,Medium,Minor operational impact,11161.16,0.538,,
REQ-0000325,2026-10-24,TDMS,TD,Preventive,AST-000484,Switching Station,High,Fair,0.578,33,COR-01,SEC-01,181.552,181.927,Both Lines,Yard,Power supply inspection,60,30,15,105,2026-10-24 13:32,2026-10-24 15:15,2026-10-24 17:00,2026-10-25 18:00,Power Block,OHE Tower Wagon,1,Electrical Supervisor,No,No,No,,Critical,Minor operational impact,17149.83,0.53,,
REQ-0000326,2026-11-21,TMS,Engineering,Preventive,AST-000293,Track,Medium,Poor,0.342,0,COR-03,SEC-05,145.767,146.165,Down,Main Line,Ballast maintenance,60,10,20,90,2026-11-20 23:02,2026-11-21 02:00,2026-11-21 03:30,2026-11-25 08:30,Caution Order,Crane,1,Track Supervisor,Yes,Yes,No,S&T;TD,High,Line closure,6613.54,0.323,REQ-0000158,Access preparation before maintenance
REQ-0000327,2026-11-14,TDMS,TD,Preventive,AST-000375,OHE Mast,Medium,Fair,0.787,0,COR-01,SEC-02,231.848,232.233,Down,Main Line,Sectioning equipment inspection,75,10,30,115,2026-11-13 22:55,2026-11-14 01:30,2026-11-14 03:25,2026-11-19 10:25,Full Block,Maintenance Van,1,OHE Authorized Supervisor,No,No,No,,Low,Operational delay,13658.33,0.456,REQ-0000244,Access preparation before maintenance
REQ-0000328,2026-11-08,TDMS,TD,Preventive,AST-000458,OHE Mast,High,Poor,0.227,42,COR-01,SEC-01,228.664,228.836,Up,Loop Line,OHE mast inspection,90,15,30,135,2026-11-08 07:03,2026-11-08 08:00,2026-11-08 10:15,2026-11-12 10:15,Power Block,OHE Tower Wagon,1,OHE Authorized Supervisor,No,No,No,,Critical,Minor operational impact,13364.32,0.435,,
REQ-0000329,2026-11-08,TDMS,TD,Inspection,AST-000263,OHE,Medium,Poor,0.449,11,COR-03,SEC-05,155.537,155.614,Down,Yard,OHE mast inspection,90,10,30,130,2026-11-07 21:47,2026-11-08 00:45,2026-11-08 02:55,2026-11-11 08:55,Power Block,Maintenance Van,1,Traction Technician,Yes,Yes,Yes,S&T,Medium,Operational delay,13108.74,0.367,,
REQ-0000330,2026-10-25,TMS,Engineering,Corrective,AST-000478,Point Machine,Medium,Poor,0.363,187,COR-03,SEC-06,138.751,138.781,Up,Loop Line,Turnout inspection,90,15,15,120,2026-10-25 00:35,2026-10-25 03:15,2026-10-25 05:15,2026-10-27 06:15,Line Block,Track Machine,1,Track Supervisor,Yes,No,Yes,S&T;TD,High,Line closure,10100.64,0.559,,
REQ-0000331,2026-10-10,SMMS,S&T,Corrective,AST-000215,Telecom,Medium,Poor,0.217,187,COR-04,SEC-08,375.015,375.37,Down,Main Line,Interlocking equipment testing,180,30,20,230,2026-10-09 22:07,2026-10-10 00:30,2026-10-10 04:20,2026-10-13 05:20,Caution Order,Maintenance Van,1,S&T Supervisor,No,No,No,,Critical,Failure risk,7241.41,0.515,,
REQ-0000332,2026-10-28,TDMS,TD,Preventive,AST-000195,OHE,Medium,Poor,0.22,153,COR-02,SEC-04,302.197,302.401,Down,Main Line,Electrical isolation testing,180,10,10,200,2026-10-28 00:43,2026-10-28 03:30,2026-10-28 06:50,2026-11-01 11:50,Full Block,Maintenance Van,1,Traction Technician,Yes,No,Yes,Engineering,Low,Line closure,10799.41,0.456,,
REQ-0000333,2026-09-28,TMS,Engineering,Corrective,AST-000479,Level Crossing,Low,Good,0.438,111,COR-04,SEC-08,366.967,367.014,Up,Yard,Track alignment correction,75,30,30,135,2026-09-28 12:01,2026-09-28 13:00,2026-09-28 15:15,2026-10-03 21:15,Caution Order,Inspection Vehicle,1,P.Way Technician,Yes,No,Yes,TD,High,Operational delay,7876.47,0.405,,
REQ-0000334,2026-10-10,SMMS,S&T,Preventive,AST-000287,Telecom,Medium,Fair,0.483,2,COR-02,SEC-03,329.129,329.472,Both Lines,Yard,Communication equipment maintenance,30,15,30,75,2026-10-10 11:52,2026-10-10 14:30,2026-10-10 15:45,2026-10-15 18:45,Line Block,Signal Testing Kit,1,Interlocking Technician,No,No,No,,Medium,Operational delay,8642.41,0.367,,
REQ-0000335,2026-10-01,SMMS,S&T,Preventive,AST-000341,Signal,Medium,Good,0.113,240,COR-01,SEC-02,233.347,233.731,Down,Main Line,Communication equipment maintenance,60,20,30,110,2026-10-01 00:42,2026-10-01 03:30,2026-10-01 05:20,2026-10-05 12:20,Power Block,Testing Kit,1,Telecom Technician,Yes,Yes,Yes,Engineering;TD,Medium,Line closure,5911.25,0.454,,
REQ-0000336,2026-10-06,TMS,Engineering,Corrective,AST-000133,Bridge,Medium,Poor,0.286,300,COR-04,SEC-08,362.508,362.716,Both Lines,Loop Line,Ballast maintenance,60,20,10,90,2026-10-06 01:32,2026-10-06 02:45,2026-10-06 04:15,2026-10-11 04:15,Full Block,Maintenance Van,2,Track Supervisor,Yes,Yes,Yes,S&T;TD,High,Line closure,8319.09,0.536,,
REQ-0000337,2026-11-21,SMMS,S&T,Preventive,AST-000254,Telecom,High,Poor,0.893,235,COR-03,SEC-05,160.891,161.01,Both Lines,Loop Line,Communication equipment maintenance,75,15,10,100,2026-11-21 03:17,2026-11-21 04:15,2026-11-21 05:55,2026-11-26 12:55,Line Block,Testing Kit,1,Interlocking Technician,Yes,No,Yes,Engineering;TD,High,Minor operational impact,15877.74,0.788,,
REQ-0000338,2026-11-07,TDMS,TD,Preventive,AST-000286,Switching Station,High,Poor,0.703,0,COR-03,SEC-05,161.459,161.761,Up,Loop Line,Sectioning equipment inspection,180,20,10,210,2026-11-07 00:04,2026-11-07 01:45,2026-11-07 05:15,2026-11-09 07:15,Full Block,Electrical Testing Kit,2,OHE Authorized Supervisor,Yes,No,Yes,S&T,Low,Operational delay,11649.42,0.531,,
REQ-0000339,2026-11-18,TMS,Engineering,Corrective,AST-000094,Point Machine,Critical,Critical,0.733,267,COR-03,SEC-06,120.281,120.42,Up,Yard,Ballast maintenance,60,10,30,100,2026-11-18 01:28,2026-11-18 02:30,2026-11-18 04:10,2026-11-20 11:10,Full Block,Maintenance Van,2,Track Machine Operator,Yes,Yes,Yes,,Medium,Operational delay,17652.12,0.87,,
REQ-0000340,2026-10-29,TMS,Engineering,Corrective,AST-000280,Level Crossing,Medium,Fair,0.532,170,COR-02,SEC-04,293.353,293.584,Up,Loop Line,Ballast maintenance,45,10,20,75,2026-10-29 00:50,2026-10-29 02:45,2026-10-29 04:00,2026-11-03 06:00,Power Block,Maintenance Van,1,Track Supervisor,Yes,Yes,Yes,,Medium,Minor operational impact,7628.41,0.598,,
REQ-0000341,2026-10-24,SMMS,S&T,Corrective,AST-000160,Axle Counter,High,Fair,0.453,194,COR-01,SEC-02,230.739,231.125,Up,Yard,Track circuit inspection,150,15,10,175,2026-10-24 09:04,2026-10-24 09:15,2026-10-24 12:10,2026-10-26 18:10,Caution Order,Testing Kit,1,Signal Technician,Yes,Yes,Yes,,High,Line closure,15332.07,0.686,,
REQ-0000342,2026-11-18,SMMS,S&T,Preventive,AST-000198,Signal,High,Poor,0.495,265,COR-04,SEC-08,346.567,346.808,Up,Yard,Axle counter maintenance,90,20,15,125,2026-11-18 03:57,2026-11-18 04:15,2026-11-18 06:20,2026-11-22 11:20,Power Block,Maintenance Van,1,Signal Technician,Yes,Yes,Yes,Engineering;TD,Medium,Speed restriction,12524.24,0.669,,
REQ-0000343,2026-11-05,TMS,Engineering,Inspection,AST-000278,Track,High,Good,0.417,96,COR-02,SEC-03,339.3,339.609,Down,Yard,Ballast maintenance,180,15,15,210,2026-11-05 12:00,2026-11-05 12:45,2026-11-05 16:15,2026-11-07 21:15,Full Block,Crane,1,Track Machine Operator,Yes,Yes,Yes,,High,Minor operational impact,13001.19,0.552,,
REQ-0000344,2026-11-15,SMMS,S&T,Emergency,AST-000357,Interlocking Equipment,Medium,Poor,0.642,219,COR-03,SEC-06,177.103,177.205,Down,Loop Line,Axle counter maintenance,60,20,15,95,2026-11-15 04:06,2026-11-15 04:45,2026-11-15 06:20,2026-11-19 07:20,Full Block,Signal Testing Kit,1,Signal Technician,No,No,No,,Medium,Operational delay,11560.78,0.693,REQ-0000255,Access preparation before maintenance
REQ-0000345,2026-10-20,TMS,Engineering,Preventive,AST-000078,Track Machine,Medium,Fair,0.22,329,COR-04,SEC-08,389.062,389.418,Both Lines,Main Line,Turnout inspection,60,30,15,105,2026-10-20 00:20,2026-10-20 01:45,2026-10-20 03:30,2026-10-21 08:30,Caution Order,Track Machine,1,Bridge Inspector,No,No,No,,Critical,Line closure,9880.05,0.486,,
REQ-0000346,2026-11-06,TMS,Engineering,Preventive,AST-000046,Track Machine,Medium,Good,0.49,0,COR-03,SEC-05,179.537,179.752,Up,Loop Line,Track alignment correction,90,10,20,120,2026-11-06 17:08,2026-11-06 18:30,2026-11-06 20:30,2026-11-09 02:30,Line Block,Track Machine,1,P.Way Technician,Yes,No,Yes,S&T;TD,Medium,Minor operational impact,11065.99,0.367,,
REQ-0000347,2026-11-13,SMMS,S&T,Corrective,AST-000328,Axle Counter,Low,Critical,0.409,156,COR-02,SEC-04,264.324,264.503,Down,Main Line,Signal equipment replacement,90,10,15,115,2026-11-13 03:58,2026-11-13 04:15,2026-11-13 06:10,2026-11-14 06:10,Line Block,Maintenance Van,2,Interlocking Technician,Yes,Yes,No,TD,Medium,Failure risk,5658.41,0.446,,
REQ-0000348,2026-10-09,TDMS,TD,Corrective,AST-000244,Traction Substation,Medium,Poor,0.266,180,COR-01,SEC-01,190.46,190.84,Down,Main Line,OHE inspection,90,30,30,150,2026-10-09 01:56,2026-10-09 02:30,2026-10-09 05:00,2026-10-11 11:00,Power Block,Electrical Testing Kit,1,OHE Technician,Yes,Yes,Yes,Engineering;S&T,High,Speed restriction,6613.39,0.53,,
REQ-0000349,2026-10-01,SMMS,S&T,Corrective,AST-000165,Signal,Medium,Fair,0.231,231,COR-04,SEC-08,389.339,389.462,Down,Yard,Signal equipment inspection,120,20,15,155,2026-10-01 02:47,2026-10-01 04:00,2026-10-01 06:35,2026-10-02 06:35,Full Block,Signal Testing Kit,1,Telecom Technician,Yes,Yes,Yes,TD,Low,Failure risk,7296.31,0.519,,
REQ-0000350,2026-11-09,TDMS,TD,Preventive,AST-000185,Switching Station,Medium,Good,0.397,248,COR-03,SEC-06,178.388,178.748,Both Lines,Main Line,OHE mast inspection,120,10,30,160,2026-11-09 08:16,2026-11-09 08:30,2026-11-09 11:10,2026-11-13 16:10,Full Block,Electrical Testing Kit,1,Traction Technician,No,No,No,,Medium,Line closure,10335.31,0.539,,
REQ-0000351,2026-10-27,SMMS,S&T,Emergency,AST-000316,Axle Counter,Medium,Fair,0.293,142,COR-04,SEC-07,375.86,376.245,Up,Main Line,Communication equipment maintenance,180,10,20,210,2026-10-27 06:04,2026-10-27 08:00,2026-10-27 11:30,2026-10-28 14:30,Power Block,Maintenance Van,1,S&T Supervisor,No,No,No,,Medium,Speed restriction,10973.83,0.546,,
REQ-0000352,2026-10-12,SMMS,S&T,Inspection,AST-000141,Telecom,High,Fair,0.132,103,COR-02,SEC-03,290.83,291.02,Up,Loop Line,Interlocking equipment testing,45,20,10,75,2026-10-12 12:10,2026-10-12 13:30,2026-10-12 14:45,2026-10-15 21:45,Caution Order,Signal Testing Kit,1,S&T Supervisor,No,No,No,,Critical,Operational delay,12840.94,0.474,,
REQ-0000353,2026-10-13,SMMS,S&T,Preventive,AST-000460,Interlocking Equipment,High,Fair,0.315,25,COR-02,SEC-04,285.243,285.294,Both Lines,Yard,Track circuit inspection,120,30,20,170,2026-10-13 02:46,2026-10-13 04:15,2026-10-13 07:05,2026-10-15 07:05,Full Block,Maintenance Van,1,Signal Technician,Yes,Yes,Yes,TD,High,Minor operational impact,10861.25,0.442,,
REQ-0000354,2026-10-12,TDMS,TD,Corrective,AST-000276,OHE,Medium,Poor,0.252,158,COR-03,SEC-05,129.365,129.658,Down,Loop Line,Traction equipment maintenance,90,15,15,120,2026-10-12 00:55,2026-10-12 02:15,2026-10-12 04:15,2026-10-14 11:15,Power Block,Maintenance Van,1,OHE Authorized Supervisor,Yes,No,Yes,S&T,Low,Minor operational impact,8717.22,0.501,,
REQ-0000355,2026-10-09,TDMS,TD,Preventive,AST-000075,OHE Mast,Medium,Excellent,0.114,0,COR-01,SEC-01,221.17,221.303,Up,Loop Line,Sectioning equipment inspection,75,15,15,105,2026-10-09 02:18,2026-10-09 04:00,2026-10-09 05:45,2026-10-11 08:45,Power Block,Electrical Testing Kit,2,Electrical Supervisor,Yes,Yes,No,Engineering;S&T,Low,Line closure,7635.68,0.254,,
REQ-0000356,2026-11-13,TMS,Engineering,Emergency,AST-000404,Track,Medium,Poor,0.585,171,COR-04,SEC-08,370.263,370.597,Up,Yard,Ballast maintenance,150,30,30,210,2026-11-13 01:59,2026-11-13 03:00,2026-11-13 06:30,2026-11-15 11:30,Power Block,Crane,1,Bridge Inspector,No,No,No,,Medium,Speed restriction,11270.28,0.665,,
REQ-0000357,2026-10-15,TMS,Engineering,Preventive,AST-000280,Level Crossing,Medium,Fair,0.532,170,COR-02,SEC-04,293.353,293.613,Up,Loop Line,Turnout inspection,180,30,15,225,2026-10-15 03:20,2026-10-15 04:00,2026-10-15 07:45,2026-10-20 13:45,Line Block,Maintenance Van,1,Bridge Inspector,Yes,Yes,Yes,S&T;TD,Medium,Operational delay,7389.29,0.568,,
REQ-0000358,2026-11-02,TMS,Engineering,Corrective,AST-000291,Point Machine,Low,Poor,0.323,284,COR-02,SEC-04,264.266,264.465,Up,Yard,Sleeper replacement,120,15,10,145,2026-11-02 00:45,2026-11-02 01:30,2026-11-02 03:55,2026-11-07 08:55,Full Block,Inspection Vehicle,2,Track Machine Operator,Yes,Yes,Yes,S&T,Low,Speed restriction,5197.32,0.447,REQ-0000274,Isolation before work
REQ-0000359,2026-11-22,TDMS,TD,Corrective,AST-000412,OHE,Medium,Critical,0.507,62,COR-01,SEC-02,217.676,217.874,Down,Yard,Sectioning equipment inspection,45,10,20,75,2026-11-22 00:19,2026-11-22 02:15,2026-11-22 03:30,2026-11-23 07:30,Power Block,OHE Tower Wagon,2,OHE Technician,Yes,No,Yes,Engineering;S&T,Medium,Failure risk,9424.58,0.471,,
REQ-0000360,2026-10-06,TDMS,TD,Inspection,AST-000030,OHE Mast,Medium,Good,0.048,56,COR-04,SEC-08,400.724,400.766,Down,Yard,Traction equipment maintenance,150,15,15,180,2026-10-05 23:49,2026-10-06 01:15,2026-10-06 04:15,2026-10-11 11:15,Full Block,Electrical Testing Kit,1,OHE Technician,Yes,Yes,No,Engineering;S&T,High,Line closure,7548.42,0.297,,
REQ-0000361,2026-11-21,TDMS,TD,Corrective,AST-000180,Traction Substation,High,Good,0.036,41,COR-03,SEC-05,129.162,129.488,Up,Yard,Power supply inspection,180,20,15,215,2026-11-21 00:09,2026-11-21 01:45,2026-11-21 05:20,2026-11-25 11:20,Full Block,OHE Tower Wagon,1,Traction Technician,Yes,Yes,Yes,Engineering;S&T,High,Line closure,13487.19,0.406,,
REQ-0000362,2026-10-07,TDMS,TD,Preventive,AST-000117,Traction Substation,Low,Good,0.145,0,COR-03,SEC-05,147.505,147.579,Down,Loop Line,OHE fitting replacement,45,15,15,75,2026-10-07 02:20,2026-10-07 04:30,2026-10-07 05:45,2026-10-08 08:45,Full Block,OHE Tower Wagon,2,Traction Technician,No,No,No,,Critical,Operational delay,5208.18,0.164,,
REQ-0000363,2026-11-12,SMMS,S&T,Preventive,AST-000500,Interlocking Equipment,Medium,Fair,0.191,0,COR-03,SEC-05,128.794,129.038,Down,Loop Line,Track circuit inspection,180,15,15,210,2026-11-12 00:13,2026-11-12 03:00,2026-11-12 06:30,2026-11-13 07:30,Line Block,Testing Kit,2,Telecom Technician,No,No,No,,Medium,Minor operational impact,10287.43,0.277,,
REQ-0000364,2026-10-25,TDMS,TD,Preventive,AST-000029,Switching Station,Medium,Good,0.289,243,COR-01,SEC-02,246.354,246.708,Up,Yard,Power supply inspection,150,10,10,170,2026-10-25 02:40,2026-10-25 04:45,2026-10-25 07:35,2026-10-29 12:35,Power Block,OHE Tower Wagon,2,OHE Authorized Supervisor,Yes,Yes,Yes,Engineering,High,Minor operational impact,9055.11,0.507,,
REQ-0000365,2026-11-01,TDMS,TD,Preventive,AST-000155,Traction Substation,Medium,Good,0.326,94,COR-04,SEC-08,407.451,407.567,Down,Main Line,OHE inspection,75,15,30,120,2026-11-01 03:06,2026-11-01 03:30,2026-11-01 05:30,2026-11-04 08:30,Full Block,Maintenance Van,2,Electrical Supervisor,Yes,Yes,Yes,S&T,Medium,Speed restriction,7277.89,0.422,,
REQ-0000366,2026-11-22,SMMS,S&T,Corrective,AST-000472,Axle Counter,Medium,Good,0.482,123,COR-02,SEC-04,269.502,269.682,Up,Yard,Interlocking equipment testing,75,15,15,105,2026-11-22 02:49,2026-11-22 04:30,2026-11-22 06:15,2026-11-26 07:15,Caution Order,Maintenance Van,1,Telecom Technician,No,No,No,,Medium,Minor operational impact,12138.68,0.531,,
REQ-0000367,2026-10-06,TMS,Engineering,Preventive,AST-000315,Level Crossing,High,Good,0.46,118,COR-03,SEC-05,137.308,137.423,Up,Loop Line,Drainage maintenance,30,30,20,80,2026-10-06 01:53,2026-10-06 04:15,2026-10-06 05:35,2026-10-09 05:35,Caution Order,Maintenance Van,1,Track Supervisor,Yes,No,Yes,,High,Operational delay,14732.83,0.589,,
REQ-0000368,2026-11-07,TMS,Engineering,Inspection,AST-000135,Track Machine,High,Good,0.038,0,COR-04,SEC-08,397.619,397.721,Up,Loop Line,Ballast maintenance,90,30,30,150,2026-11-07 01:07,2026-11-07 04:00,2026-11-07 06:30,2026-11-10 11:30,Power Block,Inspection Vehicle,1,Bridge Inspector,Yes,No,Yes,TD,Medium,Operational delay,7857.14,0.331,,
REQ-0000369,2026-10-03,SMMS,S&T,Preventive,AST-000175,Axle Counter,High,Poor,0.461,0,COR-03,SEC-06,152.18,152.409,Down,Loop Line,Interlocking equipment testing,45,20,15,80,2026-10-03 05:28,2026-10-03 07:15,2026-10-03 08:35,2026-10-06 12:35,Full Block,Maintenance Van,1,Interlocking Technician,Yes,Yes,Yes,,Medium,Speed restriction,11854.74,0.458,,
REQ-0000370,2026-10-23,TDMS,TD,Preventive,AST-000494,OHE Mast,Critical,Excellent,0.254,73,COR-04,SEC-07,399.233,399.318,Up,Main Line,Electrical isolation testing,45,30,10,85,2026-10-23 10:31,2026-10-23 12:00,2026-10-23 13:25,2026-10-28 20:25,Power Block,Electrical Testing Kit,2,OHE Technician,No,No,No,,Medium,Speed restriction,14383.47,0.577,REQ-0000177,Isolation before work
REQ-0000371,2026-10-19,TMS,Engineering,Corrective,AST-000133,Bridge,Medium,Poor,0.286,300,COR-04,SEC-08,362.508,362.817,Down,Loop Line,Sleeper replacement,150,30,10,190,2026-10-19 04:11,2026-10-19 04:30,2026-10-19 07:40,2026-10-23 12:40,Caution Order,Crane,1,P.Way Technician,No,No,No,,Medium,Speed restriction,10827.63,0.536,,
REQ-0000372,2026-10-01,TMS,Engineering,Preventive,AST-000028,Level Crossing,Medium,Poor,0.454,33,COR-02,SEC-03,337.299,337.458,Up,Main Line,Track geometry inspection,75,30,20,125,2026-10-01 03:17,2026-10-01 04:00,2026-10-01 06:05,2026-10-03 06:05,Power Block,Inspection Vehicle,1,P.Way Technician,Yes,No,No,S&T,Medium,Operational delay,9488.28,0.393,,
REQ-0000373,2026-10-01,TDMS,TD,Inspection,AST-000083,Sectioning Post,Critical,Fair,0.401,157,COR-03,SEC-06,159.352,159.466,Down,Loop Line,OHE fitting replacement,75,15,15,105,2026-10-01 14:45,2026-10-01 15:00,2026-10-01 16:45,2026-10-02 16:45,Power Block,OHE Tower Wagon,2,OHE Technician,Yes,Yes,Yes,Engineering,Medium,Operational delay,11468.17,0.715,,
REQ-0000374,2026-10-29,SMMS,S&T,Preventive,AST-000220,Relay Room,Critical,Excellent,0.292,147,COR-04,SEC-07,359.252,359.608,Both Lines,Loop Line,Axle counter maintenance,150,10,15,175,2026-10-29 01:06,2026-10-29 01:15,2026-10-29 04:10,2026-11-01 04:10,Caution Order,Maintenance Van,1,Interlocking Technician,No,No,No,,Medium,Failure risk,10640.6,0.671,,
REQ-0000375,2026-11-02,TMS,Engineering,Preventive,AST-000392,Track Machine,Medium,Fair,0.149,278,COR-03,SEC-06,131.422,131.639,Up,Main Line,Track geometry inspection,120,30,30,180,2026-11-02 02:00,2026-11-02 04:15,2026-11-02 07:15,2026-11-06 10:15,Full Block,Maintenance Van,1,Track Supervisor,No,No,No,,High,Failure risk,10973.17,0.465,,
REQ-0000376,2026-11-23,SMMS,S&T,Preventive,AST-000144,Relay Room,Medium,Good,0.073,0,COR-04,SEC-08,349.428,349.688,Down,Yard,Interlocking equipment testing,90,15,15,120,2026-11-23 15:51,2026-11-23 17:15,2026-11-23 19:15,2026-11-24 20:15,Full Block,Testing Kit,2,Telecom Technician,Yes,No,No,,Low,Speed restriction,10321.74,0.242,,
REQ-0000377,2026-11-04,TDMS,TD,Preventive,AST-000274,OHE,Medium,Poor,0.55,269,COR-04,SEC-08,343.622,343.662,Down,Yard,OHE inspection,180,15,30,225,2026-11-04 02:51,2026-11-04 04:45,2026-11-04 08:30,2026-11-08 13:30,Full Block,OHE Tower Wagon,1,OHE Authorized Supervisor,Yes,No,Yes,Engineering;S&T,Medium,Line closure,9210.08,0.585,,
REQ-0000378,2026-10-11,SMMS,S&T,Preventive,AST-000243,Telecom,High,Poor,0.373,283,COR-04,SEC-08,380.037,380.363,Down,Yard,Signal equipment replacement,90,15,30,135,2026-10-10 23:39,2026-10-11 00:45,2026-10-11 03:00,2026-10-13 07:00,Caution Order,Signal Testing Kit,1,Interlocking Technician,No,No,No,,High,Failure risk,15492.66,0.632,,
REQ-0000379,2026-10-26,TDMS,TD,Emergency,AST-000448,OHE Mast,Medium,Good,0.263,105,COR-02,SEC-04,291.277,291.476,Up,Loop Line,Traction equipment maintenance,30,20,10,60,2026-10-26 03:35,2026-10-26 04:15,2026-10-26 05:15,2026-10-30 06:15,Full Block,Electrical Testing Kit,2,OHE Authorized Supervisor,No,No,No,,Critical,Failure risk,6582.11,0.496,,
REQ-0000380,2026-10-25,TDMS,TD,Corrective,AST-000368,Sectioning Post,Medium,Critical,0.316,11,COR-02,SEC-04,266.131,266.235,Up,Main Line,OHE fitting replacement,120,30,20,170,2026-10-25 03:25,2026-10-25 04:15,2026-10-25 07:05,2026-10-30 11:05,Full Block,OHE Tower Wagon,2,Traction Technician,Yes,No,No,Engineering;S&T,Medium,Line closure,10587.95,0.357,,
REQ-0000381,2026-11-06,SMMS,S&T,Preventive,AST-000471,Relay Room,High,Critical,0.507,242,COR-04,SEC-08,399.476,399.738,Up,Main Line,Communication equipment maintenance,180,15,15,210,2026-11-06 02:15,2026-11-06 04:45,2026-11-06 08:15,2026-11-07 10:15,Line Block,Maintenance Van,1,Telecom Technician,No,No,No,,Medium,Operational delay,9600.44,0.672,,
REQ-0000382,2026-11-04,SMMS,S&T,Inspection,AST-000176,Signal,Low,Good,0.454,0,COR-03,SEC-05,127.751,128.012,Up,Yard,Signal equipment inspection,180,15,10,205,2026-11-04 01:03,2026-11-04 02:30,2026-11-04 05:55,2026-11-05 12:55,Power Block,Maintenance Van,1,Interlocking Technician,Yes,No,Yes,TD,High,Operational delay,6033.91,0.256,,
REQ-0000383,2026-11-14,TMS,Engineering,Preventive,AST-000284,Point Machine,High,Fair,0.264,147,COR-04,SEC-08,343.435,343.612,Up,Yard,Rail joint replacement,150,10,20,180,2026-11-14 09:45,2026-11-14 12:45,2026-11-14 15:45,2026-11-15 21:45,Line Block,Inspection Vehicle,2,Track Machine Operator,Yes,No,Yes,S&T,High,Speed restriction,13589.88,0.563,,
REQ-0000384,2026-10-12,TDMS,TD,Inspection,AST-000066,OHE,High,Fair,0.309,155,COR-01,SEC-02,184.649,184.761,Up,Loop Line,OHE mast inspection,75,10,30,115,2026-10-11 23:47,2026-10-12 01:15,2026-10-12 03:10,2026-10-15 09:10,Power Block,Maintenance Van,1,Electrical Supervisor,No,No,No,,Medium,Speed restriction,12932.46,0.585,,
REQ-0000385,2026-11-01,TDMS,TD,Inspection,AST-000025,OHE Mast,Medium,Good,0.391,131,COR-03,SEC-06,129.228,129.395,Up,Yard,OHE mast inspection,45,15,10,70,2026-11-01 15:48,2026-11-01 16:45,2026-11-01 17:55,2026-11-06 20:55,Full Block,Electrical Testing Kit,1,Electrical Supervisor,No,No,No,,Medium,Speed restriction,8895.74,0.483,REQ-0000080,Testing before restoration
REQ-0000386,2026-10-04,TMS,Engineering,Preventive,AST-000334,Track Machine,Critical,Good,0.436,0,COR-03,SEC-06,137.468,137.64,Down,Main Line,Rail joint replacement,45,10,20,75,2026-10-04 02:01,2026-10-04 02:30,2026-10-04 03:45,2026-10-08 03:45,Line Block,Crane,1,Track Supervisor,Yes,Yes,Yes,S&T,High,Failure risk,14877.83,0.551,REQ-0000195,Inspection before repair
REQ-0000387,2026-11-03,TDMS,TD,Corrective,AST-000079,OHE,Critical,Fair,0.503,226,COR-01,SEC-02,196.158,196.209,Both Lines,Yard,Sectioning equipment inspection,180,15,20,215,2026-11-03 01:15,2026-11-03 04:15,2026-11-03 07:50,2026-11-05 07:50,Full Block,Electrical Testing Kit,1,Traction Technician,Yes,Yes,Yes,,High,Line closure,15855.64,0.801,,
REQ-0000388,2026-11-09,SMMS,S&T,Preventive,AST-000231,Signal,Medium,Fair,0.139,126,COR-03,SEC-06,126.188,126.426,Up,Yard,Track circuit inspection,60,10,15,85,2026-11-09 00:06,2026-11-09 02:30,2026-11-09 03:55,2026-11-14 03:55,Caution Order,Testing Kit,1,Signal Technician,Yes,Yes,Yes,TD,High,Failure risk,11416.54,0.402,,
REQ-0000389,2026-10-22,TMS,Engineering,Corrective,AST-000251,Track Machine,High,Fair,0.254,213,COR-01,SEC-02,201.217,201.35,Up,Main Line,Ballast maintenance,75,10,30,115,2026-10-22 00:48,2026-10-22 01:45,2026-10-22 03:40,2026-10-23 07:40,Line Block,Maintenance Van,2,P.Way Technician,No,No,No,,Medium,Speed restriction,14588.52,0.626,,
REQ-0000390,2026-11-23,TDMS,TD,Inspection,AST-000366,Traction Substation,High,Good,0.18,0,COR-02,SEC-03,307.882,308.187,Up,Main Line,Electrical isolation testing,30,20,15,65,2026-11-23 00:35,2026-11-23 03:30,2026-11-23 04:35,2026-11-26 10:35,Power Block,OHE Tower Wagon,1,Traction Technician,Yes,No,Yes,,Low,Line closure,13532.68,0.374,,
REQ-0000391,2026-11-11,TDMS,TD,Preventive,AST-000131,Traction Substation,Low,Critical,0.394,58,COR-01,SEC-01,232.215,232.523,Up,Yard,Electrical isolation testing,120,15,30,165,2026-11-11 06:43,2026-11-11 06:45,2026-11-11 09:30,2026-11-15 10:30,Power Block,OHE Tower Wagon,1,Traction Technician,No,No,No,,Low,Failure risk,6729.25,0.303,,
REQ-0000392,2026-09-29,TMS,Engineering,Preventive,AST-000167,Bridge,High,Excellent,0.287,0,COR-03,SEC-06,188.403,188.62,Down,Loop Line,Drainage maintenance,150,10,30,190,2026-09-29 00:05,2026-09-29 00:45,2026-09-29 03:55,2026-10-02 10:55,Line Block,Inspection Vehicle,1,P.Way Technician,No,No,No,,Medium,Failure risk,9123.58,0.406,,
REQ-0000393,2026-10-03,TMS,Engineering,Preventive,AST-000452,Bridge,Medium,Fair,0.515,0,COR-01,SEC-01,233.065,233.24,Up,Yard,Drainage maintenance,150,30,30,210,2026-10-02 23:11,2026-10-03 02:00,2026-10-03 05:30,2026-10-04 09:30,Full Block,Track Machine,1,Track Supervisor,Yes,Yes,Yes,S&T,High,Operational delay,12864.29,0.375,,
REQ-0000394,2026-11-14,TDMS,TD,Preventive,AST-000226,Sectioning Post,Low,Critical,0.495,274,COR-02,SEC-04,261.429,261.482,Down,Loop Line,OHE mast inspection,30,30,15,75,2026-11-14 01:27,2026-11-14 01:30,2026-11-14 02:45,2026-11-19 09:45,Full Block,Maintenance Van,2,OHE Authorized Supervisor,Yes,Yes,Yes,Engineering;S&T,Medium,Failure risk,9810.67,0.469,,
REQ-0000395,2026-10-12,TMS,Engineering,Corrective,AST-000143,Track,Medium,Good,0.212,0,COR-04,SEC-07,355.062,355.424,Up,Loop Line,Track geometry inspection,45,30,20,95,2026-10-11 21:58,2026-10-12 00:30,2026-10-12 02:05,2026-10-16 07:05,Power Block,Inspection Vehicle,1,Track Machine Operator,Yes,No,Yes,S&T;TD,Medium,Minor operational impact,6468.07,0.314,,
REQ-0000396,2026-09-29,TDMS,TD,Preventive,AST-000108,Switching Station,High,Fair,0.338,92,COR-03,SEC-06,171.459,171.618,Down,Loop Line,Sectioning equipment inspection,120,20,20,160,2026-09-29 01:54,2026-09-29 03:15,2026-09-29 05:55,2026-10-03 10:55,Full Block,Maintenance Van,1,OHE Authorized Supervisor,Yes,Yes,Yes,Engineering;S&T,High,Minor operational impact,14600.61,0.524,REQ-0000258,Testing before restoration
REQ-0000397,2026-10-05,TDMS,TD,Corrective,AST-000112,Sectioning Post,Low,Fair,0.443,21,COR-01,SEC-02,190.053,190.159,Down,Main Line,Power supply inspection,60,20,15,95,2026-10-05 11:52,2026-10-05 14:00,2026-10-05 15:35,2026-10-06 16:35,Power Block,OHE Tower Wagon,1,Electrical Supervisor,No,No,No,,High,Minor operational impact,7529.95,0.306,,
REQ-0000398,2026-11-21,SMMS,S&T,Corrective,AST-000064,Relay Room,High,Good,0.361,128,COR-04,SEC-08,372.853,373.049,Up,Yard,Communication equipment maintenance,120,20,30,170,2026-11-20 23:19,2026-11-21 01:30,2026-11-21 04:20,2026-11-25 07:20,Caution Order,Maintenance Van,1,Telecom Technician,Yes,Yes,Yes,Engineering,Critical,Operational delay,16448.6,0.601,,
REQ-0000399,2026-10-20,TDMS,TD,Preventive,AST-000412,OHE,Medium,Critical,0.507,62,COR-01,SEC-02,217.676,217.804,Down,Yard,Sectioning equipment inspection,60,10,15,85,2026-10-20 00:29,2026-10-20 01:15,2026-10-20 02:40,2026-10-24 08:40,Full Block,Maintenance Van,1,OHE Technician,Yes,Yes,No,Engineering,Medium,Line closure,10182.71,0.441,,
REQ-0000400,2026-11-23,TDMS,TD,Emergency,AST-000157,Sectioning Post,High,Poor,0.579,180,COR-01,SEC-01,202.752,203.144,Both Lines,Loop Line,OHE inspection,75,10,15,100,2026-11-23 05:32,2026-11-23 06:15,2026-11-23 07:55,2026-11-28 07:55,Full Block,Electrical Testing Kit,1,OHE Technician,No,No,No,,Low,Speed restriction,11444.91,0.774,,
REQ-0000401,2026-09-28,SMMS,S&T,Preventive,AST-000430,Axle Counter,High,Fair,0.406,97,COR-04,SEC-07,401.834,402.14,Down,Main Line,Signal equipment inspection,120,20,10,150,2026-09-28 04:00,2026-09-28 04:45,2026-09-28 07:15,2026-09-30 12:15,Line Block,Signal Testing Kit,1,Interlocking Technician,Yes,Yes,Yes,Engineering;TD,High,Line closure,11142.87,0.55,,
REQ-0000402,2026-10-06,TDMS,TD,Corrective,AST-000442,OHE Mast,High,Excellent,0.328,18,COR-04,SEC-07,361.867,361.899,Down,Main Line,OHE mast inspection,120,15,10,145,2026-10-06 00:47,2026-10-06 01:15,2026-10-06 03:40,2026-10-11 09:40,Full Block,Maintenance Van,1,Electrical Supervisor,No,No,No,,Medium,Failure risk,14808.11,0.468,,
REQ-0000403,2026-10-19,TDMS,TD,Preventive,AST-000464,OHE Mast,Medium,Fair,0.234,0,COR-02,SEC-03,267.619,267.679,Up,Main Line,Sectioning equipment inspection,75,15,20,110,2026-10-19 00:00,2026-10-19 01:45,2026-10-19 03:35,2026-10-21 03:35,Power Block,Maintenance Van,1,Traction Technician,No,No,No,,High,Failure risk,11986.27,0.29,,
REQ-0000404,2026-11-03,TMS,Engineering,Preventive,AST-000122,Point Machine,High,Fair,0.304,221,COR-04,SEC-07,400.244,400.55,Down,Yard,Track alignment correction,120,30,30,180,2026-11-03 00:53,2026-11-03 02:00,2026-11-03 05:00,2026-11-06 05:00,Full Block,Crane,1,Track Supervisor,Yes,Yes,Yes,S&T,Medium,Minor operational impact,9010.85,0.611,REQ-0000004,Inspection before repair
REQ-0000405,2026-09-30,SMMS,S&T,Preventive,AST-000256,Axle Counter,Medium,Fair,0.127,11,COR-03,SEC-06,142.629,142.666,Up,Main Line,Relay room inspection,90,20,15,125,2026-09-30 09:16,2026-09-30 12:00,2026-09-30 14:05,2026-10-02 17:05,Line Block,Maintenance Van,1,Signal Technician,Yes,Yes,Yes,,Critical,Minor operational impact,9076.66,0.27,REQ-0000396,Access preparation before maintenance
REQ-0000406,2026-10-09,SMMS,S&T,Preventive,AST-000474,Relay Room,Medium,Good,0.338,106,COR-01,SEC-02,201.936,202.049,Up,Main Line,Signal equipment inspection,90,15,10,115,2026-10-09 10:03,2026-10-09 11:15,2026-10-09 13:10,2026-10-11 14:10,Line Block,Testing Kit,1,Signal Technician,No,No,No,,Medium,Line closure,6568.65,0.439,,
REQ-0000407,2026-10-25,SMMS,S&T,Corrective,AST-000008,Relay Room,Medium,Fair,0.174,0,COR-03,SEC-05,166.788,166.934,Up,Main Line,Communication equipment maintenance,180,15,30,225,2026-10-25 01:50,2026-10-25 03:45,2026-10-25 07:30,2026-10-26 07:30,Line Block,Testing Kit,1,S&T Supervisor,Yes,Yes,Yes,TD,Medium,Minor operational impact,10733.57,0.302,,
REQ-0000408,2026-10-21,SMMS,S&T,Preventive,AST-000198,Signal,High,Poor,0.495,265,COR-04,SEC-08,346.567,346.766,Down,Main Line,Relay room inspection,180,30,15,225,2026-10-20 22:22,2026-10-21 01:15,2026-10-21 05:00,2026-10-26 07:00,Caution Order,Testing Kit,1,S&T Supervisor,No,No,No,,Medium,Minor operational impact,15236.92,0.669,,
REQ-0000409,2026-09-30,TMS,Engineering,Preventive,AST-000344,Bridge,Low,Good,0.519,149,COR-04,SEC-07,395.808,395.876,Down,Main Line,Turnout inspection,45,20,20,85,2026-09-29 21:46,2026-09-30 00:45,2026-09-30 02:10,2026-10-02 09:10,Caution Order,Maintenance Van,1,Track Supervisor,Yes,No,Yes,TD,Critical,Line closure,7974.78,0.441,,
REQ-0000410,2026-10-17,SMMS,S&T,Preventive,AST-000419,Interlocking Equipment,Critical,Good,0.217,86,COR-03,SEC-06,185.489,185.661,Up,Loop Line,Signal equipment inspection,30,10,30,70,2026-10-17 15:10,2026-10-17 16:00,2026-10-17 17:10,2026-10-18 19:10,Power Block,Signal Testing Kit,1,S&T Supervisor,Yes,Yes,No,TD,Medium,Failure risk,15546.21,0.581,,
REQ-0000411,2026-10-19,SMMS,S&T,Corrective,AST-000460,Interlocking Equipment,High,Fair,0.315,25,COR-02,SEC-04,285.243,285.353,Down,Yard,Signal equipment inspection,150,30,20,200,2026-10-19 01:54,2026-10-19 02:45,2026-10-19 06:05,2026-10-20 12:05,Power Block,Maintenance Van,2,Signal Technician,Yes,No,Yes,Engineering;TD,Medium,Minor operational impact,8594.73,0.472,,
REQ-0000412,2026-11-21,TMS,Engineering,Corrective,AST-000262,Point Machine,Medium,Critical,0.746,0,COR-03,SEC-05,150.037,150.379,Down,Yard,Track alignment correction,60,10,10,80,2026-11-20 22:26,2026-11-21 00:00,2026-11-21 01:20,2026-11-26 04:20,Caution Order,Inspection Vehicle,1,Bridge Inspector,No,No,No,,Low,Failure risk,13741.93,0.474,REQ-0000361,Access preparation before maintenance
REQ-0000413,2026-10-30,SMMS,S&T,Preventive,AST-000100,Signal,Medium,Fair,0.156,178,COR-04,SEC-08,391.18,391.499,Up,Yard,Interlocking equipment testing,60,20,15,95,2026-10-30 02:38,2026-10-30 04:00,2026-10-30 05:35,2026-11-01 05:35,Caution Order,Maintenance Van,1,Telecom Technician,Yes,Yes,Yes,TD,Medium,Line closure,10222.53,0.465,,
REQ-0000414,2026-10-13,TDMS,TD,Inspection,AST-000018,Traction Substation,High,Excellent,0.444,62,COR-02,SEC-03,301.654,301.726,Up,Main Line,OHE inspection,45,20,30,95,2026-10-13 02:10,2026-10-13 02:15,2026-10-13 03:50,2026-10-16 08:50,Power Block,Electrical Testing Kit,1,Traction Technician,Yes,Yes,Yes,,High,Speed restriction,16023.67,0.522,REQ-0000201,Inspection before repair
REQ-0000415,2026-11-14,SMMS,S&T,Preventive,AST-000419,Interlocking Equipment,Critical,Good,0.217,86,COR-03,SEC-06,185.489,185.641,Down,Loop Line,Interlocking equipment testing,60,20,30,110,2026-11-14 01:53,2026-11-14 02:45,2026-11-14 04:35,2026-11-15 04:35,Power Block,Maintenance Van,2,Interlocking Technician,Yes,Yes,Yes,TD,High,Line closure,17056.03,0.581,,
REQ-0000416,2026-10-06,SMMS,S&T,Corrective,AST-000170,Telecom,High,Good,0.393,56,COR-02,SEC-04,313.828,314.213,Up,Yard,Axle counter maintenance,120,30,30,180,2026-10-05 23:10,2026-10-06 00:00,2026-10-06 03:00,2026-10-08 09:00,Full Block,Signal Testing Kit,1,Interlocking Technician,Yes,Yes,No,Engineering;TD,Medium,Operational delay,14348.07,0.53,,
REQ-0000417,2026-10-27,SMMS,S&T,Inspection,AST-000138,Relay Room,Medium,Fair,0.174,266,COR-02,SEC-04,270.977,271.209,Up,Loop Line,Track circuit inspection,75,20,10,105,2026-10-27 03:04,2026-10-27 03:30,2026-10-27 05:15,2026-11-01 10:15,Full Block,Maintenance Van,1,Interlocking Technician,Yes,Yes,Yes,TD,Low,Line closure,11185.39,0.472,,
REQ-0000418,2026-10-29,TDMS,TD,Preventive,AST-000363,OHE Mast,Medium,Good,0.233,166,COR-02,SEC-04,275.441,275.559,Up,Loop Line,Sectioning equipment inspection,30,10,15,55,2026-10-29 02:20,2026-10-29 04:45,2026-10-29 05:40,2026-11-03 10:40,Power Block,Electrical Testing Kit,1,OHE Authorized Supervisor,Yes,No,Yes,Engineering,Medium,Speed restriction,6826.11,0.474,,
REQ-0000419,2026-11-04,SMMS,S&T,Emergency,AST-000052,Signal,Medium,Critical,0.318,13,COR-04,SEC-07,358.953,359.297,Up,Main Line,Relay room inspection,120,10,15,145,2026-11-03 23:29,2026-11-04 01:00,2026-11-04 03:25,2026-11-05 09:25,Power Block,Maintenance Van,1,Interlocking Technician,No,No,No,,Medium,Minor operational impact,10349.45,0.41,,
REQ-0000420,2026-10-11,SMMS,S&T,Preventive,AST-000008,Relay Room,Medium,Fair,0.174,0,COR-03,SEC-05,166.788,167.041,Up,Yard,Signal equipment replacement,75,20,20,115,2026-10-11 07:41,2026-10-11 10:30,2026-10-11 12:25,2026-10-13 13:25,Line Block,Signal Testing Kit,1,Interlocking Technician,Yes,Yes,Yes,TD,Medium,Speed restriction,9439.4,0.272,,
REQ-0000421,2026-11-12,TMS,Engineering,Preventive,AST-000284,Point Machine,High,Fair,0.264,147,COR-04,SEC-08,343.435,343.589,Up,Yard,Ballast maintenance,90,15,20,125,2026-11-12 00:39,2026-11-12 03:30,2026-11-12 05:35,2026-11-13 09:35,Caution Order,Crane,2,Bridge Inspector,Yes,No,Yes,TD,High,Line closure,8415.8,0.563,,
REQ-0000422,2026-11-02,TDMS,TD,Preventive,AST-000271,OHE,Medium,Fair,0.364,68,COR-04,SEC-08,388.283,388.336,Up,Loop Line,Sectioning equipment inspection,60,15,15,90,2026-11-01 21:26,2026-11-02 00:15,2026-11-02 01:45,2026-11-05 07:45,Full Block,Maintenance Van,1,OHE Authorized Supervisor,Yes,Yes,Yes,Engineering;S&T,Low,Operational delay,8230.7,0.405,,
REQ-0000423,2026-11-12,SMMS,S&T,Preventive,AST-000401,Interlocking Equipment,Medium,Fair,0.212,0,COR-02,SEC-03,325.731,326.108,Down,Yard,Axle counter maintenance,30,30,30,90,2026-11-12 01:54,2026-11-12 03:30,2026-11-12 05:00,2026-11-16 05:00,Power Block,Testing Kit,2,Telecom Technician,Yes,No,Yes,TD,High,Failure risk,6048.87,0.284,,
REQ-0000424,2026-11-22,SMMS,S&T,Corrective,AST-000186,Signal,High,Good,0.082,125,COR-03,SEC-05,177.013,177.19,Down,Loop Line,Signal equipment inspection,45,20,30,95,2026-11-22 12:22,2026-11-22 13:00,2026-11-22 14:35,2026-11-23 19:35,Full Block,Maintenance Van,1,Interlocking Technician,Yes,Yes,Yes,Engineering,High,Minor operational impact,12657.31,0.513,,
REQ-0000425,2026-10-05,TMS,Engineering,Corrective,AST-000122,Point Machine,High,Fair,0.304,221,COR-04,SEC-07,400.244,400.642,Up,Yard,Drainage maintenance,150,20,30,200,2026-10-05 05:01,2026-10-05 06:30,2026-10-05 09:50,2026-10-10 09:50,Full Block,Crane,1,Bridge Inspector,Yes,Yes,Yes,S&T,High,Speed restriction,10753.54,0.641,,
REQ-0000426,2026-10-17,SMMS,S&T,Inspection,AST-000233,Axle Counter,High,Fair,0.347,159,COR-04,SEC-08,349.915,350.271,Down,Loop Line,Signal equipment inspection,120,20,30,170,2026-10-16 23:00,2026-10-17 00:00,2026-10-17 02:50,2026-10-22 03:50,Line Block,Signal Testing Kit,1,S&T Supervisor,Yes,No,Yes,Engineering;TD,Medium,Minor operational impact,9028.32,0.601,,
REQ-0000427,2026-10-01,TDMS,TD,Corrective,AST-000438,Switching Station,Medium,Poor,0.385,64,COR-02,SEC-04,312.964,313.198,Up,Loop Line,OHE mast inspection,90,30,15,135,2026-10-01 00:27,2026-10-01 03:00,2026-10-01 05:15,2026-10-06 07:15,Full Block,OHE Tower Wagon,1,OHE Authorized Supervisor,No,No,No,,Medium,Speed restriction,8443.64,0.437,,
REQ-0000428,2026-10-20,TMS,Engineering,Corrective,AST-000262,Point Machine,Medium,Critical,0.746,0,COR-03,SEC-05,150.037,150.414,Up,Loop Line,Sleeper replacement,120,30,10,160,2026-10-20 02:23,2026-10-20 04:00,2026-10-20 06:40,2026-10-25 12:40,Full Block,Maintenance Van,1,Bridge Inspector,Yes,Yes,Yes,TD,High,Line closure,13520.04,0.474,,
REQ-0000429,2026-10-05,TMS,Engineering,Corrective,AST-000344,Bridge,Low,Good,0.519,149,COR-04,SEC-07,395.808,396.136,Down,Yard,Rail joint replacement,60,10,20,90,2026-10-04 22:17,2026-10-05 00:30,2026-10-05 02:00,2026-10-08 06:00,Caution Order,Inspection Vehicle,1,Bridge Inspector,Yes,No,Yes,S&T;TD,Medium,Line closure,10341.63,0.471,,
REQ-0000430,2026-10-25,TMS,Engineering,Preventive,AST-000050,Point Machine,High,Poor,0.367,40,COR-03,SEC-06,176.104,176.317,Down,Yard,Track alignment correction,90,20,10,120,2026-10-24 22:47,2026-10-25 00:00,2026-10-25 02:00,2026-10-30 07:00,Line Block,Inspection Vehicle,2,Track Supervisor,Yes,Yes,Yes,S&T,Medium,Minor operational impact,9588.29,0.475,,
REQ-0000431,2026-10-12,TDMS,TD,Preventive,AST-000207,Sectioning Post,High,Good,0.278,287,COR-01,SEC-02,200.856,201.146,Both Lines,Main Line,OHE fitting replacement,150,15,30,195,2026-10-12 05:59,2026-10-12 08:15,2026-10-12 11:30,2026-10-17 13:30,Full Block,Electrical Testing Kit,1,OHE Technician,Yes,Yes,Yes,,High,Minor operational impact,15086.46,0.603,,
REQ-0000432,2026-11-14,SMMS,S&T,Inspection,AST-000483,Axle Counter,Medium,Good,0.381,0,COR-04,SEC-08,344.976,345.288,Down,Yard,Track circuit inspection,45,10,20,75,2026-11-14 03:45,2026-11-14 04:15,2026-11-14 05:30,2026-11-16 08:30,Full Block,Signal Testing Kit,1,S&T Supervisor,Yes,Yes,No,Engineering,Medium,Speed restriction,8865.91,0.334,,
REQ-0000433,2026-10-13,TMS,Engineering,Preventive,AST-000137,Level Crossing,Medium,Good,0.246,0,COR-03,SEC-06,134.587,134.855,Both Lines,Loop Line,Ballast maintenance,150,15,30,195,2026-10-13 00:41,2026-10-13 01:00,2026-10-13 04:15,2026-10-14 11:15,Full Block,Inspection Vehicle,1,Track Machine Operator,Yes,Yes,Yes,S&T;TD,Critical,Line closure,10626.32,0.294,,
REQ-0000434,2026-11-21,TMS,Engineering,Preventive,AST-000164,Point Machine,Low,Good,0.301,291,COR-03,SEC-06,178.951,179.157,Up,Main Line,Drainage maintenance,45,10,30,85,2026-11-20 23:48,2026-11-21 02:15,2026-11-21 03:40,2026-11-25 03:40,Line Block,Track Machine,2,P.Way Technician,Yes,Yes,Yes,S&T;TD,High,Speed restriction,5797.08,0.41,,
REQ-0000435,2026-11-04,SMMS,S&T,Preventive,AST-000255,Telecom,Critical,Fair,0.521,0,COR-02,SEC-03,325.272,325.36,Down,Main Line,Communication equipment maintenance,180,20,10,210,2026-11-03 23:23,2026-11-04 01:30,2026-11-04 05:00,2026-11-05 11:00,Full Block,Maintenance Van,1,S&T Supervisor,Yes,Yes,No,TD,Low,Operational delay,17214.29,0.576,REQ-0000274,Isolation before work
REQ-0000436,2026-10-16,TMS,Engineering,Inspection,AST-000113,Level Crossing,Critical,Poor,0.645,102,COR-04,SEC-08,342.104,342.212,Both Lines,Main Line,Ballast maintenance,45,30,15,90,2026-10-16 10:05,2026-10-16 10:45,2026-10-16 12:15,2026-10-21 19:15,Power Block,Maintenance Van,1,Track Machine Operator,Yes,Yes,Yes,S&T;TD,Medium,Failure risk,11155.16,0.727,,
REQ-0000437,2026-11-19,SMMS,S&T,Inspection,AST-000109,Interlocking Equipment,Low,Good,0.353,0,COR-04,SEC-08,348.446,348.812,Down,Yard,Signal equipment replacement,150,15,30,195,2026-11-19 14:24,2026-11-19 14:30,2026-11-19 17:45,2026-11-20 22:45,Power Block,Signal Testing Kit,1,Signal Technician,Yes,Yes,Yes,TD,Medium,Minor operational impact,8715.27,0.226,,
REQ-0000438,2026-11-20,TMS,Engineering,Corrective,AST-000313,Track,High,Poor,0.35,154,COR-01,SEC-02,249.988,250.343,Up,Main Line,Ballast maintenance,90,30,15,135,2026-11-20 00:16,2026-11-20 00:45,2026-11-20 03:00,2026-11-24 10:00,Power Block,Track Machine,1,Track Supervisor,No,No,No,,Medium,Minor operational impact,12551.98,0.626,,
REQ-0000439,2026-10-31,TMS,Engineering,Preventive,AST-000334,Track Machine,Critical,Good,0.436,0,COR-03,SEC-06,137.468,137.653,Both Lines,Yard,Ballast maintenance,90,15,10,115,2026-10-31 00:37,2026-10-31 03:00,2026-10-31 04:55,2026-11-03 04:55,Line Block,Crane,1,Track Machine Operator,Yes,Yes,Yes,S&T,Medium,Failure risk,20074.99,0.551,,
REQ-0000440,2026-10-04,TDMS,TD,Preventive,AST-000047,OHE,Medium,Fair,0.303,0,COR-02,SEC-03,283.629,283.865,Up,Yard,Electrical isolation testing,120,20,20,160,2026-10-03 22:46,2026-10-04 01:00,2026-10-04 03:40,2026-10-08 04:40,Full Block,OHE Tower Wagon,1,Traction Technician,No,No,No,,High,Speed restriction,11382.63,0.311,,
REQ-0000441,2026-10-12,TMS,Engineering,Corrective,AST-000004,Point Machine,Critical,Good,0.553,0,COR-01,SEC-01,217.338,217.621,Down,Main Line,Track geometry inspection,150,15,30,195,2026-10-12 08:06,2026-10-12 08:45,2026-10-12 12:00,2026-10-13 14:00,Full Block,Inspection Vehicle,1,Track Supervisor,Yes,Yes,Yes,S&T,Medium,Minor operational impact,11520.83,0.616,,
REQ-0000442,2026-10-04,TMS,Engineering,Corrective,AST-000191,Track Machine,High,Poor,0.389,0,COR-04,SEC-07,372.468,372.641,Both Lines,Yard,Track geometry inspection,75,20,15,110,2026-10-03 23:44,2026-10-04 00:00,2026-10-04 01:50,2026-10-06 01:50,Line Block,Maintenance Van,1,Track Supervisor,Yes,Yes,Yes,S&T;TD,Medium,Speed restriction,14916.38,0.467,,
REQ-0000443,2026-11-04,TMS,Engineering,Preventive,AST-000096,Point Machine,Medium,Good,0.127,126,COR-04,SEC-07,356.19,356.553,Up,Loop Line,Track geometry inspection,30,10,30,70,2026-11-04 14:07,2026-11-04 15:15,2026-11-04 16:25,2026-11-07 18:25,Full Block,Inspection Vehicle,1,P.Way Technician,No,No,No,,Medium,Minor operational impact,9704.99,0.398,,
REQ-0000444,2026-11-16,TMS,Engineering,Preventive,AST-000070,Track Machine,Low,Poor,0.237,205,COR-02,SEC-03,317.656,317.749,Up,Loop Line,Turnout inspection,75,15,30,120,2026-11-16 07:49,2026-11-16 10:00,2026-11-16 12:00,2026-11-17 18:00,Full Block,Maintenance Van,1,Track Supervisor,Yes,Yes,Yes,,Medium,Speed restriction,4914.48,0.391,,
REQ-0000445,2026-11-08,TMS,Engineering,Preventive,AST-000349,Track Machine,Medium,Good,0.116,154,COR-01,SEC-01,199.588,199.69,Up,Yard,Turnout inspection,75,10,30,115,2026-11-08 01:22,2026-11-08 03:45,2026-11-08 05:40,2026-11-09 08:40,Caution Order,Inspection Vehicle,2,Track Supervisor,Yes,Yes,No,,High,Speed restriction,10595.11,0.426,,
REQ-0000446,2026-10-04,TMS,Engineering,Corrective,AST-000288,Track,High,Good,0.408,160,COR-02,SEC-03,300.412,300.539,Down,Yard,Turnout inspection,150,15,20,185,2026-10-04 11:06,2026-10-04 14:00,2026-10-04 17:05,2026-10-05 19:05,Power Block,Crane,2,P.Way Technician,No,No,No,,High,Operational delay,9439.34,0.65,,
REQ-0000447,2026-10-20,TDMS,TD,Preventive,AST-000212,OHE,Low,Fair,0.653,98,COR-04,SEC-08,373.711,374.032,Down,Main Line,Sectioning equipment inspection,150,30,20,200,2026-10-20 01:00,2026-10-20 02:45,2026-10-20 06:05,2026-10-22 07:05,Power Block,Electrical Testing Kit,1,Electrical Supervisor,No,No,No,,High,Speed restriction,11133.99,0.425,,
REQ-0000448,2026-11-15,TMS,Engineering,Preventive,AST-000143,Track,Medium,Good,0.212,0,COR-04,SEC-07,355.062,355.148,Both Lines,Yard,Drainage maintenance,75,10,10,95,2026-11-15 14:19,2026-11-15 16:00,2026-11-15 17:35,2026-11-19 20:35,Full Block,Maintenance Van,1,Track Supervisor,Yes,No,Yes,S&T,Medium,Minor operational impact,9270.78,0.284,,
REQ-0000449,2026-10-07,SMMS,S&T,Corrective,AST-000474,Relay Room,Medium,Good,0.338,106,COR-01,SEC-02,201.936,202.038,Up,Yard,Signal equipment inspection,45,15,10,70,2026-10-06 23:51,2026-10-07 00:30,2026-10-07 01:40,2026-10-08 02:40,Caution Order,Testing Kit,1,Telecom Technician,Yes,No,Yes,TD,Medium,Failure risk,6583.25,0.469,,
REQ-0000450,2026-10-13,TDMS,TD,Preventive,AST-000462,Sectioning Post,Medium,Fair,0.351,0,COR-03,SEC-05,129.758,129.99,Down,Loop Line,OHE inspection,30,30,15,75,2026-10-13 01:21,2026-10-13 04:00,2026-10-13 05:15,2026-10-16 12:15,Power Block,OHE Tower Wagon,1,Electrical Supervisor,Yes,Yes,Yes,Engineering,Medium,Failure risk,9440.14,0.325,,
REQ-0000451,2026-10-21,SMMS,S&T,Corrective,AST-000181,Relay Room,Medium,Critical,0.342,227,COR-02,SEC-04,311.44,311.755,Down,Main Line,Axle counter maintenance,180,20,30,230,2026-10-21 00:57,2026-10-21 03:30,2026-10-21 07:20,2026-10-23 07:20,Caution Order,Testing Kit,1,Signal Technician,No,No,No,,Medium,Speed restriction,6569.11,0.553,,
REQ-0000452,2026-11-18,TMS,Engineering,Corrective,AST-000110,Level Crossing,Medium,Poor,0.259,32,COR-02,SEC-04,316.82,317.079,Both Lines,Yard,Drainage maintenance,90,15,20,125,2026-11-17 22:16,2026-11-18 00:15,2026-11-18 02:20,2026-11-19 08:20,Power Block,Maintenance Van,1,Track Machine Operator,Yes,Yes,Yes,TD,Medium,Failure risk,9326.41,0.363,,
REQ-0000453,2026-10-31,TDMS,TD,Emergency,AST-000173,OHE Mast,Medium,Fair,0.214,158,COR-03,SEC-06,124.223,124.534,Down,Loop Line,Electrical isolation testing,45,15,10,70,2026-10-31 01:02,2026-10-31 02:45,2026-10-31 03:55,2026-11-05 06:55,Power Block,Electrical Testing Kit,1,OHE Authorized Supervisor,No,No,No,,Medium,Speed restriction,10945.05,0.54,,
REQ-0000454,2026-11-14,TMS,Engineering,Inspection,AST-000280,Level Crossing,Medium,Fair,0.532,170,COR-02,SEC-04,293.353,293.495,Up,Yard,Turnout inspection,30,15,20,65,2026-11-14 02:10,2026-11-14 03:15,2026-11-14 04:20,2026-11-18 10:20,Caution Order,Maintenance Van,1,P.Way Technician,Yes,Yes,Yes,TD,High,Failure risk,9449.03,0.568,,
REQ-0000455,2026-11-18,TDMS,TD,Corrective,AST-000368,Sectioning Post,Medium,Critical,0.316,11,COR-02,SEC-04,266.131,266.375,Both Lines,Yard,OHE mast inspection,90,10,20,120,2026-11-18 01:19,2026-11-18 02:45,2026-11-18 04:45,2026-11-19 10:45,Full Block,Maintenance Van,1,OHE Technician,Yes,Yes,Yes,Engineering,Medium,Failure risk,12671.63,0.357,,
REQ-0000456,2026-10-30,SMMS,S&T,Preventive,AST-000163,Relay Room,High,Good,0.07,16,COR-03,SEC-06,141.746,142.125,Down,Loop Line,Signal equipment replacement,150,30,30,210,2026-10-30 01:10,2026-10-30 03:45,2026-10-30 07:15,2026-11-02 14:15,Caution Order,Maintenance Van,1,Telecom Technician,No,No,No,,Low,Minor operational impact,8378.67,0.359,,
REQ-0000457,2026-11-01,TDMS,TD,Preventive,AST-000025,OHE Mast,Medium,Good,0.391,131,COR-03,SEC-06,129.228,129.529,Up,Loop Line,Power supply inspection,30,30,15,75,2026-11-01 00:29,2026-11-01 02:45,2026-11-01 04:00,2026-11-04 07:00,Power Block,Electrical Testing Kit,1,Traction Technician,Yes,No,Yes,Engineering;S&T,High,Line closure,9524.5,0.483,,
REQ-0000458,2026-11-07,TDMS,TD,Inspection,AST-000202,Sectioning Post,High,Excellent,0.106,101,COR-02,SEC-03,279.656,279.866,Up,Loop Line,Traction equipment maintenance,120,10,10,140,2026-11-07 02:04,2026-11-07 02:15,2026-11-07 04:35,2026-11-10 08:35,Full Block,Electrical Testing Kit,1,OHE Authorized Supervisor,Yes,Yes,Yes,Engineering,Medium,Failure risk,7846.78,0.464,,
REQ-0000459,2026-10-23,TMS,Engineering,Preventive,AST-000106,Level Crossing,Low,Critical,0.276,256,COR-02,SEC-04,332.131,332.397,Down,Loop Line,Track geometry inspection,150,10,10,170,2026-10-23 01:51,2026-10-23 03:15,2026-10-23 06:05,2026-10-24 06:05,Full Block,Track Machine,1,Track Machine Operator,Yes,Yes,Yes,TD,Medium,Line closure,5783.09,0.403,,
REQ-0000460,2026-11-03,TMS,Engineering,Preventive,AST-000253,Bridge,Low,Poor,0.53,173,COR-02,SEC-04,280.538,280.672,Down,Main Line,Track geometry inspection,30,30,10,70,2026-11-03 08:55,2026-11-03 09:15,2026-11-03 10:25,2026-11-08 12:25,Power Block,Track Machine,1,Track Supervisor,Yes,No,Yes,,Medium,Line closure,6688.73,0.471,,
REQ-0000461,2026-10-25,SMMS,S&T,Emergency,AST-000052,Signal,Medium,Critical,0.318,13,COR-04,SEC-07,358.953,359.08,Down,Main Line,Track circuit inspection,30,30,20,80,2026-10-25 17:50,2026-10-25 18:30,2026-10-25 19:50,2026-10-29 23:50,Caution Order,Testing Kit,2,S&T Supervisor,No,No,No,,Medium,Speed restriction,10747.72,0.41,,
REQ-0000462,2026-10-12,TDMS,TD,Inspection,AST-000361,OHE Mast,Low,Good,0.255,53,COR-04,SEC-08,353.068,353.147,Both Lines,Main Line,Power supply inspection,60,10,10,80,2026-10-12 14:32,2026-10-12 16:45,2026-10-12 18:05,2026-10-14 19:05,Full Block,OHE Tower Wagon,2,OHE Technician,Yes,No,Yes,,High,Line closure,6583.63,0.255,,
REQ-0000463,2026-10-15,TDMS,TD,Corrective,AST-000208,OHE,High,Fair,0.218,216,COR-03,SEC-05,141.537,141.745,Down,Loop Line,Power supply inspection,30,30,20,80,2026-10-15 01:37,2026-10-15 03:45,2026-10-15 05:05,2026-10-18 05:05,Full Block,OHE Tower Wagon,2,Electrical Supervisor,No,No,No,,Medium,Line closure,13839.09,0.615,,
REQ-0000464,2026-11-22,TDMS,TD,Corrective,AST-000350,Sectioning Post,Medium,Fair,0.229,18,COR-02,SEC-04,331.144,331.453,Up,Main Line,Traction equipment maintenance,180,15,10,205,2026-11-22 01:31,2026-11-22 01:45,2026-11-22 05:10,2026-11-26 12:10,Power Block,OHE Tower Wagon,1,OHE Technician,Yes,Yes,Yes,Engineering;S&T,Medium,Speed restriction,10169.72,0.339,,
REQ-0000465,2026-11-19,TDMS,TD,Inspection,AST-000402,Sectioning Post,Medium,Fair,0.143,295,COR-04,SEC-07,341.431,341.77,Down,Main Line,Electrical isolation testing,90,10,30,130,2026-11-19 00:33,2026-11-19 03:30,2026-11-19 05:40,2026-11-22 11:40,Full Block,OHE Tower Wagon,1,OHE Authorized Supervisor,No,No,No,,Medium,Operational delay,6539.69,0.463,,
REQ-0000466,2026-10-07,TMS,Engineering,Corrective,AST-000389,Track,Medium,Fair,0.318,0,COR-02,SEC-04,307.17,307.344,Down,Main Line,Sleeper replacement,120,10,20,150,2026-10-07 01:49,2026-10-07 03:30,2026-10-07 06:00,2026-10-09 08:00,Full Block,Track Machine,1,Track Machine Operator,No,No,No,,Critical,Failure risk,11569.07,0.345,,
REQ-0000467,2026-10-27,TDMS,TD,Preventive,AST-000442,OHE Mast,High,Excellent,0.328,18,COR-04,SEC-07,361.867,362.234,Down,Loop Line,Power supply inspection,45,10,30,85,2026-10-27 18:59,2026-10-27 20:00,2026-10-27 21:25,2026-10-31 01:25,Power Block,Electrical Testing Kit,1,Electrical Supervisor,No,No,No,,Medium,Minor operational impact,16120.41,0.438,,
REQ-0000468,2026-11-05,TDMS,TD,Preventive,AST-000174,OHE Mast,Medium,Critical,0.28,98,COR-03,SEC-06,166.377,166.425,Up,Main Line,Electrical isolation testing,60,10,20,90,2026-11-05 00:56,2026-11-05 01:45,2026-11-05 03:15,2026-11-07 06:15,Full Block,OHE Tower Wagon,1,Traction Technician,Yes,No,Yes,,Medium,Operational delay,11750.33,0.413,,
REQ-0000469,2026-10-09,TDMS,TD,Inspection,AST-000361,OHE Mast,Low,Good,0.255,53,COR-04,SEC-08,353.068,353.409,Up,Loop Line,Power supply inspection,45,30,15,90,2026-10-08 22:16,2026-10-09 00:30,2026-10-09 02:00,2026-10-13 09:00,Power Block,Electrical Testing Kit,1,OHE Authorized Supervisor,Yes,No,Yes,Engineering;S&T,Medium,Minor operational impact,7535.51,0.255,REQ-0000245,Isolation before work
REQ-0000470,2026-10-22,SMMS,S&T,Preventive,AST-000346,Telecom,Medium,Poor,0.192,207,COR-01,SEC-01,236.8,236.949,Up,Main Line,Signal equipment inspection,90,20,15,125,2026-10-22 00:17,2026-10-22 02:00,2026-10-22 04:05,2026-10-24 10:05,Full Block,Testing Kit,1,S&T Supervisor,Yes,No,Yes,Engineering;TD,Medium,Operational delay,7867.77,0.478,REQ-0000406,Isolation before work
REQ-0000471,2026-10-29,TMS,Engineering,Preventive,AST-000148,Track,High,Good,0.296,0,COR-01,SEC-01,205.687,205.745,Both Lines,Main Line,Track alignment correction,75,15,20,110,2026-10-29 17:11,2026-10-29 19:45,2026-10-29 21:35,2026-10-31 00:35,Line Block,Inspection Vehicle,1,Track Supervisor,Yes,Yes,Yes,S&T;TD,Medium,Minor operational impact,12388.92,0.409,,
REQ-0000472,2026-11-03,SMMS,S&T,Corrective,AST-000061,Relay Room,Medium,Good,0.668,0,COR-04,SEC-08,350.753,351.038,Up,Main Line,Axle counter maintenance,150,10,15,175,2026-11-03 02:41,2026-11-03 02:45,2026-11-03 05:40,2026-11-05 11:40,Power Block,Testing Kit,2,S&T Supervisor,Yes,Yes,Yes,Engineering,Medium,Line closure,7935.75,0.45,,
REQ-0000473,2026-11-15,TMS,Engineering,Preventive,AST-000260,Track,High,Fair,0.048,0,COR-04,SEC-08,365.821,366.188,Down,Yard,Sleeper replacement,90,10,15,115,2026-11-15 00:07,2026-11-15 01:00,2026-11-15 02:55,2026-11-20 06:55,Power Block,Track Machine,1,Track Supervisor,No,No,No,,Low,Minor operational impact,14192.72,0.334,,
REQ-0000474,2026-10-06,TMS,Engineering,Preventive,AST-000466,Point Machine,Medium,Fair,0.203,155,COR-01,SEC-02,183.44,183.76,Up,Yard,Sleeper replacement,120,15,20,155,2026-10-05 22:00,2026-10-06 01:00,2026-10-06 03:35,2026-10-07 08:35,Line Block,Inspection Vehicle,2,P.Way Technician,Yes,Yes,Yes,S&T;TD,Medium,Speed restriction,7808.04,0.453,,
REQ-0000475,2026-11-10,TDMS,TD,Preventive,AST-000390,OHE Mast,Medium,Fair,0.244,0,COR-04,SEC-08,379.242,379.272,Down,Main Line,OHE inspection,60,10,30,100,2026-11-10 00:44,2026-11-10 02:00,2026-11-10 03:40,2026-11-11 03:40,Full Block,Maintenance Van,2,Electrical Supervisor,Yes,No,Yes,,Medium,Speed restriction,10890.82,0.293,,
REQ-0000476,2026-10-21,TMS,Engineering,Preventive,AST-000199,Level Crossing,Medium,Fair,0.502,106,COR-03,SEC-06,141.092,141.268,Up,Yard,Turnout inspection,150,20,20,190,2026-10-21 15:51,2026-10-21 17:00,2026-10-21 20:10,2026-10-25 22:10,Full Block,Maintenance Van,1,Bridge Inspector,No,No,No,,Medium,Line closure,10054.35,0.488,,
REQ-0000477,2026-10-08,TMS,Engineering,Emergency,AST-000330,Track,Medium,Fair,0.166,0,COR-02,SEC-03,263.653,263.757,Up,Yard,Ballast maintenance,150,15,10,175,2026-10-08 04:31,2026-10-08 06:30,2026-10-08 09:25,2026-10-09 16:25,Caution Order,Track Machine,1,Track Supervisor,No,No,No,,Low,Operational delay,5884.54,0.35,,
REQ-0000478,2026-11-05,TDMS,TD,Preventive,AST-000245,OHE,Medium,Fair,0.24,159,COR-03,SEC-05,131.4,131.516,Up,Yard,Power supply inspection,90,20,30,140,2026-11-05 03:48,2026-11-05 06:00,2026-11-05 08:20,2026-11-10 08:20,Power Block,Electrical Testing Kit,1,Electrical Supervisor,Yes,No,Yes,,Medium,Failure risk,9768.33,0.469,,
REQ-0000479,2026-10-23,TDMS,TD,Inspection,AST-000367,OHE Mast,Low,Critical,0.372,57,COR-04,SEC-08,361.847,362.113,Both Lines,Yard,Electrical isolation testing,75,30,15,120,2026-10-23 03:05,2026-10-23 03:15,2026-10-23 05:15,2026-10-25 12:15,Power Block,Maintenance Van,2,OHE Technician,No,No,No,,Critical,Speed restriction,8895.35,0.295,,
REQ-0000480,2026-11-09,TDMS,TD,Preventive,AST-000158,OHE,Medium,Excellent,0.618,152,COR-04,SEC-08,366.371,366.516,Down,Main Line,Traction equipment maintenance,180,20,20,220,2026-11-09 01:41,2026-11-09 03:45,2026-11-09 07:25,2026-11-12 12:25,Full Block,OHE Tower Wagon,1,OHE Authorized Supervisor,Yes,Yes,Yes,Engineering;S&T,Medium,Operational delay,10525.09,0.574,,
REQ-0000481,2026-10-02,TMS,Engineering,Preventive,AST-000235,Point Machine,High,Poor,0.53,139,COR-02,SEC-04,296.524,296.756,Up,Main Line,Rail joint replacement,120,10,30,160,2026-10-02 03:43,2026-10-02 04:30,2026-10-02 07:10,2026-10-06 13:10,Line Block,Inspection Vehicle,1,Track Machine Operator,No,No,No,,Medium,Failure risk,10436.97,0.633,,
REQ-0000482,2026-11-01,TDMS,TD,Corrective,AST-000325,Traction Substation,High,Fair,0.142,75,COR-04,SEC-07,383.874,384.155,Up,Main Line,Traction equipment maintenance,30,10,15,55,2026-11-01 18:15,2026-11-01 18:15,2026-11-01 19:10,2026-11-04 22:10,Power Block,OHE Tower Wagon,1,Traction Technician,Yes,Yes,Yes,,Medium,Speed restriction,14348.27,0.476,,
REQ-0000483,2026-10-01,TDMS,TD,Inspection,AST-000131,Traction Substation,Low,Critical,0.394,58,COR-01,SEC-01,232.215,232.37,Up,Main Line,Traction equipment maintenance,150,20,20,190,2026-10-01 00:57,2026-10-01 02:45,2026-10-01 05:55,2026-10-03 10:55,Full Block,OHE Tower Wagon,2,Electrical Supervisor,No,No,No,,Medium,Minor operational impact,5057.78,0.303,,
REQ-0000484,2026-10-17,TDMS,TD,Inspection,AST-000131,Traction Substation,Low,Critical,0.394,58,COR-01,SEC-01,232.215,232.302,Up,Yard,Sectioning equipment inspection,90,10,10,110,2026-10-17 01:56,2026-10-17 03:00,2026-10-17 04:50,2026-10-19 11:50,Power Block,Maintenance Van,1,OHE Technician,Yes,Yes,Yes,Engineering;S&T,High,Failure risk,9504.02,0.303,,
REQ-0000485,2026-10-04,TMS,Engineering,Inspection,AST-000113,Level Crossing,Critical,Poor,0.645,102,COR-04,SEC-08,342.104,342.275,Down,Main Line,Track geometry inspection,120,30,10,160,2026-10-04 02:39,2026-10-04 04:30,2026-10-04 07:10,2026-10-07 10:10,Power Block,Inspection Vehicle,2,Track Supervisor,No,No,No,,Medium,Line closure,14320.89,0.727,,
REQ-0000486,2026-11-14,TMS,Engineering,Preventive,AST-000293,Track,Medium,Poor,0.342,0,COR-03,SEC-05,145.767,146.155,Up,Main Line,Track geometry inspection,30,15,10,55,2026-11-14 02:02,2026-11-14 04:15,2026-11-14 05:10,2026-11-19 08:10,Caution Order,Track Machine,1,Track Machine Operator,Yes,Yes,Yes,TD,Critical,Minor operational impact,7928.61,0.323,,
REQ-0000487,2026-11-03,SMMS,S&T,Inspection,AST-000285,Interlocking Equipment,Medium,Fair,0.074,81,COR-01,SEC-02,229.981,230.379,Both Lines,Main Line,Signal equipment inspection,45,30,15,90,2026-11-03 01:06,2026-11-03 03:00,2026-11-03 04:30,2026-11-07 11:30,Power Block,Testing Kit,1,S&T Supervisor,No,No,No,,High,Line closure,10305.01,0.332,,
REQ-0000488,2026-11-20,TMS,Engineering,Corrective,AST-000197,Level Crossing,Low,Fair,0.408,149,COR-02,SEC-03,323.619,323.763,Up,Loop Line,Track alignment correction,180,30,15,225,2026-11-20 02:20,2026-11-20 03:15,2026-11-20 07:00,2026-11-25 14:00,Line Block,Crane,1,Track Supervisor,No,No,No,,Medium,Speed restriction,5223.14,0.438,,
REQ-0000489,2026-11-04,TDMS,TD,Emergency,AST-000491,Traction Substation,Medium,Good,0.441,51,COR-03,SEC-05,181.093,181.467,Both Lines,Loop Line,Electrical isolation testing,180,10,10,200,2026-11-04 07:30,2026-11-04 09:30,2026-11-04 12:50,2026-11-07 17:50,Full Block,Electrical Testing Kit,2,Traction Technician,No,No,No,,Medium,Minor operational impact,11416.43,0.489,,
REQ-0000490,2026-11-18,SMMS,S&T,Corrective,AST-000441,Axle Counter,Medium,Fair,0.175,21,COR-01,SEC-02,192.282,192.4,Up,Loop Line,Signal equipment replacement,60,30,15,105,2026-11-17 22:09,2026-11-18 01:00,2026-11-18 02:45,2026-11-21 04:45,Line Block,Maintenance Van,2,Interlocking Technician,Yes,Yes,Yes,TD,High,Operational delay,11523.81,0.326,,
REQ-0000491,2026-10-23,TMS,Engineering,Preventive,AST-000024,Point Machine,High,Poor,0.398,285,COR-03,SEC-05,133.75,134.03,Up,Main Line,Track alignment correction,150,10,10,170,2026-10-23 11:26,2026-10-23 13:15,2026-10-23 16:05,2026-10-27 22:05,Line Block,Maintenance Van,1,P.Way Technician,Yes,No,Yes,,Medium,Failure risk,14959.16,0.639,,
REQ-0000492,2026-10-05,TMS,Engineering,Preventive,AST-000235,Point Machine,High,Poor,0.53,139,COR-02,SEC-04,296.524,296.616,Up,Loop Line,Ballast maintenance,30,15,20,65,2026-10-05 00:09,2026-10-05 00:45,2026-10-05 01:50,2026-10-09 05:50,Line Block,Track Machine,1,Track Machine Operator,No,No,No,,Medium,Line closure,13414.37,0.633,,
REQ-0000493,2026-10-05,TMS,Engineering,Corrective,AST-000356,Level Crossing,High,Fair,0.075,228,COR-04,SEC-07,366.175,366.291,Down,Main Line,Drainage maintenance,30,10,20,60,2026-10-04 22:15,2026-10-05 00:00,2026-10-05 01:00,2026-10-06 02:00,Full Block,Maintenance Van,1,Track Supervisor,Yes,No,Yes,S&T;TD,Medium,Speed restriction,7311.91,0.573,,
REQ-0000494,2026-10-06,TMS,Engineering,Corrective,AST-000432,Track Machine,Low,Fair,0.386,144,COR-04,SEC-08,396.126,396.521,Up,Loop Line,Track alignment correction,180,15,10,205,2026-10-05 23:57,2026-10-06 00:00,2026-10-06 03:25,2026-10-11 07:25,Full Block,Crane,2,P.Way Technician,No,No,No,,Medium,Failure risk,7735.39,0.426,,
REQ-0000495,2026-10-03,TDMS,TD,Inspection,AST-000051,Traction Substation,Critical,Good,0.751,173,COR-02,SEC-04,327.038,327.218,Down,Yard,Electrical isolation testing,120,10,10,140,2026-10-02 21:56,2026-10-03 00:15,2026-10-03 02:35,2026-10-05 02:35,Power Block,OHE Tower Wagon,1,Electrical Supervisor,Yes,Yes,Yes,Engineering;S&T,High,Line closure,14987.17,0.838,,
REQ-0000496,2026-10-18,TDMS,TD,Preventive,AST-000268,Sectioning Post,Critical,Fair,0.358,293,COR-03,SEC-05,189.651,189.85,Down,Yard,OHE mast inspection,60,20,15,95,2026-10-18 03:59,2026-10-18 06:45,2026-10-18 08:20,2026-10-21 15:20,Full Block,Maintenance Van,2,OHE Authorized Supervisor,Yes,Yes,Yes,Engineering,Low,Minor operational impact,15624.12,0.727,,
REQ-0000497,2026-11-06,TMS,Engineering,Preventive,AST-000049,Track Machine,Medium,Good,0.227,30,COR-03,SEC-05,130.012,130.345,Up,Yard,Sleeper replacement,180,20,10,210,2026-11-06 12:17,2026-11-06 14:15,2026-11-06 17:45,2026-11-08 00:45,Full Block,Maintenance Van,1,P.Way Technician,Yes,Yes,Yes,S&T,Medium,Speed restriction,7519.47,0.321,,
REQ-0000498,2026-11-20,TDMS,TD,Corrective,AST-000282,OHE Mast,Medium,Fair,0.055,199,COR-01,SEC-02,240.588,240.88,Down,Yard,Traction equipment maintenance,150,15,10,175,2026-11-20 02:02,2026-11-20 03:30,2026-11-20 06:25,2026-11-21 06:25,Full Block,Maintenance Van,1,Traction Technician,No,No,No,,High,Failure risk,9694.15,0.467,,
REQ-0000499,2026-10-26,TDMS,TD,Corrective,AST-000361,OHE Mast,Low,Good,0.255,53,COR-04,SEC-08,353.068,353.417,Down,Yard,OHE inspection,45,15,30,90,2026-10-26 03:03,2026-10-26 04:00,2026-10-26 05:30,2026-10-31 09:30,Full Block,Maintenance Van,1,OHE Authorized Supervisor,Yes,No,Yes,Engineering;S&T,High,Speed restriction,4550.42,0.285,,
REQ-0000500,2026-10-10,TMS,Engineering,Corrective,AST-000470,Level Crossing,High,Fair,0.201,0,COR-01,SEC-01,201.206,201.448,Up,Yard,Rail joint replacement,75,30,10,115,2026-10-10 03:57,2026-10-10 04:00,2026-10-10 05:55,2026-10-13 12:55,Line Block,Track Machine,1,Bridge Inspector,No,No,No,,Medium,Minor operational impact,12907.47,0.41,,
REQ-0000501,2026-11-04,TMS,Engineering,Corrective,AST-000466,Point Machine,Medium,Fair,0.203,155,COR-01,SEC-02,183.44,183.639,Down,Loop Line,Drainage maintenance,30,10,15,55,2026-11-03 22:05,2026-11-04 00:15,2026-11-04 01:10,2026-11-09 08:10,Line Block,Inspection Vehicle,1,Track Machine Operator,Yes,Yes,No,S&T,Critical,Line closure,6725.32,0.483,,
REQ-0000502,2026-10-25,SMMS,S&T,Preventive,AST-000337,Axle Counter,Low,Good,0.464,185,COR-02,SEC-03,290.716,290.976,Up,Main Line,Signal equipment inspection,120,20,10,150,2026-10-25 02:40,2026-10-25 04:45,2026-10-25 07:15,2026-10-29 10:15,Line Block,Testing Kit,1,Interlocking Technician,Yes,Yes,Yes,Engineering;TD,Medium,Line closure,5467.78,0.459,,
REQ-0000503,2026-11-11,SMMS,S&T,Corrective,AST-000091,Signal,High,Poor,0.528,97,COR-02,SEC-03,338.772,338.988,Down,Yard,Interlocking equipment testing,75,15,20,110,2026-11-11 00:25,2026-11-11 02:45,2026-11-11 04:35,2026-11-16 04:35,Power Block,Maintenance Van,1,Signal Technician,No,No,No,,High,Failure risk,14765.38,0.616,,
REQ-0000504,2026-10-30,TMS,Engineering,Preventive,AST-000070,Track Machine,Low,Poor,0.237,205,COR-02,SEC-03,317.656,317.831,Down,Main Line,Sleeper replacement,45,30,20,95,2026-10-29 22:45,2026-10-30 00:45,2026-10-30 02:20,2026-11-03 06:20,Line Block,Track Machine,1,Track Machine Operator,Yes,No,Yes,S&T,High,Speed restriction,4359.75,0.391,,
REQ-0000505,2026-10-13,TDMS,TD,Corrective,AST-000250,Traction Substation,Medium,Poor,0.31,158,COR-04,SEC-07,395.946,396.088,Both Lines,Yard,Electrical isolation testing,60,20,30,110,2026-10-13 00:04,2026-10-13 01:30,2026-10-13 03:20,2026-10-18 04:20,Power Block,Maintenance Van,2,OHE Technician,Yes,No,Yes,Engineering;S&T,Medium,Minor operational impact,10511.45,0.519,,
REQ-0000506,2026-11-22,TMS,Engineering,Preventive,AST-000383,Track,Medium,Fair,0.406,134,COR-02,SEC-04,320.504,320.767,Up,Yard,Track geometry inspection,90,10,10,110,2026-11-21 22:42,2026-11-22 00:30,2026-11-22 02:20,2026-11-24 05:20,Caution Order,Inspection Vehicle,2,P.Way Technician,Yes,Yes,No,S&T;TD,High,Failure risk,12014.13,0.491,,
REQ-0000507,2026-11-07,TMS,Engineering,Preventive,AST-000377,Track,High,Poor,0.668,91,COR-04,SEC-08,378.935,379.244,Down,Yard,Rail joint replacement,120,15,20,155,2026-11-06 23:32,2026-11-07 01:00,2026-11-07 03:35,2026-11-09 03:35,Full Block,Crane,1,Track Supervisor,Yes,No,Yes,TD,Medium,Line closure,10467.61,0.622,,
REQ-0000508,2026-10-01,TDMS,TD,Preventive,AST-000142,Switching Station,Medium,Good,0.172,0,COR-01,SEC-01,251.561,251.748,Both Lines,Main Line,Power supply inspection,150,30,20,200,2026-10-01 00:59,2026-10-01 03:30,2026-10-01 06:50,2026-10-04 06:50,Power Block,OHE Tower Wagon,2,OHE Technician,No,No,No,,High,Operational delay,7774.93,0.272,,
REQ-0000509,2026-10-10,SMMS,S&T,Emergency,AST-000255,Telecom,Critical,Fair,0.521,0,COR-02,SEC-03,325.272,325.362,Up,Main Line,Track circuit inspection,30,20,20,70,2026-10-09 23:26,2026-10-10 00:15,2026-10-10 01:25,2026-10-14 02:25,Line Block,Maintenance Van,1,S&T Supervisor,No,No,No,,High,Failure risk,13684.5,0.656,,
REQ-0000510,2026-11-20,TMS,Engineering,Preventive,AST-000022,Point Machine,Medium,Good,0.208,201,COR-02,SEC-04,331.476,331.635,Both Lines,Loop Line,Track geometry inspection,120,10,15,145,2026-11-20 05:58,2026-11-20 08:15,2026-11-20 10:40,2026-11-22 13:40,Line Block,Track Machine,1,Bridge Inspector,Yes,No,Yes,S&T;TD,Medium,Operational delay,11573.48,0.482,REQ-0000176,Access preparation before maintenance
REQ-0000511,2026-10-03,TMS,Engineering,Preventive,AST-000130,Bridge,Critical,Poor,0.792,259,COR-03,SEC-06,166.442,166.672,Up,Yard,Drainage maintenance,120,10,10,140,2026-10-03 02:49,2026-10-03 04:00,2026-10-03 06:20,2026-10-07 13:20,Full Block,Track Machine,1,Track Machine Operator,Yes,Yes,Yes,S&T,High,Minor operational impact,19322.77,0.858,,
REQ-0000512,2026-09-30,SMMS,S&T,Preventive,AST-000119,Telecom,Medium,Fair,0.24,54,COR-01,SEC-02,259.345,259.447,Both Lines,Loop Line,Axle counter maintenance,180,30,20,230,2026-09-30 00:19,2026-09-30 02:30,2026-09-30 06:20,2026-10-01 06:20,Caution Order,Signal Testing Kit,1,Interlocking Technician,Yes,Yes,Yes,,High,Minor operational impact,6457.92,0.352,,
REQ-0000513,2026-11-22,TMS,Engineering,Emergency,AST-000050,Point Machine,High,Poor,0.367,40,COR-03,SEC-06,176.104,176.374,Down,Yard,Track geometry inspection,180,15,10,205,2026-11-22 00:17,2026-11-22 01:00,2026-11-22 04:25,2026-11-24 09:25,Line Block,Crane,2,Track Supervisor,No,No,No,,Low,Failure risk,13517.98,0.555,,
REQ-0000514,2026-10-23,TDMS,TD,Preventive,AST-000307,OHE,High,Poor,0.588,0,COR-04,SEC-07,400.405,400.534,Up,Loop Line,Electrical isolation testing,180,15,15,210,2026-10-23 17:36,2026-10-23 18:45,2026-10-23 22:15,2026-10-27 03:15,Power Block,Electrical Testing Kit,1,Electrical Supervisor,No,No,No,,Low,Minor operational impact,13855.54,0.496,,
REQ-0000515,2026-11-10,TMS,Engineering,Inspection,AST-000021,Bridge,Low,Good,0.322,0,COR-03,SEC-06,137.918,138.263,Down,Main Line,Sleeper replacement,120,15,20,155,2026-11-10 09:18,2026-11-10 11:00,2026-11-10 13:35,2026-11-14 18:35,Line Block,Crane,1,Track Supervisor,Yes,No,Yes,S&T,Medium,Failure risk,8801.95,0.217,REQ-0000092,Isolation before work
REQ-0000516,2026-10-15,TMS,Engineering,Preventive,AST-000432,Track Machine,Low,Fair,0.386,144,COR-04,SEC-08,396.126,396.475,Both Lines,Loop Line,Rail joint replacement,180,20,30,230,2026-10-14 22:50,2026-10-15 00:30,2026-10-15 04:20,2026-10-20 10:20,Power Block,Track Machine,1,Bridge Inspector,Yes,No,Yes,S&T;TD,Medium,Failure risk,6015.83,0.396,,
REQ-0000517,2026-10-13,TMS,Engineering,Preventive,AST-000291,Point Machine,Low,Poor,0.323,284,COR-02,SEC-04,264.266,264.408,Up,Loop Line,Track geometry inspection,120,15,10,145,2026-10-13 14:37,2026-10-13 16:15,2026-10-13 18:40,2026-10-18 00:40,Line Block,Track Machine,1,Bridge Inspector,Yes,Yes,Yes,S&T;TD,Medium,Minor operational impact,5969.09,0.417,,
REQ-0000518,2026-10-11,TDMS,TD,Preventive,AST-000029,Switching Station,Medium,Good,0.289,243,COR-01,SEC-02,246.354,246.633,Up,Loop Line,Electrical isolation testing,150,15,15,180,2026-10-11 11:53,2026-10-11 14:45,2026-10-11 17:45,2026-10-15 20:45,Full Block,Electrical Testing Kit,2,Traction Technician,Yes,Yes,Yes,Engineering;S&T,Low,Line closure,7569.37,0.507,,
REQ-0000519,2026-10-23,TMS,Engineering,Corrective,AST-000197,Level Crossing,Low,Fair,0.408,149,COR-02,SEC-03,323.619,323.809,Up,Yard,Turnout inspection,45,30,30,105,2026-10-23 03:20,2026-10-23 04:45,2026-10-23 06:30,2026-10-25 07:30,Caution Order,Crane,1,Track Supervisor,Yes,No,Yes,TD,Low,Operational delay,5135.93,0.438,,
REQ-0000520,2026-11-06,SMMS,S&T,Inspection,AST-000186,Signal,High,Good,0.082,125,COR-03,SEC-05,177.013,177.272,Up,Loop Line,Track circuit inspection,150,15,20,185,2026-11-06 07:14,2026-11-06 07:45,2026-11-06 10:50,2026-11-07 11:50,Power Block,Maintenance Van,1,Telecom Technician,Yes,Yes,No,TD,High,Line closure,8263.23,0.483,,
REQ-0000521,2026-11-23,TDMS,TD,Corrective,AST-000226,Sectioning Post,Low,Critical,0.495,274,COR-02,SEC-04,261.429,261.713,Both Lines,Yard,Electrical isolation testing,30,10,15,55,2026-11-23 01:40,2026-11-23 04:15,2026-11-23 05:10,2026-11-25 08:10,Full Block,OHE Tower Wagon,2,Electrical Supervisor,Yes,Yes,Yes,,Critical,Failure risk,6988.11,0.498,,
REQ-0000522,2026-11-22,TDMS,TD,Inspection,AST-000368,Sectioning Post,Medium,Critical,0.316,11,COR-02,SEC-04,266.131,266.187,Up,Loop Line,Power supply inspection,75,10,30,115,2026-11-22 02:39,2026-11-22 04:00,2026-11-22 05:55,2026-11-26 05:55,Full Block,Electrical Testing Kit,2,OHE Authorized Supervisor,Yes,Yes,Yes,S&T,Low,Minor operational impact,12431.05,0.327,,
REQ-0000523,2026-10-27,TDMS,TD,Preventive,AST-000193,OHE Mast,High,Poor,0.465,129,COR-04,SEC-08,394.803,395.143,Up,Loop Line,OHE fitting replacement,30,30,20,80,2026-10-27 00:44,2026-10-27 03:15,2026-10-27 04:35,2026-10-29 04:35,Power Block,OHE Tower Wagon,2,OHE Technician,No,No,No,,Medium,Operational delay,10050.22,0.603,,
REQ-0000524,2026-10-07,TMS,Engineering,Preventive,AST-000452,Bridge,Medium,Fair,0.515,0,COR-01,SEC-01,233.065,233.349,Down,Loop Line,Rail joint replacement,120,10,15,145,2026-10-07 00:49,2026-10-07 03:45,2026-10-07 06:10,2026-10-08 13:10,Full Block,Inspection Vehicle,1,P.Way Technician,Yes,Yes,Yes,,Medium,Operational delay,10122.96,0.375,,
REQ-0000525,2026-10-23,SMMS,S&T,Corrective,AST-000341,Signal,Medium,Good,0.113,240,COR-01,SEC-02,233.347,233.69,Up,Loop Line,Communication equipment maintenance,45,20,30,95,2026-10-22 22:33,2026-10-23 00:00,2026-10-23 01:35,2026-10-28 02:35,Power Block,Maintenance Van,1,Telecom Technician,Yes,Yes,Yes,TD,High,Failure risk,9020.05,0.484,REQ-0000174,Inspection before repair
REQ-0000526,2026-10-25,SMMS,S&T,Preventive,AST-000052,Signal,Medium,Critical,0.318,13,COR-04,SEC-07,358.953,359.117,Down,Yard,Communication equipment maintenance,150,10,10,170,2026-10-25 01:42,2026-10-25 03:00,2026-10-25 05:50,2026-10-28 09:50,Full Block,Maintenance Van,2,Interlocking Technician,Yes,Yes,Yes,Engineering;TD,Medium,Minor operational impact,10256.39,0.33,,
REQ-0000527,2026-10-19,TDMS,TD,Inspection,AST-000051,Traction Substation,Critical,Good,0.751,173,COR-02,SEC-04,327.038,327.127,Down,Yard,OHE mast inspection,30,15,30,75,2026-10-19 01:58,2026-10-19 04:15,2026-10-19 05:30,2026-10-21 07:30,Full Block,OHE Tower Wagon,1,OHE Technician,Yes,Yes,Yes,Engineering,High,Line closure,19594.22,0.838,,
REQ-0000528,2026-10-16,SMMS,S&T,Corrective,AST-000337,Axle Counter,Low,Good,0.464,185,COR-02,SEC-03,290.716,291.101,Down,Main Line,Relay room inspection,45,10,15,70,2026-10-16 02:45,2026-10-16 02:45,2026-10-16 03:55,2026-10-21 05:55,Caution Order,Signal Testing Kit,1,Signal Technician,Yes,Yes,Yes,TD,High,Speed restriction,8343.81,0.489,,
REQ-0000529,2026-11-18,SMMS,S&T,Preventive,AST-000413,Interlocking Equipment,High,Poor,0.436,70,COR-02,SEC-03,301.538,301.929,Up,Loop Line,Signal equipment replacement,30,15,30,75,2026-11-18 14:27,2026-11-18 15:30,2026-11-18 16:45,2026-11-19 20:45,Line Block,Maintenance Van,2,Telecom Technician,Yes,No,Yes,Engineering;TD,Critical,Speed restriction,12378.96,0.529,,
REQ-0000530,2026-10-23,SMMS,S&T,Corrective,AST-000342,Interlocking Equipment,High,Fair,0.29,114,COR-01,SEC-02,193.492,193.65,Up,Loop Line,Signal equipment replacement,75,15,10,100,2026-10-23 00:09,2026-10-23 02:30,2026-10-23 04:10,2026-10-25 07:10,Line Block,Testing Kit,2,Signal Technician,Yes,Yes,No,Engineering,Critical,Line closure,8547.78,0.564,,
REQ-0000531,2026-11-17,SMMS,S&T,Corrective,AST-000415,Telecom,High,Good,0.12,94,COR-03,SEC-05,173.336,173.427,Down,Yard,Relay room inspection,45,10,30,85,2026-11-17 01:54,2026-11-17 03:00,2026-11-17 04:25,2026-11-20 10:25,Full Block,Testing Kit,2,Telecom Technician,Yes,Yes,Yes,TD,Critical,Operational delay,8720.03,0.49,,
REQ-0000532,2026-10-07,TDMS,TD,Preventive,AST-000208,OHE,High,Fair,0.218,216,COR-03,SEC-05,141.537,141.684,Up,Yard,Traction equipment maintenance,30,10,15,55,2026-10-07 03:58,2026-10-07 04:45,2026-10-07 05:40,2026-10-08 11:40,Full Block,Electrical Testing Kit,2,Traction Technician,No,No,No,,Medium,Minor operational impact,12157.69,0.585,,
REQ-0000533,2026-11-03,SMMS,S&T,Corrective,AST-000346,Telecom,Medium,Poor,0.192,207,COR-01,SEC-01,236.8,236.98,Up,Yard,Communication equipment maintenance,30,30,30,90,2026-11-03 01:02,2026-11-03 03:45,2026-11-03 05:15,2026-11-05 09:15,Power Block,Signal Testing Kit,1,Interlocking Technician,Yes,Yes,Yes,Engineering;TD,High,Speed restriction,10988.8,0.508,,
REQ-0000534,2026-10-24,TDMS,TD,Preventive,AST-000370,OHE,Medium,Poor,0.56,0,COR-01,SEC-02,186.444,186.489,Down,Main Line,Traction equipment maintenance,150,30,30,210,2026-10-24 04:35,2026-10-24 04:45,2026-10-24 08:15,2026-10-26 09:15,Full Block,OHE Tower Wagon,1,Electrical Supervisor,Yes,Yes,Yes,S&T,Medium,Speed restriction,8827.14,0.388,,
REQ-0000535,2026-11-04,SMMS,S&T,Preventive,AST-000289,Interlocking Equipment,Medium,Critical,0.498,145,COR-02,SEC-03,268.866,269.199,Down,Yard,Relay room inspection,75,30,15,120,2026-11-03 23:05,2026-11-04 00:45,2026-11-04 02:45,2026-11-05 08:45,Power Block,Signal Testing Kit,1,Interlocking Technician,Yes,No,Yes,Engineering;TD,Low,Minor operational impact,10331.74,0.531,,
REQ-0000536,2026-10-13,TMS,Engineering,Preventive,AST-000196,Track Machine,Medium,Poor,0.682,91,COR-02,SEC-03,291.608,291.759,Both Lines,Loop Line,Rail joint replacement,120,10,30,160,2026-10-13 16:24,2026-10-13 18:45,2026-10-13 21:25,2026-10-14 21:25,Full Block,Maintenance Van,2,P.Way Technician,No,No,No,,High,Line closure,8051.72,0.526,,
REQ-0000537,2026-09-28,SMMS,S&T,Preventive,AST-000091,Signal,High,Poor,0.528,97,COR-02,SEC-03,338.772,338.945,Up,Yard,Track circuit inspection,150,15,10,175,2026-09-28 01:47,2026-09-28 03:15,2026-09-28 06:10,2026-09-29 10:10,Power Block,Testing Kit,1,S&T Supervisor,Yes,No,Yes,Engineering;TD,Low,Minor operational impact,14802.61,0.586,,
REQ-0000538,2026-10-11,TMS,Engineering,Emergency,AST-000470,Level Crossing,High,Fair,0.201,0,COR-01,SEC-01,201.206,201.279,Both Lines,Loop Line,Turnout inspection,45,30,20,95,2026-10-10 23:28,2026-10-11 01:15,2026-10-11 02:50,2026-10-16 08:50,Full Block,Inspection Vehicle,2,P.Way Technician,No,No,No,,Medium,Failure risk,8550.4,0.46,,
REQ-0000539,2026-11-13,SMMS,S&T,Corrective,AST-000166,Telecom,Low,Fair,0.148,161,COR-03,SEC-05,151.225,151.451,Down,Loop Line,Track circuit inspection,60,30,20,110,2026-11-13 00:53,2026-11-13 03:00,2026-11-13 04:50,2026-11-17 04:50,Power Block,Maintenance Van,1,Interlocking Technician,Yes,Yes,Yes,Engineering,High,Operational delay,4583.54,0.373,,
REQ-0000540,2026-09-28,TMS,Engineering,Inspection,AST-000094,Point Machine,Critical,Critical,0.733,267,COR-03,SEC-06,120.281,120.547,Up,Loop Line,Rail joint replacement,150,10,30,190,2026-09-28 04:14,2026-09-28 04:45,2026-09-28 07:55,2026-10-01 12:55,Line Block,Track Machine,1,Bridge Inspector,No,No,No,,Medium,Failure risk,11612.42,0.84,REQ-0000086,Isolation before work
REQ-0000541,2026-10-04,TDMS,TD,Inspection,AST-000189,Traction Substation,High,Fair,0.116,0,COR-01,SEC-01,195.64,195.685,Down,Loop Line,OHE inspection,180,20,20,220,2026-10-04 02:59,2026-10-04 03:45,2026-10-04 07:25,2026-10-09 12:25,Power Block,Electrical Testing Kit,2,OHE Technician,No,No,No,,High,Speed restriction,13842.37,0.355,,
REQ-0000542,2026-11-05,TDMS,TD,Inspection,AST-000027,OHE,High,Poor,0.396,231,COR-04,SEC-07,406.894,407.231,Both Lines,Main Line,Electrical isolation testing,150,10,15,175,2026-11-05 17:37,2026-11-05 18:15,2026-11-05 21:10,2026-11-09 03:10,Full Block,Maintenance Van,1,OHE Technician,Yes,Yes,Yes,S&T,Low,Failure risk,15623.69,0.639,,
REQ-0000543,2026-11-13,TDMS,TD,Corrective,AST-000482,OHE,High,Fair,0.335,69,COR-03,SEC-05,149.097,149.201,Up,Loop Line,OHE fitting replacement,30,30,20,80,2026-11-13 03:55,2026-11-13 04:30,2026-11-13 05:50,2026-11-17 10:50,Power Block,Electrical Testing Kit,1,Electrical Supervisor,Yes,Yes,Yes,Engineering,High,Line closure,9550.94,0.527,,
REQ-0000544,2026-10-20,SMMS,S&T,Preventive,AST-000232,Relay Room,Medium,Fair,0.135,185,COR-03,SEC-06,156.405,156.477,Down,Main Line,Signal equipment inspection,75,15,10,100,2026-10-20 06:08,2026-10-20 07:15,2026-10-20 08:55,2026-10-25 08:55,Line Block,Maintenance Van,2,Interlocking Technician,Yes,No,Yes,TD,Medium,Line closure,6159.76,0.461,,
REQ-0000545,2026-10-23,SMMS,S&T,Preventive,AST-000016,Axle Counter,Medium,Good,0.244,0,COR-03,SEC-05,127.238,127.389,Down,Main Line,Signal equipment replacement,30,15,10,55,2026-10-23 02:02,2026-10-23 03:00,2026-10-23 03:55,2026-10-27 04:55,Full Block,Signal Testing Kit,1,Telecom Technician,Yes,Yes,Yes,Engineering;TD,Medium,Line closure,6455.53,0.293,,
REQ-0000546,2026-11-05,TDMS,TD,Corrective,AST-000041,OHE Mast,High,Fair,0.217,0,COR-02,SEC-04,335.682,335.945,Up,Loop Line,OHE fitting replacement,150,30,30,210,2026-11-05 10:00,2026-11-05 11:45,2026-11-05 15:15,2026-11-07 17:15,Full Block,OHE Tower Wagon,2,Electrical Supervisor,Yes,Yes,Yes,Engineering;S&T,Low,Failure risk,15518.52,0.415,,
REQ-0000547,2026-10-17,SMMS,S&T,Preventive,AST-000186,Signal,High,Good,0.082,125,COR-03,SEC-05,177.013,177.121,Down,Loop Line,Relay room inspection,75,30,30,135,2026-10-17 03:09,2026-10-17 04:30,2026-10-17 06:45,2026-10-21 10:45,Power Block,Maintenance Van,1,Signal Technician,Yes,No,Yes,Engineering;TD,Medium,Operational delay,10070.38,0.483,,
REQ-0000548,2026-11-14,TMS,Engineering,Inspection,AST-000133,Bridge,Medium,Poor,0.286,300,COR-04,SEC-08,362.508,362.859,Up,Loop Line,Rail joint replacement,90,10,20,120,2026-11-14 11:52,2026-11-14 12:30,2026-11-14 14:30,2026-11-15 20:30,Caution Order,Track Machine,1,Track Supervisor,No,No,No,,Medium,Failure risk,11933.3,0.506,,
REQ-0000549,2026-10-08,TDMS,TD,Emergency,AST-000446,OHE Mast,Critical,Poor,0.617,131,COR-03,SEC-05,167.991,168.174,Down,Loop Line,Power supply inspection,150,15,30,195,2026-10-07 21:47,2026-10-08 00:30,2026-10-08 03:45,2026-10-09 06:45,Power Block,Maintenance Van,1,Traction Technician,No,No,No,,High,Failure risk,12097.96,0.831,,
REQ-0000550,2026-11-20,SMMS,S&T,Corrective,AST-000114,Interlocking Equipment,Medium,Poor,0.227,0,COR-04,SEC-07,409.202,409.561,Both Lines,Yard,Axle counter maintenance,90,20,10,120,2026-11-20 00:56,2026-11-20 02:45,2026-11-20 04:45,2026-11-22 11:45,Caution Order,Signal Testing Kit,2,Signal Technician,Yes,No,Yes,,High,Operational delay,6461.41,0.318,,
REQ-0000551,2026-11-16,TDMS,TD,Inspection,AST-000350,Sectioning Post,Medium,Fair,0.229,18,COR-02,SEC-04,331.144,331.533,Up,Main Line,OHE inspection,30,10,10,50,2026-11-16 00:05,2026-11-16 02:45,2026-11-16 03:35,2026-11-17 10:35,Power Block,OHE Tower Wagon,1,Traction Technician,Yes,No,Yes,Engineering,High,Speed restriction,7770.27,0.309,,
REQ-0000552,2026-10-16,TDMS,TD,Emergency,AST-000467,Switching Station,High,Poor,0.459,128,COR-04,SEC-07,353.537,353.648,Up,Main Line,Electrical isolation testing,180,15,15,210,2026-10-15 22:13,2026-10-16 00:15,2026-10-16 03:45,2026-10-20 05:45,Power Block,Maintenance Van,1,Electrical Supervisor,No,No,No,,Medium,Operational delay,14417.21,0.68,,
REQ-0000553,2026-11-04,TMS,Engineering,Preventive,AST-000478,Point Machine,Medium,Poor,0.363,187,COR-03,SEC-06,138.751,138.831,Down,Yard,Turnout inspection,90,30,15,135,2026-11-04 17:19,2026-11-04 19:00,2026-11-04 21:15,2026-11-09 01:15,Full Block,Inspection Vehicle,1,Track Machine Operator,No,No,No,,Medium,Line closure,12619.41,0.529,,
REQ-0000554,2026-11-07,SMMS,S&T,Inspection,AST-000019,Interlocking Equipment,High,Fair,0.419,291,COR-04,SEC-08,387.057,387.317,Up,Yard,Signal equipment replacement,90,20,20,130,2026-11-07 00:06,2026-11-07 00:15,2026-11-07 02:25,2026-11-12 04:25,Line Block,Signal Testing Kit,1,Signal Technician,No,No,No,,Low,Line closure,8551.89,0.646,,
REQ-0000555,2026-10-29,TDMS,TD,Inspection,AST-000159,Switching Station,Critical,Critical,0.53,91,COR-03,SEC-05,144.09,144.231,Up,Main Line,Traction equipment maintenance,45,10,20,75,2026-10-28 23:12,2026-10-29 00:30,2026-10-29 01:45,2026-10-30 01:45,Full Block,Maintenance Van,1,OHE Technician,No,No,No,,Medium,Line closure,18115.56,0.68,,
REQ-0000556,2026-10-14,SMMS,S&T,Corrective,AST-000310,Axle Counter,Medium,Fair,0.265,179,COR-04,SEC-07,372.709,372.997,Up,Yard,Interlocking equipment testing,30,20,15,65,2026-10-14 00:36,2026-10-14 01:00,2026-10-14 02:05,2026-10-19 06:05,Full Block,Testing Kit,1,Interlocking Technician,No,No,No,,Low,Line closure,7990.51,0.528,REQ-0000039,Isolation before work
REQ-0000557,2026-10-29,SMMS,S&T,Inspection,AST-000254,Telecom,High,Poor,0.893,235,COR-03,SEC-05,160.891,161.217,Both Lines,Main Line,Axle counter maintenance,150,20,10,180,2026-10-29 00:43,2026-10-29 03:15,2026-10-29 06:15,2026-11-03 07:15,Full Block,Testing Kit,1,S&T Supervisor,No,No,No,,Medium,Minor operational impact,10497.46,0.788,,
REQ-0000558,2026-11-15,TDMS,TD,Preventive,AST-000178,Traction Substation,Critical,Fair,0.429,110,COR-02,SEC-03,316.402,316.714,Up,Main Line,Power supply inspection,180,20,15,215,2026-11-15 03:45,2026-11-15 04:00,2026-11-15 07:35,2026-11-18 14:35,Power Block,Maintenance Van,2,Traction Technician,Yes,Yes,Yes,S&T,Medium,Line closure,12346.0,0.671,,
REQ-0000559,2026-11-16,TDMS,TD,Preventive,AST-000308,Switching Station,Medium,Fair,0.701,34,COR-02,SEC-04,325.113,325.169,Down,Main Line,Power supply inspection,150,15,15,180,2026-11-15 23:14,2026-11-16 00:00,2026-11-16 03:00,2026-11-21 08:00,Full Block,OHE Tower Wagon,1,Electrical Supervisor,Yes,Yes,Yes,,Medium,Speed restriction,14342.89,0.468,,
REQ-0000560,2026-10-24,TDMS,TD,Emergency,AST-000495,OHE Mast,Medium,Fair,0.174,0,COR-02,SEC-04,282.651,282.764,Down,Main Line,OHE fitting replacement,75,15,10,100,2026-10-24 00:19,2026-10-24 02:30,2026-10-24 04:10,2026-10-28 08:10,Power Block,OHE Tower Wagon,1,OHE Technician,No,No,No,,Low,Operational delay,6166.66,0.352,REQ-0000536,Inspection before repair
REQ-0000561,2026-09-30,TDMS,TD,Corrective,AST-000117,Traction Substation,Low,Good,0.145,0,COR-03,SEC-05,147.505,147.777,Down,Main Line,OHE mast inspection,180,30,30,240,2026-09-30 01:32,2026-09-30 04:30,2026-09-30 08:30,2026-10-04 15:30,Power Block,Maintenance Van,2,OHE Technician,Yes,No,Yes,Engineering;S&T,High,Speed restriction,7226.3,0.194,,
REQ-0000562,2026-11-02,SMMS,S&T,Inspection,AST-000437,Signal,Low,Good,0.484,210,COR-03,SEC-06,131.556,131.72,Down,Main Line,Signal equipment replacement,90,30,20,140,2026-11-02 03:17,2026-11-02 04:30,2026-11-02 06:50,2026-11-03 08:50,Line Block,Signal Testing Kit,1,Signal Technician,No,No,No,,High,Operational delay,9530.79,0.465,REQ-0000169,Testing before restoration
REQ-0000563,2026-10-29,TMS,Engineering,Inspection,AST-000219,Track Machine,High,Good,0.306,14,COR-02,SEC-04,328.042,328.434,Up,Loop Line,Track geometry inspection,60,30,30,120,2026-10-29 03:17,2026-10-29 03:30,2026-10-29 05:30,2026-10-30 07:30,Power Block,Track Machine,1,Bridge Inspector,No,No,No,,Medium,Line closure,9364.04,0.427,REQ-0000107,Inspection before repair
REQ-0000564,2026-10-19,SMMS,S&T,Corrective,AST-000283,Axle Counter,High,Poor,0.275,34,COR-03,SEC-05,166.504,166.854,Both Lines,Loop Line,Relay room inspection,45,30,10,85,2026-10-19 01:57,2026-10-19 04:30,2026-10-19 05:55,2026-10-23 12:55,Full Block,Maintenance Van,1,Signal Technician,Yes,Yes,No,,Low,Operational delay,9251.1,0.47,,
REQ-0000565,2026-11-17,TMS,Engineering,Corrective,AST-000404,Track,Medium,Poor,0.585,171,COR-04,SEC-08,370.263,370.661,Both Lines,Main Line,Track geometry inspection,150,15,30,195,2026-11-17 01:12,2026-11-17 01:45,2026-11-17 05:00,2026-11-18 09:00,Line Block,Crane,1,Bridge Inspector,Yes,Yes,Yes,S&T;TD,Medium,Line closure,10996.33,0.616,,
REQ-0000566,2026-11-18,TDMS,TD,Corrective,AST-000252,OHE Mast,High,Fair,0.347,93,COR-02,SEC-04,293.419,293.49,Up,Yard,Electrical isolation testing,30,10,15,55,2026-11-18 01:23,2026-11-18 02:15,2026-11-18 03:10,2026-11-23 08:10,Full Block,OHE Tower Wagon,2,Electrical Supervisor,Yes,Yes,Yes,,High,Minor operational impact,12449.35,0.557,,
REQ-0000567,2026-10-10,SMMS,S&T,Corrective,AST-000114,Interlocking Equipment,Medium,Poor,0.227,0,COR-04,SEC-07,409.202,409.354,Both Lines,Loop Line,Communication equipment maintenance,120,15,10,145,2026-10-10 00:14,2026-10-10 02:15,2026-10-10 04:40,2026-10-14 09:40,Line Block,Maintenance Van,1,S&T Supervisor,No,No,No,,Medium,Operational delay,9305.72,0.318,REQ-0000349,Inspection before repair
REQ-0000568,2026-10-28,TDMS,TD,Inspection,AST-000473,Traction Substation,High,Excellent,0.372,245,COR-03,SEC-06,149.376,149.588,Down,Loop Line,Traction equipment maintenance,90,10,20,120,2026-10-28 02:54,2026-10-28 04:45,2026-10-28 06:45,2026-11-01 08:45,Full Block,Maintenance Van,2,Electrical Supervisor,Yes,Yes,Yes,Engineering;S&T,High,Failure risk,13965.21,0.632,,
REQ-0000569,2026-11-10,TMS,Engineering,Preventive,AST-000167,Bridge,High,Excellent,0.287,0,COR-03,SEC-06,188.403,188.491,Down,Main Line,Rail joint replacement,75,10,10,95,2026-11-09 23:20,2026-11-10 01:30,2026-11-10 03:05,2026-11-11 07:05,Power Block,Crane,1,P.Way Technician,Yes,Yes,Yes,S&T;TD,High,Failure risk,12363.91,0.406,,
REQ-0000570,2026-11-12,SMMS,S&T,Inspection,AST-000073,Telecom,Medium,Excellent,0.098,155,COR-02,SEC-04,333.976,334.242,Both Lines,Yard,Track circuit inspection,180,20,15,215,2026-11-12 00:33,2026-11-12 02:15,2026-11-12 05:50,2026-11-16 10:50,Full Block,Maintenance Van,1,S&T Supervisor,No,No,No,,Critical,Speed restriction,10631.96,0.422,,
REQ-0000571,2026-10-13,TDMS,TD,Corrective,AST-000079,OHE,Critical,Fair,0.503,226,COR-01,SEC-02,196.158,196.511,Up,Main Line,Power supply inspection,60,30,10,100,2026-10-13 01:14,2026-10-13 03:45,2026-10-13 05:25,2026-10-18 10:25,Power Block,Maintenance Van,1,OHE Technician,Yes,Yes,Yes,Engineering;S&T,Low,Speed restriction,19718.36,0.801,,
REQ-0000572,2026-11-12,TDMS,TD,Corrective,AST-000208,OHE,High,Fair,0.218,216,COR-03,SEC-05,141.537,141.595,Up,Main Line,OHE mast inspection,90,15,20,125,2026-11-11 22:57,2026-11-12 01:00,2026-11-12 03:05,2026-11-15 07:05,Power Block,Maintenance Van,1,Electrical Supervisor,No,No,No,,Medium,Line closure,15124.24,0.615,,
REQ-0000573,2026-11-05,SMMS,S&T,Preventive,AST-000461,Relay Room,High,Critical,0.378,167,COR-01,SEC-02,214.567,214.636,Up,Yard,Signal equipment inspection,180,20,15,215,2026-11-04 23:50,2026-11-05 02:00,2026-11-05 05:35,2026-11-09 06:35,Caution Order,Testing Kit,1,S&T Supervisor,Yes,Yes,Yes,,Medium,Minor operational impact,14872.22,0.619,,
REQ-0000574,2026-10-14,TDMS,TD,Preventive,AST-000029,Switching Station,Medium,Good,0.289,243,COR-01,SEC-02,246.354,246.732,Up,Main Line,OHE inspection,90,10,10,110,2026-10-14 16:08,2026-10-14 18:15,2026-10-14 20:05,2026-10-16 22:05,Full Block,Electrical Testing Kit,1,OHE Authorized Supervisor,Yes,Yes,Yes,S&T,High,Operational delay,10500.81,0.507,,
REQ-0000575,2026-11-03,SMMS,S&T,Preventive,AST-000343,Axle Counter,High,Poor,0.364,60,COR-04,SEC-08,394.368,394.755,Up,Main Line,Signal equipment inspection,45,10,30,85,2026-11-02 23:01,2026-11-03 01:45,2026-11-03 03:10,2026-11-08 10:10,Power Block,Testing Kit,2,Telecom Technician,Yes,Yes,Yes,Engineering,Critical,Line closure,12671.51,0.496,,
REQ-0000576,2026-10-22,TMS,Engineering,Corrective,AST-000113,Level Crossing,Critical,Poor,0.645,102,COR-04,SEC-08,342.104,342.325,Down,Yard,Drainage maintenance,90,30,15,135,2026-10-22 01:38,2026-10-22 04:15,2026-10-22 06:30,2026-10-25 06:30,Line Block,Maintenance Van,1,Track Supervisor,No,No,No,,Critical,Speed restriction,14699.17,0.757,,
REQ-0000577,2026-10-08,SMMS,S&T,Inspection,AST-000340,Signal,Medium,Fair,0.096,94,COR-02,SEC-04,314.72,315.069,Up,Loop Line,Signal equipment inspection,90,30,30,150,2026-10-07 23:08,2026-10-08 01:45,2026-10-08 04:15,2026-10-09 05:15,Caution Order,Maintenance Van,1,Telecom Technician,Yes,Yes,Yes,Engineering,Medium,Speed restriction,10775.94,0.353,,
REQ-0000578,2026-11-16,TDMS,TD,Inspection,AST-000375,OHE Mast,Medium,Fair,0.787,0,COR-01,SEC-02,231.848,232.227,Up,Loop Line,OHE mast inspection,120,10,30,160,2026-11-16 01:25,2026-11-16 02:30,2026-11-16 05:10,2026-11-20 11:10,Full Block,OHE Tower Wagon,1,Electrical Supervisor,Yes,No,Yes,Engineering,Medium,Minor operational impact,8632.52,0.456,,
REQ-0000579,2026-11-22,TMS,Engineering,Preventive,AST-000038,Track Machine,Medium,Good,0.288,251,COR-01,SEC-01,253.308,253.348,Down,Loop Line,Track alignment correction,30,20,15,65,2026-11-22 14:23,2026-11-22 17:00,2026-11-22 18:05,2026-11-25 18:05,Full Block,Inspection Vehicle,1,Track Supervisor,Yes,Yes,Yes,S&T,Medium,Speed restriction,11252.32,0.506,,
REQ-0000580,2026-10-24,TMS,Engineering,Preventive,AST-000037,Bridge,High,Fair,0.402,28,COR-01,SEC-02,213.351,213.667,Up,Loop Line,Track geometry inspection,60,15,20,95,2026-10-24 17:44,2026-10-24 18:30,2026-10-24 20:05,2026-10-29 00:05,Power Block,Inspection Vehicle,1,Bridge Inspector,Yes,Yes,No,S&T;TD,High,Minor operational impact,16798.1,0.472,,
REQ-0000581,2026-11-01,TMS,Engineering,Preventive,AST-000478,Point Machine,Medium,Poor,0.363,187,COR-03,SEC-06,138.751,139.011,Down,Loop Line,Turnout inspection,150,30,20,200,2026-10-31 22:54,2026-11-01 00:45,2026-11-01 04:05,2026-11-06 08:05,Caution Order,Crane,1,Track Machine Operator,Yes,Yes,Yes,S&T;TD,High,Operational delay,7218.97,0.529,,
REQ-0000582,2026-10-06,TDMS,TD,Inspection,AST-000184,OHE,Medium,Good,0.406,218,COR-04,SEC-07,364.125,364.187,Down,Main Line,OHE inspection,30,10,30,70,2026-10-06 08:14,2026-10-06 09:45,2026-10-06 10:55,2026-10-11 10:55,Power Block,Electrical Testing Kit,1,OHE Authorized Supervisor,No,No,No,,Critical,Speed restriction,8420.01,0.542,,
REQ-0000583,2026-10-28,TDMS,TD,Emergency,AST-000087,OHE,High,Good,0.043,0,COR-04,SEC-07,358.224,358.545,Up,Main Line,Sectioning equipment inspection,180,30,20,230,2026-10-28 17:12,2026-10-28 19:00,2026-10-28 22:50,2026-11-02 02:50,Power Block,Maintenance Van,1,OHE Authorized Supervisor,No,No,No,,Medium,Operational delay,11260.82,0.413,,
REQ-0000584,2026-11-05,TMS,Engineering,Inspection,AST-000050,Point Machine,High,Poor,0.367,40,COR-03,SEC-06,176.104,176.279,Up,Main Line,Rail joint replacement,90,20,15,125,2026-11-05 00:34,2026-11-05 02:00,2026-11-05 04:05,2026-11-07 05:05,Full Block,Crane,2,Track Machine Operator,Yes,Yes,Yes,TD,High,Minor operational impact,14182.35,0.475,,
REQ-0000585,2026-10-16,SMMS,S&T,Preventive,AST-000125,Interlocking Equipment,Medium,Fair,0.372,163,COR-03,SEC-06,142.555,142.659,Down,Loop Line,Relay room inspection,30,20,30,80,2026-10-15 23:08,2026-10-16 02:00,2026-10-16 03:20,2026-10-21 08:20,Caution Order,Maintenance Van,1,Interlocking Technician,No,No,No,,Medium,Minor operational impact,12881.73,0.513,,
REQ-0000586,2026-11-10,TDMS,TD,Preventive,AST-000332,Sectioning Post,High,Poor,0.38,248,COR-04,SEC-08,386.261,386.661,Down,Main Line,OHE inspection,180,10,10,200,2026-11-09 22:19,2026-11-10 00:45,2026-11-10 04:05,2026-11-12 04:05,Power Block,Maintenance Van,1,Traction Technician,No,No,No,,Low,Failure risk,13952.85,0.634,REQ-0000349,Testing before restoration
REQ-0000587,2026-10-20,TMS,Engineering,Inspection,AST-000219,Track Machine,High,Good,0.306,14,COR-02,SEC-04,328.042,328.362,Down,Yard,Drainage maintenance,120,10,20,150,2026-10-20 00:33,2026-10-20 02:00,2026-10-20 04:30,2026-10-23 10:30,Caution Order,Crane,1,Track Supervisor,No,No,No,,High,Failure risk,15559.0,0.427,,
REQ-0000588,2026-10-26,TDMS,TD,Preventive,AST-000068,OHE,High,Good,0.198,198,COR-01,SEC-01,194.201,194.434,Up,Loop Line,OHE mast inspection,75,20,10,105,2026-10-25 23:02,2026-10-26 00:45,2026-10-26 02:30,2026-10-30 07:30,Full Block,Maintenance Van,2,OHE Authorized Supervisor,No,No,No,,Low,Minor operational impact,11136.24,0.579,,
REQ-0000589,2026-11-04,TDMS,TD,Preventive,AST-000494,OHE Mast,Critical,Excellent,0.254,73,COR-04,SEC-07,399.233,399.321,Down,Loop Line,OHE fitting replacement,75,15,20,110,2026-11-03 23:24,2026-11-04 01:15,2026-11-04 03:05,2026-11-08 09:05,Full Block,Maintenance Van,1,Traction Technician,Yes,Yes,Yes,,Medium,Failure risk,14489.36,0.577,REQ-0000075,Testing before restoration
REQ-0000590,2026-10-18,TDMS,TD,Preventive,AST-000482,OHE,High,Fair,0.335,69,COR-03,SEC-05,149.097,149.168,Down,Yard,OHE inspection,30,30,15,75,2026-10-18 00:17,2026-10-18 01:30,2026-10-18 02:45,2026-10-22 05:45,Full Block,OHE Tower Wagon,1,OHE Authorized Supervisor,Yes,Yes,Yes,Engineering;S&T,Low,Operational delay,10922.44,0.497,,
REQ-0000591,2026-10-17,TMS,Engineering,Preventive,AST-000169,Level Crossing,High,Critical,0.467,163,COR-01,SEC-01,198.074,198.368,Up,Main Line,Track geometry inspection,90,10,15,115,2026-10-16 23:52,2026-10-17 02:00,2026-10-17 03:55,2026-10-22 07:55,Full Block,Inspection Vehicle,2,P.Way Technician,Yes,Yes,Yes,TD,Medium,Failure risk,11425.4,0.641,,
REQ-0000592,2026-10-24,TMS,Engineering,Corrective,AST-000024,Point Machine,High,Poor,0.398,285,COR-03,SEC-05,133.75,134.097,Up,Loop Line,Ballast maintenance,120,10,20,150,2026-10-23 23:33,2026-10-24 01:15,2026-10-24 03:45,2026-10-26 09:45,Full Block,Inspection Vehicle,1,Track Supervisor,Yes,Yes,Yes,,Critical,Operational delay,12868.64,0.669,,
REQ-0000593,2026-11-15,SMMS,S&T,Corrective,AST-000140,Relay Room,Medium,Fair,0.253,0,COR-03,SEC-06,123.462,123.581,Both Lines,Main Line,Communication equipment maintenance,45,15,10,70,2026-11-14 23:58,2026-11-15 00:30,2026-11-15 01:40,2026-11-20 05:40,Caution Order,Signal Testing Kit,2,Interlocking Technician,Yes,Yes,Yes,Engineering,High,Line closure,8289.53,0.326,,
REQ-0000594,2026-11-03,TDMS,TD,Inspection,AST-000001,Sectioning Post,High,Poor,0.753,139,COR-01,SEC-01,241.916,242.086,Up,Loop Line,Sectioning equipment inspection,75,20,20,115,2026-11-02 22:35,2026-11-03 00:30,2026-11-03 02:25,2026-11-04 09:25,Full Block,Electrical Testing Kit,1,Electrical Supervisor,Yes,No,Yes,Engineering;S&T,High,Operational delay,17277.54,0.7,,
REQ-0000595,2026-10-21,SMMS,S&T,Inspection,AST-000255,Telecom,Critical,Fair,0.521,0,COR-02,SEC-03,325.272,325.517,Up,Loop Line,Signal equipment inspection,75,15,20,110,2026-10-21 15:33,2026-10-21 18:30,2026-10-21 20:20,2026-10-23 03:20,Caution Order,Maintenance Van,2,Interlocking Technician,Yes,No,Yes,,Medium,Operational delay,16353.5,0.576,,
REQ-0000596,2026-10-11,TMS,Engineering,Corrective,AST-000418,Track,Low,Critical,0.403,179,COR-01,SEC-01,249.557,249.61,Up,Loop Line,Drainage maintenance,30,30,30,90,2026-10-11 02:27,2026-10-11 03:15,2026-10-11 04:45,2026-10-16 09:45,Power Block,Maintenance Van,2,Track Supervisor,Yes,No,Yes,S&T;TD,Medium,Speed restriction,7454.51,0.47,,
REQ-0000597,2026-10-13,SMMS,S&T,Preventive,AST-000017,Signal,Medium,Poor,0.694,231,COR-02,SEC-04,336.685,336.824,Up,Yard,Signal equipment replacement,120,15,20,155,2026-10-13 01:47,2026-10-13 02:00,2026-10-13 04:35,2026-10-17 11:35,Line Block,Signal Testing Kit,1,Telecom Technician,Yes,No,Yes,Engineering;TD,Low,Operational delay,13792.8,0.628,,
REQ-0000598,2026-10-07,SMMS,S&T,Preventive,AST-000102,Interlocking Equipment,Medium,Fair,0.469,58,COR-01,SEC-01,228.699,228.915,Up,Yard,Signal equipment replacement,150,30,30,210,2026-10-07 03:01,2026-10-07 03:15,2026-10-07 06:45,2026-10-11 11:45,Caution Order,Signal Testing Kit,2,Interlocking Technician,Yes,Yes,Yes,Engineering;TD,High,Operational delay,8382.5,0.425,,
REQ-0000599,2026-10-02,TDMS,TD,Inspection,AST-000226,Sectioning Post,Low,Critical,0.495,274,COR-02,SEC-04,261.429,261.765,Up,Main Line,OHE mast inspection,60,10,20,90,2026-10-02 06:04,2026-10-02 08:45,2026-10-02 10:15,2026-10-07 13:15,Full Block,OHE Tower Wagon,2,Traction Technician,Yes,Yes,Yes,,Medium,Failure risk,6444.47,0.469,,
REQ-0000600,2026-11-22,SMMS,S&T,Preventive,AST-000026,Relay Room,High,Good,0.373,168,COR-03,SEC-05,171.729,171.856,Down,Main Line,Track circuit inspection,150,20,20,190,2026-11-22 03:46,2026-11-22 04:45,2026-11-22 07:55,2026-11-27 07:55,Caution Order,Maintenance Van,2,S&T Supervisor,No,No,No,,High,Speed restriction,11968.06,0.619,REQ-0000070,Access preparation before maintenance
REQ-0000601,2026-11-16,SMMS,S&T,Inspection,AST-000057,Relay Room,High,Fair,0.346,163,COR-02,SEC-04,297.931,298.156,Up,Yard,Signal equipment replacement,120,10,30,160,2026-11-15 23:09,2026-11-16 01:15,2026-11-16 03:55,2026-11-17 05:55,Line Block,Signal Testing Kit,1,Interlocking Technician,Yes,No,Yes,,Low,Operational delay,14869.02,0.605,,
REQ-0000602,2026-09-28,TMS,Engineering,Preventive,AST-000154,Track Machine,Medium,Good,0.451,256,COR-01,SEC-02,209.845,210.036,Up,Yard,Turnout inspection,30,20,20,70,2026-09-28 03:02,2026-09-28 03:30,2026-09-28 04:40,2026-10-02 06:40,Full Block,Inspection Vehicle,1,Track Machine Operator,Yes,Yes,Yes,S&T,Medium,Minor operational impact,9887.87,0.555,,
REQ-0000603,2026-11-06,TDMS,TD,Corrective,AST-000431,OHE,Medium,Poor,0.43,143,COR-04,SEC-08,370.732,370.783,Down,Loop Line,OHE mast inspection,90,20,10,120,2026-11-05 23:15,2026-11-06 00:15,2026-11-06 02:15,2026-11-11 04:15,Full Block,Maintenance Van,1,Traction Technician,Yes,No,Yes,S&T,Low,Operational delay,9790.33,0.538,,
REQ-0000604,2026-11-18,SMMS,S&T,Corrective,AST-000337,Axle Counter,Low,Good,0.464,185,COR-02,SEC-03,290.716,290.981,Up,Loop Line,Communication equipment maintenance,120,30,10,160,2026-11-18 00:20,2026-11-18 02:45,2026-11-18 05:25,2026-11-19 12:25,Power Block,Signal Testing Kit,1,Telecom Technician,No,No,No,,Critical,Failure risk,9492.0,0.489,,
REQ-0000605,2026-09-29,TDMS,TD,Emergency,AST-000158,OHE,Medium,Excellent,0.618,152,COR-04,SEC-08,366.371,366.553,Down,Loop Line,Sectioning equipment inspection,60,20,10,90,2026-09-28 23:42,2026-09-29 00:30,2026-09-29 02:00,2026-10-03 06:00,Power Block,Electrical Testing Kit,1,OHE Authorized Supervisor,No,No,No,,Medium,Minor operational impact,9584.23,0.654,,
REQ-0000606,2026-10-15,SMMS,S&T,Inspection,AST-000302,Telecom,Medium,Poor,0.276,30,COR-04,SEC-07,386.718,387.08,Up,Loop Line,Relay room inspection,90,30,15,135,2026-10-15 01:28,2026-10-15 03:45,2026-10-15 06:00,2026-10-20 13:00,Line Block,Maintenance Van,1,Telecom Technician,No,No,No,,Medium,Operational delay,10753.65,0.336,,
REQ-0000607,2026-10-07,SMMS,S&T,Corrective,AST-000146,Signal,Medium,Fair,0.329,217,COR-04,SEC-08,392.799,392.983,Up,Main Line,Relay room inspection,75,15,30,120,2026-10-07 04:35,2026-10-07 07:15,2026-10-07 09:15,2026-10-11 15:15,Power Block,Signal Testing Kit,1,Telecom Technician,Yes,Yes,Yes,Engineering,Medium,Minor operational impact,9536.68,0.549,,
REQ-0000608,2026-11-09,TMS,Engineering,Preventive,AST-000088,Bridge,Medium,Good,0.319,0,COR-02,SEC-03,296.862,297.063,Up,Main Line,Turnout inspection,60,10,20,90,2026-11-08 22:05,2026-11-09 00:00,2026-11-09 01:30,2026-11-12 02:30,Full Block,Inspection Vehicle,1,Bridge Inspector,Yes,Yes,Yes,S&T;TD,Medium,Operational delay,9397.88,0.316,,
REQ-0000609,2026-09-29,SMMS,S&T,Inspection,AST-000371,Axle Counter,Medium,Fair,0.343,75,COR-01,SEC-02,235.994,236.183,Both Lines,Main Line,Signal equipment inspection,90,20,15,125,2026-09-29 18:32,2026-09-29 18:45,2026-09-29 20:50,2026-09-30 22:50,Power Block,Testing Kit,2,Signal Technician,Yes,Yes,Yes,Engineering;TD,Low,Line closure,7178.44,0.406,,
REQ-0000610,2026-09-29,TDMS,TD,Inspection,AST-000458,OHE Mast,High,Poor,0.227,42,COR-01,SEC-01,228.664,228.725,Down,Yard,OHE fitting replacement,180,20,15,215,2026-09-29 09:54,2026-09-29 12:15,2026-09-29 15:50,2026-10-04 17:50,Full Block,OHE Tower Wagon,1,OHE Authorized Supervisor,Yes,Yes,Yes,Engineering,Medium,Line closure,9606.49,0.435,,
REQ-0000611,2026-11-01,SMMS,S&T,Corrective,AST-000441,Axle Counter,Medium,Fair,0.175,21,COR-01,SEC-02,192.282,192.454,Down,Loop Line,Interlocking equipment testing,180,15,30,225,2026-10-31 23:30,2026-11-01 00:15,2026-11-01 04:00,2026-11-03 04:00,Full Block,Signal Testing Kit,1,Telecom Technician,Yes,Yes,Yes,Engineering;TD,Medium,Minor operational impact,10268.44,0.326,,
REQ-0000612,2026-11-06,TDMS,TD,Corrective,AST-000179,OHE Mast,High,Good,0.495,7,COR-04,SEC-08,356.853,356.934,Up,Loop Line,Electrical isolation testing,45,20,30,95,2026-11-06 11:08,2026-11-06 12:45,2026-11-06 14:20,2026-11-07 19:20,Full Block,Electrical Testing Kit,2,Electrical Supervisor,No,No,No,,Critical,Minor operational impact,15850.17,0.506,REQ-0000089,Inspection before repair
REQ-0000613,2026-10-11,TDMS,TD,Corrective,AST-000068,OHE,High,Good,0.198,198,COR-01,SEC-01,194.201,194.547,Down,Main Line,OHE inspection,30,10,20,60,2026-10-11 05:32,2026-10-11 06:30,2026-10-11 07:30,2026-10-13 10:30,Power Block,OHE Tower Wagon,2,OHE Technician,Yes,No,Yes,S&T,Medium,Speed restriction,9462.37,0.609,,
REQ-0000614,2026-11-21,TMS,Engineering,Preventive,AST-000143,Track,Medium,Good,0.212,0,COR-04,SEC-07,355.062,355.384,Down,Main Line,Track alignment correction,90,30,20,140,2026-11-21 06:27,2026-11-21 09:15,2026-11-21 11:35,2026-11-22 12:35,Power Block,Maintenance Van,1,Track Supervisor,Yes,No,Yes,S&T,Medium,Minor operational impact,6384.67,0.284,,
REQ-0000615,2026-10-10,SMMS,S&T,Corrective,AST-000115,Axle Counter,Medium,Fair,0.155,103,COR-02,SEC-03,287.392,287.715,Down,Main Line,Signal equipment replacement,30,10,20,60,2026-10-09 23:38,2026-10-10 01:00,2026-10-10 02:00,2026-10-14 03:00,Full Block,Testing Kit,1,Telecom Technician,No,No,No,,Medium,Line closure,6187.69,0.411,,
REQ-0000616,2026-10-23,TMS,Engineering,Preventive,AST-000105,Level Crossing,Low,Fair,0.046,0,COR-03,SEC-05,153.704,153.746,Down,Loop Line,Turnout inspection,150,20,10,180,2026-10-23 06:48,2026-10-23 08:00,2026-10-23 11:00,2026-10-26 13:00,Caution Order,Inspection Vehicle,1,Bridge Inspector,Yes,Yes,Yes,S&T;TD,Medium,Minor operational impact,5565.44,0.134,,
REQ-0000617,2026-10-06,TDMS,TD,Preventive,AST-000201,OHE,Medium,Good,0.081,109,COR-02,SEC-04,264.07,264.239,Up,Main Line,Sectioning equipment inspection,180,10,10,200,2026-10-06 01:56,2026-10-06 02:45,2026-10-06 06:05,2026-10-09 06:05,Full Block,Maintenance Van,1,Traction Technician,Yes,No,No,Engineering;S&T,Medium,Operational delay,6759.57,0.365,,
REQ-0000618,2026-10-29,TDMS,TD,Corrective,AST-000498,Switching Station,Medium,Good,0.24,0,COR-04,SEC-08,409.6,409.696,Down,Yard,OHE mast inspection,90,10,10,110,2026-10-29 02:09,2026-10-29 04:15,2026-10-29 06:05,2026-10-30 09:05,Power Block,OHE Tower Wagon,2,Electrical Supervisor,Yes,Yes,Yes,Engineering;S&T,Medium,Minor operational impact,8762.3,0.322,REQ-0000015,Isolation before work
REQ-0000619,2026-11-06,TDMS,TD,Emergency,AST-000153,Sectioning Post,Medium,Poor,0.217,277,COR-01,SEC-01,182.123,182.27,Up,Main Line,OHE inspection,60,15,15,90,2026-11-06 08:24,2026-11-06 10:45,2026-11-06 12:15,2026-11-11 19:15,Full Block,Electrical Testing Kit,2,Traction Technician,No,No,No,,High,Line closure,11071.06,0.565,,
REQ-0000620,2026-11-18,SMMS,S&T,Preventive,AST-000115,Axle Counter,Medium,Fair,0.155,103,COR-02,SEC-03,287.392,287.465,Both Lines,Loop Line,Signal equipment replacement,150,20,20,190,2026-11-18 00:39,2026-11-18 01:15,2026-11-18 04:25,2026-11-21 06:25,Power Block,Testing Kit,2,Signal Technician,No,No,No,,High,Failure risk,10037.4,0.381,,
REQ-0000621,2026-10-13,TDMS,TD,Corrective,AST-000425,Switching Station,High,Fair,0.494,0,COR-03,SEC-05,125.806,126.07,Up,Main Line,OHE mast inspection,180,10,15,205,2026-10-13 00:33,2026-10-13 01:15,2026-10-13 04:40,2026-10-14 07:40,Power Block,OHE Tower Wagon,1,OHE Technician,Yes,Yes,Yes,S&T,Critical,Operational delay,12304.49,0.498,,
REQ-0000622,2026-11-02,TMS,Engineering,Corrective,AST-000150,Level Crossing,High,Fair,0.304,58,COR-02,SEC-03,304.352,304.502,Up,Main Line,Sleeper replacement,45,15,30,90,2026-11-02 03:59,2026-11-02 04:30,2026-11-02 06:00,2026-11-04 07:00,Caution Order,Crane,2,Track Supervisor,No,No,No,,Medium,Failure risk,15031.24,0.506,,
REQ-0000623,2026-10-17,SMMS,S&T,Preventive,AST-000340,Signal,Medium,Fair,0.096,94,COR-02,SEC-04,314.72,315.039,Down,Yard,Interlocking equipment testing,60,30,15,105,2026-10-17 01:39,2026-10-17 04:00,2026-10-17 05:45,2026-10-21 06:45,Caution Order,Maintenance Van,2,Interlocking Technician,Yes,Yes,Yes,Engineering,Medium,Line closure,9961.23,0.353,REQ-0000260,Testing before restoration
REQ-0000624,2026-10-02,SMMS,S&T,Corrective,AST-000017,Signal,Medium,Poor,0.694,231,COR-02,SEC-04,336.685,337.042,Down,Yard,Interlocking equipment testing,30,20,30,80,2026-10-01 22:48,2026-10-02 01:00,2026-10-02 02:20,2026-10-07 02:20,Power Block,Maintenance Van,2,Signal Technician,Yes,Yes,Yes,Engineering,High,Speed restriction,14429.66,0.658,,
REQ-0000625,2026-10-21,TMS,Engineering,Corrective,AST-000196,Track Machine,Medium,Poor,0.682,91,COR-02,SEC-03,291.608,291.672,Down,Yard,Track alignment correction,90,15,30,135,2026-10-21 03:24,2026-10-21 04:45,2026-10-21 07:00,2026-10-24 10:00,Full Block,Crane,1,Track Supervisor,Yes,Yes,Yes,S&T;TD,Medium,Operational delay,12948.55,0.556,REQ-0000416,Access preparation before maintenance
REQ-0000626,2026-10-09,TMS,Engineering,Preventive,AST-000225,Track,High,Fair,0.462,99,COR-01,SEC-02,183.404,183.752,Both Lines,Main Line,Track geometry inspection,150,15,20,185,2026-10-09 00:09,2026-10-09 00:45,2026-10-09 03:50,2026-10-13 04:50,Full Block,Maintenance Van,1,Track Machine Operator,Yes,Yes,Yes,TD,Medium,Speed restriction,15593.27,0.569,,
REQ-0000627,2026-11-19,TMS,Engineering,Preventive,AST-000107,Track,Medium,Fair,0.18,0,COR-03,SEC-06,126.788,127.086,Down,Yard,Drainage maintenance,180,10,10,200,2026-11-18 23:16,2026-11-19 02:15,2026-11-19 05:35,2026-11-22 12:35,Full Block,Crane,2,P.Way Technician,Yes,Yes,Yes,S&T;TD,Medium,Speed restriction,10117.74,0.274,,
REQ-0000628,2026-10-20,TMS,Engineering,Emergency,AST-000485,Level Crossing,Medium,Fair,0.438,249,COR-03,SEC-06,175.234,175.333,Up,Loop Line,Sleeper replacement,150,15,10,175,2026-10-19 23:20,2026-10-20 00:45,2026-10-20 03:40,2026-10-21 05:40,Line Block,Inspection Vehicle,1,Bridge Inspector,No,No,No,,Critical,Failure risk,8904.55,0.631,,
REQ-0000629,2026-11-04,TDMS,TD,Inspection,AST-000230,Sectioning Post,High,Fair,0.168,49,COR-02,SEC-03,328.138,328.186,Down,Main Line,Sectioning equipment inspection,90,30,20,140,2026-11-04 00:11,2026-11-04 00:45,2026-11-04 03:05,2026-11-07 10:05,Power Block,OHE Tower Wagon,1,OHE Technician,Yes,No,Yes,Engineering,Medium,Failure risk,13431.59,0.425,,
REQ-0000630,2026-10-06,SMMS,S&T,Corrective,AST-000320,Interlocking Equipment,Medium,Poor,0.573,0,COR-01,SEC-02,250.566,250.962,Down,Main Line,Track circuit inspection,120,15,30,165,2026-10-06 03:43,2026-10-06 04:00,2026-10-06 06:45,2026-10-09 08:45,Full Block,Testing Kit,2,S&T Supervisor,Yes,Yes,Yes,Engineering;TD,High,Operational delay,13113.52,0.422,,
REQ-0000631,2026-11-17,TDMS,TD,Inspection,AST-000294,OHE,Medium,Excellent,0.506,165,COR-01,SEC-01,231.137,231.477,Both Lines,Main Line,OHE inspection,150,10,10,170,2026-11-16 22:22,2026-11-17 00:00,2026-11-17 02:50,2026-11-19 07:50,Power Block,OHE Tower Wagon,1,OHE Authorized Supervisor,Yes,Yes,Yes,Engineering;S&T,Medium,Failure risk,7198.79,0.555,,
REQ-0000632,2026-11-08,SMMS,S&T,Emergency,AST-000102,Interlocking Equipment,Medium,Fair,0.469,58,COR-01,SEC-01,228.699,228.777,Up,Yard,Communication equipment maintenance,45,10,20,75,2026-11-08 15:09,2026-11-08 17:30,2026-11-08 18:45,2026-11-12 22:45,Caution Order,Signal Testing Kit,1,S&T Supervisor,No,No,No,,High,Line closure,11067.04,0.505,,
REQ-0000633,2026-11-20,TMS,Engineering,Corrective,AST-000344,Bridge,Low,Good,0.519,149,COR-04,SEC-07,395.808,395.867,Both Lines,Loop Line,Drainage maintenance,120,10,30,160,2026-11-20 18:57,2026-11-20 19:30,2026-11-20 22:10,2026-11-25 02:10,Caution Order,Inspection Vehicle,1,Track Supervisor,No,No,No,,High,Operational delay,10230.45,0.471,,
REQ-0000634,2026-10-05,SMMS,S&T,Preventive,AST-000073,Telecom,Medium,Excellent,0.098,155,COR-02,SEC-04,333.976,334.245,Down,Yard,Signal equipment inspection,150,30,30,210,2026-10-05 08:15,2026-10-05 08:15,2026-10-05 11:45,2026-10-06 16:45,Power Block,Signal Testing Kit,1,Signal Technician,No,No,No,,High,Failure risk,8950.72,0.422,,
REQ-0000635,2026-10-29,TMS,Engineering,Preventive,AST-000143,Track,Medium,Good,0.212,0,COR-04,SEC-07,355.062,355.187,Down,Main Line,Rail joint replacement,180,20,10,210,2026-10-29 00:30,2026-10-29 03:15,2026-10-29 06:45,2026-11-02 09:45,Line Block,Track Machine,2,Track Supervisor,Yes,Yes,Yes,TD,High,Minor operational impact,11529.47,0.284,,
REQ-0000636,2026-11-15,SMMS,S&T,Preventive,AST-000285,Interlocking Equipment,Medium,Fair,0.074,81,COR-01,SEC-02,229.981,230.136,Down,Main Line,Signal equipment replacement,180,10,10,200,2026-11-15 11:47,2026-11-15 14:30,2026-11-15 17:50,2026-11-17 21:50,Caution Order,Testing Kit,1,Signal Technician,Yes,Yes,Yes,Engineering,Medium,Speed restriction,7544.91,0.332,,
REQ-0000637,2026-10-26,TDMS,TD,Preventive,AST-000367,OHE Mast,Low,Critical,0.372,57,COR-04,SEC-08,361.847,362.203,Both Lines,Yard,OHE mast inspection,150,20,30,200,2026-10-25 22:23,2026-10-26 01:15,2026-10-26 04:35,2026-10-31 05:35,Power Block,OHE Tower Wagon,1,OHE Technician,Yes,Yes,Yes,,High,Operational delay,9055.91,0.295,,
REQ-0000638,2026-11-14,TDMS,TD,Inspection,AST-000035,Sectioning Post,Low,Critical,0.371,237,COR-02,SEC-03,327.486,327.828,Both Lines,Yard,OHE fitting replacement,180,30,30,240,2026-11-14 02:27,2026-11-14 04:45,2026-11-14 08:45,2026-11-18 15:45,Power Block,OHE Tower Wagon,1,Traction Technician,No,No,No,,Medium,Failure risk,9583.3,0.431,,
REQ-0000639,2026-10-06,SMMS,S&T,Preventive,AST-000339,Relay Room,Critical,Fair,0.664,189,COR-04,SEC-07,399.807,399.858,Down,Main Line,Axle counter maintenance,75,15,15,105,2026-10-06 02:57,2026-10-06 03:45,2026-10-06 05:30,2026-10-08 06:30,Power Block,Testing Kit,1,Telecom Technician,Yes,No,Yes,Engineering;TD,High,Operational delay,11607.9,0.819,,
REQ-0000640,2026-11-01,TMS,Engineering,Inspection,AST-000470,Level Crossing,High,Fair,0.201,0,COR-01,SEC-01,201.206,201.284,Down,Yard,Track alignment correction,90,20,10,120,2026-10-31 23:32,2026-11-01 02:30,2026-11-01 04:30,2026-11-05 05:30,Caution Order,Track Machine,2,Bridge Inspector,Yes,Yes,Yes,S&T,Medium,Operational delay,9380.84,0.38,,
REQ-0000641,2026-10-28,SMMS,S&T,Emergency,AST-000165,Signal,Medium,Fair,0.231,231,COR-04,SEC-08,389.339,389.608,Down,Loop Line,Signal equipment inspection,120,30,20,170,2026-10-27 23:47,2026-10-28 00:00,2026-10-28 02:50,2026-11-01 09:50,Caution Order,Testing Kit,1,Signal Technician,No,No,No,,Medium,Operational delay,9504.38,0.569,REQ-0000576,Access preparation before maintenance
REQ-0000642,2026-10-04,TDMS,TD,Preventive,AST-000185,Switching Station,Medium,Good,0.397,248,COR-03,SEC-06,178.388,178.65,Down,Main Line,Electrical isolation testing,150,30,15,195,2026-10-04 03:14,2026-10-04 03:45,2026-10-04 07:00,2026-10-07 09:00,Power Block,Maintenance Van,1,Traction Technician,Yes,Yes,Yes,S&T,High,Operational delay,9070.79,0.539,,
REQ-0000643,2026-11-02,SMMS,S&T,Corrective,AST-000323,Axle Counter,Critical,Good,0.689,0,COR-03,SEC-06,129.465,129.687,Up,Loop Line,Relay room inspection,90,15,15,120,2026-11-02 05:24,2026-11-02 07:45,2026-11-02 09:45,2026-11-04 16:45,Full Block,Testing Kit,1,Signal Technician,Yes,Yes,Yes,Engineering;TD,Medium,Line closure,15223.02,0.657,,
REQ-0000644,2026-10-01,TMS,Engineering,Preventive,AST-000411,Bridge,Medium,Good,0.099,103,COR-04,SEC-08,355.981,356.185,Both Lines,Yard,Sleeper replacement,75,15,30,120,2026-10-01 03:26,2026-10-01 04:30,2026-10-01 06:30,2026-10-04 11:30,Power Block,Maintenance Van,2,Bridge Inspector,Yes,Yes,Yes,S&T;TD,Medium,Speed restriction,7182.08,0.364,,
REQ-0000645,2026-10-15,TMS,Engineering,Preventive,AST-000469,Level Crossing,Medium,Fair,0.328,130,COR-04,SEC-08,366.519,366.895,Down,Main Line,Track alignment correction,60,10,30,100,2026-10-15 01:52,2026-10-15 02:30,2026-10-15 04:10,2026-10-16 04:10,Line Block,Crane,1,Bridge Inspector,No,No,No,,Medium,Failure risk,9084.72,0.463,,
REQ-0000646,2026-11-15,SMMS,S&T,Inspection,AST-000232,Relay Room,Medium,Fair,0.135,185,COR-03,SEC-06,156.405,156.546,Down,Main Line,Signal equipment inspection,30,20,10,60,2026-11-15 01:04,2026-11-15 02:30,2026-11-15 03:30,2026-11-19 05:30,Full Block,Testing Kit,1,S&T Supervisor,Yes,Yes,Yes,TD,Medium,Line closure,7342.7,0.461,,
REQ-0000647,2026-11-16,TDMS,TD,Corrective,AST-000025,OHE Mast,Medium,Good,0.391,131,COR-03,SEC-06,129.228,129.581,Up,Main Line,Power supply inspection,75,20,30,125,2026-11-16 00:48,2026-11-16 02:30,2026-11-16 04:35,2026-11-17 10:35,Full Block,Maintenance Van,1,OHE Authorized Supervisor,No,No,No,,Medium,Speed restriction,7752.54,0.513,,
REQ-0000648,2026-10-03,TDMS,TD,Inspection,AST-000353,Traction Substation,Medium,Fair,0.159,0,COR-02,SEC-03,274.745,274.946,Down,Loop Line,Electrical isolation testing,30,10,15,55,2026-10-02 23:42,2026-10-03 00:45,2026-10-03 01:40,2026-10-07 05:40,Power Block,Maintenance Van,2,OHE Authorized Supervisor,No,No,No,,Medium,Line closure,9316.01,0.268,,
REQ-0000649,2026-11-07,TDMS,TD,Preventive,AST-000442,OHE Mast,High,Excellent,0.328,18,COR-04,SEC-07,361.867,362.059,Down,Yard,OHE fitting replacement,120,20,10,150,2026-11-06 23:08,2026-11-07 00:15,2026-11-07 02:45,2026-11-10 03:45,Full Block,Maintenance Van,1,OHE Authorized Supervisor,Yes,Yes,Yes,,High,Minor operational impact,8863.46,0.438,,
REQ-0000650,2026-11-05,TMS,Engineering,Corrective,AST-000078,Track Machine,Medium,Fair,0.22,329,COR-04,SEC-08,389.062,389.376,Up,Yard,Sleeper replacement,75,15,30,120,2026-11-05 08:24,2026-11-05 10:00,2026-11-05 12:00,2026-11-06 13:00,Power Block,Inspection Vehicle,2,P.Way Technician,Yes,No,Yes,S&T;TD,Medium,Line closure,11194.45,0.516,,
REQ-0000651,2026-10-22,TMS,Engineering,Corrective,AST-000253,Bridge,Low,Poor,0.53,173,COR-02,SEC-04,280.538,280.85,Up,Loop Line,Track alignment correction,45,15,20,80,2026-10-22 00:24,2026-10-22 03:00,2026-10-22 04:20,2026-10-25 07:20,Line Block,Crane,1,Bridge Inspector,Yes,Yes,Yes,S&T,Medium,Speed restriction,6303.97,0.501,,
REQ-0000652,2026-11-20,TMS,Engineering,Emergency,AST-000128,Point Machine,Medium,Poor,0.552,0,COR-03,SEC-06,143.529,143.641,Up,Main Line,Sleeper replacement,90,20,15,125,2026-11-20 14:35,2026-11-20 17:15,2026-11-20 19:20,2026-11-24 23:20,Caution Order,Crane,1,P.Way Technician,No,No,No,,Medium,Speed restriction,10469.32,0.466,,
REQ-0000653,2026-10-24,TMS,Engineering,Corrective,AST-000077,Bridge,Medium,Poor,0.78,0,COR-02,SEC-04,287.354,287.698,Up,Yard,Sleeper replacement,60,20,30,110,2026-10-24 03:23,2026-10-24 04:30,2026-10-24 06:20,2026-10-26 07:20,Caution Order,Crane,1,Bridge Inspector,No,No,No,,Medium,Speed restriction,11233.04,0.484,REQ-0000599,Access preparation before maintenance
REQ-0000654,2026-10-02,TDMS,TD,Corrective,AST-000303,OHE,Low,Poor,0.22,81,COR-04,SEC-07,364.586,364.656,Down,Yard,Power supply inspection,30,20,30,80,2026-10-02 15:43,2026-10-02 18:15,2026-10-02 19:35,2026-10-07 01:35,Full Block,OHE Tower Wagon,1,OHE Technician,Yes,No,Yes,S&T,Medium,Line closure,6328.29,0.306,,
REQ-0000655,2026-10-27,TDMS,TD,Inspection,AST-000355,Sectioning Post,Medium,Good,0.359,0,COR-04,SEC-08,374.687,375.047,Down,Loop Line,OHE mast inspection,120,15,20,155,2026-10-27 10:48,2026-10-27 13:15,2026-10-27 15:50,2026-11-01 22:50,Power Block,OHE Tower Wagon,1,Electrical Supervisor,Yes,No,Yes,S&T,Medium,Operational delay,11780.11,0.328,REQ-0000462,Isolation before work
REQ-0000656,2026-10-04,TMS,Engineering,Preventive,AST-000450,Bridge,High,Good,0.117,0,COR-04,SEC-07,365.944,366.093,Both Lines,Yard,Turnout inspection,30,15,30,75,2026-10-04 03:02,2026-10-04 04:00,2026-10-04 05:15,2026-10-07 10:15,Full Block,Inspection Vehicle,1,Bridge Inspector,No,No,No,,Medium,Minor operational impact,14759.09,0.355,,
REQ-0000657,2026-10-31,TDMS,TD,Preventive,AST-000473,Traction Substation,High,Excellent,0.372,245,COR-03,SEC-06,149.376,149.682,Up,Main Line,OHE inspection,75,30,10,115,2026-10-30 23:34,2026-10-31 02:00,2026-10-31 03:55,2026-11-01 07:55,Full Block,Electrical Testing Kit,1,OHE Authorized Supervisor,Yes,Yes,Yes,Engineering,Medium,Speed restriction,15259.56,0.632,,
REQ-0000658,2026-11-04,TMS,Engineering,Preventive,AST-000315,Level Crossing,High,Good,0.46,118,COR-03,SEC-05,137.308,137.705,Down,Main Line,Drainage maintenance,180,20,20,220,2026-11-04 10:40,2026-11-04 12:00,2026-11-04 15:40,2026-11-07 21:40,Power Block,Track Machine,2,Track Machine Operator,Yes,Yes,Yes,TD,High,Operational delay,13373.25,0.589,,
REQ-0000659,2026-10-03,SMMS,S&T,Corrective,AST-000255,Telecom,Critical,Fair,0.521,0,COR-02,SEC-03,325.272,325.504,Up,Yard,Communication equipment maintenance,45,20,20,85,2026-10-03 01:04,2026-10-03 03:15,2026-10-03 04:40,2026-10-04 06:40,Line Block,Signal Testing Kit,1,Interlocking Technician,Yes,No,Yes,,Medium,Failure risk,19797.53,0.606,,
REQ-0000660,2026-10-17,TDMS,TD,Preventive,AST-000082,Traction Substation,Medium,Critical,0.408,193,COR-02,SEC-04,295.071,295.252,Both Lines,Loop Line,OHE fitting replacement,180,10,10,200,2026-10-17 02:47,2026-10-17 04:00,2026-10-17 07:20,2026-10-20 09:20,Full Block,Electrical Testing Kit,1,OHE Technician,Yes,Yes,Yes,Engineering,Medium,Operational delay,6982.46,0.542,,
REQ-0000661,2026-11-03,SMMS,S&T,Inspection,AST-000472,Axle Counter,Medium,Good,0.482,123,COR-02,SEC-04,269.502,269.75,Down,Loop Line,Relay room inspection,75,10,15,100,2026-11-03 02:11,2026-11-03 03:45,2026-11-03 05:25,2026-11-06 09:25,Power Block,Testing Kit,2,Signal Technician,No,No,No,,Medium,Failure risk,13794.34,0.501,,
REQ-0000662,2026-10-23,SMMS,S&T,Corrective,AST-000009,Telecom,High,Good,0.353,248,COR-01,SEC-01,182.465,182.595,Up,Main Line,Interlocking equipment testing,150,30,10,190,2026-10-23 01:05,2026-10-23 03:00,2026-10-23 06:10,2026-10-24 10:10,Caution Order,Signal Testing Kit,1,S&T Supervisor,No,No,No,,Medium,Minor operational impact,9415.5,0.656,,
REQ-0000663,2026-10-14,TDMS,TD,Preventive,AST-000069,Switching Station,High,Fair,0.19,234,COR-01,SEC-01,180.585,180.858,Up,Main Line,Sectioning equipment inspection,180,20,10,210,2026-10-14 09:04,2026-10-14 09:15,2026-10-14 12:45,2026-10-17 12:45,Full Block,Maintenance Van,2,OHE Technician,No,No,No,,High,Speed restriction,9272.37,0.577,,
REQ-0000664,2026-11-18,TMS,Engineering,Corrective,AST-000060,Point Machine,High,Good,0.136,14,COR-01,SEC-01,206.73,207.106,Up,Main Line,Turnout inspection,150,30,15,195,2026-11-18 07:16,2026-11-18 08:15,2026-11-18 11:30,2026-11-21 11:30,Caution Order,Crane,2,Track Supervisor,Yes,No,Yes,,High,Speed restriction,13006.96,0.406,,
REQ-0000665,2026-10-18,TMS,Engineering,Corrective,AST-000162,Level Crossing,Medium,Poor,0.414,271,COR-03,SEC-06,130.903,131.262,Down,Main Line,Ballast maintenance,120,30,30,180,2026-10-18 00:04,2026-10-18 03:00,2026-10-18 06:00,2026-10-20 13:00,Caution Order,Crane,1,Bridge Inspector,Yes,Yes,Yes,S&T,Medium,Failure risk,6983.87,0.574,,
REQ-0000666,2026-10-10,SMMS,S&T,Inspection,AST-000331,Telecom,Medium,Fair,0.298,75,COR-04,SEC-08,344.495,344.594,Up,Main Line,Axle counter maintenance,180,30,30,240,2026-10-10 00:32,2026-10-10 03:30,2026-10-10 07:30,2026-10-15 09:30,Power Block,Maintenance Van,1,Signal Technician,No,No,No,,Low,Operational delay,7646.11,0.393,,
REQ-0000667,2026-10-23,TMS,Engineering,Corrective,AST-000039,Track,High,Poor,0.296,200,COR-01,SEC-02,230.633,230.831,Up,Main Line,Rail joint replacement,120,30,10,160,2026-10-22 23:54,2026-10-23 00:00,2026-10-23 02:40,2026-10-27 02:40,Power Block,Track Machine,1,Track Machine Operator,No,No,No,,High,Failure risk,8448.34,0.639,,
REQ-0000668,2026-10-20,SMMS,S&T,Corrective,AST-000371,Axle Counter,Medium,Fair,0.343,75,COR-01,SEC-02,235.994,236.365,Up,Yard,Relay room inspection,180,30,15,225,2026-10-20 01:54,2026-10-20 02:00,2026-10-20 05:45,2026-10-22 12:45,Full Block,Testing Kit,2,Telecom Technician,Yes,Yes,Yes,Engineering;TD,Medium,Failure risk,8981.91,0.436,,
REQ-0000669,2026-11-19,TDMS,TD,Corrective,AST-000361,OHE Mast,Low,Good,0.255,53,COR-04,SEC-08,353.068,353.103,Down,Main Line,Electrical isolation testing,45,10,30,85,2026-11-19 01:16,2026-11-19 03:00,2026-11-19 04:25,2026-11-20 11:25,Power Block,Maintenance Van,1,OHE Authorized Supervisor,Yes,Yes,Yes,Engineering;S&T,High,Failure risk,8021.77,0.285,REQ-0000473,Access preparation before maintenance
REQ-0000670,2026-10-22,TMS,Engineering,Inspection,AST-000049,Track Machine,Medium,Good,0.227,30,COR-03,SEC-05,130.012,130.111,Both Lines,Yard,Sleeper replacement,150,30,10,190,2026-10-21 23:35,2026-10-22 02:00,2026-10-22 05:10,2026-10-24 10:10,Line Block,Track Machine,2,Track Machine Operator,Yes,Yes,Yes,S&T;TD,Medium,Minor operational impact,7508.97,0.321,,
REQ-0000671,2026-11-01,SMMS,S&T,Inspection,AST-000340,Signal,Medium,Fair,0.096,94,COR-02,SEC-04,314.72,314.908,Both Lines,Yard,Signal equipment replacement,90,10,10,110,2026-10-31 22:17,2026-11-01 01:15,2026-11-01 03:05,2026-11-05 06:05,Full Block,Maintenance Van,1,Telecom Technician,Yes,Yes,Yes,Engineering;TD,Medium,Operational delay,9660.17,0.353,,
REQ-0000672,2026-11-12,SMMS,S&T,Preventive,AST-000279,Signal,Medium,Good,0.193,76,COR-04,SEC-07,402.478,402.801,Up,Main Line,Signal equipment inspection,45,10,15,70,2026-11-11 21:59,2026-11-12 00:15,2026-11-12 01:25,2026-11-14 05:25,Caution Order,Signal Testing Kit,2,Telecom Technician,Yes,Yes,Yes,Engineering;TD,Critical,Minor operational impact,6280.25,0.362,,
REQ-0000673,2026-10-02,SMMS,S&T,Preventive,AST-000057,Relay Room,High,Fair,0.346,163,COR-02,SEC-04,297.931,298.153,Down,Loop Line,Track circuit inspection,180,20,15,215,2026-10-02 00:58,2026-10-02 03:30,2026-10-02 07:05,2026-10-04 11:05,Power Block,Maintenance Van,1,S&T Supervisor,Yes,Yes,Yes,Engineering;TD,Medium,Speed restriction,13279.42,0.605,,
REQ-0000674,2026-11-20,TDMS,TD,Corrective,AST-000385,Traction Substation,High,Excellent,0.159,91,COR-03,SEC-06,163.165,163.275,Up,Main Line,Sectioning equipment inspection,180,20,15,215,2026-11-20 04:35,2026-11-20 04:45,2026-11-20 08:20,2026-11-23 12:20,Power Block,OHE Tower Wagon,1,Traction Technician,Yes,Yes,Yes,Engineering,Medium,Minor operational impact,7757.67,0.499,,
REQ-0000675,2026-10-05,TMS,Engineering,Preventive,AST-000469,Level Crossing,Medium,Fair,0.328,130,COR-04,SEC-08,366.519,366.84,Both Lines,Loop Line,Turnout inspection,120,20,10,150,2026-10-05 19:24,2026-10-05 19:45,2026-10-05 22:15,2026-10-08 04:15,Caution Order,Maintenance Van,1,P.Way Technician,Yes,No,Yes,TD,Medium,Speed restriction,9527.25,0.463,,
REQ-0000676,2026-10-13,TMS,Engineering,Corrective,AST-000398,Bridge,Medium,Good,0.208,117,COR-02,SEC-03,272.335,272.373,Down,Loop Line,Track alignment correction,180,30,15,225,2026-10-13 03:49,2026-10-13 04:30,2026-10-13 08:15,2026-10-15 10:15,Caution Order,Maintenance Van,1,Track Machine Operator,No,No,No,,Critical,Speed restriction,7976.63,0.442,,
REQ-0000677,2026-10-15,TMS,Engineering,Preventive,AST-000397,Bridge,Medium,Poor,0.483,0,COR-03,SEC-05,136.246,136.618,Down,Loop Line,Track alignment correction,150,10,15,175,2026-10-15 16:07,2026-10-15 17:15,2026-10-15 20:10,2026-10-18 20:10,Caution Order,Crane,1,P.Way Technician,Yes,No,Yes,,High,Failure risk,8994.1,0.365,,
REQ-0000678,2026-10-25,SMMS,S&T,Preventive,AST-000058,Signal,High,Fair,0.478,254,COR-04,SEC-07,378.44,378.551,Down,Main Line,Signal equipment replacement,75,15,30,120,2026-10-24 21:44,2026-10-25 00:00,2026-10-25 02:00,2026-10-30 05:00,Caution Order,Testing Kit,1,Signal Technician,Yes,Yes,Yes,,Medium,Failure risk,15986.21,0.663,,
REQ-0000679,2026-11-03,SMMS,S&T,Corrective,AST-000009,Telecom,High,Good,0.353,248,COR-01,SEC-01,182.465,182.65,Up,Main Line,Relay room inspection,120,15,10,145,2026-11-03 19:10,2026-11-03 20:00,2026-11-03 22:25,2026-11-09 04:25,Full Block,Testing Kit,1,Telecom Technician,Yes,Yes,Yes,Engineering,Medium,Speed restriction,16000.27,0.656,REQ-0000397,Isolation before work
REQ-0000680,2026-11-04,TMS,Engineering,Emergency,AST-000273,Bridge,Medium,Fair,0.191,117,COR-04,SEC-08,356.429,356.501,Up,Yard,Turnout inspection,90,20,15,125,2026-11-04 10:38,2026-11-04 12:00,2026-11-04 14:05,2026-11-09 14:05,Full Block,Inspection Vehicle,2,Bridge Inspector,No,No,No,,Medium,Line closure,6378.29,0.487,,
REQ-0000681,2026-10-06,TDMS,TD,Inspection,AST-000047,OHE,Medium,Fair,0.303,0,COR-02,SEC-03,283.629,283.951,Down,Yard,Sectioning equipment inspection,150,30,20,200,2026-10-06 02:18,2026-10-06 03:00,2026-10-06 06:20,2026-10-07 13:20,Full Block,OHE Tower Wagon,2,Traction Technician,Yes,No,Yes,Engineering,High,Minor operational impact,9152.82,0.311,,
REQ-0000682,2026-11-17,TDMS,TD,Inspection,AST-000314,OHE Mast,Medium,Fair,0.288,0,COR-03,SEC-05,176.861,177.063,Up,Yard,Power supply inspection,90,20,30,140,2026-11-17 03:52,2026-11-17 04:00,2026-11-17 06:20,2026-11-22 10:20,Power Block,Maintenance Van,1,OHE Technician,Yes,Yes,Yes,,Low,Failure risk,8904.86,0.306,,
REQ-0000683,2026-09-30,SMMS,S&T,Preventive,AST-000057,Relay Room,High,Fair,0.346,163,COR-02,SEC-04,297.931,298.079,Down,Loop Line,Axle counter maintenance,30,20,30,80,2026-09-29 23:08,2026-09-30 00:30,2026-09-30 01:50,2026-10-01 01:50,Full Block,Testing Kit,2,Signal Technician,Yes,No,No,Engineering,High,Operational delay,14819.19,0.605,,
REQ-0000684,2026-10-18,SMMS,S&T,Preventive,AST-000011,Interlocking Equipment,Medium,Fair,0.164,90,COR-01,SEC-02,187.204,187.354,Down,Main Line,Signal equipment inspection,150,30,30,210,2026-10-18 01:39,2026-10-18 02:45,2026-10-18 06:15,2026-10-20 08:15,Line Block,Maintenance Van,2,S&T Supervisor,Yes,Yes,Yes,Engineering,High,Speed restriction,9233.27,0.369,REQ-0000142,Access preparation before maintenance
REQ-0000685,2026-10-17,SMMS,S&T,Preventive,AST-000480,Signal,Medium,Fair,0.403,197,COR-04,SEC-07,369.92,370.082,Up,Main Line,Relay room inspection,60,15,20,95,2026-10-17 02:48,2026-10-17 03:00,2026-10-17 04:35,2026-10-22 05:35,Line Block,Maintenance Van,2,Telecom Technician,No,No,No,,Medium,Operational delay,12698.03,0.541,,
REQ-0000686,2026-11-12,SMMS,S&T,Preventive,AST-000097,Relay Room,Medium,Critical,0.413,42,COR-03,SEC-06,159.686,160.07,Down,Loop Line,Interlocking equipment testing,150,10,10,170,2026-11-11 21:22,2026-11-12 00:15,2026-11-12 03:05,2026-11-13 03:05,Full Block,Signal Testing Kit,1,S&T Supervisor,Yes,No,Yes,TD,High,Failure risk,9733.41,0.391,,
REQ-0000687,2026-11-22,SMMS,S&T,Preventive,AST-000139,Signal,Medium,Good,0.111,16,COR-04,SEC-08,355.456,355.821,Up,Loop Line,Relay room inspection,45,10,10,65,2026-11-22 01:18,2026-11-22 03:15,2026-11-22 04:20,2026-11-23 05:20,Line Block,Maintenance Van,1,S&T Supervisor,Yes,Yes,Yes,,Low,Failure risk,6536.56,0.271,,
REQ-0000688,2026-11-11,SMMS,S&T,Corrective,AST-000474,Relay Room,Medium,Good,0.338,106,COR-01,SEC-02,201.936,202.051,Up,Main Line,Axle counter maintenance,75,10,20,105,2026-11-11 05:05,2026-11-11 07:30,2026-11-11 09:15,2026-11-12 09:15,Line Block,Maintenance Van,2,S&T Supervisor,No,No,No,,High,Operational delay,11515.7,0.469,,
REQ-0000689,2026-10-07,TDMS,TD,Preventive,AST-000274,OHE,Medium,Poor,0.55,269,COR-04,SEC-08,343.622,343.886,Down,Main Line,Electrical isolation testing,75,10,10,95,2026-10-07 13:19,2026-10-07 15:00,2026-10-07 16:35,2026-10-09 20:35,Power Block,Electrical Testing Kit,1,Traction Technician,Yes,Yes,Yes,Engineering;S&T,Medium,Failure risk,7345.5,0.585,,
REQ-0000690,2026-11-13,SMMS,S&T,Inspection,AST-000091,Signal,High,Poor,0.528,97,COR-02,SEC-03,338.772,339.047,Down,Yard,Interlocking equipment testing,150,10,20,180,2026-11-13 02:09,2026-11-13 03:00,2026-11-13 06:00,2026-11-16 12:00,Line Block,Maintenance Van,1,Interlocking Technician,Yes,Yes,Yes,Engineering,High,Failure risk,10813.31,0.586,REQ-0000047,Isolation before work
REQ-0000691,2026-11-20,TMS,Engineering,Emergency,AST-000110,Level Crossing,Medium,Poor,0.259,32,COR-02,SEC-04,316.82,317.161,Down,Yard,Track geometry inspection,60,30,30,120,2026-11-20 00:19,2026-11-20 01:45,2026-11-20 03:45,2026-11-24 06:45,Caution Order,Track Machine,1,Track Machine Operator,No,No,No,,Medium,Minor operational impact,11150.32,0.413,,
REQ-0000692,2026-11-20,TDMS,TD,Corrective,AST-000468,Switching Station,High,Fair,0.203,146,COR-03,SEC-06,155.761,156.151,Down,Loop Line,OHE inspection,60,30,10,100,2026-11-20 03:52,2026-11-20 04:15,2026-11-20 05:55,2026-11-21 06:55,Full Block,OHE Tower Wagon,1,Traction Technician,No,No,No,,Medium,Failure risk,12828.63,0.573,,
REQ-0000693,2026-11-22,TDMS,TD,Inspection,AST-000223,Sectioning Post,High,Good,0.427,30,COR-02,SEC-03,298.179,298.315,Down,Main Line,OHE fitting replacement,75,20,15,110,2026-11-22 00:59,2026-11-22 03:30,2026-11-22 05:20,2026-11-23 08:20,Power Block,OHE Tower Wagon,1,OHE Authorized Supervisor,Yes,Yes,Yes,Engineering,Critical,Minor operational impact,16834.48,0.481,,
REQ-0000694,2026-11-14,TDMS,TD,Emergency,AST-000406,Sectioning Post,Medium,Good,0.206,0,COR-02,SEC-03,328.477,328.525,Up,Main Line,Power supply inspection,120,30,15,165,2026-11-14 01:42,2026-11-14 04:30,2026-11-14 07:15,2026-11-17 08:15,Power Block,Maintenance Van,2,OHE Technician,No,No,No,,Critical,Minor operational impact,11195.15,0.362,,
REQ-0000695,2026-11-15,TMS,Engineering,Preventive,AST-000435,Bridge,Medium,Good,0.137,150,COR-02,SEC-04,328.52,328.874,Down,Loop Line,Track alignment correction,60,10,15,85,2026-11-15 03:19,2026-11-15 03:30,2026-11-15 04:55,2026-11-18 10:55,Line Block,Inspection Vehicle,2,P.Way Technician,Yes,Yes,Yes,S&T;TD,Medium,Minor operational impact,10256.63,0.428,,
REQ-0000696,2026-10-29,TDMS,TD,Preventive,AST-000373,Sectioning Post,Medium,Poor,0.46,235,COR-02,SEC-04,288.136,288.404,Down,Loop Line,Traction equipment maintenance,180,15,20,215,2026-10-29 07:04,2026-10-29 07:45,2026-10-29 11:20,2026-11-02 14:20,Full Block,Electrical Testing Kit,2,OHE Authorized Supervisor,No,No,No,,Medium,Operational delay,8424.1,0.558,,
REQ-0000697,2026-10-02,SMMS,S&T,Emergency,AST-000198,Signal,High,Poor,0.495,265,COR-04,SEC-08,346.567,346.624,Up,Yard,Signal equipment replacement,90,10,30,130,2026-10-02 01:15,2026-10-02 03:30,2026-10-02 05:40,2026-10-04 07:40,Full Block,Signal Testing Kit,2,Telecom Technician,No,No,No,,Medium,Line closure,17455.69,0.749,REQ-0000409,Access preparation before maintenance
REQ-0000698,2026-10-01,TDMS,TD,Inspection,AST-000326,OHE Mast,High,Poor,0.622,0,COR-01,SEC-01,199.581,199.811,Both Lines,Main Line,Electrical isolation testing,75,10,20,105,2026-10-01 02:23,2026-10-01 04:15,2026-10-01 06:00,2026-10-03 09:00,Power Block,Maintenance Van,1,Electrical Supervisor,Yes,Yes,Yes,Engineering;S&T,Medium,Line closure,10257.55,0.507,,
REQ-0000699,2026-11-14,TMS,Engineering,Inspection,AST-000319,Track Machine,High,Good,0.033,14,COR-01,SEC-02,242.621,242.973,Up,Loop Line,Turnout inspection,45,10,30,85,2026-11-14 04:26,2026-11-14 07:00,2026-11-14 08:25,2026-11-18 10:25,Caution Order,Maintenance Van,2,Track Supervisor,Yes,Yes,Yes,S&T,Medium,Line closure,9350.03,0.345,,
REQ-0000700,2026-11-20,SMMS,S&T,Corrective,AST-000181,Relay Room,Medium,Critical,0.342,227,COR-02,SEC-04,311.44,311.765,Both Lines,Yard,Communication equipment maintenance,90,20,20,130,2026-11-20 01:25,2026-11-20 01:30,2026-11-20 03:40,2026-11-25 05:40,Caution Order,Maintenance Van,1,Signal Technician,Yes,Yes,Yes,Engineering;TD,Medium,Speed restriction,7206.58,0.553,,
REQ-0000701,2026-10-02,TDMS,TD,Preventive,AST-000180,Traction Substation,High,Good,0.036,41,COR-03,SEC-05,129.162,129.351,Down,Yard,Electrical isolation testing,60,30,20,110,2026-10-02 02:12,2026-10-02 02:45,2026-10-02 04:35,2026-10-05 04:35,Power Block,Maintenance Van,2,OHE Authorized Supervisor,Yes,Yes,Yes,Engineering,Low,Failure risk,7426.48,0.376,,
REQ-0000702,2026-11-13,SMMS,S&T,Corrective,AST-000360,Signal,High,Critical,0.434,0,COR-03,SEC-05,186.724,186.81,Up,Yard,Axle counter maintenance,150,20,15,185,2026-11-13 01:11,2026-11-13 03:30,2026-11-13 06:35,2026-11-18 08:35,Power Block,Maintenance Van,1,Interlocking Technician,Yes,Yes,Yes,TD,High,Failure risk,12244.68,0.48,,
REQ-0000703,2026-11-01,TDMS,TD,Corrective,AST-000314,OHE Mast,Medium,Fair,0.288,0,COR-03,SEC-05,176.861,176.992,Down,Loop Line,OHE fitting replacement,75,10,30,115,2026-11-01 00:00,2026-11-01 03:00,2026-11-01 04:55,2026-11-05 05:55,Power Block,OHE Tower Wagon,1,Electrical Supervisor,Yes,Yes,Yes,,High,Speed restriction,10941.83,0.336,,
REQ-0000704,2026-11-21,SMMS,S&T,Inspection,AST-000316,Axle Counter,Medium,Fair,0.293,142,COR-04,SEC-07,375.86,376.085,Down,Main Line,Relay room inspection,30,20,20,70,2026-11-20 23:54,2026-11-21 00:00,2026-11-21 01:10,2026-11-24 01:10,Line Block,Signal Testing Kit,1,Telecom Technician,No,No,No,,Medium,Speed restriction,10992.93,0.466,,
REQ-0000705,2026-10-10,TMS,Engineering,Inspection,AST-000344,Bridge,Low,Good,0.519,149,COR-04,SEC-07,395.808,395.997,Up,Main Line,Turnout inspection,75,15,30,120,2026-10-10 14:07,2026-10-10 15:00,2026-10-10 17:00,2026-10-15 20:00,Full Block,Maintenance Van,1,Track Machine Operator,Yes,Yes,Yes,S&T;TD,Critical,Minor operational impact,9998.15,0.441,,
REQ-0000706,2026-10-12,TMS,Engineering,Corrective,AST-000012,Track Machine,Medium,Fair,0.127,50,COR-04,SEC-07,361.106,361.394,Down,Loop Line,Turnout inspection,45,30,15,90,2026-10-12 02:05,2026-10-12 04:45,2026-10-12 06:15,2026-10-17 10:15,Caution Order,Crane,1,Bridge Inspector,Yes,Yes,Yes,S&T;TD,Medium,Speed restriction,6251.01,0.344,,
REQ-0000707,2026-10-15,SMMS,S&T,Preventive,AST-000033,Interlocking Equipment,Medium,Poor,0.348,143,COR-01,SEC-02,205.439,205.522,Down,Yard,Signal equipment inspection,120,20,20,160,2026-10-15 04:40,2026-10-15 06:45,2026-10-15 09:25,2026-10-18 10:25,Caution Order,Signal Testing Kit,2,S&T Supervisor,No,No,No,,Medium,Minor operational impact,6701.68,0.483,,
REQ-0000708,2026-10-14,SMMS,S&T,Preventive,AST-000401,Interlocking Equipment,Medium,Fair,0.212,0,COR-02,SEC-03,325.731,325.944,Down,Loop Line,Relay room inspection,60,20,15,95,2026-10-14 01:11,2026-10-14 02:00,2026-10-14 03:35,2026-10-15 10:35,Power Block,Maintenance Van,1,Interlocking Technician,Yes,Yes,Yes,Engineering,High,Speed restriction,9840.44,0.284,,
REQ-0000709,2026-11-05,TMS,Engineering,Emergency,AST-000352,Point Machine,High,Poor,0.389,130,COR-03,SEC-05,162.169,162.456,Down,Main Line,Turnout inspection,30,30,20,80,2026-11-05 02:00,2026-11-05 03:45,2026-11-05 05:05,2026-11-09 07:05,Power Block,Maintenance Van,2,Track Machine Operator,No,No,No,,Critical,Failure risk,14831.97,0.661,,
REQ-0000710,2026-10-01,TMS,Engineering,Corrective,AST-000411,Bridge,Medium,Good,0.099,103,COR-04,SEC-08,355.981,356.208,Down,Loop Line,Rail joint replacement,75,30,20,125,2026-10-01 17:17,2026-10-01 20:00,2026-10-01 22:05,2026-10-06 03:05,Power Block,Track Machine,1,Bridge Inspector,Yes,Yes,Yes,S&T,Medium,Speed restriction,10128.49,0.394,,
REQ-0000711,2026-11-13,SMMS,S&T,Corrective,AST-000430,Axle Counter,High,Fair,0.406,97,COR-04,SEC-07,401.834,401.951,Down,Yard,Relay room inspection,180,10,15,205,2026-11-13 00:49,2026-11-13 03:00,2026-11-13 06:25,2026-11-17 11:25,Power Block,Testing Kit,1,Interlocking Technician,Yes,Yes,Yes,Engineering;TD,Low,Minor operational impact,13837.25,0.58,,
REQ-0000712,2026-11-10,TDMS,TD,Preventive,AST-000414,OHE,High,Critical,0.53,123,COR-03,SEC-05,183.315,183.629,Down,Loop Line,OHE mast inspection,120,30,20,170,2026-11-10 01:16,2026-11-10 03:30,2026-11-10 06:20,2026-11-11 10:20,Full Block,Electrical Testing Kit,1,OHE Authorized Supervisor,No,No,No,,Medium,Speed restriction,8989.73,0.616,,
REQ-0000713,2026-10-17,SMMS,S&T,Emergency,AST-000006,Interlocking Equipment,Medium,Poor,0.391,73,COR-02,SEC-04,284.989,285.309,Down,Main Line,Track circuit inspection,60,15,30,105,2026-10-17 00:30,2026-10-17 02:00,2026-10-17 03:45,2026-10-22 07:45,Line Block,Maintenance Van,1,Interlocking Technician,No,No,No,,Medium,Failure risk,8425.98,0.498,,
REQ-0000714,2026-11-23,SMMS,S&T,Preventive,AST-000061,Relay Room,Medium,Good,0.668,0,COR-04,SEC-08,350.753,351.006,Down,Main Line,Axle counter maintenance,30,30,30,90,2026-11-23 00:58,2026-11-23 03:00,2026-11-23 04:30,2026-11-26 05:30,Full Block,Testing Kit,2,Interlocking Technician,Yes,No,Yes,Engineering,Low,Line closure,10575.02,0.42,,
REQ-0000715,2026-11-07,SMMS,S&T,Inspection,AST-000204,Signal,Low,Poor,0.495,25,COR-03,SEC-06,188.064,188.253,Up,Loop Line,Relay room inspection,75,20,10,105,2026-11-07 01:05,2026-11-07 03:00,2026-11-07 04:45,2026-11-11 10:45,Full Block,Testing Kit,1,Signal Technician,Yes,No,Yes,Engineering;TD,High,Speed restriction,7077.39,0.296,,
REQ-0000716,2026-10-10,TDMS,TD,Emergency,AST-000184,OHE,Medium,Good,0.406,218,COR-04,SEC-07,364.125,364.477,Down,Yard,Electrical isolation testing,150,15,10,175,2026-10-10 02:41,2026-10-10 03:15,2026-10-10 06:10,2026-10-15 08:10,Power Block,OHE Tower Wagon,1,OHE Technician,No,No,No,,Low,Line closure,12135.68,0.622,,
REQ-0000717,2026-10-21,TMS,Engineering,Preventive,AST-000169,Level Crossing,High,Critical,0.467,163,COR-01,SEC-01,198.074,198.288,Down,Yard,Track geometry inspection,90,10,15,115,2026-10-21 13:10,2026-10-21 13:45,2026-10-21 15:40,2026-10-24 16:40,Line Block,Maintenance Van,1,Track Machine Operator,Yes,Yes,Yes,S&T;TD,Low,Minor operational impact,13438.04,0.641,,
REQ-0000718,2026-11-09,TDMS,TD,Corrective,AST-000178,Traction Substation,Critical,Fair,0.429,110,COR-02,SEC-03,316.402,316.508,Up,Loop Line,Electrical isolation testing,75,15,20,110,2026-11-09 02:02,2026-11-09 03:45,2026-11-09 05:35,2026-11-11 12:35,Power Block,OHE Tower Wagon,1,OHE Technician,No,No,No,,Medium,Speed restriction,12648.71,0.701,,
REQ-0000719,2026-10-08,TMS,Engineering,Corrective,AST-000469,Level Crossing,Medium,Fair,0.328,130,COR-04,SEC-08,366.519,366.714,Up,Yard,Sleeper replacement,150,10,30,190,2026-10-07 23:45,2026-10-08 00:45,2026-10-08 03:55,2026-10-12 03:55,Full Block,Crane,1,Track Supervisor,Yes,Yes,Yes,S&T;TD,Critical,Operational delay,8017.84,0.493,,
REQ-0000720,2026-10-23,TDMS,TD,Preventive,AST-000390,OHE Mast,Medium,Fair,0.244,0,COR-04,SEC-08,379.242,379.38,Down,Yard,OHE fitting replacement,75,15,10,100,2026-10-22 23:38,2026-10-23 02:00,2026-10-23 03:40,2026-10-26 09:40,Power Block,Maintenance Van,2,Electrical Supervisor,Yes,Yes,Yes,Engineering;S&T,High,Line closure,11098.49,0.293,,
REQ-0000721,2026-09-28,TDMS,TD,Inspection,AST-000467,Switching Station,High,Poor,0.459,128,COR-04,SEC-07,353.537,353.665,Both Lines,Main Line,Sectioning equipment inspection,180,20,20,220,2026-09-28 01:13,2026-09-28 02:45,2026-09-28 06:25,2026-10-03 13:25,Full Block,Electrical Testing Kit,2,Electrical Supervisor,Yes,Yes,Yes,Engineering,Medium,Speed restriction,15715.45,0.6,,
REQ-0000722,2026-10-13,TMS,Engineering,Corrective,AST-000393,Point Machine,Low,Fair,0.422,100,COR-04,SEC-07,400.639,400.968,Down,Loop Line,Turnout inspection,90,30,30,150,2026-10-12 22:13,2026-10-13 00:15,2026-10-13 02:45,2026-10-17 05:45,Caution Order,Inspection Vehicle,1,Bridge Inspector,Yes,Yes,Yes,S&T,High,Line closure,7906.22,0.388,,
REQ-0000723,2026-10-26,SMMS,S&T,Preventive,AST-000258,Telecom,Medium,Excellent,0.191,233,COR-01,SEC-01,200.265,200.455,Down,Yard,Axle counter maintenance,120,30,15,165,2026-10-26 00:27,2026-10-26 02:15,2026-10-26 05:00,2026-10-28 11:00,Full Block,Maintenance Van,1,S&T Supervisor,Yes,No,Yes,Engineering;TD,High,Failure risk,9005.03,0.477,REQ-0000512,Testing before restoration
REQ-0000724,2026-10-24,SMMS,S&T,Inspection,AST-000213,Axle Counter,Critical,Fair,0.426,321,COR-03,SEC-06,126.663,126.938,Down,Yard,Interlocking equipment testing,45,10,20,75,2026-10-24 12:14,2026-10-24 12:15,2026-10-24 13:30,2026-10-28 20:30,Full Block,Testing Kit,1,S&T Supervisor,Yes,No,Yes,Engineering;TD,High,Failure risk,19570.62,0.748,,
REQ-0000725,2026-10-02,TMS,Engineering,Preventive,AST-000219,Track Machine,High,Good,0.306,14,COR-02,SEC-04,328.042,328.174,Up,Loop Line,Sleeper replacement,120,20,20,160,2026-10-02 00:51,2026-10-02 01:00,2026-10-02 03:40,2026-10-07 07:40,Full Block,Track Machine,1,P.Way Technician,Yes,Yes,Yes,TD,High,Speed restriction,13456.26,0.427,,
REQ-0000726,2026-11-11,TDMS,TD,Corrective,AST-000487,OHE Mast,Medium,Poor,0.457,213,COR-02,SEC-04,317.894,317.988,Both Lines,Loop Line,Traction equipment maintenance,60,30,15,105,2026-11-11 02:32,2026-11-11 03:30,2026-11-11 05:15,2026-11-13 09:15,Power Block,Maintenance Van,1,OHE Authorized Supervisor,Yes,No,Yes,Engineering,High,Speed restriction,11994.71,0.587,,
REQ-0000727,2026-10-19,SMMS,S&T,Preventive,AST-000341,Signal,Medium,Good,0.113,240,COR-01,SEC-02,233.347,233.377,Up,Loop Line,Signal equipment replacement,75,15,30,120,2026-10-19 01:19,2026-10-19 04:15,2026-10-19 06:15,2026-10-22 06:15,Caution Order,Maintenance Van,1,Interlocking Technician,Yes,Yes,Yes,Engineering,Medium,Speed restriction,10866.1,0.454,,
REQ-0000728,2026-10-19,TDMS,TD,Corrective,AST-000482,OHE,High,Fair,0.335,69,COR-03,SEC-05,149.097,149.247,Up,Loop Line,OHE mast inspection,60,30,10,100,2026-10-19 00:35,2026-10-19 02:00,2026-10-19 03:40,2026-10-24 05:40,Power Block,OHE Tower Wagon,1,OHE Authorized Supervisor,Yes,Yes,Yes,Engineering,Medium,Minor operational impact,11537.37,0.527,,
REQ-0000729,2026-10-05,TDMS,TD,Corrective,AST-000306,OHE Mast,Medium,Good,0.369,9,COR-03,SEC-06,150.002,150.394,Up,Loop Line,Electrical isolation testing,75,15,15,105,2026-10-05 17:28,2026-10-05 19:00,2026-10-05 20:45,2026-10-10 03:45,Full Block,OHE Tower Wagon,2,Electrical Supervisor,Yes,No,Yes,Engineering;S&T,Critical,Failure risk,9873.92,0.371,REQ-0000119,Access preparation before maintenance
REQ-0000730,2026-10-01,SMMS,S&T,Preventive,AST-000095,Telecom,High,Excellent,0.085,42,COR-02,SEC-03,309.743,310.132,Both Lines,Loop Line,Signal equipment replacement,45,20,20,85,2026-10-01 02:33,2026-10-01 03:00,2026-10-01 04:25,2026-10-02 10:25,Line Block,Testing Kit,1,S&T Supervisor,Yes,Yes,Yes,Engineering;TD,Medium,Failure risk,11691.72,0.392,,
REQ-0000731,2026-11-19,TMS,Engineering,Corrective,AST-000478,Point Machine,Medium,Poor,0.363,187,COR-03,SEC-06,138.751,139.053,Down,Loop Line,Ballast maintenance,75,20,10,105,2026-11-19 03:40,2026-11-19 04:00,2026-11-19 05:45,2026-11-20 09:45,Power Block,Maintenance Van,2,Track Supervisor,Yes,Yes,Yes,TD,Low,Speed restriction,7873.86,0.559,,
REQ-0000732,2026-10-26,SMMS,S&T,Preventive,AST-000246,Telecom,High,Good,0.275,0,COR-01,SEC-01,188.66,188.926,Both Lines,Yard,Interlocking equipment testing,60,15,15,90,2026-10-26 18:16,2026-10-26 19:00,2026-10-26 20:30,2026-11-01 01:30,Power Block,Maintenance Van,1,Telecom Technician,Yes,No,Yes,Engineering;TD,Medium,Speed restriction,11881.12,0.403,,
REQ-0000733,2026-10-08,TMS,Engineering,Preventive,AST-000191,Track Machine,High,Poor,0.389,0,COR-04,SEC-07,372.468,372.527,Down,Main Line,Drainage maintenance,180,30,15,225,2026-10-08 02:22,2026-10-08 03:15,2026-10-08 07:00,2026-10-12 12:00,Caution Order,Inspection Vehicle,1,P.Way Technician,Yes,Yes,Yes,TD,Medium,Failure risk,16401.41,0.437,,
REQ-0000734,2026-11-06,TDMS,TD,Preventive,AST-000274,OHE,Medium,Poor,0.55,269,COR-04,SEC-08,343.622,343.901,Up,Main Line,OHE mast inspection,30,15,20,65,2026-11-06 02:32,2026-11-06 04:00,2026-11-06 05:05,2026-11-08 10:05,Power Block,Electrical Testing Kit,2,OHE Authorized Supervisor,Yes,No,Yes,,Medium,Speed restriction,11179.53,0.585,,
REQ-0000735,2026-11-01,TDMS,TD,Preventive,AST-000374,OHE Mast,Medium,Poor,0.675,32,COR-04,SEC-07,359.197,359.534,Up,Main Line,Power supply inspection,60,20,15,95,2026-11-01 01:54,2026-11-01 02:45,2026-11-01 04:20,2026-11-03 11:20,Power Block,OHE Tower Wagon,1,OHE Authorized Supervisor,No,No,No,,High,Failure risk,14807.32,0.458,,
REQ-0000736,2026-11-03,TDMS,TD,Inspection,AST-000202,Sectioning Post,High,Excellent,0.106,101,COR-02,SEC-03,279.656,279.937,Up,Yard,Electrical isolation testing,60,20,15,95,2026-11-03 03:32,2026-11-03 04:30,2026-11-03 06:05,2026-11-07 10:05,Power Block,OHE Tower Wagon,1,OHE Authorized Supervisor,No,No,No,,Low,Operational delay,11436.17,0.464,,
REQ-0000737,2026-10-29,TMS,Engineering,Inspection,AST-000122,Point Machine,High,Fair,0.304,221,COR-04,SEC-07,400.244,400.433,Both Lines,Main Line,Ballast maintenance,150,15,10,175,2026-10-29 02:24,2026-10-29 04:15,2026-10-29 07:10,2026-10-30 10:10,Line Block,Maintenance Van,2,Bridge Inspector,Yes,No,Yes,S&T;TD,Medium,Speed restriction,9674.29,0.611,,
REQ-0000738,2026-11-08,TDMS,TD,Preventive,AST-000275,OHE,Medium,Good,0.754,111,COR-02,SEC-04,301.715,301.911,Down,Yard,OHE mast inspection,90,20,10,120,2026-11-08 03:07,2026-11-08 04:15,2026-11-08 06:15,2026-11-11 10:15,Power Block,Maintenance Van,1,Electrical Supervisor,Yes,Yes,Yes,Engineering;S&T,High,Speed restriction,9651.8,0.57,,
REQ-0000739,2026-10-25,TMS,Engineering,Preventive,AST-000284,Point Machine,High,Fair,0.264,147,COR-04,SEC-08,343.435,343.607,Up,Yard,Drainage maintenance,90,30,20,140,2026-10-25 03:07,2026-10-25 04:15,2026-10-25 06:35,2026-10-27 10:35,Line Block,Inspection Vehicle,1,P.Way Technician,Yes,Yes,Yes,,Critical,Speed restriction,15100.77,0.563,,
REQ-0000740,2026-11-20,TMS,Engineering,Preventive,AST-000072,Bridge,Medium,Critical,0.413,88,COR-03,SEC-05,188.988,189.21,Down,Main Line,Turnout inspection,180,10,10,200,2026-11-20 00:26,2026-11-20 00:45,2026-11-20 04:05,2026-11-24 06:05,Power Block,Track Machine,1,Bridge Inspector,Yes,Yes,Yes,S&T;TD,Critical,Speed restriction,11890.79,0.442,,
REQ-0000741,2026-10-28,TMS,Engineering,Corrective,AST-000251,Track Machine,High,Fair,0.254,213,COR-01,SEC-02,201.217,201.264,Up,Main Line,Sleeper replacement,60,30,15,105,2026-10-28 01:04,2026-10-28 02:30,2026-10-28 04:15,2026-10-29 11:15,Full Block,Maintenance Van,1,Track Supervisor,Yes,Yes,Yes,S&T,Medium,Line closure,11112.75,0.626,,
REQ-0000742,2026-11-10,TDMS,TD,Corrective,AST-000271,OHE,Medium,Fair,0.364,68,COR-04,SEC-08,388.283,388.518,Down,Yard,OHE inspection,150,10,30,190,2026-11-10 13:21,2026-11-10 14:45,2026-11-10 17:55,2026-11-15 23:55,Power Block,Electrical Testing Kit,2,Electrical Supervisor,Yes,No,Yes,Engineering,Medium,Speed restriction,6861.86,0.435,,
REQ-0000743,2026-10-23,TDMS,TD,Preventive,AST-000230,Sectioning Post,High,Fair,0.168,49,COR-02,SEC-03,328.138,328.333,Down,Loop Line,Power supply inspection,90,20,20,130,2026-10-22 23:36,2026-10-23 00:30,2026-10-23 02:40,2026-10-26 06:40,Full Block,Electrical Testing Kit,1,OHE Technician,Yes,Yes,Yes,Engineering,Medium,Failure risk,9239.14,0.425,,
REQ-0000744,2026-11-04,TMS,Engineering,Preventive,AST-000183,Point Machine,Low,Poor,0.386,176,COR-01,SEC-02,247.827,248.193,Down,Main Line,Drainage maintenance,180,20,20,220,2026-11-03 23:19,2026-11-04 00:15,2026-11-04 03:55,2026-11-08 10:55,Power Block,Maintenance Van,1,Track Machine Operator,No,No,No,,Critical,Operational delay,5770.12,0.431,,
REQ-0000745,2026-10-02,SMMS,S&T,Preventive,AST-000061,Relay Room,Medium,Good,0.668,0,COR-04,SEC-08,350.753,350.929,Up,Main Line,Track circuit inspection,60,20,30,110,2026-10-01 23:28,2026-10-02 01:30,2026-10-02 03:20,2026-10-03 07:20,Power Block,Maintenance Van,2,Interlocking Technician,Yes,No,Yes,,Critical,Speed restriction,9577.29,0.42,,
REQ-0000746,2026-10-30,TDMS,TD,Preventive,AST-000434,Traction Substation,Low,Good,0.387,120,COR-04,SEC-07,351.71,351.822,Both Lines,Main Line,Traction equipment maintenance,150,10,15,175,2026-10-30 05:40,2026-10-30 07:30,2026-10-30 10:25,2026-11-03 12:25,Power Block,OHE Tower Wagon,2,Electrical Supervisor,Yes,No,Yes,Engineering;S&T,High,Minor operational impact,7779.89,0.369,,
REQ-0000747,2026-10-06,TDMS,TD,Corrective,AST-000274,OHE,Medium,Poor,0.55,269,COR-04,SEC-08,343.622,343.76,Up,Loop Line,OHE inspection,75,15,20,110,2026-10-06 07:31,2026-10-06 10:00,2026-10-06 11:50,2026-10-10 17:50,Power Block,OHE Tower Wagon,1,OHE Technician,Yes,No,Yes,Engineering,Medium,Line closure,8084.81,0.615,REQ-0000656,Testing before restoration
REQ-0000748,2026-10-07,TDMS,TD,Preventive,AST-000353,Traction Substation,Medium,Fair,0.159,0,COR-02,SEC-03,274.745,274.857,Up,Yard,Traction equipment maintenance,180,10,20,210,2026-10-07 00:42,2026-10-07 02:30,2026-10-07 06:00,2026-10-08 07:00,Power Block,Electrical Testing Kit,1,OHE Authorized Supervisor,Yes,Yes,Yes,,High,Minor operational impact,8044.28,0.268,REQ-0000372,Access preparation before maintenance
REQ-0000749,2026-10-28,TDMS,TD,Emergency,AST-000274,OHE,Medium,Poor,0.55,269,COR-04,SEC-08,343.622,343.869,Both Lines,Loop Line,Sectioning equipment inspection,180,15,30,225,2026-10-27 23:37,2026-10-28 01:45,2026-10-28 05:30,2026-11-02 08:30,Power Block,Electrical Testing Kit,1,OHE Technician,No,No,No,,Medium,Operational delay,10405.86,0.665,,
REQ-0000750,2026-11-04,TMS,Engineering,Preventive,AST-000101,Track Machine,Medium,Excellent,0.366,168,COR-03,SEC-05,134.308,134.567,Up,Yard,Track geometry inspection,90,15,30,135,2026-11-04 01:16,2026-11-04 04:00,2026-11-04 06:15,2026-11-08 07:15,Caution Order,Crane,1,Track Machine Operator,Yes,Yes,Yes,,Low,Speed restriction,8849.4,0.516,,
REQ-0000751,2026-11-09,TMS,Engineering,Preventive,AST-000093,Track,Low,Fair,0.386,196,COR-02,SEC-04,285.372,285.614,Up,Yard,Rail joint replacement,150,15,30,195,2026-11-09 06:45,2026-11-09 08:00,2026-11-09 11:15,2026-11-12 14:15,Power Block,Maintenance Van,1,Track Machine Operator,Yes,Yes,Yes,S&T;TD,Low,Speed restriction,8358.39,0.436,,
REQ-0000752,2026-10-05,TDMS,TD,Emergency,AST-000374,OHE Mast,Medium,Poor,0.675,32,COR-04,SEC-07,359.197,359.543,Up,Loop Line,Traction equipment maintenance,75,20,10,105,2026-10-04 23:59,2026-10-05 01:30,2026-10-05 03:15,2026-10-07 06:15,Power Block,OHE Tower Wagon,1,OHE Authorized Supervisor,No,No,No,,Medium,Operational delay,9800.86,0.538,,
REQ-0000753,2026-11-20,SMMS,S&T,Corrective,AST-000097,Relay Room,Medium,Critical,0.413,42,COR-03,SEC-06,159.686,159.906,Up,Yard,Axle counter maintenance,120,15,30,165,2026-11-20 00:13,2026-11-20 01:15,2026-11-20 04:00,2026-11-24 06:00,Caution Order,Signal Testing Kit,1,S&T Supervisor,Yes,Yes,Yes,Engineering;TD,High,Operational delay,11368.09,0.421,,
REQ-0000754,2026-10-23,TMS,Engineering,Preventive,AST-000381,Track Machine,Medium,Excellent,0.371,0,COR-01,SEC-02,188.421,188.806,Up,Loop Line,Rail joint replacement,180,30,10,220,2026-10-23 08:21,2026-10-23 08:30,2026-10-23 12:10,2026-10-25 19:10,Line Block,Maintenance Van,1,Track Supervisor,Yes,Yes,Yes,TD,High,Failure risk,9266.25,0.331,,
REQ-0000755,2026-11-14,TMS,Engineering,Preventive,AST-000417,Bridge,Medium,Good,0.297,67,COR-04,SEC-07,373.895,374.055,Up,Loop Line,Sleeper replacement,150,20,20,190,2026-11-14 09:32,2026-11-14 10:45,2026-11-14 13:55,2026-11-18 17:55,Power Block,Maintenance Van,1,Bridge Inspector,Yes,Yes,Yes,S&T,Medium,Line closure,9120.78,0.384,REQ-0000099,Access preparation before maintenance
REQ-0000756,2026-11-06,TMS,Engineering,Corrective,AST-000313,Track,High,Poor,0.35,154,COR-01,SEC-02,249.988,250.101,Down,Main Line,Turnout inspection,75,10,30,115,2026-11-06 02:23,2026-11-06 04:15,2026-11-06 06:10,2026-11-10 11:10,Full Block,Track Machine,1,Track Supervisor,No,No,No,,Medium,Minor operational impact,15445.19,0.626,,
REQ-0000757,2026-10-15,TMS,Engineering,Emergency,AST-000284,Point Machine,High,Fair,0.264,147,COR-04,SEC-08,343.435,343.609,Up,Yard,Track alignment correction,75,20,15,110,2026-10-15 04:13,2026-10-15 04:30,2026-10-15 06:20,2026-10-17 10:20,Line Block,Track Machine,1,P.Way Technician,No,No,No,,Medium,Speed restriction,12948.13,0.643,,
REQ-0000758,2026-11-07,TMS,Engineering,Preventive,AST-000084,Bridge,High,Excellent,0.09,0,COR-01,SEC-02,183.286,183.529,Up,Loop Line,Rail joint replacement,120,20,10,150,2026-11-06 22:59,2026-11-07 01:15,2026-11-07 03:45,2026-11-11 04:45,Full Block,Maintenance Van,1,Track Machine Operator,No,No,No,,Medium,Speed restriction,12048.91,0.347,,
REQ-0000759,2026-10-08,TMS,Engineering,Inspection,AST-000200,Track Machine,Medium,Excellent,0.336,167,COR-02,SEC-04,305.082,305.234,Up,Loop Line,Rail joint replacement,180,15,30,225,2026-10-07 23:46,2026-10-08 00:15,2026-10-08 04:00,2026-10-12 05:00,Power Block,Maintenance Van,1,Track Machine Operator,No,No,No,,Medium,Minor operational impact,8261.59,0.506,,
REQ-0000760,2026-11-04,TDMS,TD,Preventive,AST-000467,Switching Station,High,Poor,0.459,128,COR-04,SEC-07,353.537,353.745,Down,Yard,OHE fitting replacement,180,30,15,225,2026-11-04 00:59,2026-11-04 03:15,2026-11-04 07:00,2026-11-06 07:00,Full Block,Electrical Testing Kit,1,Electrical Supervisor,Yes,Yes,Yes,Engineering,High,Minor operational impact,12555.78,0.6,REQ-0000716,Access preparation before maintenance
REQ-0000761,2026-10-02,TMS,Engineering,Corrective,AST-000380,Bridge,Medium,Fair,0.134,315,COR-02,SEC-03,307.581,307.961,Up,Main Line,Ballast maintenance,150,10,20,180,2026-10-01 23:32,2026-10-02 00:45,2026-10-02 03:45,2026-10-05 03:45,Full Block,Crane,2,P.Way Technician,No,No,No,,Medium,Minor operational impact,9217.27,0.49,,
REQ-0000762,2026-09-29,TDMS,TD,Corrective,AST-000237,Traction Substation,Medium,Poor,0.837,165,COR-04,SEC-08,395.129,395.273,Down,Yard,Sectioning equipment inspection,150,10,15,175,2026-09-29 00:33,2026-09-29 01:15,2026-09-29 04:10,2026-10-04 06:10,Power Block,OHE Tower Wagon,2,Electrical Supervisor,Yes,No,Yes,S&T,High,Failure risk,10307.44,0.684,,
REQ-0000763,2026-11-17,SMMS,S&T,Preventive,AST-000328,Axle Counter,Low,Critical,0.409,156,COR-02,SEC-04,264.324,264.64,Down,Main Line,Track circuit inspection,45,20,20,85,2026-11-17 01:02,2026-11-17 04:00,2026-11-17 05:25,2026-11-22 07:25,Caution Order,Testing Kit,1,Interlocking Technician,Yes,No,Yes,,Low,Minor operational impact,6854.08,0.416,REQ-0000229,Access preparation before maintenance
REQ-0000764,2026-10-21,TDMS,TD,Corrective,AST-000271,OHE,Medium,Fair,0.364,68,COR-04,SEC-08,388.283,388.624,Up,Loop Line,Electrical isolation testing,180,10,30,220,2026-10-21 03:33,2026-10-21 03:45,2026-10-21 07:25,2026-10-26 09:25,Full Block,Electrical Testing Kit,1,OHE Authorized Supervisor,Yes,No,Yes,S&T,Medium,Failure risk,8896.7,0.435,,
REQ-0000765,2026-10-25,SMMS,S&T,Inspection,AST-000218,Telecom,Medium,Fair,0.556,114,COR-01,SEC-02,220.44,220.548,Down,Yard,Signal equipment inspection,150,15,20,185,2026-10-25 03:53,2026-10-25 04:15,2026-10-25 07:20,2026-10-28 11:20,Line Block,Maintenance Van,1,Interlocking Technician,Yes,Yes,Yes,Engineering,Critical,Line closure,13314.79,0.513,,
REQ-0000766,2026-10-02,TMS,Engineering,Emergency,AST-000094,Point Machine,Critical,Critical,0.733,267,COR-03,SEC-06,120.281,120.398,Down,Loop Line,Drainage maintenance,45,15,30,90,2026-10-02 02:38,2026-10-02 03:00,2026-10-02 04:30,2026-10-06 05:30,Full Block,Crane,2,Track Machine Operator,No,No,No,,Medium,Minor operational impact,16022.29,0.92,,
REQ-0000767,2026-10-23,SMMS,S&T,Corrective,AST-000059,Interlocking Equipment,Medium,Poor,0.448,266,COR-01,SEC-01,220.291,220.348,Down,Yard,Signal equipment inspection,45,10,10,65,2026-10-23 02:51,2026-10-23 03:00,2026-10-23 04:05,2026-10-24 09:05,Line Block,Maintenance Van,1,Interlocking Technician,Yes,No,Yes,Engineering;TD,Medium,Speed restriction,9485.09,0.584,REQ-0000668,Testing before restoration
REQ-0000768,2026-10-01,TDMS,TD,Preventive,AST-000484,Switching Station,High,Fair,0.578,33,COR-01,SEC-01,181.552,181.64,Both Lines,Main Line,Traction equipment maintenance,60,20,30,110,2026-10-01 12:58,2026-10-01 13:30,2026-10-01 15:20,2026-10-03 19:20,Power Block,OHE Tower Wagon,1,OHE Technician,No,No,No,,Medium,Operational delay,14273.68,0.53,,
REQ-0000769,2026-10-08,TMS,Engineering,Inspection,AST-000296,Point Machine,High,Fair,0.827,0,COR-03,SEC-05,142.377,142.584,Up,Loop Line,Turnout inspection,120,10,10,140,2026-10-07 23:22,2026-10-08 02:15,2026-10-08 04:35,2026-10-11 04:35,Power Block,Crane,2,Bridge Inspector,Yes,Yes,Yes,S&T;TD,High,Failure risk,10282.94,0.568,,
REQ-0000770,2026-10-24,SMMS,S&T,Corrective,AST-000114,Interlocking Equipment,Medium,Poor,0.227,0,COR-04,SEC-07,409.202,409.28,Down,Yard,Relay room inspection,180,10,10,200,2026-10-24 01:51,2026-10-24 02:30,2026-10-24 05:50,2026-10-25 11:50,Power Block,Testing Kit,2,Telecom Technician,No,No,No,,Medium,Minor operational impact,9236.98,0.318,,
REQ-0000771,2026-10-13,TDMS,TD,Preventive,AST-000385,Traction Substation,High,Excellent,0.159,91,COR-03,SEC-06,163.165,163.215,Up,Yard,OHE mast inspection,30,15,30,75,2026-10-13 09:19,2026-10-13 11:00,2026-10-13 12:15,2026-10-18 17:15,Full Block,Maintenance Van,1,OHE Authorized Supervisor,Yes,No,Yes,S&T,Low,Failure risk,8091.28,0.469,,
REQ-0000772,2026-09-30,TMS,Engineering,Preventive,AST-000065,Track,Medium,Good,0.054,29,COR-03,SEC-05,161.051,161.315,Down,Yard,Rail joint replacement,45,10,10,65,2026-09-30 01:53,2026-09-30 03:00,2026-09-30 04:05,2026-10-05 07:05,Full Block,Track Machine,1,Track Supervisor,Yes,Yes,Yes,S&T,Medium,Minor operational impact,10457.74,0.268,,
REQ-0000773,2026-10-31,TDMS,TD,Corrective,AST-000041,OHE Mast,High,Fair,0.217,0,COR-02,SEC-04,335.682,335.893,Up,Loop Line,OHE fitting replacement,75,10,30,115,2026-10-31 18:20,2026-10-31 18:30,2026-10-31 20:25,2026-11-01 20:25,Power Block,Maintenance Van,1,Traction Technician,Yes,Yes,Yes,Engineering,High,Speed restriction,10213.37,0.415,,
REQ-0000774,2026-10-24,TDMS,TD,Corrective,AST-000179,OHE Mast,High,Good,0.495,7,COR-04,SEC-08,356.853,357.135,Up,Yard,Sectioning equipment inspection,60,20,10,90,2026-10-24 14:02,2026-10-24 15:30,2026-10-24 17:00,2026-10-29 23:00,Full Block,OHE Tower Wagon,1,OHE Authorized Supervisor,Yes,Yes,Yes,Engineering;S&T,Medium,Speed restriction,8909.0,0.506,,
REQ-0000775,2026-11-19,TMS,Engineering,Preventive,AST-000424,Bridge,High,Poor,0.503,9,COR-04,SEC-08,367.253,367.611,Down,Loop Line,Sleeper replacement,90,20,15,125,2026-11-19 00:07,2026-11-19 02:00,2026-11-19 04:05,2026-11-21 09:05,Full Block,Track Machine,1,Track Supervisor,Yes,No,Yes,S&T,High,Line closure,14162.62,0.481,,
REQ-0000776,2026-10-01,TDMS,TD,Inspection,AST-000451,OHE Mast,Low,Fair,0.487,94,COR-03,SEC-06,170.223,170.27,Up,Main Line,Traction equipment maintenance,120,10,15,145,2026-10-01 02:13,2026-10-01 04:45,2026-10-01 07:10,2026-10-05 08:10,Power Block,Maintenance Van,1,Traction Technician,Yes,Yes,Yes,Engineering;S&T,Medium,Line closure,7810.91,0.371,,
REQ-0000777,2026-09-28,TDMS,TD,Inspection,AST-000464,OHE Mast,Medium,Fair,0.234,0,COR-02,SEC-03,267.619,267.676,Up,Loop Line,OHE fitting replacement,30,10,15,55,2026-09-27 23:01,2026-09-28 01:00,2026-09-28 01:55,2026-09-29 08:55,Full Block,OHE Tower Wagon,2,Traction Technician,No,No,No,,Medium,Operational delay,10295.28,0.29,,
REQ-0000778,2026-10-01,TDMS,TD,Preventive,AST-000041,OHE Mast,High,Fair,0.217,0,COR-02,SEC-04,335.682,336.075,Up,Yard,OHE fitting replacement,90,20,20,130,2026-09-30 21:53,2026-10-01 00:45,2026-10-01 02:55,2026-10-03 07:55,Full Block,Maintenance Van,1,Traction Technician,Yes,Yes,Yes,Engineering;S&T,Medium,Failure risk,12439.63,0.385,REQ-0000777,Isolation before work
REQ-0000779,2026-10-01,SMMS,S&T,Corrective,AST-000181,Relay Room,Medium,Critical,0.342,227,COR-02,SEC-04,311.44,311.735,Up,Yard,Track circuit inspection,150,15,10,175,2026-09-30 23:25,2026-10-01 00:00,2026-10-01 02:55,2026-10-03 08:55,Full Block,Maintenance Van,1,S&T Supervisor,Yes,No,Yes,TD,Medium,Minor operational impact,8875.39,0.553,,
REQ-0000780,2026-11-19,SMMS,S&T,Emergency,AST-000165,Signal,Medium,Fair,0.231,231,COR-04,SEC-08,389.339,389.736,Both Lines,Yard,Track circuit inspection,150,20,20,190,2026-11-19 11:38,2026-11-19 12:15,2026-11-19 15:25,2026-11-21 20:25,Caution Order,Testing Kit,1,Telecom Technician,No,No,No,,Low,Operational delay,6897.11,0.569,,
REQ-0000781,2026-11-03,SMMS,S&T,Preventive,AST-000341,Signal,Medium,Good,0.113,240,COR-01,SEC-02,233.347,233.737,Up,Main Line,Relay room inspection,60,10,30,100,2026-11-02 23:59,2026-11-03 00:30,2026-11-03 02:10,2026-11-04 02:10,Power Block,Signal Testing Kit,2,Interlocking Technician,Yes,Yes,Yes,Engineering,Medium,Operational delay,6278.8,0.454,,
REQ-0000782,2026-11-01,TMS,Engineering,Inspection,AST-000291,Point Machine,Low,Poor,0.323,284,COR-02,SEC-04,264.266,264.414,Up,Loop Line,Sleeper replacement,180,20,10,210,2026-11-01 00:39,2026-11-01 01:15,2026-11-01 04:45,2026-11-02 07:45,Power Block,Track Machine,1,Track Supervisor,Yes,No,Yes,S&T;TD,High,Failure risk,9006.18,0.417,,
REQ-0000783,2026-10-10,TDMS,TD,Emergency,AST-000202,Sectioning Post,High,Excellent,0.106,101,COR-02,SEC-03,279.656,279.855,Both Lines,Yard,OHE fitting replacement,75,10,30,115,2026-10-10 03:14,2026-10-10 03:15,2026-10-10 05:10,2026-10-15 06:10,Power Block,Maintenance Van,1,OHE Technician,No,No,No,,Critical,Operational delay,8250.75,0.544,,
REQ-0000784,2026-11-09,SMMS,S&T,Preventive,AST-000249,Relay Room,Low,Good,0.711,22,COR-04,SEC-07,361.592,361.706,Up,Yard,Axle counter maintenance,75,20,20,115,2026-11-09 00:13,2026-11-09 01:00,2026-11-09 02:55,2026-11-12 03:55,Full Block,Testing Kit,1,Interlocking Technician,Yes,No,Yes,TD,Medium,Operational delay,8873.99,0.358,,
REQ-0000785,2026-10-13,TDMS,TD,Corrective,AST-000003,OHE,Medium,Fair,0.155,125,COR-01,SEC-02,185.105,185.135,Up,Yard,OHE inspection,150,20,30,200,2026-10-13 01:53,2026-10-13 04:00,2026-10-13 07:20,2026-10-17 07:20,Power Block,Electrical Testing Kit,1,OHE Technician,No,No,No,,Medium,Operational delay,11342.48,0.435,,
REQ-0000786,2026-11-06,TDMS,TD,Preventive,AST-000414,OHE,High,Critical,0.53,123,COR-03,SEC-05,183.315,183.569,Up,Main Line,OHE inspection,150,15,20,185,2026-11-06 16:38,2026-11-06 17:15,2026-11-06 20:20,2026-11-08 01:20,Power Block,Maintenance Van,1,Traction Technician,Yes,Yes,Yes,Engineering;S&T,Medium,Line closure,17460.26,0.616,,
REQ-0000787,2026-11-02,SMMS,S&T,Corrective,AST-000320,Interlocking Equipment,Medium,Poor,0.573,0,COR-01,SEC-02,250.566,250.632,Both Lines,Loop Line,Relay room inspection,60,30,15,105,2026-11-02 00:37,2026-11-02 01:15,2026-11-02 03:00,2026-11-07 09:00,Caution Order,Signal Testing Kit,1,Signal Technician,No,No,No,,Critical,Speed restriction,7277.33,0.422,,
REQ-0000788,2026-11-08,TMS,Engineering,Corrective,AST-000210,Track Machine,Critical,Good,0.345,0,COR-02,SEC-04,292.723,292.771,Down,Main Line,Rail joint replacement,180,20,30,230,2026-11-08 00:09,2026-11-08 00:15,2026-11-08 04:05,2026-11-12 10:05,Full Block,Inspection Vehicle,1,Track Supervisor,No,No,No,,Medium,Minor operational impact,10936.52,0.554,,
REQ-0000789,2026-10-04,TMS,Engineering,Preventive,AST-000280,Level Crossing,Medium,Fair,0.532,170,COR-02,SEC-04,293.353,293.592,Up,Loop Line,Rail joint replacement,60,15,15,90,2026-10-04 01:06,2026-10-04 02:30,2026-10-04 04:00,2026-10-07 05:00,Caution Order,Crane,1,Track Supervisor,Yes,Yes,Yes,S&T,Medium,Operational delay,7329.6,0.568,,
REQ-0000790,2026-10-15,SMMS,S&T,Corrective,AST-000215,Telecom,Medium,Poor,0.217,187,COR-04,SEC-08,375.015,375.394,Up,Loop Line,Communication equipment maintenance,90,15,15,120,2026-10-15 04:12,2026-10-15 04:45,2026-10-15 06:45,2026-10-20 08:45,Line Block,Maintenance Van,1,S&T Supervisor,Yes,Yes,Yes,Engineering;TD,Medium,Speed restriction,7718.77,0.515,,
REQ-0000791,2026-11-20,TDMS,TD,Corrective,AST-000347,Switching Station,Critical,Fair,0.547,0,COR-04,SEC-07,356.891,357.195,Up,Yard,OHE mast inspection,45,10,30,85,2026-11-20 15:04,2026-11-20 17:45,2026-11-20 19:10,2026-11-25 22:10,Power Block,Maintenance Van,2,OHE Technician,Yes,No,Yes,S&T,High,Failure risk,13616.98,0.614,,
REQ-0000792,2026-10-28,SMMS,S&T,Corrective,AST-000475,Telecom,Critical,Poor,0.515,0,COR-01,SEC-02,194.251,194.431,Up,Loop Line,Axle counter maintenance,30,30,10,70,2026-10-28 09:55,2026-10-28 12:15,2026-10-28 13:25,2026-10-30 19:25,Caution Order,Maintenance Van,1,S&T Supervisor,Yes,No,Yes,Engineering,High,Operational delay,17978.82,0.605,,
REQ-0000793,2026-09-29,TDMS,TD,Corrective,AST-000134,OHE,Critical,Excellent,0.466,0,COR-04,SEC-08,377.369,377.548,Down,Main Line,Sectioning equipment inspection,180,30,30,240,2026-09-29 01:19,2026-09-29 04:15,2026-09-29 08:15,2026-09-30 09:15,Power Block,Maintenance Van,1,OHE Technician,Yes,No,Yes,Engineering;S&T,Medium,Minor operational impact,19316.95,0.59,,
REQ-0000794,2026-10-25,TMS,Engineering,Corrective,AST-000391,Track,High,Fair,0.276,162,COR-01,SEC-02,205.176,205.567,Down,Loop Line,Track geometry inspection,120,20,15,155,2026-10-25 00:45,2026-10-25 03:00,2026-10-25 05:35,2026-10-28 07:35,Caution Order,Inspection Vehicle,1,Track Machine Operator,Yes,No,Yes,S&T;TD,Medium,Failure risk,13575.58,0.613,,
REQ-0000795,2026-11-01,TMS,Engineering,Corrective,AST-000426,Track Machine,High,Good,0.248,66,COR-04,SEC-07,356.833,357.112,Down,Loop Line,Track geometry inspection,30,10,20,60,2026-11-01 01:35,2026-11-01 01:45,2026-11-01 02:45,2026-11-06 02:45,Power Block,Maintenance Van,1,P.Way Technician,Yes,Yes,Yes,S&T,Critical,Operational delay,12125.92,0.498,,
REQ-0000796,2026-10-22,TMS,Engineering,Preventive,AST-000137,Level Crossing,Medium,Good,0.246,0,COR-03,SEC-06,134.587,134.77,Both Lines,Main Line,Drainage maintenance,180,10,15,205,2026-10-22 01:54,2026-10-22 03:30,2026-10-22 06:55,2026-10-27 13:55,Full Block,Maintenance Van,1,Track Supervisor,Yes,Yes,Yes,TD,Medium,Operational delay,10621.81,0.294,REQ-0000242,Access preparation before maintenance
REQ-0000797,2026-10-28,SMMS,S&T,Corrective,AST-000430,Axle Counter,High,Fair,0.406,97,COR-04,SEC-07,401.834,402.154,Down,Main Line,Track circuit inspection,60,10,20,90,2026-10-27 22:34,2026-10-28 01:30,2026-10-28 03:00,2026-10-30 03:00,Power Block,Maintenance Van,1,S&T Supervisor,Yes,Yes,Yes,,High,Failure risk,13620.43,0.58,,
REQ-0000798,2026-11-16,TDMS,TD,Inspection,AST-000303,OHE,Low,Poor,0.22,81,COR-04,SEC-07,364.586,364.814,Down,Main Line,Sectioning equipment inspection,45,30,30,105,2026-11-15 22:46,2026-11-16 01:15,2026-11-16 03:00,2026-11-18 08:00,Power Block,Maintenance Van,1,Traction Technician,No,No,No,,High,Operational delay,6496.34,0.276,,
REQ-0000799,2026-10-20,TDMS,TD,Inspection,AST-000227,Switching Station,Critical,Poor,0.878,153,COR-03,SEC-06,158.523,158.629,Down,Yard,OHE fitting replacement,30,30,15,75,2026-10-19 23:01,2026-10-20 01:45,2026-10-20 03:00,2026-10-21 10:00,Full Block,Maintenance Van,1,OHE Technician,No,No,No,,Medium,Failure risk,16611.32,0.853,,
REQ-0000800,2026-11-12,TDMS,TD,Corrective,AST-000208,OHE,High,Fair,0.218,216,COR-03,SEC-05,141.537,141.743,Up,Loop Line,OHE inspection,30,10,10,50,2026-11-12 01:24,2026-11-12 04:15,2026-11-12 05:05,2026-11-17 09:05,Full Block,Electrical Testing Kit,2,OHE Authorized Supervisor,Yes,Yes,Yes,Engineering;S&T,High,Failure risk,13123.93,0.615,,
REQ-0000801,2026-10-04,TDMS,TD,Inspection,AST-000368,Sectioning Post,Medium,Critical,0.316,11,COR-02,SEC-04,266.131,266.184,Up,Loop Line,OHE fitting replacement,75,30,20,125,2026-10-04 05:32,2026-10-04 08:30,2026-10-04 10:35,2026-10-09 17:35,Power Block,Maintenance Van,1,OHE Authorized Supervisor,Yes,No,Yes,Engineering;S&T,High,Minor operational impact,7887.86,0.327,,
REQ-0000802,2026-10-04,SMMS,S&T,Emergency,AST-000423,Axle Counter,Medium,Good,0.421,123,COR-04,SEC-08,396.318,396.479,Down,Yard,Signal equipment replacement,75,15,30,120,2026-10-03 23:34,2026-10-04 02:00,2026-10-04 04:00,2026-10-05 06:00,Caution Order,Testing Kit,1,Signal Technician,No,No,No,,Critical,Operational delay,7227.23,0.563,,
REQ-0000803,2026-10-06,TDMS,TD,Preventive,AST-000069,Switching Station,High,Fair,0.19,234,COR-01,SEC-01,180.585,180.692,Up,Main Line,Power supply inspection,45,15,15,75,2026-10-05 21:33,2026-10-06 00:30,2026-10-06 01:45,2026-10-10 01:45,Power Block,OHE Tower Wagon,1,Electrical Supervisor,No,No,No,,Medium,Failure risk,12723.74,0.577,,
REQ-0000804,2026-10-13,TDMS,TD,Corrective,AST-000442,OHE Mast,High,Excellent,0.328,18,COR-04,SEC-07,361.867,361.898,Down,Yard,Power supply inspection,30,15,30,75,2026-10-13 03:33,2026-10-13 04:00,2026-10-13 05:15,2026-10-14 09:15,Power Block,Maintenance Van,1,OHE Authorized Supervisor,Yes,No,Yes,Engineering;S&T,High,Speed restriction,13933.32,0.468,,
REQ-0000805,2026-10-18,SMMS,S&T,Preventive,AST-000231,Signal,Medium,Fair,0.139,126,COR-03,SEC-06,126.188,126.248,Down,Main Line,Signal equipment inspection,60,15,15,90,2026-10-18 00:14,2026-10-18 02:15,2026-10-18 03:45,2026-10-22 08:45,Full Block,Signal Testing Kit,1,Telecom Technician,No,No,No,,High,Line closure,10311.09,0.402,,
REQ-0000806,2026-10-17,TDMS,TD,Preventive,AST-000363,OHE Mast,Medium,Good,0.233,166,COR-02,SEC-04,275.441,275.764,Down,Main Line,OHE mast inspection,30,10,20,60,2026-10-16 23:01,2026-10-17 01:00,2026-10-17 02:00,2026-10-19 09:00,Full Block,OHE Tower Wagon,1,OHE Technician,Yes,Yes,Yes,Engineering,Medium,Speed restriction,9896.08,0.474,,
REQ-0000807,2026-11-13,TDMS,TD,Preventive,AST-000400,OHE,Critical,Fair,0.422,38,COR-01,SEC-01,195.029,195.261,Up,Yard,Sectioning equipment inspection,45,10,15,70,2026-11-12 22:15,2026-11-13 01:00,2026-11-13 02:10,2026-11-15 04:10,Power Block,OHE Tower Wagon,1,Traction Technician,Yes,Yes,Yes,Engineering;S&T,Medium,Speed restriction,15162.42,0.589,REQ-0000196,Inspection before repair
REQ-0000808,2026-11-10,TDMS,TD,Corrective,AST-000051,Traction Substation,Critical,Good,0.751,173,COR-02,SEC-04,327.038,327.173,Both Lines,Yard,Traction equipment maintenance,90,30,15,135,2026-11-10 01:27,2026-11-10 04:15,2026-11-10 06:30,2026-11-11 10:30,Power Block,OHE Tower Wagon,1,Electrical Supervisor,Yes,Yes,Yes,Engineering;S&T,Medium,Line closure,16731.0,0.868,,
REQ-0000809,2026-10-22,TDMS,TD,Corrective,AST-000301,Switching Station,High,Good,0.113,26,COR-01,SEC-01,232.205,232.599,Down,Loop Line,Electrical isolation testing,30,20,15,65,2026-10-22 15:58,2026-10-22 16:15,2026-10-22 17:20,2026-10-27 22:20,Full Block,OHE Tower Wagon,1,Traction Technician,Yes,No,Yes,Engineering;S&T,Medium,Minor operational impact,13035.24,0.413,REQ-0000145,Inspection before repair
REQ-0000810,2026-11-10,TMS,Engineering,Inspection,AST-000209,Track Machine,Medium,Fair,0.356,191,COR-01,SEC-02,229.749,230.146,Up,Loop Line,Drainage maintenance,150,15,30,195,2026-11-09 23:20,2026-11-10 01:15,2026-11-10 04:30,2026-11-15 09:30,Line Block,Inspection Vehicle,1,Track Supervisor,Yes,Yes,Yes,S&T,Medium,Speed restriction,10467.55,0.527,,
REQ-0000811,2026-10-03,SMMS,S&T,Preventive,AST-000407,Relay Room,Medium,Excellent,0.348,0,COR-01,SEC-02,213.122,213.376,Up,Yard,Communication equipment maintenance,90,10,10,110,2026-10-03 02:05,2026-10-03 03:00,2026-10-03 04:50,2026-10-06 10:50,Power Block,Testing Kit,1,Telecom Technician,Yes,No,Yes,Engineering;TD,Critical,Failure risk,7748.62,0.324,,
REQ-0000812,2026-10-03,TDMS,TD,Preventive,AST-000089,Traction Substation,Critical,Fair,0.724,150,COR-02,SEC-04,262.503,262.855,Up,Main Line,OHE fitting replacement,45,30,30,105,2026-10-03 18:48,2026-10-03 19:30,2026-10-03 21:15,2026-10-09 04:15,Power Block,Maintenance Van,1,OHE Authorized Supervisor,No,No,No,,Low,Speed restriction,19655.68,0.804,,
REQ-0000813,2026-10-23,TMS,Engineering,Preventive,AST-000196,Track Machine,Medium,Poor,0.682,91,COR-02,SEC-03,291.608,291.679,Down,Main Line,Ballast maintenance,60,20,15,95,2026-10-23 06:44,2026-10-23 09:30,2026-10-23 11:05,2026-10-25 15:05,Full Block,Maintenance Van,1,P.Way Technician,No,No,No,,Medium,Line closure,10840.74,0.526,,
REQ-0000814,2026-10-09,TMS,Engineering,Preventive,AST-000077,Bridge,Medium,Poor,0.78,0,COR-02,SEC-04,287.354,287.58,Down,Main Line,Drainage maintenance,180,20,30,230,2026-10-09 12:47,2026-10-09 14:00,2026-10-09 17:50,2026-10-12 19:50,Caution Order,Crane,2,Track Supervisor,Yes,No,Yes,S&T,High,Line closure,13940.37,0.454,,
REQ-0000815,2026-10-13,SMMS,S&T,Preventive,AST-000017,Signal,Medium,Poor,0.694,231,COR-02,SEC-04,336.685,336.791,Down,Yard,Signal equipment replacement,30,30,10,70,2026-10-13 14:44,2026-10-13 14:45,2026-10-13 15:55,2026-10-16 18:55,Line Block,Signal Testing Kit,1,Interlocking Technician,Yes,Yes,Yes,Engineering;TD,High,Line closure,15087.46,0.628,,
REQ-0000816,2026-11-10,TMS,Engineering,Corrective,AST-000293,Track,Medium,Poor,0.342,0,COR-03,SEC-05,145.767,145.98,Up,Loop Line,Ballast maintenance,90,20,20,130,2026-11-09 22:45,2026-11-10 01:15,2026-11-10 03:25,2026-11-12 08:25,Caution Order,Track Machine,1,Track Supervisor,Yes,No,Yes,TD,Medium,Operational delay,10543.73,0.353,,
REQ-0000817,2026-10-25,SMMS,S&T,Preventive,AST-000310,Axle Counter,Medium,Fair,0.265,179,COR-04,SEC-07,372.709,373.066,Up,Main Line,Signal equipment replacement,90,10,20,120,2026-10-25 04:09,2026-10-25 04:15,2026-10-25 06:15,2026-10-30 10:15,Full Block,Testing Kit,1,Interlocking Technician,Yes,Yes,Yes,Engineering,Medium,Speed restriction,11948.93,0.498,REQ-0000654,Testing before restoration
REQ-0000818,2026-11-21,TMS,Engineering,Emergency,AST-000490,Bridge,Low,Fair,0.282,66,COR-04,SEC-08,344.982,345.255,Down,Main Line,Turnout inspection,45,10,20,75,2026-11-21 08:43,2026-11-21 11:00,2026-11-21 12:15,2026-11-25 15:15,Full Block,Track Machine,1,Bridge Inspector,No,No,No,,Medium,Operational delay,6982.71,0.358,,
REQ-0000819,2026-10-17,TMS,Engineering,Inspection,AST-000046,Track Machine,Medium,Good,0.49,0,COR-03,SEC-05,179.537,179.766,Up,Main Line,Track geometry inspection,150,20,15,185,2026-10-16 22:48,2026-10-17 00:30,2026-10-17 03:35,2026-10-20 04:35,Full Block,Maintenance Van,2,P.Way Technician,Yes,Yes,Yes,S&T;TD,Medium,Line closure,8933.49,0.367,,
REQ-0000820,2026-10-20,TMS,Engineering,Emergency,AST-000105,Level Crossing,Low,Fair,0.046,0,COR-03,SEC-05,153.704,154.033,Down,Main Line,Track alignment correction,180,30,10,220,2026-10-20 04:06,2026-10-20 04:45,2026-10-20 08:25,2026-10-24 08:25,Caution Order,Track Machine,2,Bridge Inspector,No,No,No,,High,Operational delay,4603.09,0.214,,
REQ-0000821,2026-11-11,SMMS,S&T,Preventive,AST-000254,Telecom,High,Poor,0.893,235,COR-03,SEC-05,160.891,161.049,Up,Loop Line,Interlocking equipment testing,90,20,15,125,2026-11-11 04:05,2026-11-11 04:30,2026-11-11 06:35,2026-11-13 13:35,Full Block,Testing Kit,1,Telecom Technician,Yes,Yes,Yes,Engineering;TD,Medium,Speed restriction,15223.51,0.788,,
REQ-0000822,2026-10-20,TMS,Engineering,Corrective,AST-000381,Track Machine,Medium,Excellent,0.371,0,COR-01,SEC-02,188.421,188.583,Up,Yard,Rail joint replacement,150,10,30,190,2026-10-19 22:18,2026-10-20 01:00,2026-10-20 04:10,2026-10-22 07:10,Full Block,Maintenance Van,1,Track Supervisor,Yes,Yes,No,S&T,Critical,Minor operational impact,8627.74,0.361,,
REQ-0000823,2026-10-16,TDMS,TD,Preventive,AST-000414,OHE,High,Critical,0.53,123,COR-03,SEC-05,183.315,183.372,Both Lines,Loop Line,OHE mast inspection,75,20,10,105,2026-10-16 08:52,2026-10-16 09:00,2026-10-16 10:45,2026-10-21 12:45,Power Block,Electrical Testing Kit,1,OHE Authorized Supervisor,Yes,Yes,Yes,Engineering,High,Speed restriction,10794.78,0.616,,
REQ-0000824,2026-11-03,TDMS,TD,Corrective,AST-000126,Traction Substation,Medium,Poor,0.623,184,COR-04,SEC-08,408.474,408.66,Up,Loop Line,Electrical isolation testing,45,20,10,75,2026-11-03 01:01,2026-11-03 03:45,2026-11-03 05:00,2026-11-07 09:00,Power Block,OHE Tower Wagon,1,Electrical Supervisor,Yes,No,Yes,,High,Failure risk,11021.85,0.637,,
REQ-0000825,2026-10-28,SMMS,S&T,Corrective,AST-000095,Telecom,High,Excellent,0.085,42,COR-02,SEC-03,309.743,309.896,Up,Main Line,Signal equipment replacement,90,10,10,110,2026-10-28 12:17,2026-10-28 14:30,2026-10-28 16:20,2026-10-30 19:20,Full Block,Maintenance Van,1,Interlocking Technician,No,No,No,,High,Speed restriction,8341.08,0.422,,
REQ-0000826,2026-10-13,TMS,Engineering,Preventive,AST-000093,Track,Low,Fair,0.386,196,COR-02,SEC-04,285.372,285.55,Up,Yard,Track alignment correction,90,10,15,115,2026-10-13 01:36,2026-10-13 04:30,2026-10-13 06:25,2026-10-18 11:25,Power Block,Track Machine,2,P.Way Technician,No,No,No,,Low,Line closure,6371.08,0.436,,
REQ-0000827,2026-10-16,TDMS,TD,Preventive,AST-000299,OHE Mast,Medium,Fair,0.25,101,COR-01,SEC-02,246.142,246.42,Up,Loop Line,Sectioning equipment inspection,150,15,20,185,2026-10-16 01:15,2026-10-16 02:00,2026-10-16 05:05,2026-10-18 07:05,Full Block,Electrical Testing Kit,1,OHE Technician,Yes,Yes,Yes,S&T,Critical,Line closure,10942.88,0.407,REQ-0000061,Testing before restoration
REQ-0000828,2026-11-21,TMS,Engineering,Preventive,AST-000107,Track,Medium,Fair,0.18,0,COR-03,SEC-06,126.788,127.163,Down,Main Line,Rail joint replacement,150,10,10,170,2026-11-21 02:33,2026-11-21 03:00,2026-11-21 05:50,2026-11-22 09:50,Caution Order,Inspection Vehicle,1,Track Machine Operator,No,No,No,,High,Failure risk,7091.95,0.274,REQ-0000017,Isolation before work
REQ-0000829,2026-11-04,SMMS,S&T,Preventive,AST-000241,Telecom,Low,Good,0.352,138,COR-02,SEC-03,302.458,302.794,Up,Yard,Relay room inspection,180,30,10,220,2026-11-04 01:00,2026-11-04 01:45,2026-11-04 05:25,2026-11-09 09:25,Caution Order,Maintenance Van,1,Telecom Technician,Yes,Yes,Yes,Engineering,Medium,Line closure,9377.74,0.379,,
REQ-0000830,2026-10-20,TDMS,TD,Emergency,AST-000497,OHE Mast,Critical,Fair,0.736,145,COR-03,SEC-06,169.001,169.276,Both Lines,Yard,OHE mast inspection,120,20,15,155,2026-10-20 00:32,2026-10-20 01:15,2026-10-20 03:50,2026-10-23 05:50,Power Block,Electrical Testing Kit,1,Electrical Supervisor,No,No,No,,High,Minor operational impact,11950.95,0.882,,
REQ-0000831,2026-10-16,TDMS,TD,Inspection,AST-000277,Switching Station,Critical,Poor,0.774,174,COR-04,SEC-08,409.103,409.421,Up,Main Line,OHE inspection,45,15,20,80,2026-10-16 01:56,2026-10-16 04:30,2026-10-16 05:50,2026-10-18 12:50,Full Block,OHE Tower Wagon,1,OHE Technician,Yes,Yes,Yes,Engineering;S&T,High,Minor operational impact,22380.38,0.846,,
REQ-0000832,2026-10-23,SMMS,S&T,Corrective,AST-000342,Interlocking Equipment,High,Fair,0.29,114,COR-01,SEC-02,193.492,193.602,Up,Yard,Axle counter maintenance,75,10,15,100,2026-10-22 22:51,2026-10-23 01:15,2026-10-23 02:55,2026-10-26 05:55,Full Block,Testing Kit,1,Interlocking Technician,Yes,Yes,Yes,,Low,Speed restriction,12639.71,0.564,,
REQ-0000833,2026-11-16,SMMS,S&T,Preventive,AST-000376,Interlocking Equipment,High,Good,0.383,313,COR-03,SEC-05,139.941,140.02,Down,Yard,Axle counter maintenance,30,10,30,70,2026-11-16 02:48,2026-11-16 04:30,2026-11-16 05:40,2026-11-20 12:40,Caution Order,Signal Testing Kit,2,Interlocking Technician,No,No,No,,High,Minor operational impact,11204.25,0.635,,
REQ-0000834,2026-10-23,SMMS,S&T,Inspection,AST-000346,Telecom,Medium,Poor,0.192,207,COR-01,SEC-01,236.8,237.17,Up,Main Line,Signal equipment inspection,180,15,30,225,2026-10-22 23:38,2026-10-23 02:15,2026-10-23 06:00,2026-10-24 12:00,Line Block,Signal Testing Kit,1,Interlocking Technician,Yes,Yes,Yes,Engineering,Medium,Minor operational impact,10579.16,0.478,,
REQ-0000835,2026-11-09,SMMS,S&T,Preventive,AST-000270,Relay Room,Medium,Fair,0.338,0,COR-01,SEC-01,195.849,195.894,Up,Yard,Communication equipment maintenance,180,20,15,215,2026-11-09 00:47,2026-11-09 01:15,2026-11-09 04:50,2026-11-11 07:50,Caution Order,Signal Testing Kit,1,S&T Supervisor,Yes,Yes,Yes,TD,Medium,Failure risk,11590.2,0.321,,
REQ-0000836,2026-10-16,TMS,Engineering,Emergency,AST-000225,Track,High,Fair,0.462,99,COR-01,SEC-02,183.404,183.443,Down,Loop Line,Sleeper replacement,60,20,15,95,2026-10-16 00:24,2026-10-16 03:00,2026-10-16 04:35,2026-10-17 11:35,Full Block,Track Machine,1,Track Supervisor,No,No,No,,Medium,Minor operational impact,12979.02,0.649,,
REQ-0000837,2026-11-02,TDMS,TD,Corrective,AST-000434,Traction Substation,Low,Good,0.387,120,COR-04,SEC-07,351.71,352.053,Down,Main Line,OHE inspection,90,10,30,130,2026-11-02 00:54,2026-11-02 01:30,2026-11-02 03:40,2026-11-06 03:40,Power Block,Electrical Testing Kit,1,Electrical Supervisor,Yes,Yes,Yes,Engineering,Medium,Operational delay,8792.77,0.399,,
REQ-0000838,2026-09-29,TMS,Engineering,Corrective,AST-000293,Track,Medium,Poor,0.342,0,COR-03,SEC-05,145.767,146.0,Down,Main Line,Drainage maintenance,120,30,20,170,2026-09-29 01:06,2026-09-29 01:30,2026-09-29 04:20,2026-10-02 06:20,Line Block,Maintenance Van,1,P.Way Technician,Yes,No,Yes,S&T,Medium,Speed restriction,10590.72,0.353,,
REQ-0000839,2026-10-26,TMS,Engineering,Corrective,AST-000118,Point Machine,High,Fair,0.495,222,COR-01,SEC-01,207.417,207.805,Up,Loop Line,Track geometry inspection,75,20,20,115,2026-10-26 02:39,2026-10-26 04:15,2026-10-26 06:10,2026-10-29 09:10,Power Block,Maintenance Van,1,Track Machine Operator,Yes,Yes,Yes,S&T,Low,Minor operational impact,14746.31,0.699,REQ-0000303,Isolation before work
REQ-0000840,2026-11-04,TDMS,TD,Inspection,AST-000081,Sectioning Post,High,Good,0.201,0,COR-02,SEC-04,312.275,312.457,Up,Loop Line,OHE fitting replacement,60,15,30,105,2026-11-04 00:08,2026-11-04 01:00,2026-11-04 02:45,2026-11-05 03:45,Full Block,Electrical Testing Kit,1,Electrical Supervisor,Yes,Yes,Yes,Engineering;S&T,High,Failure risk,9409.77,0.38,,
REQ-0000841,2026-11-23,TDMS,TD,Preventive,AST-000366,Traction Substation,High,Good,0.18,0,COR-02,SEC-03,307.882,308.159,Down,Main Line,Power supply inspection,120,15,30,165,2026-11-23 00:50,2026-11-23 02:00,2026-11-23 04:45,2026-11-24 04:45,Power Block,OHE Tower Wagon,1,OHE Technician,Yes,Yes,Yes,Engineering;S&T,High,Operational delay,14498.33,0.374,,
REQ-0000842,2026-10-21,TMS,Engineering,Inspection,AST-000352,Point Machine,High,Poor,0.389,130,COR-03,SEC-05,162.169,162.54,Both Lines,Loop Line,Track geometry inspection,180,10,15,205,2026-10-21 01:08,2026-10-21 02:45,2026-10-21 06:10,2026-10-24 13:10,Line Block,Track Machine,1,Track Machine Operator,No,No,No,,Critical,Failure risk,14322.83,0.581,,
REQ-0000843,2026-10-17,TDMS,TD,Preventive,AST-000390,OHE Mast,Medium,Fair,0.244,0,COR-04,SEC-08,379.242,379.328,Up,Yard,Sectioning equipment inspection,120,15,10,145,2026-10-16 22:07,2026-10-17 01:00,2026-10-17 03:25,2026-10-19 04:25,Power Block,OHE Tower Wagon,1,OHE Authorized Supervisor,No,No,No,,Medium,Operational delay,9680.88,0.293,,
REQ-0000844,2026-10-13,TMS,Engineering,Preventive,AST-000128,Point Machine,Medium,Poor,0.552,0,COR-03,SEC-06,143.529,143.773,Down,Yard,Track geometry inspection,45,20,20,85,2026-10-13 19:12,2026-10-13 20:15,2026-10-13 21:40,2026-10-17 21:40,Caution Order,Maintenance Van,1,P.Way Technician,No,No,No,,Medium,Minor operational impact,13816.63,0.386,,
REQ-0000845,2026-10-26,TDMS,TD,Preventive,AST-000003,OHE,Medium,Fair,0.155,125,COR-01,SEC-02,185.105,185.194,Up,Main Line,Traction equipment maintenance,45,20,15,80,2026-10-26 18:30,2026-10-26 19:30,2026-10-26 20:50,2026-10-31 01:50,Power Block,OHE Tower Wagon,2,Electrical Supervisor,Yes,No,Yes,S&T,Low,Line closure,6612.32,0.405,,
REQ-0000846,2026-11-17,TMS,Engineering,Inspection,AST-000012,Track Machine,Medium,Fair,0.127,50,COR-04,SEC-07,361.106,361.14,Down,Main Line,Rail joint replacement,30,30,20,80,2026-11-17 14:05,2026-11-17 14:30,2026-11-17 15:50,2026-11-22 18:50,Full Block,Maintenance Van,2,P.Way Technician,Yes,Yes,Yes,,Medium,Operational delay,6277.49,0.314,,
REQ-0000847,2026-10-10,TDMS,TD,Preventive,AST-000104,OHE Mast,High,Good,0.117,242,COR-01,SEC-02,250.483,250.56,Both Lines,Loop Line,OHE inspection,150,30,10,190,2026-10-09 23:06,2026-10-10 01:45,2026-10-10 04:55,2026-10-11 04:55,Full Block,Maintenance Van,1,OHE Authorized Supervisor,Yes,Yes,Yes,Engineering;S&T,Medium,Minor operational impact,9033.26,0.555,,
REQ-0000848,2026-11-17,TDMS,TD,Preventive,AST-000408,OHE,Low,Fair,0.344,216,COR-04,SEC-07,359.465,359.86,Down,Yard,Traction equipment maintenance,30,10,15,55,2026-11-17 01:17,2026-11-17 03:15,2026-11-17 04:10,2026-11-18 05:10,Full Block,Maintenance Van,1,OHE Authorized Supervisor,Yes,Yes,Yes,Engineering,Medium,Operational delay,9278.83,0.423,,
REQ-0000849,2026-10-02,TMS,Engineering,Preventive,AST-000133,Bridge,Medium,Poor,0.286,300,COR-04,SEC-08,362.508,362.848,Up,Yard,Drainage maintenance,60,10,10,80,2026-10-01 23:23,2026-10-02 00:30,2026-10-02 01:50,2026-10-04 03:50,Full Block,Track Machine,1,Track Supervisor,No,No,No,,Medium,Minor operational impact,8661.37,0.506,,
REQ-0000850,2026-10-27,TDMS,TD,Emergency,AST-000264,Switching Station,High,Poor,0.611,0,COR-01,SEC-02,224.495,224.824,Up,Main Line,OHE inspection,90,10,30,130,2026-10-27 13:48,2026-10-27 15:30,2026-10-27 17:40,2026-10-29 18:40,Power Block,OHE Tower Wagon,1,Traction Technician,No,No,No,,Medium,Failure risk,17790.36,0.583,,
REQ-0000851,2026-10-25,SMMS,S&T,Preventive,AST-000488,Interlocking Equipment,Medium,Good,0.453,0,COR-01,SEC-02,196.404,196.734,Down,Loop Line,Signal equipment inspection,120,20,10,150,2026-10-25 02:15,2026-10-25 03:45,2026-10-25 06:15,2026-10-28 10:15,Full Block,Maintenance Van,2,S&T Supervisor,Yes,Yes,Yes,Engineering;TD,Low,Minor operational impact,10194.68,0.356,,
REQ-0000852,2026-10-04,SMMS,S&T,Preventive,AST-000285,Interlocking Equipment,Medium,Fair,0.074,81,COR-01,SEC-02,229.981,230.277,Down,Yard,Interlocking equipment testing,75,30,10,115,2026-10-04 02:27,2026-10-04 03:15,2026-10-04 05:10,2026-10-05 06:10,Power Block,Signal Testing Kit,1,Signal Technician,Yes,No,Yes,,Low,Speed restriction,10095.34,0.332,,
REQ-0000853,2026-11-05,TMS,Engineering,Preventive,AST-000077,Bridge,Medium,Poor,0.78,0,COR-02,SEC-04,287.354,287.646,Both Lines,Main Line,Sleeper replacement,150,10,30,190,2026-11-04 21:33,2026-11-05 00:00,2026-11-05 03:10,2026-11-09 07:10,Line Block,Inspection Vehicle,2,Track Supervisor,Yes,Yes,Yes,S&T;TD,Medium,Failure risk,8358.88,0.454,,
REQ-0000854,2026-10-02,SMMS,S&T,Inspection,AST-000166,Telecom,Low,Fair,0.148,161,COR-03,SEC-05,151.225,151.495,Down,Main Line,Axle counter maintenance,45,15,30,90,2026-10-01 23:09,2026-10-02 02:00,2026-10-02 03:30,2026-10-05 07:30,Power Block,Signal Testing Kit,1,Interlocking Technician,Yes,Yes,Yes,TD,Low,Speed restriction,5439.96,0.343,,
REQ-0000855,2026-09-28,TDMS,TD,Preventive,AST-000193,OHE Mast,High,Poor,0.465,129,COR-04,SEC-08,394.803,394.864,Both Lines,Loop Line,Traction equipment maintenance,60,20,30,110,2026-09-27 22:20,2026-09-28 01:00,2026-09-28 02:50,2026-10-01 06:50,Full Block,Electrical Testing Kit,2,Electrical Supervisor,Yes,Yes,Yes,Engineering,Medium,Operational delay,10681.65,0.603,,
REQ-0000856,2026-09-30,TMS,Engineering,Preventive,AST-000076,Bridge,High,Fair,0.233,8,COR-03,SEC-05,179.734,179.904,Down,Loop Line,Track alignment correction,120,30,20,170,2026-09-30 00:34,2026-09-30 02:15,2026-09-30 05:05,2026-10-05 05:05,Full Block,Track Machine,2,P.Way Technician,No,No,No,,Medium,Line closure,8980.97,0.399,,
REQ-0000857,2026-10-05,SMMS,S&T,Emergency,AST-000415,Telecom,High,Good,0.12,94,COR-03,SEC-05,173.336,173.485,Up,Main Line,Communication equipment maintenance,120,20,30,170,2026-10-05 01:42,2026-10-05 02:15,2026-10-05 05:05,2026-10-09 10:05,Full Block,Maintenance Van,2,Signal Technician,No,No,No,,Low,Failure risk,12329.01,0.54,,
REQ-0000858,2026-10-22,TDMS,TD,Emergency,AST-000263,OHE,Medium,Poor,0.449,11,COR-03,SEC-05,155.537,155.745,Down,Loop Line,OHE fitting replacement,60,10,30,100,2026-10-22 03:31,2026-10-22 04:45,2026-10-22 06:25,2026-10-27 09:25,Full Block,OHE Tower Wagon,2,OHE Technician,No,No,No,,High,Line closure,10402.98,0.447,,
REQ-0000859,2026-10-21,SMMS,S&T,Preventive,AST-000272,Interlocking Equipment,Critical,Poor,0.538,17,COR-01,SEC-02,237.9,238.015,Up,Yard,Track circuit inspection,75,15,15,105,2026-10-21 01:18,2026-10-21 04:00,2026-10-21 05:45,2026-10-26 07:45,Full Block,Signal Testing Kit,1,Telecom Technician,Yes,Yes,Yes,TD,Medium,Failure risk,15322.65,0.6,,
REQ-0000860,2026-10-27,TMS,Engineering,Corrective,AST-000240,Point Machine,High,Fair,0.073,3,COR-04,SEC-07,407.979,408.026,Up,Loop Line,Rail joint replacement,45,15,15,75,2026-10-27 01:19,2026-10-27 02:30,2026-10-27 03:45,2026-10-31 07:45,Power Block,Crane,2,Bridge Inspector,Yes,No,Yes,,High,Failure risk,7999.37,0.375,,
REQ-0000861,2026-11-18,TDMS,TD,Inspection,AST-000177,OHE,High,Fair,0.081,110,COR-02,SEC-04,316.653,316.7,Both Lines,Main Line,OHE fitting replacement,45,15,20,80,2026-11-17 22:50,2026-11-18 01:15,2026-11-18 02:35,2026-11-23 02:35,Power Block,OHE Tower Wagon,1,Electrical Supervisor,Yes,No,Yes,,Critical,Minor operational impact,14206.87,0.467,,
REQ-0000862,2026-11-21,TMS,Engineering,Preventive,AST-000049,Track Machine,Medium,Good,0.227,30,COR-03,SEC-05,130.012,130.281,Both Lines,Yard,Track geometry inspection,60,20,15,95,2026-11-20 23:52,2026-11-21 01:15,2026-11-21 02:50,2026-11-23 03:50,Line Block,Inspection Vehicle,2,Track Supervisor,Yes,No,Yes,S&T,High,Operational delay,6397.84,0.321,,
REQ-0000863,2026-10-28,SMMS,S&T,Preventive,AST-000481,Relay Room,Medium,Excellent,0.282,0,COR-04,SEC-07,367.334,367.613,Up,Loop Line,Relay room inspection,30,20,20,70,2026-10-27 23:16,2026-10-28 01:15,2026-10-28 02:25,2026-11-02 07:25,Line Block,Maintenance Van,2,Telecom Technician,Yes,No,Yes,Engineering;TD,High,Line closure,9743.21,0.305,,
REQ-0000864,2026-11-17,SMMS,S&T,Corrective,AST-000147,Axle Counter,Medium,Good,0.109,197,COR-01,SEC-01,226.149,226.242,Down,Main Line,Axle counter maintenance,150,30,15,195,2026-11-16 22:30,2026-11-17 00:30,2026-11-17 03:45,2026-11-20 07:45,Caution Order,Testing Kit,1,S&T Supervisor,No,No,No,,Critical,Minor operational impact,7236.62,0.483,,
REQ-0000865,2026-10-29,TDMS,TD,Inspection,AST-000089,Traction Substation,Critical,Fair,0.724,150,COR-02,SEC-04,262.503,262.618,Up,Main Line,OHE inspection,120,10,10,140,2026-10-29 00:52,2026-10-29 02:45,2026-10-29 05:05,2026-10-31 08:05,Full Block,Electrical Testing Kit,1,Traction Technician,Yes,Yes,Yes,Engineering;S&T,Medium,Line closure,18189.06,0.804,,
REQ-0000866,2026-10-03,TDMS,TD,Preventive,AST-000066,OHE,High,Fair,0.309,155,COR-01,SEC-02,184.649,184.819,Down,Main Line,OHE inspection,90,30,30,150,2026-10-03 13:46,2026-10-03 16:30,2026-10-03 19:00,2026-10-05 22:00,Power Block,Electrical Testing Kit,1,OHE Authorized Supervisor,Yes,No,Yes,Engineering,High,Failure risk,13273.43,0.585,,
REQ-0000867,2026-11-11,SMMS,S&T,Preventive,AST-000103,Telecom,High,Good,0.267,45,COR-03,SEC-06,147.587,147.911,Both Lines,Main Line,Track circuit inspection,120,10,20,150,2026-11-11 04:07,2026-11-11 04:30,2026-11-11 07:00,2026-11-16 12:00,Line Block,Maintenance Van,2,Interlocking Technician,Yes,Yes,Yes,,Medium,Line closure,10417.68,0.45,,
REQ-0000868,2026-10-29,TMS,Engineering,Preventive,AST-000065,Track,Medium,Good,0.054,29,COR-03,SEC-05,161.051,161.232,Up,Loop Line,Track alignment correction,75,20,10,105,2026-10-29 01:03,2026-10-29 01:45,2026-10-29 03:30,2026-11-02 08:30,Power Block,Inspection Vehicle,1,Track Supervisor,Yes,Yes,Yes,,Medium,Operational delay,10611.87,0.268,,
REQ-0000869,2026-11-08,TDMS,TD,Preventive,AST-000223,Sectioning Post,High,Good,0.427,30,COR-02,SEC-03,298.179,298.507,Down,Loop Line,Traction equipment maintenance,120,15,10,145,2026-11-07 21:03,2026-11-08 00:00,2026-11-08 02:25,2026-11-13 03:25,Power Block,Maintenance Van,1,Electrical Supervisor,Yes,No,Yes,Engineering,High,Line closure,16007.97,0.481,,
REQ-0000870,2026-10-11,TDMS,TD,Corrective,AST-000497,OHE Mast,Critical,Fair,0.736,145,COR-03,SEC-06,169.001,169.401,Down,Loop Line,OHE fitting replacement,30,15,10,55,2026-10-11 02:25,2026-10-11 03:45,2026-10-11 04:40,2026-10-15 10:40,Power Block,OHE Tower Wagon,1,Traction Technician,No,No,No,,Critical,Speed restriction,19538.0,0.832,,
REQ-0000871,2026-10-21,TMS,Engineering,Preventive,AST-000197,Level Crossing,Low,Fair,0.408,149,COR-02,SEC-03,323.619,323.815,Down,Loop Line,Rail joint replacement,150,30,30,210,2026-10-20 22:05,2026-10-21 01:00,2026-10-21 04:30,2026-10-22 10:30,Full Block,Track Machine,1,Track Supervisor,Yes,Yes,Yes,TD,Medium,Line closure,8261.08,0.408,,
REQ-0000872,2026-11-11,SMMS,S&T,Corrective,AST-000188,Interlocking Equipment,Medium,Poor,0.497,0,COR-04,SEC-07,354.56,354.68,Down,Loop Line,Interlocking equipment testing,90,15,15,120,2026-11-11 02:37,2026-11-11 04:45,2026-11-11 06:45,2026-11-15 10:45,Line Block,Maintenance Van,1,Telecom Technician,Yes,Yes,Yes,Engineering,Medium,Failure risk,9627.29,0.399,,
REQ-0000873,2026-10-19,TMS,Engineering,Inspection,AST-000133,Bridge,Medium,Poor,0.286,300,COR-04,SEC-08,362.508,362.541,Up,Loop Line,Turnout inspection,90,20,15,125,2026-10-19 03:45,2026-10-19 04:45,2026-10-19 06:50,2026-10-22 07:50,Caution Order,Track Machine,1,Bridge Inspector,Yes,Yes,Yes,S&T,Medium,Failure risk,7570.36,0.506,,
REQ-0000874,2026-11-23,TMS,Engineering,Emergency,AST-000084,Bridge,High,Excellent,0.09,0,COR-01,SEC-02,183.286,183.587,Both Lines,Yard,Rail joint replacement,90,30,10,130,2026-11-23 00:03,2026-11-23 00:30,2026-11-23 02:40,2026-11-25 08:40,Full Block,Crane,1,Bridge Inspector,No,No,No,,Medium,Operational delay,7968.21,0.427,,
REQ-0000875,2026-10-25,SMMS,S&T,Preventive,AST-000232,Relay Room,Medium,Fair,0.135,185,COR-03,SEC-06,156.405,156.444,Both Lines,Loop Line,Communication equipment maintenance,60,15,20,95,2026-10-25 04:22,2026-10-25 04:45,2026-10-25 06:20,2026-10-26 12:20,Caution Order,Signal Testing Kit,2,Interlocking Technician,No,No,No,,High,Operational delay,6581.1,0.461,,
REQ-0000876,2026-10-11,SMMS,S&T,Preventive,AST-000488,Interlocking Equipment,Medium,Good,0.453,0,COR-01,SEC-02,196.404,196.451,Up,Yard,Axle counter maintenance,30,15,30,75,2026-10-11 04:11,2026-10-11 04:30,2026-10-11 05:45,2026-10-12 06:45,Line Block,Signal Testing Kit,1,S&T Supervisor,No,No,No,,High,Operational delay,8058.94,0.356,,
REQ-0000877,2026-10-17,SMMS,S&T,Inspection,AST-000437,Signal,Low,Good,0.484,210,COR-03,SEC-06,131.556,131.816,Down,Loop Line,Axle counter maintenance,90,30,10,130,2026-10-17 01:19,2026-10-17 03:15,2026-10-17 05:25,2026-10-20 11:25,Power Block,Maintenance Van,1,Telecom Technician,No,No,No,,High,Line closure,5941.48,0.465,REQ-0000772,Testing before restoration
REQ-0000878,2026-10-10,SMMS,S&T,Preventive,AST-000340,Signal,Medium,Fair,0.096,94,COR-02,SEC-04,314.72,314.982,Up,Loop Line,Signal equipment inspection,150,15,30,195,2026-10-10 16:36,2026-10-10 17:45,2026-10-10 21:00,2026-10-15 22:00,Full Block,Maintenance Van,2,Signal Technician,Yes,Yes,Yes,Engineering;TD,High,Line closure,9545.85,0.353,,
REQ-0000879,2026-10-07,TDMS,TD,Preventive,AST-000212,OHE,Low,Fair,0.653,98,COR-04,SEC-08,373.711,374.076,Both Lines,Yard,Sectioning equipment inspection,90,10,10,110,2026-10-07 03:31,2026-10-07 06:00,2026-10-07 07:50,2026-10-09 09:50,Power Block,Maintenance Van,1,Electrical Supervisor,Yes,No,Yes,S&T,Medium,Operational delay,7921.59,0.425,,
REQ-0000880,2026-11-19,TDMS,TD,Preventive,AST-000155,Traction Substation,Medium,Good,0.326,94,COR-04,SEC-08,407.451,407.639,Both Lines,Loop Line,Electrical isolation testing,60,10,30,100,2026-11-19 03:25,2026-11-19 04:30,2026-11-19 06:10,2026-11-20 13:10,Power Block,OHE Tower Wagon,2,Electrical Supervisor,Yes,Yes,Yes,S&T,High,Failure risk,11586.25,0.422,REQ-0000516,Inspection before repair
REQ-0000881,2026-10-16,TDMS,TD,Preventive,AST-000158,OHE,Medium,Excellent,0.618,152,COR-04,SEC-08,366.371,366.576,Up,Yard,OHE fitting replacement,30,15,30,75,2026-10-15 21:53,2026-10-16 00:30,2026-10-16 01:45,2026-10-19 06:45,Full Block,Maintenance Van,1,Traction Technician,Yes,Yes,Yes,S&T,Medium,Line closure,7926.3,0.574,REQ-0000409,Inspection before repair
REQ-0000882,2026-10-19,TMS,Engineering,Inspection,AST-000078,Track Machine,Medium,Fair,0.22,329,COR-04,SEC-08,389.062,389.401,Up,Main Line,Sleeper replacement,75,30,10,115,2026-10-19 06:39,2026-10-19 08:30,2026-10-19 10:25,2026-10-21 11:25,Caution Order,Inspection Vehicle,2,Track Machine Operator,Yes,Yes,Yes,S&T,High,Speed restriction,11010.62,0.486,,
REQ-0000883,2026-10-28,SMMS,S&T,Corrective,AST-000295,Signal,Medium,Fair,0.445,0,COR-02,SEC-04,300.779,300.893,Down,Loop Line,Communication equipment maintenance,60,10,10,80,2026-10-28 00:01,2026-10-28 01:45,2026-10-28 03:05,2026-10-30 09:05,Full Block,Signal Testing Kit,1,Telecom Technician,Yes,No,Yes,,High,Line closure,9942.02,0.384,,
REQ-0000884,2026-10-26,TMS,Engineering,Inspection,AST-000393,Point Machine,Low,Fair,0.422,100,COR-04,SEC-07,400.639,400.732,Up,Yard,Rail joint replacement,180,30,30,240,2026-10-26 00:04,2026-10-26 01:00,2026-10-26 05:00,2026-10-31 07:00,Caution Order,Crane,2,Track Supervisor,Yes,No,Yes,S&T;TD,Medium,Operational delay,8432.48,0.358,,
REQ-0000885,2026-11-22,TMS,Engineering,Inspection,AST-000128,Point Machine,Medium,Poor,0.552,0,COR-03,SEC-06,143.529,143.664,Up,Main Line,Sleeper replacement,30,30,30,90,2026-11-22 00:02,2026-11-22 01:30,2026-11-22 03:00,2026-11-25 04:00,Caution Order,Crane,1,Track Machine Operator,Yes,Yes,Yes,S&T,High,Minor operational impact,11069.42,0.386,,
REQ-0000886,2026-10-28,TMS,Engineering,Preventive,AST-000404,Track,Medium,Poor,0.585,171,COR-04,SEC-08,370.263,370.502,Up,Yard,Drainage maintenance,60,15,15,90,2026-10-27 23:41,2026-10-28 00:15,2026-10-28 01:45,2026-11-01 02:45,Line Block,Track Machine,1,Track Machine Operator,Yes,Yes,Yes,S&T;TD,Critical,Operational delay,11619.19,0.586,,
REQ-0000887,2026-10-02,TDMS,TD,Preventive,AST-000275,OHE,Medium,Good,0.754,111,COR-02,SEC-04,301.715,302.111,Up,Main Line,OHE mast inspection,30,15,20,65,2026-10-02 18:40,2026-10-02 19:00,2026-10-02 20:05,2026-10-03 21:05,Full Block,Electrical Testing Kit,1,Electrical Supervisor,Yes,Yes,Yes,S&T,Medium,Line closure,14043.38,0.57,,
REQ-0000888,2026-11-09,SMMS,S&T,Corrective,AST-000419,Interlocking Equipment,Critical,Good,0.217,86,COR-03,SEC-06,185.489,185.55,Up,Main Line,Interlocking equipment testing,90,30,15,135,2026-11-09 12:13,2026-11-09 13:00,2026-11-09 15:15,2026-11-10 17:15,Full Block,Testing Kit,1,S&T Supervisor,Yes,Yes,No,Engineering;TD,Medium,Speed restriction,13330.7,0.611,,
REQ-0000889,2026-10-02,SMMS,S&T,Corrective,AST-000160,Axle Counter,High,Fair,0.453,194,COR-01,SEC-02,230.739,230.839,Up,Main Line,Interlocking equipment testing,45,15,15,75,2026-10-01 23:14,2026-10-02 02:00,2026-10-02 03:15,2026-10-06 09:15,Power Block,Testing Kit,1,Signal Technician,Yes,No,Yes,,Critical,Line closure,16327.15,0.686,,
REQ-0000890,2026-10-29,SMMS,S&T,Emergency,AST-000061,Relay Room,Medium,Good,0.668,0,COR-04,SEC-08,350.753,351.12,Down,Main Line,Interlocking equipment testing,60,20,30,110,2026-10-28 22:08,2026-10-29 01:00,2026-10-29 02:50,2026-10-31 08:50,Full Block,Signal Testing Kit,1,Interlocking Technician,No,No,No,,Medium,Failure risk,8634.15,0.5,,
REQ-0000891,2026-10-08,SMMS,S&T,Corrective,AST-000255,Telecom,Critical,Fair,0.521,0,COR-02,SEC-03,325.272,325.49,Up,Main Line,Signal equipment replacement,90,30,20,140,2026-10-08 02:12,2026-10-08 03:45,2026-10-08 06:05,2026-10-11 12:05,Caution Order,Testing Kit,2,S&T Supervisor,Yes,No,Yes,Engineering,Medium,Line closure,14731.87,0.606,,
REQ-0000892,2026-11-05,TMS,Engineering,Preventive,AST-000358,Bridge,Medium,Poor,0.52,0,COR-03,SEC-05,127.974,128.357,Up,Main Line,Drainage maintenance,75,10,20,105,2026-11-04 21:46,2026-11-05 00:45,2026-11-05 02:30,2026-11-06 04:30,Caution Order,Track Machine,1,Track Supervisor,No,No,No,,Medium,Speed restriction,10208.26,0.376,,
REQ-0000893,2026-10-10,SMMS,S&T,Corrective,AST-000017,Signal,Medium,Poor,0.694,231,COR-02,SEC-04,336.685,336.772,Both Lines,Main Line,Signal equipment replacement,150,10,20,180,2026-10-10 01:18,2026-10-10 02:45,2026-10-10 05:45,2026-10-14 07:45,Line Block,Signal Testing Kit,1,Interlocking Technician,No,No,No,,High,Line closure,8245.08,0.658,,
REQ-0000894,2026-10-15,TDMS,TD,Corrective,AST-000385,Traction Substation,High,Excellent,0.159,91,COR-03,SEC-06,163.165,163.488,Down,Yard,Sectioning equipment inspection,45,10,30,85,2026-10-15 01:23,2026-10-15 03:30,2026-10-15 04:55,2026-10-20 08:55,Power Block,Maintenance Van,1,Traction Technician,Yes,No,Yes,,High,Operational delay,8685.86,0.499,,
REQ-0000895,2026-11-22,TMS,Engineering,Emergency,AST-000024,Point Machine,High,Poor,0.398,285,COR-03,SEC-05,133.75,134.098,Down,Loop Line,Track alignment correction,75,10,10,95,2026-11-21 22:40,2026-11-22 00:15,2026-11-22 01:50,2026-11-26 08:50,Full Block,Maintenance Van,1,P.Way Technician,No,No,No,,High,Minor operational impact,8412.3,0.719,,
REQ-0000896,2026-11-03,TDMS,TD,Preventive,AST-000385,Traction Substation,High,Excellent,0.159,91,COR-03,SEC-06,163.165,163.326,Both Lines,Yard,Traction equipment maintenance,60,15,10,85,2026-11-02 22:26,2026-11-03 01:15,2026-11-03 02:40,2026-11-08 07:40,Full Block,OHE Tower Wagon,1,Electrical Supervisor,No,No,No,,Medium,Minor operational impact,9973.05,0.469,,
REQ-0000897,2026-11-14,TMS,Engineering,Inspection,AST-000169,Level Crossing,High,Critical,0.467,163,COR-01,SEC-01,198.074,198.12,Down,Main Line,Ballast maintenance,30,30,30,90,2026-11-14 01:31,2026-11-14 02:00,2026-11-14 03:30,2026-11-16 05:30,Full Block,Track Machine,2,Track Supervisor,Yes,No,No,S&T;TD,Medium,Speed restriction,13206.49,0.641,,
REQ-0000898,2026-11-03,SMMS,S&T,Preventive,AST-000115,Axle Counter,Medium,Fair,0.155,103,COR-02,SEC-03,287.392,287.62,Up,Main Line,Axle counter maintenance,45,15,15,75,2026-11-03 06:51,2026-11-03 08:45,2026-11-03 10:00,2026-11-05 13:00,Line Block,Maintenance Van,1,S&T Supervisor,Yes,Yes,Yes,Engineering,Medium,Failure risk,7656.82,0.381,,
REQ-0000899,2026-10-24,TDMS,TD,Preventive,AST-000286,Switching Station,High,Poor,0.703,0,COR-03,SEC-05,161.459,161.567,Down,Loop Line,OHE fitting replacement,120,20,30,170,2026-10-24 13:23,2026-10-24 14:00,2026-10-24 16:50,2026-10-25 20:50,Full Block,Maintenance Van,2,OHE Authorized Supervisor,Yes,Yes,Yes,Engineering;S&T,Medium,Operational delay,16629.23,0.531,,
REQ-0000900,2026-10-09,TDMS,TD,Corrective,AST-000307,OHE,High,Poor,0.588,0,COR-04,SEC-07,400.405,400.516,Down,Loop Line,OHE inspection,150,20,20,190,2026-10-09 01:57,2026-10-09 02:30,2026-10-09 05:40,2026-10-12 05:40,Power Block,Electrical Testing Kit,1,OHE Authorized Supervisor,Yes,No,Yes,S&T,Medium,Operational delay,15996.98,0.526,,
REQ-0000901,2026-11-17,TMS,Engineering,Preventive,AST-000015,Bridge,Medium,Fair,0.114,11,COR-01,SEC-02,230.185,230.315,Down,Main Line,Rail joint replacement,45,30,15,90,2026-11-16 23:23,2026-11-17 02:00,2026-11-17 03:30,2026-11-19 09:30,Full Block,Maintenance Van,1,P.Way Technician,Yes,Yes,Yes,,Medium,Minor operational impact,6424.55,0.266,,
REQ-0000902,2026-10-17,TDMS,TD,Preventive,AST-000451,OHE Mast,Low,Fair,0.487,94,COR-03,SEC-06,170.223,170.467,Down,Loop Line,Electrical isolation testing,120,30,10,160,2026-10-17 01:28,2026-10-17 02:15,2026-10-17 04:55,2026-10-22 11:55,Full Block,Electrical Testing Kit,1,Traction Technician,No,No,No,,Medium,Line closure,9126.39,0.371,,
REQ-0000903,2026-11-18,TDMS,TD,Corrective,AST-000275,OHE,Medium,Good,0.754,111,COR-02,SEC-04,301.715,301.97,Up,Loop Line,Traction equipment maintenance,75,15,15,105,2026-11-18 15:41,2026-11-18 17:30,2026-11-18 19:15,2026-11-23 21:15,Full Block,OHE Tower Wagon,1,OHE Authorized Supervisor,Yes,Yes,Yes,S&T,High,Minor operational impact,8920.76,0.6,,
REQ-0000904,2026-10-13,SMMS,S&T,Corrective,AST-000443,Signal,High,Fair,0.272,0,COR-04,SEC-07,379.743,380.074,Up,Yard,Signal equipment inspection,45,10,10,65,2026-10-12 22:47,2026-10-13 01:00,2026-10-13 02:05,2026-10-14 03:05,Full Block,Testing Kit,1,Telecom Technician,No,No,No,,Medium,Minor operational impact,14831.78,0.432,,
REQ-0000905,2026-10-02,SMMS,S&T,Preventive,AST-000188,Interlocking Equipment,Medium,Poor,0.497,0,COR-04,SEC-07,354.56,354.634,Down,Main Line,Signal equipment replacement,150,10,20,180,2026-10-02 02:00,2026-10-02 04:45,2026-10-02 07:45,2026-10-04 11:45,Caution Order,Maintenance Van,1,S&T Supervisor,Yes,Yes,No,Engineering;TD,Medium,Speed restriction,7149.53,0.369,,
REQ-0000906,2026-10-19,SMMS,S&T,Preventive,AST-000343,Axle Counter,High,Poor,0.364,60,COR-04,SEC-08,394.368,394.697,Down,Loop Line,Signal equipment replacement,45,10,10,65,2026-10-18 23:35,2026-10-19 02:15,2026-10-19 03:20,2026-10-21 09:20,Line Block,Testing Kit,2,Signal Technician,Yes,Yes,No,Engineering;TD,Critical,Failure risk,9700.53,0.496,,
REQ-0000907,2026-10-13,TDMS,TD,Emergency,AST-000497,OHE Mast,Critical,Fair,0.736,145,COR-03,SEC-06,169.001,169.064,Down,Loop Line,Sectioning equipment inspection,60,20,30,110,2026-10-13 01:54,2026-10-13 04:30,2026-10-13 06:20,2026-10-14 11:20,Full Block,Maintenance Van,1,OHE Authorized Supervisor,No,No,No,,Medium,Operational delay,19422.31,0.882,,
REQ-0000908,2026-10-03,SMMS,S&T,Corrective,AST-000283,Axle Counter,High,Poor,0.275,34,COR-03,SEC-05,166.504,166.579,Up,Yard,Axle counter maintenance,75,20,30,125,2026-10-03 02:32,2026-10-03 03:30,2026-10-03 05:35,2026-10-08 08:35,Caution Order,Signal Testing Kit,1,Interlocking Technician,No,No,No,,High,Line closure,10502.5,0.47,,
REQ-0000909,2026-10-05,TMS,Engineering,Preventive,AST-000200,Track Machine,Medium,Excellent,0.336,167,COR-02,SEC-04,305.082,305.273,Down,Yard,Track alignment correction,90,20,10,120,2026-10-04 23:54,2026-10-05 00:00,2026-10-05 02:00,2026-10-06 03:00,Power Block,Track Machine,1,Bridge Inspector,Yes,Yes,Yes,TD,Medium,Line closure,11988.01,0.506,,
REQ-0000910,2026-10-19,TDMS,TD,Preventive,AST-000126,Traction Substation,Medium,Poor,0.623,184,COR-04,SEC-08,408.474,408.775,Down,Main Line,OHE mast inspection,90,30,20,140,2026-10-19 04:30,2026-10-19 04:30,2026-10-19 06:50,2026-10-21 11:50,Full Block,Maintenance Van,2,OHE Technician,Yes,Yes,No,,High,Line closure,10010.54,0.607,,
REQ-0000911,2026-11-21,TMS,Engineering,Preventive,AST-000377,Track,High,Poor,0.668,91,COR-04,SEC-08,378.935,379.215,Up,Loop Line,Track geometry inspection,180,10,10,200,2026-11-21 16:25,2026-11-21 18:30,2026-11-21 21:50,2026-11-27 01:50,Caution Order,Inspection Vehicle,2,P.Way Technician,No,No,No,,Medium,Line closure,12264.57,0.622,,
REQ-0000912,2026-10-27,SMMS,S&T,Preventive,AST-000246,Telecom,High,Good,0.275,0,COR-01,SEC-01,188.66,188.936,Both Lines,Main Line,Interlocking equipment testing,120,10,15,145,2026-10-26 23:26,2026-10-27 00:00,2026-10-27 02:25,2026-10-28 03:25,Line Block,Testing Kit,1,Telecom Technician,No,No,No,,Medium,Minor operational impact,14154.6,0.403,,
REQ-0000913,2026-10-28,TMS,Engineering,Inspection,AST-000393,Point Machine,Low,Fair,0.422,100,COR-04,SEC-07,400.639,400.823,Up,Yard,Track alignment correction,90,20,30,140,2026-10-28 01:24,2026-10-28 03:30,2026-10-28 05:50,2026-10-30 05:50,Line Block,Inspection Vehicle,2,P.Way Technician,Yes,No,Yes,,Medium,Line closure,7602.96,0.358,,
REQ-0000914,2026-10-22,TDMS,TD,Inspection,AST-000318,Switching Station,Medium,Fair,0.033,0,COR-02,SEC-03,302.37,302.41,Down,Loop Line,Sectioning equipment inspection,75,20,20,115,2026-10-22 00:50,2026-10-22 01:00,2026-10-22 02:55,2026-10-26 02:55,Power Block,Maintenance Van,2,OHE Technician,No,No,No,,Medium,Speed restriction,10478.54,0.23,,
REQ-0000915,2026-11-09,SMMS,S&T,Preventive,AST-000258,Telecom,Medium,Excellent,0.191,233,COR-01,SEC-01,200.265,200.478,Up,Main Line,Communication equipment maintenance,90,30,10,130,2026-11-09 15:14,2026-11-09 15:45,2026-11-09 17:55,2026-11-10 18:55,Full Block,Testing Kit,1,Telecom Technician,Yes,Yes,Yes,Engineering;TD,Medium,Operational delay,10541.93,0.477,,
REQ-0000916,2026-10-13,TDMS,TD,Corrective,AST-000308,Switching Station,Medium,Fair,0.701,34,COR-02,SEC-04,325.113,325.377,Down,Main Line,OHE inspection,180,15,20,215,2026-10-13 16:32,2026-10-13 17:00,2026-10-13 20:35,2026-10-16 02:35,Power Block,OHE Tower Wagon,1,Electrical Supervisor,Yes,Yes,Yes,S&T,Medium,Failure risk,14652.44,0.498,,
REQ-0000917,2026-10-17,SMMS,S&T,Corrective,AST-000052,Signal,Medium,Critical,0.318,13,COR-04,SEC-07,358.953,359.245,Up,Yard,Track circuit inspection,120,20,15,155,2026-10-17 06:09,2026-10-17 06:30,2026-10-17 09:05,2026-10-21 16:05,Full Block,Signal Testing Kit,1,Interlocking Technician,No,No,No,,Medium,Minor operational impact,12421.25,0.36,,
REQ-0000918,2026-11-02,TMS,Engineering,Preventive,AST-000199,Level Crossing,Medium,Fair,0.502,106,COR-03,SEC-06,141.092,141.416,Down,Yard,Drainage maintenance,30,30,30,90,2026-11-02 16:08,2026-11-02 18:00,2026-11-02 19:30,2026-11-07 21:30,Caution Order,Crane,1,P.Way Technician,Yes,Yes,Yes,S&T;TD,High,Minor operational impact,13666.72,0.488,REQ-0000819,Testing before restoration
REQ-0000919,2026-11-08,TDMS,TD,Corrective,AST-000442,OHE Mast,High,Excellent,0.328,18,COR-04,SEC-07,361.867,362.264,Up,Main Line,OHE inspection,30,20,30,80,2026-11-08 03:02,2026-11-08 04:45,2026-11-08 06:05,2026-11-10 09:05,Full Block,Maintenance Van,1,OHE Authorized Supervisor,Yes,Yes,Yes,Engineering,Medium,Speed restriction,9574.02,0.468,,
REQ-0000920,2026-11-10,SMMS,S&T,Preventive,AST-000009,Telecom,High,Good,0.353,248,COR-01,SEC-01,182.465,182.788,Down,Loop Line,Interlocking equipment testing,180,15,30,225,2026-11-09 23:30,2026-11-10 02:15,2026-11-10 06:00,2026-11-12 07:00,Power Block,Signal Testing Kit,2,Interlocking Technician,Yes,Yes,Yes,Engineering;TD,High,Failure risk,16248.03,0.626,,
REQ-0000921,2026-10-06,TDMS,TD,Corrective,AST-000252,OHE Mast,High,Fair,0.347,93,COR-02,SEC-04,293.419,293.632,Down,Loop Line,OHE fitting replacement,90,20,10,120,2026-10-06 07:57,2026-10-06 09:00,2026-10-06 11:00,2026-10-07 12:00,Full Block,OHE Tower Wagon,1,Electrical Supervisor,Yes,No,Yes,,Medium,Minor operational impact,9320.98,0.557,,
REQ-0000922,2026-10-06,TDMS,TD,Corrective,AST-000173,OHE Mast,Medium,Fair,0.214,158,COR-03,SEC-06,124.223,124.399,Up,Loop Line,Traction equipment maintenance,75,15,20,110,2026-10-05 23:46,2026-10-06 02:15,2026-10-06 04:05,2026-10-08 04:05,Power Block,OHE Tower Wagon,1,OHE Authorized Supervisor,No,No,No,,High,Speed restriction,10383.86,0.49,,
REQ-0000923,2026-10-17,TDMS,TD,Corrective,AST-000414,OHE,High,Critical,0.53,123,COR-03,SEC-05,183.315,183.683,Up,Yard,Traction equipment maintenance,180,30,30,240,2026-10-17 09:54,2026-10-17 11:15,2026-10-17 15:15,2026-10-22 19:15,Power Block,Maintenance Van,1,Electrical Supervisor,No,No,No,,Medium,Minor operational impact,16250.7,0.646,,
REQ-0000924,2026-11-23,TDMS,TD,Corrective,AST-000051,Traction Substation,Critical,Good,0.751,173,COR-02,SEC-04,327.038,327.255,Up,Yard,OHE inspection,75,10,20,105,2026-11-23 01:33,2026-11-23 02:00,2026-11-23 03:45,2026-11-25 09:45,Full Block,OHE Tower Wagon,1,Traction Technician,Yes,Yes,Yes,S&T,Critical,Minor operational impact,15130.42,0.868,,
REQ-0000925,2026-10-16,TDMS,TD,Preventive,AST-000237,Traction Substation,Medium,Poor,0.837,165,COR-04,SEC-08,395.129,395.274,Up,Loop Line,Electrical isolation testing,120,20,20,160,2026-10-16 00:57,2026-10-16 01:15,2026-10-16 03:55,2026-10-21 04:55,Full Block,OHE Tower Wagon,1,OHE Technician,Yes,Yes,Yes,Engineering;S&T,High,Speed restriction,12632.23,0.654,,
REQ-0000926,2026-11-10,TDMS,TD,Corrective,AST-000223,Sectioning Post,High,Good,0.427,30,COR-02,SEC-03,298.179,298.376,Down,Loop Line,Traction equipment maintenance,60,15,20,95,2026-11-10 02:26,2026-11-10 04:15,2026-11-10 05:50,2026-11-11 12:50,Full Block,Electrical Testing Kit,1,Traction Technician,Yes,Yes,Yes,S&T,Medium,Failure risk,16852.96,0.511,,
REQ-0000927,2026-11-17,SMMS,S&T,Preventive,AST-000019,Interlocking Equipment,High,Fair,0.419,291,COR-04,SEC-08,387.057,387.335,Up,Loop Line,Signal equipment replacement,180,10,10,200,2026-11-17 02:49,2026-11-17 03:30,2026-11-17 06:50,2026-11-19 09:50,Caution Order,Testing Kit,2,S&T Supervisor,Yes,No,Yes,Engineering;TD,High,Line closure,16451.38,0.646,,
REQ-0000928,2026-10-04,TMS,Engineering,Preventive,AST-000424,Bridge,High,Poor,0.503,9,COR-04,SEC-08,367.253,367.337,Down,Loop Line,Drainage maintenance,30,15,20,65,2026-10-04 01:07,2026-10-04 01:30,2026-10-04 02:35,2026-10-06 04:35,Full Block,Inspection Vehicle,1,Bridge Inspector,Yes,Yes,Yes,TD,High,Operational delay,13708.33,0.481,,
REQ-0000929,2026-10-12,TMS,Engineering,Corrective,AST-000273,Bridge,Medium,Fair,0.191,117,COR-04,SEC-08,356.429,356.82,Both Lines,Main Line,Track geometry inspection,60,10,10,80,2026-10-12 13:49,2026-10-12 16:45,2026-10-12 18:05,2026-10-13 18:05,Line Block,Maintenance Van,1,Track Supervisor,Yes,No,No,TD,Medium,Operational delay,8485.65,0.437,,
REQ-0000930,2026-10-18,SMMS,S&T,Preventive,AST-000163,Relay Room,High,Good,0.07,16,COR-03,SEC-06,141.746,142.029,Up,Main Line,Axle counter maintenance,150,15,15,180,2026-10-18 11:21,2026-10-18 14:15,2026-10-18 17:15,2026-10-23 21:15,Line Block,Maintenance Van,1,S&T Supervisor,Yes,Yes,Yes,,High,Speed restriction,8443.06,0.359,,
REQ-0000931,2026-10-05,SMMS,S&T,Preventive,AST-000421,Axle Counter,Medium,Poor,0.485,209,COR-03,SEC-05,139.426,139.669,Up,Yard,Axle counter maintenance,90,15,10,115,2026-10-05 01:33,2026-10-05 03:15,2026-10-05 05:10,2026-10-06 10:10,Power Block,Maintenance Van,2,Telecom Technician,Yes,Yes,Yes,Engineering;TD,Medium,Failure risk,8779.95,0.566,,
REQ-0000932,2026-11-10,TMS,Engineering,Preventive,AST-000197,Level Crossing,Low,Fair,0.408,149,COR-02,SEC-03,323.619,323.747,Up,Loop Line,Track alignment correction,75,15,30,120,2026-11-10 00:02,2026-11-10 02:30,2026-11-10 04:30,2026-11-12 09:30,Line Block,Inspection Vehicle,2,Track Machine Operator,Yes,Yes,Yes,S&T,High,Minor operational impact,7901.31,0.408,,
REQ-0000933,2026-09-29,TDMS,TD,Preventive,AST-000207,Sectioning Post,High,Good,0.278,287,COR-01,SEC-02,200.856,201.147,Both Lines,Main Line,Traction equipment maintenance,30,30,15,75,2026-09-29 00:04,2026-09-29 01:15,2026-09-29 02:30,2026-10-02 03:30,Full Block,OHE Tower Wagon,1,Electrical Supervisor,Yes,Yes,Yes,Engineering;S&T,High,Operational delay,11139.7,0.603,,
REQ-0000934,2026-10-03,SMMS,S&T,Corrective,AST-000220,Relay Room,Critical,Excellent,0.292,147,COR-04,SEC-07,359.252,359.338,Up,Yard,Signal equipment replacement,60,15,10,85,2026-10-02 22:05,2026-10-03 00:45,2026-10-03 02:10,2026-10-07 03:10,Full Block,Signal Testing Kit,1,Interlocking Technician,No,No,No,,High,Failure risk,11570.38,0.701,REQ-0000644,Inspection before repair
REQ-0000935,2026-10-29,TDMS,TD,Corrective,AST-000245,OHE,Medium,Fair,0.24,159,COR-03,SEC-05,131.4,131.474,Both Lines,Yard,Sectioning equipment inspection,180,20,20,220,2026-10-29 15:33,2026-10-29 15:45,2026-10-29 19:25,2026-10-30 20:25,Power Block,Electrical Testing Kit,1,OHE Technician,Yes,No,Yes,S&T,High,Operational delay,11302.22,0.499,,
REQ-0000936,2026-11-11,TDMS,TD,Corrective,AST-000244,Traction Substation,Medium,Poor,0.266,180,COR-01,SEC-01,190.46,190.747,Up,Main Line,Sectioning equipment inspection,45,30,10,85,2026-11-11 00:18,2026-11-11 02:45,2026-11-11 04:10,2026-11-15 08:10,Power Block,Electrical Testing Kit,2,OHE Technician,No,No,No,,Medium,Operational delay,6379.04,0.53,,
REQ-0000937,2026-11-17,TDMS,TD,Emergency,AST-000370,OHE,Medium,Poor,0.56,0,COR-01,SEC-02,186.444,186.649,Down,Loop Line,Power supply inspection,75,10,20,105,2026-11-17 00:59,2026-11-17 03:15,2026-11-17 05:00,2026-11-22 09:00,Full Block,Maintenance Van,2,OHE Authorized Supervisor,No,No,No,,Medium,Line closure,10570.3,0.468,,
REQ-0000938,2026-10-19,TDMS,TD,Inspection,AST-000409,OHE Mast,Medium,Poor,0.725,216,COR-03,SEC-05,173.576,173.694,Up,Main Line,OHE inspection,180,20,15,215,2026-10-19 14:09,2026-10-19 15:15,2026-10-19 18:50,2026-10-24 22:50,Full Block,Maintenance Van,1,OHE Technician,Yes,No,Yes,Engineering;S&T,Critical,Speed restriction,11029.98,0.637,,
REQ-0000939,2026-10-07,TDMS,TD,Emergency,AST-000400,OHE,Critical,Fair,0.422,38,COR-01,SEC-01,195.029,195.327,Up,Loop Line,Electrical isolation testing,45,20,30,95,2026-10-06 22:41,2026-10-07 00:30,2026-10-07 02:05,2026-10-09 05:05,Power Block,Electrical Testing Kit,2,OHE Authorized Supervisor,No,No,No,,Medium,Line closure,15512.93,0.669,,
REQ-0000940,2026-10-19,TMS,Engineering,Corrective,AST-000352,Point Machine,High,Poor,0.389,130,COR-03,SEC-05,162.169,162.367,Down,Yard,Ballast maintenance,90,20,20,130,2026-10-18 23:15,2026-10-19 00:30,2026-10-19 02:40,2026-10-20 02:40,Line Block,Maintenance Van,1,P.Way Technician,Yes,No,Yes,S&T;TD,Medium,Line closure,15020.8,0.611,,
REQ-0000941,2026-10-29,TMS,Engineering,Preventive,AST-000490,Bridge,Low,Fair,0.282,66,COR-04,SEC-08,344.982,345.296,Both Lines,Main Line,Sleeper replacement,150,30,10,190,2026-10-28 23:35,2026-10-29 01:15,2026-10-29 04:25,2026-11-01 10:25,Caution Order,Maintenance Van,1,Track Machine Operator,Yes,No,Yes,,Medium,Failure risk,7625.26,0.278,,
REQ-0000942,2026-10-01,TDMS,TD,Corrective,AST-000350,Sectioning Post,Medium,Fair,0.229,18,COR-02,SEC-04,331.144,331.268,Down,Main Line,Power supply inspection,30,10,30,70,2026-10-01 03:36,2026-10-01 04:00,2026-10-01 05:10,2026-10-02 09:10,Full Block,Electrical Testing Kit,2,Traction Technician,Yes,No,Yes,Engineering;S&T,High,Operational delay,6249.85,0.339,,
REQ-0000943,2026-11-03,SMMS,S&T,Corrective,AST-000257,Telecom,Critical,Good,0.448,84,COR-03,SEC-05,184.565,184.958,Down,Loop Line,Track circuit inspection,75,15,30,120,2026-11-03 00:50,2026-11-03 02:45,2026-11-03 04:45,2026-11-08 07:45,Caution Order,Signal Testing Kit,1,Telecom Technician,Yes,Yes,Yes,TD,High,Failure risk,20228.93,0.678,,
REQ-0000944,2026-11-08,TDMS,TD,Corrective,AST-000224,OHE,Medium,Poor,0.618,113,COR-01,SEC-02,228.832,228.911,Down,Main Line,Electrical isolation testing,120,20,10,150,2026-11-08 02:14,2026-11-08 03:45,2026-11-08 06:15,2026-11-12 08:15,Power Block,OHE Tower Wagon,1,Electrical Supervisor,No,No,No,,Critical,Failure risk,7647.52,0.561,,
REQ-0000945,2026-11-11,TDMS,TD,Preventive,AST-000245,OHE,Medium,Fair,0.24,159,COR-03,SEC-05,131.4,131.516,Up,Loop Line,Power supply inspection,30,30,15,75,2026-11-11 15:35,2026-11-11 18:15,2026-11-11 19:30,2026-11-16 02:30,Full Block,Maintenance Van,1,OHE Technician,Yes,Yes,Yes,S&T,Medium,Failure risk,10253.54,0.469,,
REQ-0000946,2026-11-05,TMS,Engineering,Corrective,AST-000093,Track,Low,Fair,0.386,196,COR-02,SEC-04,285.372,285.543,Up,Loop Line,Track geometry inspection,60,20,20,100,2026-11-05 00:29,2026-11-05 03:15,2026-11-05 04:55,2026-11-09 05:55,Line Block,Crane,2,P.Way Technician,No,No,No,,High,Line closure,5250.89,0.466,,
REQ-0000947,2026-10-01,TDMS,TD,Preventive,AST-000390,OHE Mast,Medium,Fair,0.244,0,COR-04,SEC-08,379.242,379.309,Up,Loop Line,Sectioning equipment inspection,75,15,20,110,2026-10-01 02:40,2026-10-01 04:45,2026-10-01 06:35,2026-10-02 12:35,Full Block,Electrical Testing Kit,1,Traction Technician,Yes,Yes,Yes,,Low,Line closure,7300.76,0.293,,
REQ-0000948,2026-11-01,SMMS,S&T,Corrective,AST-000496,Interlocking Equipment,Medium,Poor,0.347,179,COR-02,SEC-04,298.281,298.333,Down,Loop Line,Signal equipment replacement,90,15,15,120,2026-10-31 22:14,2026-11-01 00:45,2026-11-01 02:45,2026-11-05 05:45,Caution Order,Testing Kit,2,S&T Supervisor,No,No,No,,Critical,Minor operational impact,12810.5,0.553,,
REQ-0000949,2026-11-10,SMMS,S&T,Corrective,AST-000453,Telecom,High,Poor,0.304,0,COR-04,SEC-08,353.462,353.608,Down,Yard,Axle counter maintenance,60,20,30,110,2026-11-09 21:47,2026-11-10 00:15,2026-11-10 02:05,2026-11-12 08:05,Full Block,Signal Testing Kit,2,Telecom Technician,No,No,No,,High,Minor operational impact,13587.52,0.441,,
REQ-0000950,2026-11-21,TMS,Engineering,Emergency,AST-000284,Point Machine,High,Fair,0.264,147,COR-04,SEC-08,343.435,343.788,Up,Loop Line,Turnout inspection,90,20,20,130,2026-11-20 23:03,2026-11-21 01:15,2026-11-21 03:25,2026-11-26 07:25,Power Block,Crane,1,Track Supervisor,No,No,No,,Low,Line closure,14098.28,0.643,,
REQ-0000951,2026-11-09,TMS,Engineering,Preventive,AST-000107,Track,Medium,Fair,0.18,0,COR-03,SEC-06,126.788,127.098,Down,Main Line,Track alignment correction,120,30,20,170,2026-11-09 04:56,2026-11-09 07:00,2026-11-09 09:50,2026-11-14 15:50,Line Block,Crane,1,Track Supervisor,Yes,No,Yes,S&T;TD,Low,Operational delay,10369.39,0.274,,
REQ-0000952,2026-10-25,TMS,Engineering,Preventive,AST-000493,Level Crossing,Medium,Excellent,0.585,29,COR-02,SEC-04,281.067,281.425,Both Lines,Main Line,Track alignment correction,60,30,30,120,2026-10-25 04:34,2026-10-25 04:45,2026-10-25 06:45,2026-10-29 06:45,Full Block,Track Machine,2,Track Machine Operator,Yes,Yes,Yes,S&T;TD,Medium,Operational delay,7367.47,0.428,,
REQ-0000953,2026-11-01,SMMS,S&T,Preventive,AST-000138,Relay Room,Medium,Fair,0.174,266,COR-02,SEC-04,270.977,271.047,Down,Yard,Signal equipment inspection,75,15,10,100,2026-11-01 15:40,2026-11-01 15:45,2026-11-01 17:25,2026-11-04 20:25,Full Block,Testing Kit,2,Interlocking Technician,Yes,No,Yes,,High,Line closure,6650.45,0.472,,
REQ-0000954,2026-10-13,SMMS,S&T,Preventive,AST-000231,Signal,Medium,Fair,0.139,126,COR-03,SEC-06,126.188,126.313,Down,Loop Line,Signal equipment replacement,120,10,30,160,2026-10-13 14:24,2026-10-13 16:15,2026-10-13 18:55,2026-10-17 20:55,Full Block,Testing Kit,1,S&T Supervisor,Yes,No,Yes,Engineering;TD,High,Operational delay,9373.74,0.402,,
REQ-0000955,2026-10-10,TDMS,TD,Corrective,AST-000455,Switching Station,Medium,Fair,0.051,0,COR-01,SEC-02,223.588,223.977,Down,Main Line,OHE mast inspection,150,10,15,175,2026-10-10 03:56,2026-10-10 04:30,2026-10-10 07:25,2026-10-12 08:25,Full Block,Maintenance Van,2,OHE Authorized Supervisor,No,No,No,,High,Minor operational impact,6994.5,0.265,,
REQ-0000956,2026-11-09,SMMS,S&T,Corrective,AST-000102,Interlocking Equipment,Medium,Fair,0.469,58,COR-01,SEC-01,228.699,228.972,Up,Loop Line,Track circuit inspection,30,30,20,80,2026-11-09 01:08,2026-11-09 04:00,2026-11-09 05:20,2026-11-10 10:20,Caution Order,Signal Testing Kit,1,Signal Technician,Yes,No,Yes,Engineering;TD,Low,Operational delay,10703.68,0.455,,
REQ-0000957,2026-11-18,TMS,Engineering,Inspection,AST-000296,Point Machine,High,Fair,0.827,0,COR-03,SEC-05,142.377,142.563,Up,Yard,Sleeper replacement,180,15,10,205,2026-11-18 01:58,2026-11-18 02:45,2026-11-18 06:10,2026-11-20 08:10,Full Block,Maintenance Van,2,P.Way Technician,Yes,No,Yes,,Medium,Operational delay,14266.31,0.568,,
REQ-0000958,2026-11-19,TDMS,TD,Preventive,AST-000222,OHE,High,Fair,0.267,110,COR-04,SEC-07,350.503,350.837,Both Lines,Yard,OHE inspection,45,10,15,70,2026-11-19 17:03,2026-11-19 18:00,2026-11-19 19:10,2026-11-22 22:10,Power Block,Maintenance Van,1,OHE Technician,No,No,No,,High,Operational delay,15266.21,0.522,,
REQ-0000959,2026-10-08,SMMS,S&T,Emergency,AST-000388,Relay Room,High,Poor,0.507,0,COR-04,SEC-08,376.454,376.688,Both Lines,Loop Line,Relay room inspection,60,20,30,110,2026-10-08 14:23,2026-10-08 16:00,2026-10-08 17:50,2026-10-09 22:50,Power Block,Testing Kit,1,Signal Technician,No,No,No,,High,Minor operational impact,15244.41,0.552,,
REQ-0000960,2026-11-06,SMMS,S&T,Corrective,AST-000419,Interlocking Equipment,Critical,Good,0.217,86,COR-03,SEC-06,185.489,185.805,Both Lines,Yard,Relay room inspection,45,30,10,85,2026-11-06 02:28,2026-11-06 02:45,2026-11-06 04:10,2026-11-07 04:10,Power Block,Testing Kit,2,Signal Technician,Yes,No,Yes,Engineering;TD,Medium,Failure risk,12010.9,0.611,REQ-0000532,Access preparation before maintenance
REQ-0000961,2026-11-23,TDMS,TD,Inspection,AST-000066,OHE,High,Fair,0.309,155,COR-01,SEC-02,184.649,184.695,Down,Yard,Electrical isolation testing,75,30,20,125,2026-11-22 23:03,2026-11-23 01:45,2026-11-23 03:50,2026-11-28 03:50,Power Block,Electrical Testing Kit,1,OHE Technician,Yes,Yes,Yes,S&T,High,Line closure,11629.93,0.585,,
REQ-0000962,2026-11-16,TDMS,TD,Preventive,AST-000082,Traction Substation,Medium,Critical,0.408,193,COR-02,SEC-04,295.071,295.334,Both Lines,Loop Line,Power supply inspection,75,15,20,110,2026-11-16 03:58,2026-11-16 04:30,2026-11-16 06:20,2026-11-21 08:20,Power Block,Electrical Testing Kit,1,OHE Technician,Yes,Yes,Yes,S&T,High,Line closure,10500.19,0.542,,
REQ-0000963,2026-10-01,TDMS,TD,Preventive,AST-000153,Sectioning Post,Medium,Poor,0.217,277,COR-01,SEC-01,182.123,182.518,Both Lines,Loop Line,Power supply inspection,180,20,30,230,2026-09-30 23:32,2026-10-01 01:30,2026-10-01 05:20,2026-10-03 09:20,Full Block,OHE Tower Wagon,1,OHE Technician,Yes,No,Yes,Engineering;S&T,Medium,Operational delay,11482.17,0.485,REQ-0000335,Testing before restoration
REQ-0000964,2026-10-06,SMMS,S&T,Preventive,AST-000232,Relay Room,Medium,Fair,0.135,185,COR-03,SEC-06,156.405,156.537,Up,Main Line,Relay room inspection,180,10,15,205,2026-10-06 15:59,2026-10-06 16:00,2026-10-06 19:25,2026-10-08 21:25,Power Block,Testing Kit,2,Interlocking Technician,Yes,Yes,Yes,Engineering;TD,Low,Speed restriction,8612.19,0.461,,
REQ-0000965,2026-11-02,TMS,Engineering,Inspection,AST-000183,Point Machine,Low,Poor,0.386,176,COR-01,SEC-02,247.827,248.199,Both Lines,Main Line,Ballast maintenance,90,20,30,140,2026-11-02 18:35,2026-11-02 19:15,2026-11-02 21:35,2026-11-06 01:35,Caution Order,Inspection Vehicle,1,Track Machine Operator,Yes,No,Yes,S&T,Medium,Line closure,6984.11,0.431,,
REQ-0000966,2026-11-15,TDMS,TD,Inspection,AST-000259,Sectioning Post,Medium,Poor,0.306,110,COR-03,SEC-06,186.49,186.61,Down,Loop Line,Power supply inspection,120,10,10,140,2026-11-14 23:57,2026-11-15 02:00,2026-11-15 04:20,2026-11-18 08:20,Full Block,Electrical Testing Kit,1,OHE Authorized Supervisor,No,No,No,,High,Operational delay,11110.47,0.434,,
REQ-0000967,2026-10-23,SMMS,S&T,Corrective,AST-000187,Signal,Medium,Fair,0.079,0,COR-04,SEC-07,394.305,394.453,Down,Yard,Signal equipment inspection,45,15,20,80,2026-10-23 05:47,2026-10-23 08:30,2026-10-23 09:50,2026-10-27 14:50,Full Block,Testing Kit,2,S&T Supervisor,No,No,No,,Low,Line closure,8146.17,0.274,,
REQ-0000968,2026-11-22,TMS,Engineering,Corrective,AST-000290,Track Machine,Medium,Fair,0.158,81,COR-01,SEC-01,196.939,196.971,Both Lines,Main Line,Drainage maintenance,75,15,10,100,2026-11-21 22:33,2026-11-22 01:00,2026-11-22 02:40,2026-11-26 03:40,Line Block,Track Machine,1,P.Way Technician,Yes,Yes,Yes,S&T;TD,High,Line closure,5944.9,0.387,,
REQ-0000969,2026-10-04,TDMS,TD,Corrective,AST-000463,OHE Mast,High,Fair,0.136,0,COR-01,SEC-01,185.747,185.897,Up,Loop Line,OHE mast inspection,120,20,15,155,2026-10-04 00:44,2026-10-04 01:15,2026-10-04 03:50,2026-10-05 10:50,Full Block,OHE Tower Wagon,1,OHE Authorized Supervisor,Yes,No,Yes,Engineering,Low,Minor operational impact,10976.9,0.391,,
REQ-0000970,2026-11-08,TDMS,TD,Corrective,AST-000294,OHE,Medium,Excellent,0.506,165,COR-01,SEC-01,231.137,231.439,Both Lines,Loop Line,OHE fitting replacement,90,15,15,120,2026-11-08 04:53,2026-11-08 06:45,2026-11-08 08:45,2026-11-10 14:45,Power Block,OHE Tower Wagon,1,OHE Technician,Yes,Yes,Yes,S&T,Low,Failure risk,10363.66,0.585,,
REQ-0000971,2026-11-14,TMS,Engineering,Preventive,AST-000106,Level Crossing,Low,Critical,0.276,256,COR-02,SEC-04,332.131,332.461,Up,Main Line,Track geometry inspection,60,15,15,90,2026-11-14 00:48,2026-11-14 01:30,2026-11-14 03:00,2026-11-15 09:00,Line Block,Crane,1,Track Machine Operator,Yes,No,Yes,TD,Medium,Failure risk,8186.84,0.403,,
REQ-0000972,2026-11-03,SMMS,S&T,Preventive,AST-000415,Telecom,High,Good,0.12,94,COR-03,SEC-05,173.336,173.541,Up,Main Line,Relay room inspection,75,20,10,105,2026-11-03 00:44,2026-11-03 01:30,2026-11-03 03:15,2026-11-05 03:15,Power Block,Signal Testing Kit,1,S&T Supervisor,Yes,No,Yes,Engineering;TD,High,Failure risk,11297.39,0.46,,
REQ-0000973,2026-10-12,TDMS,TD,Preventive,AST-000173,OHE Mast,Medium,Fair,0.214,158,COR-03,SEC-06,124.223,124.355,Up,Yard,Sectioning equipment inspection,60,15,30,105,2026-10-12 17:47,2026-10-12 18:30,2026-10-12 20:15,2026-10-16 03:15,Power Block,OHE Tower Wagon,2,Traction Technician,Yes,Yes,Yes,S&T,Medium,Minor operational impact,7389.44,0.46,,
REQ-0000974,2026-10-08,TDMS,TD,Inspection,AST-000414,OHE,High,Critical,0.53,123,COR-03,SEC-05,183.315,183.7,Down,Main Line,OHE fitting replacement,90,10,10,110,2026-10-07 22:48,2026-10-08 01:15,2026-10-08 03:05,2026-10-10 05:05,Power Block,Maintenance Van,1,OHE Technician,No,No,No,,High,Failure risk,11622.69,0.616,,
REQ-0000975,2026-10-27,TDMS,TD,Emergency,AST-000151,Switching Station,Medium,Poor,0.376,0,COR-01,SEC-01,197.163,197.344,Down,Main Line,OHE inspection,75,20,30,125,2026-10-26 22:31,2026-10-27 01:00,2026-10-27 03:05,2026-10-29 04:05,Full Block,OHE Tower Wagon,2,Traction Technician,No,No,No,,Medium,Minor operational impact,7847.65,0.413,,
REQ-0000976,2026-10-04,TMS,Engineering,Corrective,AST-000014,Track,High,Fair,0.173,46,COR-02,SEC-04,276.189,276.493,Up,Loop Line,Drainage maintenance,75,30,10,115,2026-10-04 00:22,2026-10-04 01:45,2026-10-04 03:40,2026-10-09 08:40,Line Block,Track Machine,2,P.Way Technician,Yes,Yes,Yes,S&T;TD,Medium,Speed restriction,9030.85,0.453,,
REQ-0000977,2026-10-14,TDMS,TD,Preventive,AST-000047,OHE,Medium,Fair,0.303,0,COR-02,SEC-03,283.629,283.923,Up,Yard,Traction equipment maintenance,30,20,15,65,2026-10-13 23:54,2026-10-14 00:30,2026-10-14 01:35,2026-10-15 07:35,Power Block,Electrical Testing Kit,1,Electrical Supervisor,No,No,No,,High,Speed restriction,7759.32,0.311,,
REQ-0000978,2026-11-13,TDMS,TD,Preventive,AST-000465,OHE,High,Fair,0.288,328,COR-03,SEC-05,157.688,157.776,Down,Main Line,OHE fitting replacement,90,10,20,120,2026-11-13 02:25,2026-11-13 03:15,2026-11-13 05:15,2026-11-18 06:15,Power Block,OHE Tower Wagon,1,OHE Authorized Supervisor,Yes,Yes,Yes,,Low,Operational delay,15541.94,0.606,,
REQ-0000979,2026-10-05,TDMS,TD,Corrective,AST-000206,OHE,Medium,Fair,0.321,228,COR-04,SEC-08,384.693,384.985,Up,Yard,OHE mast inspection,60,30,20,110,2026-10-05 02:16,2026-10-05 04:30,2026-10-05 06:20,2026-10-10 08:20,Full Block,Electrical Testing Kit,2,Electrical Supervisor,Yes,No,Yes,,Medium,Speed restriction,7428.86,0.546,,
REQ-0000980,2026-11-16,TDMS,TD,Corrective,AST-000082,Traction Substation,Medium,Critical,0.408,193,COR-02,SEC-04,295.071,295.43,Up,Yard,Electrical isolation testing,45,10,20,75,2026-11-16 00:02,2026-11-16 01:15,2026-11-16 02:30,2026-11-17 06:30,Power Block,Electrical Testing Kit,1,OHE Technician,Yes,No,Yes,Engineering,High,Speed restriction,13131.69,0.572,,
REQ-0000981,2026-10-26,TDMS,TD,Preventive,AST-000329,OHE,Medium,Fair,0.439,120,COR-03,SEC-05,135.537,135.865,Up,Yard,Electrical isolation testing,150,15,10,175,2026-10-26 02:58,2026-10-26 04:30,2026-10-26 07:25,2026-10-30 14:25,Power Block,Electrical Testing Kit,1,Electrical Supervisor,Yes,Yes,Yes,Engineering,Medium,Line closure,7671.5,0.485,,
REQ-0000982,2026-11-15,TDMS,TD,Emergency,AST-000301,Switching Station,High,Good,0.113,26,COR-01,SEC-01,232.205,232.582,Up,Yard,OHE fitting replacement,45,15,15,75,2026-11-15 01:44,2026-11-15 02:30,2026-11-15 03:45,2026-11-20 06:45,Full Block,Electrical Testing Kit,2,OHE Authorized Supervisor,No,No,No,,Medium,Line closure,7979.08,0.463,,
REQ-0000983,2026-10-17,TMS,Engineering,Preventive,AST-000247,Track,Critical,Excellent,0.254,0,COR-03,SEC-05,142.955,143.297,Up,Loop Line,Ballast maintenance,45,30,30,105,2026-10-16 21:30,2026-10-17 00:30,2026-10-17 02:15,2026-10-18 05:15,Caution Order,Crane,1,Bridge Inspector,Yes,Yes,Yes,TD,Medium,Speed restriction,11925.05,0.496,,
REQ-0000984,2026-09-30,TMS,Engineering,Corrective,AST-000078,Track Machine,Medium,Fair,0.22,329,COR-04,SEC-08,389.062,389.272,Down,Main Line,Rail joint replacement,75,10,30,115,2026-09-29 23:00,2026-09-30 01:15,2026-09-30 03:10,2026-10-04 05:10,Caution Order,Inspection Vehicle,1,Bridge Inspector,Yes,Yes,Yes,S&T;TD,High,Line closure,6805.46,0.516,,
REQ-0000985,2026-11-19,TDMS,TD,Preventive,AST-000456,OHE Mast,Medium,Good,0.362,83,COR-03,SEC-05,157.563,157.784,Down,Main Line,OHE inspection,45,15,30,90,2026-11-19 11:44,2026-11-19 14:15,2026-11-19 15:45,2026-11-20 22:45,Power Block,Electrical Testing Kit,2,OHE Technician,Yes,No,Yes,Engineering;S&T,Low,Minor operational impact,12131.37,0.421,,
REQ-0000986,2026-11-05,SMMS,S&T,Corrective,AST-000304,Relay Room,Low,Poor,0.528,280,COR-02,SEC-03,325.845,326.183,Up,Loop Line,Signal equipment inspection,90,30,15,135,2026-11-05 01:18,2026-11-05 04:15,2026-11-05 06:30,2026-11-07 09:30,Power Block,Signal Testing Kit,2,Signal Technician,No,No,No,,Medium,Failure risk,7360.03,0.508,,
REQ-0000987,2026-11-16,TDMS,TD,Corrective,AST-000086,Switching Station,Critical,Fair,0.259,0,COR-03,SEC-05,180.394,180.478,Down,Loop Line,OHE mast inspection,30,10,30,70,2026-11-16 06:14,2026-11-16 07:30,2026-11-16 08:40,2026-11-20 15:40,Power Block,Electrical Testing Kit,1,OHE Technician,Yes,Yes,Yes,Engineering;S&T,High,Line closure,10884.63,0.528,,
REQ-0000988,2026-11-08,SMMS,S&T,Preventive,AST-000163,Relay Room,High,Good,0.07,16,COR-03,SEC-06,141.746,141.959,Up,Main Line,Relay room inspection,180,10,15,205,2026-11-08 01:31,2026-11-08 04:00,2026-11-08 07:25,2026-11-10 08:25,Line Block,Maintenance Van,1,Signal Technician,Yes,Yes,Yes,Engineering;TD,Medium,Line closure,12489.21,0.359,,
REQ-0000989,2026-10-04,TMS,Engineering,Preventive,AST-000154,Track Machine,Medium,Good,0.451,256,COR-01,SEC-02,209.845,210.149,Up,Yard,Ballast maintenance,30,20,15,65,2026-10-04 03:14,2026-10-04 03:15,2026-10-04 04:20,2026-10-05 06:20,Full Block,Maintenance Van,1,Bridge Inspector,No,No,No,,High,Failure risk,7549.88,0.555,,
REQ-0000990,2026-11-19,TDMS,TD,Preventive,AST-000134,OHE,Critical,Excellent,0.466,0,COR-04,SEC-08,377.369,377.431,Down,Main Line,OHE fitting replacement,75,15,10,100,2026-11-19 03:40,2026-11-19 04:15,2026-11-19 05:55,2026-11-23 05:55,Power Block,Electrical Testing Kit,1,Electrical Supervisor,Yes,No,Yes,,Medium,Line closure,20144.41,0.56,,
REQ-0000991,2026-11-04,SMMS,S&T,Emergency,AST-000257,Telecom,Critical,Good,0.448,84,COR-03,SEC-05,184.565,184.935,Down,Yard,Relay room inspection,90,20,20,130,2026-11-04 09:39,2026-11-04 11:00,2026-11-04 13:10,2026-11-07 17:10,Power Block,Maintenance Van,2,Telecom Technician,No,No,No,,High,Line closure,16941.34,0.728,,
REQ-0000992,2026-10-24,TDMS,TD,Corrective,AST-000303,OHE,Low,Poor,0.22,81,COR-04,SEC-07,364.586,364.727,Up,Loop Line,OHE inspection,45,30,10,85,2026-10-24 04:26,2026-10-24 04:30,2026-10-24 05:55,2026-10-25 05:55,Power Block,Electrical Testing Kit,1,Traction Technician,Yes,No,Yes,Engineering,High,Operational delay,7323.83,0.306,,
REQ-0000993,2026-11-12,TMS,Engineering,Emergency,AST-000253,Bridge,Low,Poor,0.53,173,COR-02,SEC-04,280.538,280.74,Down,Main Line,Turnout inspection,60,15,15,90,2026-11-12 00:51,2026-11-12 01:30,2026-11-12 03:00,2026-11-15 10:00,Line Block,Crane,1,P.Way Technician,No,No,No,,Medium,Minor operational impact,5486.22,0.551,,
REQ-0000994,2026-11-12,TDMS,TD,Preventive,AST-000286,Switching Station,High,Poor,0.703,0,COR-03,SEC-05,161.459,161.655,Up,Main Line,OHE mast inspection,120,15,30,165,2026-11-12 01:55,2026-11-12 02:30,2026-11-12 05:15,2026-11-16 08:15,Power Block,Electrical Testing Kit,1,OHE Authorized Supervisor,Yes,No,No,Engineering;S&T,High,Operational delay,18187.27,0.531,,
REQ-0000995,2026-11-07,TDMS,TD,Corrective,AST-000367,OHE Mast,Low,Critical,0.372,57,COR-04,SEC-08,361.847,362.189,Down,Main Line,Sectioning equipment inspection,180,10,20,210,2026-11-07 03:41,2026-11-07 04:45,2026-11-07 08:15,2026-11-12 13:15,Full Block,Electrical Testing Kit,2,Electrical Supervisor,No,No,No,,Medium,Speed restriction,8369.07,0.325,,
REQ-0000996,2026-10-28,TDMS,TD,Corrective,AST-000326,OHE Mast,High,Poor,0.622,0,COR-01,SEC-01,199.581,199.846,Down,Yard,Sectioning equipment inspection,150,30,15,195,2026-10-28 16:12,2026-10-28 17:30,2026-10-28 20:45,2026-11-02 02:45,Full Block,Maintenance Van,2,OHE Technician,Yes,No,Yes,Engineering;S&T,Medium,Failure risk,15493.73,0.537,REQ-0000822,Inspection before repair
REQ-0000997,2026-10-15,TMS,Engineering,Preventive,AST-000499,Track,Medium,Fair,0.122,57,COR-03,SEC-06,151.139,151.231,Down,Loop Line,Drainage maintenance,180,30,15,225,2026-10-15 07:46,2026-10-15 10:15,2026-10-15 14:00,2026-10-20 20:00,Caution Order,Maintenance Van,1,P.Way Technician,Yes,Yes,Yes,TD,High,Failure risk,8404.28,0.32,,
REQ-0000998,2026-10-23,TMS,Engineering,Corrective,AST-000010,Track Machine,Medium,Poor,0.493,49,COR-03,SEC-06,166.334,166.509,Down,Main Line,Track alignment correction,75,30,20,125,2026-10-23 00:56,2026-10-23 03:45,2026-10-23 05:50,2026-10-27 08:50,Power Block,Maintenance Van,2,Bridge Inspector,No,No,No,,Low,Minor operational impact,9340.22,0.452,REQ-0000086,Access preparation before maintenance
REQ-0000999,2026-10-29,SMMS,S&T,Preventive,AST-000399,Telecom,High,Excellent,0.176,126,COR-02,SEC-04,338.769,338.831,Up,Yard,Track circuit inspection,30,30,10,70,2026-10-29 13:29,2026-10-29 15:30,2026-10-29 16:40,2026-11-02 22:40,Power Block,Testing Kit,2,Telecom Technician,Yes,Yes,No,TD,Medium,Line closure,11710.84,0.513,,
REQ-0001000,2026-10-11,TMS,Engineering,Inspection,AST-000403,Track,High,Good,0.093,81,COR-03,SEC-05,163.38,163.517,Down,Main Line,Drainage maintenance,75,10,10,95,2026-10-10 23:54,2026-10-11 01:30,2026-10-11 03:05,2026-10-16 08:05,Line Block,Crane,1,P.Way Technician,No,No,No,,Medium,Speed restriction,11008.72,0.438,,
REQ-0001001,2026-11-15,TDMS,TD,Preventive,AST-000005,OHE Mast,High,Good,0.114,0,COR-01,SEC-01,217.564,217.841,Down,Main Line,Electrical isolation testing,150,10,30,190,2026-11-15 03:03,2026-11-15 04:15,2026-11-15 07:25,2026-11-18 10:25,Power Block,Electrical Testing Kit,1,Traction Technician,Yes,No,Yes,Engineering;S&T,Medium,Speed restriction,12246.44,0.354,,
REQ-0001002,2026-10-19,TMS,Engineering,Emergency,AST-000229,Track Machine,High,Good,0.129,161,COR-04,SEC-07,365.829,365.95,Up,Main Line,Track alignment correction,75,15,20,110,2026-10-19 14:41,2026-10-19 17:30,2026-10-19 19:20,2026-10-24 23:20,Caution Order,Crane,1,Track Machine Operator,No,No,No,,Critical,Line closure,12954.29,0.618,REQ-0000928,Inspection before repair
REQ-0001003,2026-10-07,TDMS,TD,Corrective,AST-000047,OHE,Medium,Fair,0.303,0,COR-02,SEC-03,283.629,284.011,Down,Loop Line,OHE inspection,30,15,15,60,2026-10-06 23:46,2026-10-07 01:30,2026-10-07 02:30,2026-10-08 05:30,Power Block,OHE Tower Wagon,2,OHE Technician,No,No,No,,Medium,Speed restriction,12562.89,0.341,REQ-0000725,Inspection before repair
REQ-0001004,2026-10-06,TDMS,TD,Corrective,AST-000292,Traction Substation,Medium,Good,0.148,0,COR-01,SEC-02,198.619,198.981,Down,Loop Line,OHE fitting replacement,90,10,15,115,2026-10-06 12:49,2026-10-06 14:15,2026-10-06 16:10,2026-10-07 23:10,Power Block,OHE Tower Wagon,1,Traction Technician,Yes,Yes,Yes,,Medium,Operational delay,7854.15,0.294,,
REQ-0001005,2026-11-14,TMS,Engineering,Preventive,AST-000021,Bridge,Low,Good,0.322,0,COR-03,SEC-06,137.918,138.219,Up,Loop Line,Drainage maintenance,150,15,10,175,2026-11-14 02:56,2026-11-14 04:30,2026-11-14 07:25,2026-11-19 11:25,Caution Order,Track Machine,1,Track Machine Operator,Yes,No,Yes,S&T;TD,High,Line closure,7859.39,0.217,,
REQ-0001006,2026-10-17,TMS,Engineering,Corrective,AST-000493,Level Crossing,Medium,Excellent,0.585,29,COR-02,SEC-04,281.067,281.101,Down,Main Line,Ballast maintenance,60,20,15,95,2026-10-17 08:56,2026-10-17 10:45,2026-10-17 12:20,2026-10-19 16:20,Caution Order,Crane,1,P.Way Technician,No,No,No,,Medium,Speed restriction,11578.2,0.458,,
REQ-0001007,2026-10-19,TDMS,TD,Preventive,AST-000332,Sectioning Post,High,Poor,0.38,248,COR-04,SEC-08,386.261,386.404,Up,Main Line,Power supply inspection,90,20,15,125,2026-10-19 15:42,2026-10-19 17:00,2026-10-19 19:05,2026-10-21 19:05,Power Block,Maintenance Van,1,OHE Authorized Supervisor,Yes,Yes,Yes,Engineering,Low,Line closure,12045.63,0.634,,
REQ-0001008,2026-10-14,SMMS,S&T,Preventive,AST-000295,Signal,Medium,Fair,0.445,0,COR-02,SEC-04,300.779,300.909,Up,Main Line,Signal equipment replacement,150,30,30,210,2026-10-14 01:45,2026-10-14 02:45,2026-10-14 06:15,2026-10-18 08:15,Power Block,Testing Kit,2,Signal Technician,Yes,Yes,Yes,Engineering;TD,Low,Speed restriction,8949.21,0.354,,
REQ-0001009,2026-10-02,TDMS,TD,Preventive,AST-000429,Switching Station,Critical,Fair,0.516,146,COR-04,SEC-07,382.019,382.21,Down,Loop Line,Electrical isolation testing,30,15,15,60,2026-10-01 23:33,2026-10-02 01:30,2026-10-02 02:30,2026-10-04 05:30,Power Block,Maintenance Van,2,OHE Technician,Yes,No,Yes,S&T,High,Line closure,10964.13,0.737,,
REQ-0001010,2026-11-05,TMS,Engineering,Preventive,AST-000356,Level Crossing,High,Fair,0.075,228,COR-04,SEC-07,366.175,366.269,Up,Loop Line,Track alignment correction,45,10,10,65,2026-11-05 02:35,2026-11-05 04:45,2026-11-05 05:50,2026-11-10 12:50,Full Block,Crane,1,Bridge Inspector,No,No,No,,Medium,Line closure,10732.3,0.543,,
REQ-0001011,2026-10-03,SMMS,S&T,Corrective,AST-000165,Signal,Medium,Fair,0.231,231,COR-04,SEC-08,389.339,389.738,Up,Main Line,Axle counter maintenance,180,15,30,225,2026-10-03 01:26,2026-10-03 03:00,2026-10-03 06:45,2026-10-07 09:45,Caution Order,Testing Kit,1,Interlocking Technician,Yes,Yes,Yes,Engineering,Medium,Operational delay,7989.16,0.519,,
REQ-0001012,2026-11-14,TDMS,TD,Preventive,AST-000446,OHE Mast,Critical,Poor,0.617,131,COR-03,SEC-05,167.991,168.388,Up,Main Line,OHE inspection,45,30,15,90,2026-11-14 00:59,2026-11-14 03:30,2026-11-14 05:00,2026-11-15 05:00,Full Block,OHE Tower Wagon,1,Electrical Supervisor,Yes,Yes,Yes,,Medium,Minor operational impact,13418.76,0.751,,
REQ-0001013,2026-11-13,TMS,Engineering,Preventive,AST-000167,Bridge,High,Excellent,0.287,0,COR-03,SEC-06,188.403,188.762,Up,Loop Line,Track geometry inspection,30,30,30,90,2026-11-12 22:15,2026-11-13 00:30,2026-11-13 02:00,2026-11-14 04:00,Line Block,Crane,1,Track Machine Operator,No,No,No,,High,Operational delay,10359.3,0.406,,
REQ-0001014,2026-10-30,SMMS,S&T,Emergency,AST-000423,Axle Counter,Medium,Good,0.421,123,COR-04,SEC-08,396.318,396.509,Up,Main Line,Interlocking equipment testing,75,15,20,110,2026-10-30 02:18,2026-10-30 04:00,2026-10-30 05:50,2026-11-03 05:50,Line Block,Testing Kit,1,S&T Supervisor,No,No,No,,Medium,Failure risk,11466.42,0.563,,
REQ-0001015,2026-10-11,TMS,Engineering,Preventive,AST-000403,Track,High,Good,0.093,81,COR-03,SEC-05,163.38,163.478,Up,Yard,Track geometry inspection,60,10,15,85,2026-10-11 02:12,2026-10-11 03:15,2026-10-11 04:40,2026-10-13 08:40,Full Block,Inspection Vehicle,2,Track Machine Operator,No,No,No,,Medium,Operational delay,13775.76,0.438,,
REQ-0001016,2026-11-17,TMS,Engineering,Inspection,AST-000154,Track Machine,Medium,Good,0.451,256,COR-01,SEC-02,209.845,210.001,Up,Loop Line,Sleeper replacement,75,30,15,120,2026-11-17 17:42,2026-11-17 20:00,2026-11-17 22:00,2026-11-20 02:00,Line Block,Track Machine,1,Bridge Inspector,Yes,Yes,Yes,S&T;TD,Medium,Speed restriction,10455.63,0.555,,
REQ-0001017,2026-11-17,TMS,Engineering,Inspection,AST-000060,Point Machine,High,Good,0.136,14,COR-01,SEC-01,206.73,207.069,Both Lines,Loop Line,Ballast maintenance,60,10,10,80,2026-11-17 14:55,2026-11-17 15:45,2026-11-17 17:05,2026-11-22 00:05,Line Block,Maintenance Van,1,P.Way Technician,No,No,No,,High,Operational delay,13165.27,0.376,,
REQ-0001018,2026-10-29,TDMS,TD,Preventive,AST-000268,Sectioning Post,Critical,Fair,0.358,293,COR-03,SEC-05,189.651,189.805,Up,Yard,OHE fitting replacement,120,20,30,170,2026-10-29 00:14,2026-10-29 01:45,2026-10-29 04:35,2026-10-31 09:35,Full Block,OHE Tower Wagon,1,Traction Technician,Yes,Yes,Yes,,High,Speed restriction,15411.26,0.727,REQ-0000045,Inspection before repair
REQ-0001019,2026-11-19,SMMS,S&T,Preventive,AST-000310,Axle Counter,Medium,Fair,0.265,179,COR-04,SEC-07,372.709,373.108,Up,Main Line,Axle counter maintenance,45,15,30,90,2026-11-19 03:56,2026-11-19 04:30,2026-11-19 06:00,2026-11-21 13:00,Full Block,Signal Testing Kit,1,Interlocking Technician,Yes,Yes,No,TD,Medium,Speed restriction,9364.22,0.498,,
REQ-0001020,2026-10-13,TMS,Engineering,Emergency,AST-000440,Track Machine,Low,Good,0.193,161,COR-02,SEC-04,334.229,334.618,Up,Loop Line,Turnout inspection,150,10,10,170,2026-10-13 01:05,2026-10-13 02:00,2026-10-13 04:50,2026-10-18 09:50,Caution Order,Track Machine,2,Track Supervisor,No,No,No,,Critical,Minor operational impact,6002.84,0.437,,
REQ-0001021,2026-10-16,TMS,Engineering,Preventive,AST-000290,Track Machine,Medium,Fair,0.158,81,COR-01,SEC-01,196.939,197.124,Up,Main Line,Sleeper replacement,90,20,15,125,2026-10-16 00:41,2026-10-16 01:00,2026-10-16 03:05,2026-10-21 07:05,Power Block,Crane,1,Track Supervisor,Yes,Yes,Yes,,Medium,Minor operational impact,10546.72,0.357,,
REQ-0001022,2026-11-03,TMS,Engineering,Inspection,AST-000113,Level Crossing,Critical,Poor,0.645,102,COR-04,SEC-08,342.104,342.205,Down,Loop Line,Rail joint replacement,150,20,10,180,2026-11-02 22:53,2026-11-03 00:15,2026-11-03 03:15,2026-11-06 10:15,Power Block,Inspection Vehicle,1,Track Supervisor,Yes,No,Yes,S&T,Medium,Failure risk,17506.37,0.727,,
REQ-0001023,2026-11-16,SMMS,S&T,Preventive,AST-000138,Relay Room,Medium,Fair,0.174,266,COR-02,SEC-04,270.977,271.242,Up,Yard,Track circuit inspection,45,15,30,90,2026-11-16 05:41,2026-11-16 07:00,2026-11-16 08:30,2026-11-20 12:30,Power Block,Testing Kit,1,Interlocking Technician,No,No,No,,Medium,Operational delay,9452.63,0.472,,
REQ-0001024,2026-10-28,TDMS,TD,Preventive,AST-000292,Traction Substation,Medium,Good,0.148,0,COR-01,SEC-02,198.619,198.759,Down,Loop Line,Electrical isolation testing,90,15,15,120,2026-10-28 01:31,2026-10-28 03:30,2026-10-28 05:30,2026-11-02 08:30,Power Block,OHE Tower Wagon,1,Electrical Supervisor,Yes,Yes,Yes,Engineering;S&T,High,Minor operational impact,7330.85,0.264,,
REQ-0001025,2026-11-12,TDMS,TD,Preventive,AST-000190,Traction Substation,High,Fair,0.167,118,COR-03,SEC-05,184.634,184.676,Down,Yard,Sectioning equipment inspection,75,30,20,125,2026-11-12 00:18,2026-11-12 01:45,2026-11-12 03:50,2026-11-15 07:50,Full Block,OHE Tower Wagon,1,Traction Technician,Yes,Yes,Yes,,Medium,Line closure,10462.83,0.501,,
REQ-0001026,2026-11-04,SMMS,S&T,Preventive,AST-000144,Relay Room,Medium,Good,0.073,0,COR-04,SEC-08,349.428,349.576,Down,Yard,Communication equipment maintenance,30,15,10,55,2026-11-04 04:39,2026-11-04 04:45,2026-11-04 05:40,2026-11-09 05:40,Line Block,Testing Kit,2,Interlocking Technician,Yes,No,Yes,Engineering;TD,Medium,Speed restriction,7497.16,0.242,,
REQ-0001027,2026-11-20,SMMS,S&T,Corrective,AST-000033,Interlocking Equipment,Medium,Poor,0.348,143,COR-01,SEC-02,205.439,205.616,Down,Main Line,Relay room inspection,30,10,10,50,2026-11-20 02:59,2026-11-20 03:30,2026-11-20 04:20,2026-11-25 05:20,Full Block,Maintenance Van,1,Telecom Technician,Yes,Yes,Yes,Engineering,High,Speed restriction,11567.8,0.513,,
REQ-0001028,2026-11-16,TMS,Engineering,Corrective,AST-000321,Track Machine,High,Excellent,0.464,114,COR-04,SEC-07,347.037,347.315,Both Lines,Main Line,Ballast maintenance,180,15,10,205,2026-11-16 07:30,2026-11-16 09:45,2026-11-16 13:10,2026-11-20 18:10,Caution Order,Inspection Vehicle,1,P.Way Technician,Yes,Yes,Yes,S&T;TD,Medium,Speed restriction,11680.66,0.616,,
REQ-0001029,2026-11-21,SMMS,S&T,Preventive,AST-000121,Signal,Critical,Fair,0.362,260,COR-02,SEC-03,270.065,270.167,Up,Loop Line,Relay room inspection,150,30,30,210,2026-11-20 22:35,2026-11-21 01:00,2026-11-21 04:30,2026-11-24 09:30,Full Block,Testing Kit,1,Signal Technician,No,No,No,,High,Line closure,13449.25,0.729,,
REQ-0001030,2026-11-11,TMS,Engineering,Preventive,AST-000135,Track Machine,High,Good,0.038,0,COR-04,SEC-08,397.619,397.736,Down,Yard,Track alignment correction,180,15,10,205,2026-11-10 22:53,2026-11-11 00:15,2026-11-11 03:40,2026-11-13 06:40,Full Block,Inspection Vehicle,1,Bridge Inspector,No,No,No,,Medium,Operational delay,13693.87,0.331,,
REQ-0001031,2026-10-17,SMMS,S&T,Inspection,AST-000378,Relay Room,Medium,Good,0.125,148,COR-03,SEC-05,122.612,122.808,Up,Loop Line,Signal equipment replacement,90,10,20,120,2026-10-17 00:25,2026-10-17 03:00,2026-10-17 05:00,2026-10-21 09:00,Line Block,Signal Testing Kit,1,Telecom Technician,Yes,Yes,Yes,Engineering;TD,Medium,Operational delay,9954.62,0.422,,
REQ-0001032,2026-10-26,TDMS,TD,Corrective,AST-000027,OHE,High,Poor,0.396,231,COR-04,SEC-07,406.894,407.219,Up,Yard,Electrical isolation testing,30,10,10,50,2026-10-25 23:59,2026-10-26 01:15,2026-10-26 02:05,2026-10-28 04:05,Full Block,OHE Tower Wagon,2,Traction Technician,Yes,No,Yes,S&T,Medium,Speed restriction,11374.04,0.669,,
REQ-0001033,2026-11-05,TMS,Engineering,Preventive,AST-000450,Bridge,High,Good,0.117,0,COR-04,SEC-07,365.944,366.255,Up,Yard,Ballast maintenance,180,10,20,210,2026-11-05 00:46,2026-11-05 01:45,2026-11-05 05:15,2026-11-09 08:15,Caution Order,Maintenance Van,1,P.Way Technician,No,No,No,,Medium,Failure risk,11068.99,0.355,,
REQ-0001034,2026-10-31,TDMS,TD,Preventive,AST-000207,Sectioning Post,High,Good,0.278,287,COR-01,SEC-02,200.856,201.197,Down,Yard,OHE inspection,120,20,30,170,2026-10-30 23:49,2026-10-31 00:15,2026-10-31 03:05,2026-11-01 10:05,Power Block,Electrical Testing Kit,2,Electrical Supervisor,Yes,No,Yes,Engineering,Medium,Minor operational impact,9207.75,0.603,,
REQ-0001035,2026-11-07,TMS,Engineering,Preventive,AST-000191,Track Machine,High,Poor,0.389,0,COR-04,SEC-07,372.468,372.541,Down,Loop Line,Ballast maintenance,75,20,20,115,2026-11-07 15:41,2026-11-07 16:15,2026-11-07 18:10,2026-11-09 23:10,Full Block,Track Machine,2,P.Way Technician,Yes,Yes,Yes,,Medium,Failure risk,14428.95,0.437,,
REQ-0001036,2026-10-05,TMS,Engineering,Inspection,AST-000296,Point Machine,High,Fair,0.827,0,COR-03,SEC-05,142.377,142.676,Down,Main Line,Track alignment correction,120,20,20,160,2026-10-04 23:59,2026-10-05 00:15,2026-10-05 02:55,2026-10-09 02:55,Full Block,Inspection Vehicle,1,Track Machine Operator,Yes,Yes,Yes,S&T,Medium,Operational delay,13865.13,0.568,,
REQ-0001037,2026-10-25,TMS,Engineering,Corrective,AST-000333,Level Crossing,High,Fair,0.124,231,COR-01,SEC-02,213.188,213.346,Down,Main Line,Sleeper replacement,180,30,15,225,2026-10-25 00:56,2026-10-25 01:15,2026-10-25 05:00,2026-10-29 08:00,Caution Order,Track Machine,1,Track Machine Operator,Yes,No,Yes,,Medium,Operational delay,10021.95,0.587,,
REQ-0001038,2026-11-01,TDMS,TD,Preventive,AST-000386,Switching Station,Medium,Fair,0.287,69,COR-02,SEC-04,316.614,316.815,Both Lines,Main Line,Power supply inspection,75,15,15,105,2026-11-01 01:51,2026-11-01 03:00,2026-11-01 04:45,2026-11-02 11:45,Power Block,Electrical Testing Kit,1,OHE Authorized Supervisor,No,No,No,,Medium,Failure risk,12471.1,0.383,,
REQ-0001039,2026-10-06,SMMS,S&T,Corrective,AST-000228,Interlocking Equipment,Medium,Poor,0.766,237,COR-02,SEC-04,266.001,266.041,Up,Main Line,Signal equipment inspection,150,15,20,185,2026-10-06 00:54,2026-10-06 01:30,2026-10-06 04:35,2026-10-09 07:35,Caution Order,Maintenance Van,1,Signal Technician,Yes,Yes,Yes,TD,Critical,Operational delay,14092.77,0.68,,
REQ-0001040,2026-09-28,SMMS,S&T,Inspection,AST-000248,Axle Counter,Medium,Poor,0.462,73,COR-01,SEC-02,205.167,205.531,Down,Loop Line,Communication equipment maintenance,75,30,20,125,2026-09-28 02:04,2026-09-28 02:45,2026-09-28 04:50,2026-10-03 04:50,Line Block,Testing Kit,1,Interlocking Technician,Yes,No,Yes,TD,High,Line closure,9606.5,0.44,,
REQ-0001041,2026-11-23,SMMS,S&T,Preventive,AST-000281,Telecom,High,Poor,0.985,0,COR-04,SEC-07,348.669,348.919,Both Lines,Loop Line,Axle counter maintenance,60,20,15,95,2026-11-22 22:10,2026-11-23 00:30,2026-11-23 02:05,2026-11-27 06:05,Line Block,Maintenance Van,1,Signal Technician,Yes,Yes,Yes,TD,Low,Operational delay,18757.25,0.616,,
REQ-0001042,2026-10-20,TDMS,TD,Inspection,AST-000467,Switching Station,High,Poor,0.459,128,COR-04,SEC-07,353.537,353.906,Down,Yard,Traction equipment maintenance,180,10,30,220,2026-10-20 02:24,2026-10-20 03:30,2026-10-20 07:10,2026-10-25 07:10,Full Block,OHE Tower Wagon,2,OHE Authorized Supervisor,Yes,Yes,Yes,,Medium,Minor operational impact,13020.53,0.6,,
REQ-0001043,2026-10-20,TDMS,TD,Inspection,AST-000332,Sectioning Post,High,Poor,0.38,248,COR-04,SEC-08,386.261,386.644,Down,Yard,Sectioning equipment inspection,120,15,15,150,2026-10-19 23:01,2026-10-20 02:00,2026-10-20 04:30,2026-10-22 11:30,Full Block,OHE Tower Wagon,1,Electrical Supervisor,Yes,Yes,Yes,S&T,Medium,Line closure,14168.54,0.634,,
REQ-0001044,2026-11-05,TMS,Engineering,Inspection,AST-000199,Level Crossing,Medium,Fair,0.502,106,COR-03,SEC-06,141.092,141.163,Down,Loop Line,Track alignment correction,150,15,10,175,2026-11-05 00:16,2026-11-05 01:30,2026-11-05 04:25,2026-11-10 11:25,Line Block,Maintenance Van,1,P.Way Technician,Yes,Yes,Yes,,Medium,Failure risk,9676.49,0.488,,
REQ-0001045,2026-11-05,SMMS,S&T,Inspection,AST-000357,Interlocking Equipment,Medium,Poor,0.642,219,COR-03,SEC-06,177.103,177.257,Down,Yard,Interlocking equipment testing,150,30,30,210,2026-11-05 03:08,2026-11-05 04:00,2026-11-05 07:30,2026-11-08 10:30,Caution Order,Signal Testing Kit,1,S&T Supervisor,No,No,No,,Medium,Speed restriction,13305.01,0.613,,
REQ-0001046,2026-11-19,TDMS,TD,Inspection,AST-000409,OHE Mast,Medium,Poor,0.725,216,COR-03,SEC-05,173.576,173.739,Both Lines,Yard,OHE fitting replacement,90,15,20,125,2026-11-19 06:07,2026-11-19 09:00,2026-11-19 11:05,2026-11-21 12:05,Full Block,OHE Tower Wagon,1,Electrical Supervisor,Yes,Yes,Yes,,Critical,Failure risk,7916.99,0.637,,
REQ-0001047,2026-10-16,TDMS,TD,Corrective,AST-000425,Switching Station,High,Fair,0.494,0,COR-03,SEC-05,125.806,126.064,Up,Yard,Electrical isolation testing,180,20,10,210,2026-10-16 01:32,2026-10-16 03:30,2026-10-16 07:00,2026-10-19 07:00,Full Block,OHE Tower Wagon,2,Electrical Supervisor,Yes,No,Yes,Engineering;S&T,Medium,Minor operational impact,16209.3,0.498,REQ-0000207,Isolation before work
REQ-0001048,2026-10-10,SMMS,S&T,Preventive,AST-000217,Signal,High,Fair,0.225,141,COR-03,SEC-06,178.299,178.61,Down,Yard,Communication equipment maintenance,45,20,30,95,2026-10-09 23:31,2026-10-10 02:15,2026-10-10 03:50,2026-10-13 03:50,Full Block,Maintenance Van,2,Interlocking Technician,Yes,No,Yes,Engineering;TD,Medium,Operational delay,13066.9,0.544,,
REQ-0001049,2026-10-16,SMMS,S&T,Corrective,AST-000016,Axle Counter,Medium,Good,0.244,0,COR-03,SEC-05,127.238,127.541,Up,Main Line,Axle counter maintenance,120,15,15,150,2026-10-16 00:26,2026-10-16 01:45,2026-10-16 04:15,2026-10-18 05:15,Line Block,Testing Kit,1,S&T Supervisor,Yes,No,Yes,TD,Medium,Failure risk,9530.75,0.323,,
REQ-0001050,2026-10-27,TMS,Engineering,Corrective,AST-000296,Point Machine,High,Fair,0.827,0,COR-03,SEC-05,142.377,142.427,Both Lines,Yard,Turnout inspection,45,15,10,70,2026-10-27 03:26,2026-10-27 04:00,2026-10-27 05:10,2026-10-30 12:10,Full Block,Maintenance Van,2,P.Way Technician,No,No,No,,Medium,Failure risk,19209.47,0.598,,
REQ-0001051,2026-10-21,TMS,Engineering,Preventive,AST-000393,Point Machine,Low,Fair,0.422,100,COR-04,SEC-07,400.639,400.849,Down,Main Line,Turnout inspection,180,30,20,230,2026-10-21 04:11,2026-10-21 04:30,2026-10-21 08:20,2026-10-23 13:20,Full Block,Crane,2,Bridge Inspector,Yes,Yes,Yes,TD,Medium,Failure risk,7124.17,0.358,,
REQ-0001052,2026-10-07,SMMS,S&T,Preventive,AST-000215,Telecom,Medium,Poor,0.217,187,COR-04,SEC-08,375.015,375.366,Down,Main Line,Axle counter maintenance,120,20,15,155,2026-10-06 21:55,2026-10-07 00:00,2026-10-07 02:35,2026-10-08 05:35,Line Block,Testing Kit,1,Interlocking Technician,Yes,Yes,Yes,Engineering,High,Line closure,6137.99,0.485,,
REQ-0001053,2026-11-03,TDMS,TD,Preventive,AST-000274,OHE,Medium,Poor,0.55,269,COR-04,SEC-08,343.622,343.914,Up,Main Line,Traction equipment maintenance,120,10,15,145,2026-11-02 22:23,2026-11-03 00:30,2026-11-03 02:55,2026-11-04 02:55,Full Block,Maintenance Van,1,Electrical Supervisor,No,No,No,,High,Minor operational impact,13325.16,0.585,,
REQ-0001054,2026-11-22,TMS,Engineering,Corrective,AST-000150,Level Crossing,High,Fair,0.304,58,COR-02,SEC-03,304.352,304.453,Up,Yard,Drainage maintenance,75,15,10,100,2026-11-22 00:11,2026-11-22 02:45,2026-11-22 04:25,2026-11-26 10:25,Line Block,Crane,1,Track Supervisor,Yes,No,Yes,S&T,High,Failure risk,13121.18,0.506,,
REQ-0001055,2026-10-06,TDMS,TD,Emergency,AST-000491,Traction Substation,Medium,Good,0.441,51,COR-03,SEC-05,181.093,181.418,Up,Loop Line,Electrical isolation testing,180,15,10,205,2026-10-05 22:45,2026-10-06 01:45,2026-10-06 05:10,2026-10-07 05:10,Power Block,OHE Tower Wagon,1,Electrical Supervisor,No,No,No,,Medium,Minor operational impact,8631.59,0.489,,
REQ-0001056,2026-11-22,TMS,Engineering,Preventive,AST-000313,Track,High,Poor,0.35,154,COR-01,SEC-02,249.988,250.302,Both Lines,Yard,Rail joint replacement,150,30,15,195,2026-11-22 01:40,2026-11-22 02:30,2026-11-22 05:45,2026-11-26 05:45,Caution Order,Track Machine,1,Bridge Inspector,Yes,Yes,Yes,,High,Line closure,9030.11,0.596,,
REQ-0001057,2026-11-07,SMMS,S&T,Preventive,AST-000316,Axle Counter,Medium,Fair,0.293,142,COR-04,SEC-07,375.86,376.079,Up,Loop Line,Track circuit inspection,45,15,10,70,2026-11-06 23:44,2026-11-07 01:15,2026-11-07 02:25,2026-11-09 07:25,Caution Order,Testing Kit,2,S&T Supervisor,Yes,No,Yes,Engineering;TD,High,Minor operational impact,9859.96,0.466,,
REQ-0001058,2026-10-04,SMMS,S&T,Preventive,AST-000272,Interlocking Equipment,Critical,Poor,0.538,17,COR-01,SEC-02,237.9,237.957,Up,Yard,Interlocking equipment testing,60,15,20,95,2026-10-04 01:59,2026-10-04 02:30,2026-10-04 04:05,2026-10-06 06:05,Power Block,Testing Kit,1,Telecom Technician,Yes,Yes,Yes,Engineering,High,Failure risk,18523.82,0.6,,
REQ-0001059,2026-11-01,TDMS,TD,Preventive,AST-000416,Traction Substation,Medium,Poor,0.362,89,COR-04,SEC-07,345.16,345.27,Up,Loop Line,Power supply inspection,180,20,30,230,2026-10-31 23:26,2026-11-01 01:45,2026-11-01 05:35,2026-11-03 12:35,Power Block,Maintenance Van,1,OHE Authorized Supervisor,Yes,Yes,Yes,Engineering,Critical,Minor operational impact,8663.11,0.427,,
REQ-0001060,2026-11-22,SMMS,S&T,Preventive,AST-000058,Signal,High,Fair,0.478,254,COR-04,SEC-07,378.44,378.58,Up,Yard,Track circuit inspection,120,20,10,150,2026-11-22 00:56,2026-11-22 02:15,2026-11-22 04:45,2026-11-23 07:45,Full Block,Signal Testing Kit,1,Interlocking Technician,Yes,Yes,Yes,Engineering;TD,High,Failure risk,13246.57,0.663,,
REQ-0001061,2026-10-16,SMMS,S&T,Preventive,AST-000348,Axle Counter,Medium,Fair,0.102,79,COR-03,SEC-05,159.411,159.604,Up,Yard,Interlocking equipment testing,30,15,15,60,2026-10-16 10:56,2026-10-16 13:45,2026-10-16 14:45,2026-10-19 15:45,Full Block,Testing Kit,1,Interlocking Technician,Yes,Yes,Yes,Engineering;TD,Medium,Speed restriction,8158.44,0.338,,
REQ-0001062,2026-10-28,TMS,Engineering,Corrective,AST-000452,Bridge,Medium,Fair,0.515,0,COR-01,SEC-01,233.065,233.172,Down,Main Line,Rail joint replacement,30,30,20,80,2026-10-28 00:21,2026-10-28 02:30,2026-10-28 03:50,2026-10-31 10:50,Line Block,Track Machine,1,Track Machine Operator,Yes,Yes,Yes,,Low,Operational delay,8650.49,0.405,,
REQ-0001063,2026-10-12,TMS,Engineering,Corrective,AST-000397,Bridge,Medium,Poor,0.483,0,COR-03,SEC-05,136.246,136.635,Up,Loop Line,Track alignment correction,60,30,30,120,2026-10-12 02:55,2026-10-12 04:30,2026-10-12 06:30,2026-10-15 06:30,Caution Order,Track Machine,1,P.Way Technician,No,No,No,,Medium,Speed restriction,8027.47,0.395,,
REQ-0001064,2026-10-26,TMS,Engineering,Corrective,AST-000022,Point Machine,Medium,Good,0.208,201,COR-02,SEC-04,331.476,331.816,Down,Yard,Track alignment correction,75,20,20,115,2026-10-26 02:19,2026-10-26 03:15,2026-10-26 05:10,2026-10-29 07:10,Full Block,Crane,2,Track Supervisor,Yes,Yes,Yes,S&T;TD,Medium,Minor operational impact,10349.54,0.512,,
REQ-0001065,2026-10-29,SMMS,S&T,Corrective,AST-000017,Signal,Medium,Poor,0.694,231,COR-02,SEC-04,336.685,337.061,Down,Loop Line,Signal equipment replacement,150,30,30,210,2026-10-29 17:23,2026-10-29 19:00,2026-10-29 22:30,2026-11-02 02:30,Full Block,Signal Testing Kit,2,Signal Technician,Yes,Yes,Yes,Engineering,Medium,Minor operational impact,13821.05,0.658,,
REQ-0001066,2026-10-03,TMS,Engineering,Emergency,AST-000085,Point Machine,Critical,Fair,0.331,28,COR-01,SEC-02,210.76,210.957,Down,Loop Line,Drainage maintenance,120,30,15,165,2026-10-02 22:48,2026-10-03 01:45,2026-10-03 04:30,2026-10-08 04:30,Caution Order,Crane,2,Track Machine Operator,No,No,No,,Medium,Minor operational impact,18302.03,0.63,,
REQ-0001067,2026-10-22,SMMS,S&T,Inspection,AST-000168,Interlocking Equipment,High,Poor,0.63,165,COR-03,SEC-05,163.819,164.213,Down,Loop Line,Signal equipment replacement,90,15,10,115,2026-10-22 11:37,2026-10-22 14:15,2026-10-22 16:10,2026-10-25 18:10,Full Block,Maintenance Van,2,S&T Supervisor,Yes,Yes,Yes,,High,Minor operational impact,17115.68,0.692,,
REQ-0001068,2026-10-27,TMS,Engineering,Corrective,AST-000260,Track,High,Fair,0.048,0,COR-04,SEC-08,365.821,365.92,Down,Yard,Sleeper replacement,45,30,30,105,2026-10-27 19:39,2026-10-27 19:45,2026-10-27 21:30,2026-10-30 23:30,Power Block,Crane,2,Bridge Inspector,No,No,No,,High,Line closure,7489.16,0.364,,
REQ-0001069,2026-10-24,TMS,Engineering,Inspection,AST-000039,Track,High,Poor,0.296,200,COR-01,SEC-02,230.633,230.841,Up,Yard,Turnout inspection,150,30,15,195,2026-10-23 22:18,2026-10-24 01:15,2026-10-24 04:30,2026-10-27 09:30,Full Block,Maintenance Van,2,Track Supervisor,Yes,No,Yes,S&T;TD,High,Operational delay,8437.17,0.609,,
REQ-0001070,2026-10-15,TMS,Engineering,Preventive,AST-000440,Track Machine,Low,Good,0.193,161,COR-02,SEC-04,334.229,334.585,Up,Main Line,Track geometry inspection,45,15,30,90,2026-10-15 04:27,2026-10-15 04:45,2026-10-15 06:15,2026-10-17 12:15,Caution Order,Maintenance Van,2,Bridge Inspector,Yes,Yes,Yes,S&T;TD,Medium,Minor operational impact,5729.26,0.357,,
REQ-0001071,2026-10-14,SMMS,S&T,Emergency,AST-000017,Signal,Medium,Poor,0.694,231,COR-02,SEC-04,336.685,336.864,Down,Loop Line,Signal equipment inspection,30,15,15,60,2026-10-14 00:39,2026-10-14 01:00,2026-10-14 02:00,2026-10-18 05:00,Full Block,Testing Kit,1,S&T Supervisor,No,No,No,,Medium,Failure risk,11198.54,0.708,,
REQ-0001072,2026-10-20,TDMS,TD,Inspection,AST-000473,Traction Substation,High,Excellent,0.372,245,COR-03,SEC-06,149.376,149.623,Up,Main Line,OHE mast inspection,45,15,15,75,2026-10-20 00:54,2026-10-20 01:00,2026-10-20 02:15,2026-10-23 09:15,Full Block,Electrical Testing Kit,1,Electrical Supervisor,Yes,Yes,No,Engineering,Medium,Minor operational impact,10150.9,0.632,,
REQ-0001073,2026-10-29,TMS,Engineering,Preventive,AST-000196,Track Machine,Medium,Poor,0.682,91,COR-02,SEC-03,291.608,291.96,Down,Yard,Track alignment correction,120,20,15,155,2026-10-29 15:00,2026-10-29 16:30,2026-10-29 19:05,2026-10-30 19:05,Line Block,Inspection Vehicle,2,Track Machine Operator,Yes,No,Yes,S&T,High,Operational delay,8594.67,0.526,,
REQ-0001074,2026-10-13,SMMS,S&T,Corrective,AST-000461,Relay Room,High,Critical,0.378,167,COR-01,SEC-02,214.567,214.654,Up,Yard,Communication equipment maintenance,30,20,10,60,2026-10-13 02:08,2026-10-13 04:30,2026-10-13 05:30,2026-10-16 11:30,Line Block,Testing Kit,1,Telecom Technician,Yes,No,Yes,Engineering,High,Failure risk,12008.03,0.649,,
REQ-0001075,2026-11-21,TDMS,TD,Preventive,AST-000153,Sectioning Post,Medium,Poor,0.217,277,COR-01,SEC-01,182.123,182.484,Up,Yard,OHE inspection,120,30,10,160,2026-11-21 10:04,2026-11-21 11:00,2026-11-21 13:40,2026-11-22 13:40,Full Block,OHE Tower Wagon,1,Traction Technician,Yes,Yes,Yes,,High,Minor operational impact,8439.3,0.485,,
REQ-0001076,2026-11-02,TDMS,TD,Preventive,AST-000047,OHE,Medium,Fair,0.303,0,COR-02,SEC-03,283.629,283.839,Both Lines,Loop Line,OHE fitting replacement,45,15,20,80,2026-11-02 02:35,2026-11-02 02:45,2026-11-02 04:05,2026-11-06 10:05,Power Block,OHE Tower Wagon,1,Traction Technician,Yes,Yes,Yes,Engineering,Medium,Line closure,11217.78,0.311,,
REQ-0001077,2026-10-21,TMS,Engineering,Preventive,AST-000094,Point Machine,Critical,Critical,0.733,267,COR-03,SEC-06,120.281,120.361,Down,Yard,Track geometry inspection,120,10,30,160,2026-10-21 08:20,2026-10-21 08:30,2026-10-21 11:10,2026-10-25 13:10,Power Block,Maintenance Van,1,Bridge Inspector,Yes,Yes,No,TD,Medium,Failure risk,11692.0,0.84,,
REQ-0001078,2026-11-04,TMS,Engineering,Preventive,AST-000313,Track,High,Poor,0.35,154,COR-01,SEC-02,249.988,250.277,Up,Loop Line,Rail joint replacement,90,20,30,140,2026-11-04 04:08,2026-11-04 04:15,2026-11-04 06:35,2026-11-05 06:35,Caution Order,Track Machine,2,P.Way Technician,Yes,No,Yes,TD,High,Operational delay,13390.97,0.596,,
REQ-0001079,2026-10-30,SMMS,S&T,Preventive,AST-000163,Relay Room,High,Good,0.07,16,COR-03,SEC-06,141.746,142.145,Up,Loop Line,Signal equipment replacement,60,15,20,95,2026-10-30 04:57,2026-10-30 06:45,2026-10-30 08:20,2026-11-03 10:20,Power Block,Testing Kit,1,Telecom Technician,Yes,Yes,Yes,TD,High,Operational delay,11130.71,0.359,,
REQ-0001080,2026-09-30,TDMS,TD,Corrective,AST-000131,Traction Substation,Low,Critical,0.394,58,COR-01,SEC-01,232.215,232.348,Down,Loop Line,Electrical isolation testing,45,15,15,75,2026-09-29 22:24,2026-09-30 01:15,2026-09-30 02:30,2026-10-04 09:30,Power Block,Maintenance Van,1,Traction Technician,Yes,Yes,Yes,Engineering,Medium,Speed restriction,4942.96,0.333,,
REQ-0001081,2026-11-19,SMMS,S&T,Preventive,AST-000348,Axle Counter,Medium,Fair,0.102,79,COR-03,SEC-05,159.411,159.741,Up,Yard,Relay room inspection,60,30,15,105,2026-11-19 06:07,2026-11-19 09:00,2026-11-19 10:45,2026-11-22 16:45,Line Block,Signal Testing Kit,1,Telecom Technician,Yes,Yes,Yes,,Medium,Failure risk,8358.54,0.338,,
REQ-0001082,2026-11-21,SMMS,S&T,Preventive,AST-000061,Relay Room,Medium,Good,0.668,0,COR-04,SEC-08,350.753,351.054,Up,Yard,Track circuit inspection,45,30,15,90,2026-11-21 03:49,2026-11-21 04:30,2026-11-21 06:00,2026-11-24 13:00,Caution Order,Signal Testing Kit,1,Signal Technician,Yes,Yes,No,TD,Medium,Speed restriction,14377.65,0.42,REQ-0000678,Isolation before work
REQ-0001083,2026-11-05,SMMS,S&T,Preventive,AST-000481,Relay Room,Medium,Excellent,0.282,0,COR-04,SEC-07,367.334,367.373,Down,Main Line,Signal equipment replacement,120,10,20,150,2026-11-05 01:56,2026-11-05 04:15,2026-11-05 06:45,2026-11-07 10:45,Caution Order,Testing Kit,1,Signal Technician,Yes,Yes,Yes,Engineering;TD,High,Operational delay,7065.69,0.305,,
REQ-0001084,2026-11-22,TMS,Engineering,Preventive,AST-000020,Point Machine,High,Poor,0.481,0,COR-03,SEC-05,158.84,159.011,Up,Yard,Track geometry inspection,120,10,10,140,2026-11-22 02:53,2026-11-22 04:45,2026-11-22 07:05,2026-11-23 11:05,Caution Order,Maintenance Van,1,Track Machine Operator,Yes,No,Yes,S&T,High,Failure risk,15616.86,0.464,,
REQ-0001085,2026-11-04,TMS,Engineering,Corrective,AST-000191,Track Machine,High,Poor,0.389,0,COR-04,SEC-07,372.468,372.846,Down,Yard,Track geometry inspection,60,10,20,90,2026-11-03 22:44,2026-11-04 01:00,2026-11-04 02:30,2026-11-09 09:30,Caution Order,Crane,1,P.Way Technician,Yes,Yes,Yes,TD,Medium,Speed restriction,12312.7,0.467,,
REQ-0001086,2026-10-05,TMS,Engineering,Inspection,AST-000096,Point Machine,Medium,Good,0.127,126,COR-04,SEC-07,356.19,356.345,Down,Loop Line,Turnout inspection,90,15,20,125,2026-10-05 02:25,2026-10-05 04:00,2026-10-05 06:05,2026-10-10 11:05,Caution Order,Crane,1,P.Way Technician,No,No,No,,Medium,Minor operational impact,8873.02,0.398,,
REQ-0001087,2026-10-16,TDMS,TD,Corrective,AST-000066,OHE,High,Fair,0.309,155,COR-01,SEC-02,184.649,184.796,Up,Loop Line,Sectioning equipment inspection,45,20,30,95,2026-10-16 01:10,2026-10-16 01:15,2026-10-16 02:50,2026-10-20 08:50,Full Block,Electrical Testing Kit,2,OHE Authorized Supervisor,No,No,No,,High,Minor operational impact,10940.03,0.615,,
REQ-0001088,2026-11-10,TMS,Engineering,Inspection,AST-000209,Track Machine,Medium,Fair,0.356,191,COR-01,SEC-02,229.749,229.96,Up,Yard,Track alignment correction,90,20,10,120,2026-11-10 13:26,2026-11-10 15:15,2026-11-10 17:15,2026-11-12 19:15,Power Block,Maintenance Van,2,P.Way Technician,Yes,Yes,Yes,,High,Minor operational impact,7617.03,0.527,REQ-0000303,Testing before restoration
REQ-0001089,2026-10-20,TDMS,TD,Preventive,AST-000406,Sectioning Post,Medium,Good,0.206,0,COR-02,SEC-03,328.477,328.641,Both Lines,Yard,Power supply inspection,75,20,15,110,2026-10-20 06:03,2026-10-20 07:30,2026-10-20 09:20,2026-10-24 13:20,Power Block,OHE Tower Wagon,2,Electrical Supervisor,No,No,No,,Medium,Operational delay,7530.81,0.282,,
REQ-0001090,2026-10-11,SMMS,S&T,Inspection,AST-000443,Signal,High,Fair,0.272,0,COR-04,SEC-07,379.743,380.096,Both Lines,Loop Line,Relay room inspection,90,10,30,130,2026-10-11 08:10,2026-10-11 08:45,2026-10-11 10:55,2026-10-12 15:55,Caution Order,Maintenance Van,1,Interlocking Technician,No,No,No,,Medium,Failure risk,10182.21,0.402,,
REQ-0001091,2026-11-15,TMS,Engineering,Corrective,AST-000191,Track Machine,High,Poor,0.389,0,COR-04,SEC-07,372.468,372.797,Both Lines,Main Line,Rail joint replacement,90,15,20,125,2026-11-14 23:46,2026-11-15 01:45,2026-11-15 03:50,2026-11-18 07:50,Caution Order,Track Machine,1,Track Machine Operator,No,No,No,,High,Speed restriction,15462.53,0.467,,
REQ-0001092,2026-10-07,SMMS,S&T,Inspection,AST-000269,Signal,Low,Excellent,0.082,0,COR-03,SEC-06,154.74,155.058,Up,Main Line,Track circuit inspection,180,30,20,230,2026-10-06 22:56,2026-10-07 01:15,2026-10-07 05:05,2026-10-08 11:05,Power Block,Maintenance Van,1,Signal Technician,Yes,Yes,Yes,TD,Low,Failure risk,5358.54,0.145,REQ-0000186,Inspection before repair
REQ-0001093,2026-10-04,TMS,Engineering,Emergency,AST-000309,Level Crossing,High,Fair,0.566,190,COR-04,SEC-08,398.849,399.167,Down,Main Line,Ballast maintenance,150,10,15,175,2026-10-04 04:27,2026-10-04 06:45,2026-10-04 09:40,2026-10-06 15:40,Line Block,Track Machine,2,P.Way Technician,No,No,No,,Medium,Line closure,12899.81,0.77,,
REQ-0001094,2026-10-11,SMMS,S&T,Inspection,AST-000016,Axle Counter,Medium,Good,0.244,0,COR-03,SEC-05,127.238,127.4,Up,Main Line,Communication equipment maintenance,75,20,10,105,2026-10-11 02:37,2026-10-11 03:30,2026-10-11 05:15,2026-10-16 09:15,Full Block,Signal Testing Kit,2,Telecom Technician,Yes,Yes,Yes,,Medium,Operational delay,6776.48,0.293,,
REQ-0001095,2026-10-09,SMMS,S&T,Preventive,AST-000477,Relay Room,Medium,Poor,0.357,131,COR-04,SEC-08,389.84,389.908,Up,Main Line,Interlocking equipment testing,60,10,30,100,2026-10-09 00:43,2026-10-09 03:30,2026-10-09 05:10,2026-10-12 09:10,Full Block,Signal Testing Kit,2,Signal Technician,Yes,No,Yes,TD,High,Speed restriction,10304.83,0.473,,
REQ-0001096,2026-10-26,TDMS,TD,Preventive,AST-000375,OHE Mast,Medium,Fair,0.787,0,COR-01,SEC-02,231.848,232.196,Both Lines,Main Line,OHE inspection,30,20,10,60,2026-10-26 00:53,2026-10-26 01:00,2026-10-26 02:00,2026-10-27 03:00,Power Block,OHE Tower Wagon,1,Electrical Supervisor,No,No,No,,High,Failure risk,9854.14,0.456,,
REQ-0001097,2026-10-01,TMS,Engineering,Inspection,AST-000265,Track,Critical,Poor,0.638,0,COR-03,SEC-05,134.305,134.527,Down,Yard,Drainage maintenance,30,20,20,70,2026-09-30 21:42,2026-10-01 00:30,2026-10-01 01:40,2026-10-03 01:40,Caution Order,Inspection Vehicle,1,P.Way Technician,Yes,Yes,Yes,TD,High,Minor operational impact,17081.07,0.611,,
REQ-0001098,2026-10-22,SMMS,S&T,Preventive,AST-000241,Telecom,Low,Good,0.352,138,COR-02,SEC-03,302.458,302.72,Up,Yard,Axle counter maintenance,45,30,20,95,2026-10-22 17:48,2026-10-22 19:30,2026-10-22 21:05,2026-10-26 21:05,Caution Order,Maintenance Van,1,Telecom Technician,Yes,Yes,Yes,Engineering,Medium,Speed restriction,8151.51,0.379,REQ-0000801,Isolation before work
REQ-0001099,2026-11-05,TDMS,TD,Corrective,AST-000082,Traction Substation,Medium,Critical,0.408,193,COR-02,SEC-04,295.071,295.29,Down,Loop Line,Sectioning equipment inspection,90,20,15,125,2026-11-05 01:28,2026-11-05 03:45,2026-11-05 05:50,2026-11-07 12:50,Power Block,Electrical Testing Kit,1,OHE Authorized Supervisor,Yes,Yes,Yes,,Medium,Failure risk,13189.61,0.572,,
REQ-0001100,2026-10-01,TDMS,TD,Inspection,AST-000029,Switching Station,Medium,Good,0.289,243,COR-01,SEC-02,246.354,246.608,Down,Main Line,Sectioning equipment inspection,60,10,10,80,2026-09-30 23:51,2026-10-01 00:15,2026-10-01 01:35,2026-10-06 01:35,Power Block,Electrical Testing Kit,2,OHE Technician,No,No,No,,Medium,Operational delay,9020.03,0.507,,
REQ-0001101,2026-11-17,TMS,Engineering,Preventive,AST-000219,Track Machine,High,Good,0.306,14,COR-02,SEC-04,328.042,328.273,Up,Main Line,Turnout inspection,60,10,10,80,2026-11-17 02:03,2026-11-17 04:45,2026-11-17 06:05,2026-11-21 06:05,Full Block,Inspection Vehicle,2,Bridge Inspector,No,No,No,,High,Minor operational impact,15674.41,0.427,,
REQ-0001102,2026-11-03,SMMS,S&T,Corrective,AST-000472,Axle Counter,Medium,Good,0.482,123,COR-02,SEC-04,269.502,269.549,Both Lines,Loop Line,Relay room inspection,150,30,15,195,2026-11-03 14:49,2026-11-03 17:15,2026-11-03 20:30,2026-11-08 23:30,Full Block,Maintenance Van,1,Telecom Technician,Yes,Yes,Yes,Engineering;TD,High,Failure risk,12184.53,0.531,,
REQ-0001103,2026-11-03,TDMS,TD,Preventive,AST-000451,OHE Mast,Low,Fair,0.487,94,COR-03,SEC-06,170.223,170.601,Up,Main Line,Power supply inspection,45,15,15,75,2026-11-03 00:40,2026-11-03 03:30,2026-11-03 04:45,2026-11-05 10:45,Full Block,Maintenance Van,2,Electrical Supervisor,Yes,Yes,Yes,Engineering;S&T,Medium,Line closure,8611.23,0.371,,
REQ-0001104,2026-10-24,TDMS,TD,Preventive,AST-000230,Sectioning Post,High,Fair,0.168,49,COR-02,SEC-03,328.138,328.225,Down,Yard,OHE mast inspection,60,15,30,105,2026-10-24 04:13,2026-10-24 04:15,2026-10-24 06:00,2026-10-26 12:00,Full Block,OHE Tower Wagon,1,Traction Technician,Yes,Yes,Yes,Engineering;S&T,High,Operational delay,10987.47,0.425,,
REQ-0001105,2026-10-23,TDMS,TD,Preventive,AST-000079,OHE,Critical,Fair,0.503,226,COR-01,SEC-02,196.158,196.412,Down,Main Line,Electrical isolation testing,120,30,20,170,2026-10-23 01:08,2026-10-23 02:45,2026-10-23 05:35,2026-10-26 08:35,Full Block,OHE Tower Wagon,1,Electrical Supervisor,Yes,No,Yes,Engineering,High,Speed restriction,11559.05,0.771,,
REQ-0001106,2026-11-11,TDMS,TD,Inspection,AST-000252,OHE Mast,High,Fair,0.347,93,COR-02,SEC-04,293.419,293.715,Up,Main Line,Power supply inspection,60,10,15,85,2026-11-10 23:42,2026-11-11 01:30,2026-11-11 02:55,2026-11-14 03:55,Power Block,Electrical Testing Kit,2,OHE Technician,Yes,No,Yes,Engineering;S&T,Critical,Failure risk,10745.51,0.527,,
REQ-0001107,2026-10-19,TMS,Engineering,Emergency,AST-000247,Track,Critical,Excellent,0.254,0,COR-03,SEC-05,142.955,143.123,Down,Main Line,Track geometry inspection,75,10,10,95,2026-10-19 15:53,2026-10-19 17:45,2026-10-19 19:20,2026-10-20 20:20,Power Block,Maintenance Van,1,Track Supervisor,No,No,No,,Medium,Operational delay,15865.19,0.576,,
REQ-0001108,2026-10-04,TMS,Engineering,Preventive,AST-000251,Track Machine,High,Fair,0.254,213,COR-01,SEC-02,201.217,201.339,Down,Loop Line,Track geometry inspection,150,30,15,195,2026-10-04 00:17,2026-10-04 00:45,2026-10-04 04:00,2026-10-05 10:00,Line Block,Track Machine,1,Bridge Inspector,Yes,No,Yes,S&T;TD,Critical,Failure risk,14998.01,0.596,,
REQ-0001109,2026-10-06,SMMS,S&T,Corrective,AST-000215,Telecom,Medium,Poor,0.217,187,COR-04,SEC-08,375.015,375.32,Up,Yard,Track circuit inspection,60,20,15,95,2026-10-06 01:25,2026-10-06 02:45,2026-10-06 04:20,2026-10-08 11:20,Line Block,Testing Kit,2,Signal Technician,Yes,No,Yes,Engineering;TD,High,Minor operational impact,7368.81,0.515,,
REQ-0001110,2026-11-22,TMS,Engineering,Inspection,AST-000382,Point Machine,High,Fair,0.041,124,COR-04,SEC-07,346.312,346.47,Down,Main Line,Rail joint replacement,30,30,10,70,2026-11-21 23:31,2026-11-22 01:00,2026-11-22 02:10,2026-11-24 08:10,Full Block,Crane,1,Bridge Inspector,Yes,Yes,Yes,TD,Medium,Operational delay,11852.48,0.47,,
REQ-0001111,2026-11-02,TMS,Engineering,Corrective,AST-000021,Bridge,Low,Good,0.322,0,COR-03,SEC-06,137.918,138.284,Up,Loop Line,Drainage maintenance,180,30,10,220,2026-11-02 00:19,2026-11-02 03:00,2026-11-02 06:40,2026-11-05 11:40,Line Block,Inspection Vehicle,1,Track Machine Operator,Yes,No,Yes,,Medium,Operational delay,7045.19,0.247,,
REQ-0001112,2026-11-21,SMMS,S&T,Emergency,AST-000147,Axle Counter,Medium,Good,0.109,197,COR-01,SEC-01,226.149,226.273,Down,Loop Line,Signal equipment inspection,150,10,20,180,2026-11-21 04:15,2026-11-21 06:45,2026-11-21 09:45,2026-11-22 11:45,Full Block,Signal Testing Kit,1,Interlocking Technician,No,No,No,,High,Operational delay,9416.44,0.533,,
REQ-0001113,2026-10-30,SMMS,S&T,Inspection,AST-000384,Telecom,Critical,Excellent,0.577,170,COR-03,SEC-05,123.315,123.598,Both Lines,Loop Line,Signal equipment inspection,180,15,30,225,2026-10-30 02:17,2026-10-30 03:15,2026-10-30 07:00,2026-11-03 09:00,Caution Order,Testing Kit,1,Signal Technician,Yes,Yes,Yes,TD,Low,Line closure,19969.45,0.782,,
REQ-0001114,2026-10-02,TDMS,TD,Corrective,AST-000355,Sectioning Post,Medium,Good,0.359,0,COR-04,SEC-08,374.687,374.771,Down,Yard,OHE inspection,120,15,30,165,2026-10-02 00:21,2026-10-02 00:45,2026-10-02 03:30,2026-10-05 05:30,Full Block,Electrical Testing Kit,1,OHE Authorized Supervisor,Yes,Yes,Yes,Engineering;S&T,Medium,Operational delay,9363.6,0.358,,
REQ-0001115,2026-10-27,SMMS,S&T,Preventive,AST-000323,Axle Counter,Critical,Good,0.689,0,COR-03,SEC-06,129.465,129.826,Up,Yard,Signal equipment replacement,30,15,10,55,2026-10-27 12:04,2026-10-27 14:15,2026-10-27 15:10,2026-10-30 21:10,Power Block,Testing Kit,1,Interlocking Technician,Yes,Yes,Yes,TD,High,Failure risk,18413.24,0.627,,
REQ-0001116,2026-11-10,SMMS,S&T,Inspection,AST-000443,Signal,High,Fair,0.272,0,COR-04,SEC-07,379.743,380.029,Down,Loop Line,Axle counter maintenance,180,10,15,205,2026-11-09 21:58,2026-11-10 00:00,2026-11-10 03:25,2026-11-11 08:25,Power Block,Testing Kit,1,Telecom Technician,Yes,Yes,Yes,Engineering,High,Failure risk,11581.15,0.402,,
REQ-0001117,2026-10-03,TDMS,TD,Corrective,AST-000498,Switching Station,Medium,Good,0.24,0,COR-04,SEC-08,409.6,409.864,Up,Yard,OHE inspection,180,30,30,240,2026-10-02 22:35,2026-10-03 00:00,2026-10-03 04:00,2026-10-05 07:00,Power Block,Maintenance Van,2,Electrical Supervisor,No,No,No,,Low,Speed restriction,9847.15,0.322,,
REQ-0001118,2026-10-16,TDMS,TD,Corrective,AST-000178,Traction Substation,Critical,Fair,0.429,110,COR-02,SEC-03,316.402,316.79,Down,Loop Line,Electrical isolation testing,75,10,20,105,2026-10-15 23:04,2026-10-16 00:00,2026-10-16 01:45,2026-10-17 05:45,Power Block,Maintenance Van,2,OHE Authorized Supervisor,Yes,Yes,Yes,Engineering,Medium,Operational delay,13025.02,0.701,,
REQ-0001119,2026-11-01,TDMS,TD,Corrective,AST-000134,OHE,Critical,Excellent,0.466,0,COR-04,SEC-08,377.369,377.537,Up,Main Line,Sectioning equipment inspection,150,30,20,200,2026-11-01 01:04,2026-11-01 02:00,2026-11-01 05:20,2026-11-03 08:20,Full Block,Maintenance Van,1,Electrical Supervisor,Yes,Yes,Yes,,Medium,Line closure,17765.66,0.59,,
REQ-0001120,2026-09-28,SMMS,S&T,Inspection,AST-000472,Axle Counter,Medium,Good,0.482,123,COR-02,SEC-04,269.502,269.699,Up,Main Line,Track circuit inspection,30,10,15,55,2026-09-27 23:58,2026-09-28 00:45,2026-09-28 01:40,2026-09-30 05:40,Caution Order,Signal Testing Kit,1,S&T Supervisor,Yes,Yes,Yes,Engineering;TD,High,Line closure,7393.85,0.501,,
REQ-0001121,2026-10-09,TDMS,TD,Corrective,AST-000301,Switching Station,High,Good,0.113,26,COR-01,SEC-01,232.205,232.261,Up,Loop Line,OHE mast inspection,150,15,15,180,2026-10-08 22:16,2026-10-09 01:00,2026-10-09 04:00,2026-10-10 11:00,Power Block,Maintenance Van,1,Electrical Supervisor,No,No,No,,Medium,Line closure,10369.11,0.413,REQ-0000803,Access preparation before maintenance
REQ-0001122,2026-11-03,TDMS,TD,Preventive,AST-000277,Switching Station,Critical,Poor,0.774,174,COR-04,SEC-08,409.103,409.44,Up,Main Line,OHE inspection,45,20,30,95,2026-11-03 00:36,2026-11-03 03:30,2026-11-03 05:05,2026-11-05 06:05,Power Block,OHE Tower Wagon,2,OHE Technician,Yes,Yes,Yes,S&T,High,Minor operational impact,19011.72,0.846,,
REQ-0001123,2026-11-13,SMMS,S&T,Preventive,AST-000013,Signal,Low,Poor,0.579,0,COR-03,SEC-05,138.611,138.843,Down,Yard,Communication equipment maintenance,90,10,20,120,2026-11-13 03:51,2026-11-13 06:00,2026-11-13 08:00,2026-11-15 10:00,Caution Order,Signal Testing Kit,1,Signal Technician,Yes,No,Yes,Engineering,High,Line closure,10693.76,0.294,,
REQ-0001124,2026-11-05,TDMS,TD,Preventive,AST-000123,OHE Mast,High,Fair,0.029,79,COR-04,SEC-07,403.723,403.797,Down,Yard,Power supply inspection,60,30,30,120,2026-11-04 22:17,2026-11-05 00:00,2026-11-05 02:00,2026-11-10 02:00,Full Block,Maintenance Van,1,Electrical Supervisor,Yes,Yes,Yes,Engineering;S&T,High,Line closure,12100.81,0.416,,
REQ-0001125,2026-10-20,SMMS,S&T,Preventive,AST-000338,Signal,Medium,Good,0.122,152,COR-03,SEC-05,159.747,160.022,Down,Loop Line,Signal equipment replacement,120,15,20,155,2026-10-19 21:46,2026-10-20 00:45,2026-10-20 03:20,2026-10-21 08:20,Full Block,Testing Kit,2,Interlocking Technician,Yes,Yes,No,Engineering;TD,Medium,Minor operational impact,6843.92,0.425,,
REQ-0001126,2026-10-27,TMS,Engineering,Emergency,AST-000358,Bridge,Medium,Poor,0.52,0,COR-03,SEC-05,127.974,128.057,Up,Yard,Turnout inspection,90,15,20,125,2026-10-27 14:55,2026-10-27 17:45,2026-10-27 19:50,2026-10-29 22:50,Caution Order,Inspection Vehicle,2,Bridge Inspector,No,No,No,,High,Failure risk,14088.3,0.456,,
REQ-0001127,2026-11-09,TMS,Engineering,Inspection,AST-000444,Point Machine,Medium,Fair,0.115,188,COR-01,SEC-02,247.276,247.461,Up,Main Line,Rail joint replacement,30,20,20,70,2026-11-09 01:15,2026-11-09 02:00,2026-11-09 03:10,2026-11-10 03:10,Line Block,Inspection Vehicle,1,Bridge Inspector,No,No,No,,Low,Line closure,11158.02,0.455,,
REQ-0001128,2026-10-08,TMS,Engineering,Emergency,AST-000478,Point Machine,Medium,Poor,0.363,187,COR-03,SEC-06,138.751,139.111,Up,Main Line,Turnout inspection,75,10,15,100,2026-10-08 00:34,2026-10-08 01:45,2026-10-08 03:25,2026-10-12 07:25,Caution Order,Inspection Vehicle,1,Track Machine Operator,No,No,No,,High,Minor operational impact,8985.22,0.609,,
REQ-0001129,2026-10-04,SMMS,S&T,Corrective,AST-000461,Relay Room,High,Critical,0.378,167,COR-01,SEC-02,214.567,214.937,Up,Yard,Communication equipment maintenance,120,20,20,160,2026-10-03 23:21,2026-10-04 02:00,2026-10-04 04:40,2026-10-05 05:40,Caution Order,Signal Testing Kit,1,S&T Supervisor,Yes,Yes,Yes,Engineering,High,Minor operational impact,15254.69,0.649,,
REQ-0001130,2026-10-11,TDMS,TD,Emergency,AST-000286,Switching Station,High,Poor,0.703,0,COR-03,SEC-05,161.459,161.533,Down,Main Line,Power supply inspection,180,30,30,240,2026-10-11 08:57,2026-10-11 09:45,2026-10-11 13:45,2026-10-15 17:45,Power Block,Maintenance Van,1,OHE Technician,No,No,No,,High,Line closure,15149.22,0.611,,
REQ-0001131,2026-11-18,TDMS,TD,Preventive,AST-000307,OHE,High,Poor,0.588,0,COR-04,SEC-07,400.405,400.736,Down,Main Line,OHE inspection,45,15,30,90,2026-11-18 14:18,2026-11-18 16:45,2026-11-18 18:15,2026-11-19 19:15,Power Block,Maintenance Van,1,Electrical Supervisor,Yes,Yes,No,,High,Line closure,11369.04,0.496,,
REQ-0001132,2026-10-06,SMMS,S&T,Preventive,AST-000103,Telecom,High,Good,0.267,45,COR-03,SEC-06,147.587,147.643,Down,Main Line,Signal equipment inspection,45,15,20,80,2026-10-06 06:21,2026-10-06 08:15,2026-10-06 09:35,2026-10-07 10:35,Line Block,Signal Testing Kit,1,Interlocking Technician,Yes,Yes,No,,High,Speed restriction,13676.03,0.45,,
REQ-0001133,2026-10-08,TDMS,TD,Corrective,AST-000276,OHE,Medium,Poor,0.252,158,COR-03,SEC-05,129.365,129.407,Up,Loop Line,OHE fitting replacement,150,10,30,190,2026-10-08 02:08,2026-10-08 02:30,2026-10-08 05:40,2026-10-13 11:40,Full Block,Maintenance Van,1,OHE Authorized Supervisor,Yes,Yes,Yes,Engineering,Medium,Operational delay,10116.23,0.501,,
REQ-0001134,2026-11-05,TMS,Engineering,Inspection,AST-000124,Point Machine,Critical,Fair,0.498,0,COR-01,SEC-02,234.834,234.923,Up,Main Line,Sleeper replacement,120,10,20,150,2026-11-04 23:02,2026-11-05 00:30,2026-11-05 03:00,2026-11-08 07:00,Full Block,Track Machine,2,Bridge Inspector,Yes,No,Yes,S&T;TD,High,Operational delay,10927.39,0.569,,
REQ-0001135,2026-10-27,TDMS,TD,Corrective,AST-000409,OHE Mast,Medium,Poor,0.725,216,COR-03,SEC-05,173.576,173.87,Down,Loop Line,OHE fitting replacement,120,30,10,160,2026-10-27 13:33,2026-10-27 14:30,2026-10-27 17:10,2026-11-01 17:10,Power Block,OHE Tower Wagon,1,OHE Authorized Supervisor,Yes,No,No,Engineering;S&T,Medium,Minor operational impact,10018.13,0.667,,
REQ-0001136,2026-10-26,TDMS,TD,Preventive,AST-000464,OHE Mast,Medium,Fair,0.234,0,COR-02,SEC-03,267.619,268.005,Down,Loop Line,OHE mast inspection,30,30,30,90,2026-10-26 02:33,2026-10-26 03:30,2026-10-26 05:00,2026-10-30 08:00,Power Block,Electrical Testing Kit,1,Traction Technician,No,No,No,,Low,Speed restriction,9177.76,0.29,,
REQ-0001137,2026-10-16,TDMS,TD,Preventive,AST-000152,Traction Substation,High,Poor,0.4,0,COR-03,SEC-06,186.186,186.476,Down,Yard,OHE fitting replacement,180,10,20,210,2026-10-16 06:10,2026-10-16 08:45,2026-10-16 12:15,2026-10-19 16:15,Power Block,Maintenance Van,1,OHE Technician,Yes,Yes,Yes,S&T,Medium,Line closure,9205.07,0.44,,
REQ-0001138,2026-10-10,SMMS,S&T,Preventive,AST-000228,Interlocking Equipment,Medium,Poor,0.766,237,COR-02,SEC-04,266.001,266.212,Down,Yard,Relay room inspection,60,30,15,105,2026-10-09 22:07,2026-10-10 00:30,2026-10-10 02:15,2026-10-13 02:15,Power Block,Signal Testing Kit,1,S&T Supervisor,No,No,No,,High,Speed restriction,10712.45,0.65,,
REQ-0001139,2026-10-12,TDMS,TD,Preventive,AST-000374,OHE Mast,Medium,Poor,0.675,32,COR-04,SEC-07,359.197,359.28,Up,Loop Line,Traction equipment maintenance,180,30,15,225,2026-10-11 22:20,2026-10-12 00:15,2026-10-12 04:00,2026-10-15 06:00,Full Block,Electrical Testing Kit,1,Traction Technician,No,No,No,,Medium,Failure risk,12978.36,0.458,,
REQ-0001140,2026-09-30,TDMS,TD,Inspection,AST-000447,Traction Substation,Medium,Poor,0.552,124,COR-03,SEC-06,187.137,187.346,Up,Main Line,OHE mast inspection,120,20,20,160,2026-09-30 01:38,2026-09-30 02:30,2026-09-30 05:10,2026-10-03 05:10,Power Block,Electrical Testing Kit,1,Traction Technician,Yes,No,Yes,Engineering;S&T,Medium,Failure risk,13302.53,0.523,,
REQ-0001141,2026-10-30,SMMS,S&T,Corrective,AST-000500,Interlocking Equipment,Medium,Fair,0.191,0,COR-03,SEC-05,128.794,128.89,Up,Main Line,Signal equipment replacement,90,15,10,115,2026-10-30 02:03,2026-10-30 03:45,2026-10-30 05:40,2026-11-02 08:40,Caution Order,Testing Kit,1,Telecom Technician,No,No,No,,Medium,Speed restriction,9890.65,0.307,,
REQ-0001142,2026-10-07,SMMS,S&T,Corrective,AST-000249,Relay Room,Low,Good,0.711,22,COR-04,SEC-07,361.592,361.872,Down,Loop Line,Relay room inspection,30,10,30,70,2026-10-07 02:45,2026-10-07 03:15,2026-10-07 04:25,2026-10-11 09:25,Caution Order,Testing Kit,1,Signal Technician,Yes,No,Yes,TD,Medium,Operational delay,11418.22,0.388,,
REQ-0001143,2026-10-16,TDMS,TD,Inspection,AST-000025,OHE Mast,Medium,Good,0.391,131,COR-03,SEC-06,129.228,129.282,Up,Main Line,Traction equipment maintenance,90,30,10,130,2026-10-16 02:35,2026-10-16 03:15,2026-10-16 05:25,2026-10-19 08:25,Power Block,Electrical Testing Kit,1,OHE Technician,Yes,Yes,Yes,Engineering,High,Operational delay,7751.63,0.483,,
REQ-0001144,2026-11-08,TDMS,TD,Corrective,AST-000123,OHE Mast,High,Fair,0.029,79,COR-04,SEC-07,403.723,403.841,Up,Main Line,Power supply inspection,90,10,30,130,2026-11-07 23:15,2026-11-08 02:15,2026-11-08 04:25,2026-11-12 09:25,Power Block,Electrical Testing Kit,1,OHE Authorized Supervisor,Yes,No,No,Engineering;S&T,Low,Minor operational impact,7889.03,0.446,,
REQ-0001145,2026-10-11,TDMS,TD,Inspection,AST-000455,Switching Station,Medium,Fair,0.051,0,COR-01,SEC-02,223.588,223.894,Down,Yard,Sectioning equipment inspection,75,20,30,125,2026-10-11 01:03,2026-10-11 02:00,2026-10-11 04:05,2026-10-16 04:05,Full Block,Electrical Testing Kit,1,OHE Authorized Supervisor,Yes,Yes,Yes,S&T,High,Minor operational impact,6360.3,0.235,,
REQ-0001146,2026-11-04,SMMS,S&T,Preventive,AST-000062,Telecom,Critical,Good,0.572,0,COR-01,SEC-01,231.271,231.483,Up,Yard,Signal equipment inspection,150,20,15,185,2026-11-03 22:05,2026-11-04 00:00,2026-11-04 03:05,2026-11-09 05:05,Line Block,Maintenance Van,1,S&T Supervisor,Yes,Yes,Yes,Engineering;TD,Medium,Failure risk,19114.47,0.592,,
REQ-0001147,2026-11-11,TMS,Engineering,Preventive,AST-000031,Bridge,High,Poor,0.275,0,COR-01,SEC-02,227.555,227.765,Down,Loop Line,Rail joint replacement,90,15,30,135,2026-11-10 21:30,2026-11-11 00:15,2026-11-11 02:30,2026-11-12 07:30,Line Block,Track Machine,1,P.Way Technician,No,No,No,,High,Line closure,14283.31,0.403,,
REQ-0001148,2026-10-16,TMS,Engineering,Corrective,AST-000312,Track,Medium,Good,0.282,207,COR-04,SEC-07,356.715,356.865,Up,Loop Line,Turnout inspection,90,20,10,120,2026-10-16 08:43,2026-10-16 10:30,2026-10-16 12:30,2026-10-18 13:30,Line Block,Crane,1,Bridge Inspector,Yes,No,Yes,S&T;TD,Critical,Operational delay,11191.63,0.535,,
REQ-0001149,2026-10-07,SMMS,S&T,Preventive,AST-000357,Interlocking Equipment,Medium,Poor,0.642,219,COR-03,SEC-06,177.103,177.413,Down,Loop Line,Signal equipment inspection,150,15,10,175,2026-10-07 00:58,2026-10-07 01:00,2026-10-07 03:55,2026-10-11 08:55,Line Block,Testing Kit,1,Signal Technician,Yes,No,Yes,Engineering;TD,Medium,Line closure,14914.62,0.613,,
REQ-0001150,2026-10-12,SMMS,S&T,Preventive,AST-000320,Interlocking Equipment,Medium,Poor,0.573,0,COR-01,SEC-02,250.566,250.956,Down,Loop Line,Track circuit inspection,90,10,20,120,2026-10-12 00:04,2026-10-12 02:15,2026-10-12 04:15,2026-10-15 09:15,Caution Order,Testing Kit,1,Signal Technician,No,No,No,,Low,Operational delay,8630.08,0.392,,
REQ-0001151,2026-11-12,TMS,Engineering,Inspection,AST-000479,Level Crossing,Low,Good,0.438,111,COR-04,SEC-08,366.967,367.2,Up,Yard,Turnout inspection,75,15,10,100,2026-11-12 01:31,2026-11-12 01:45,2026-11-12 03:25,2026-11-16 04:25,Power Block,Inspection Vehicle,1,Track Machine Operator,Yes,Yes,Yes,S&T;TD,Medium,Failure risk,9327.11,0.375,,
REQ-0001152,2026-11-14,TDMS,TD,Preventive,AST-000023,Switching Station,Low,Good,0.53,45,COR-04,SEC-08,358.372,358.751,Up,Loop Line,OHE fitting replacement,60,15,10,85,2026-11-14 06:18,2026-11-14 08:30,2026-11-14 09:55,2026-11-15 10:55,Full Block,Maintenance Van,1,Electrical Supervisor,No,No,No,,Medium,Minor operational impact,9061.38,0.329,REQ-0000929,Isolation before work
REQ-0001153,2026-10-14,TDMS,TD,Emergency,AST-000047,OHE,Medium,Fair,0.303,0,COR-02,SEC-03,283.629,283.919,Up,Yard,Sectioning equipment inspection,180,15,10,205,2026-10-13 23:34,2026-10-14 02:30,2026-10-14 05:55,2026-10-15 09:55,Power Block,Maintenance Van,2,OHE Authorized Supervisor,No,No,No,,High,Minor operational impact,8218.89,0.391,,
REQ-0001154,2026-10-21,TMS,Engineering,Corrective,AST-000200,Track Machine,Medium,Excellent,0.336,167,COR-02,SEC-04,305.082,305.146,Up,Loop Line,Drainage maintenance,150,10,15,175,2026-10-21 11:26,2026-10-21 13:15,2026-10-21 16:10,2026-10-25 16:10,Power Block,Crane,1,Track Machine Operator,Yes,Yes,Yes,TD,Medium,Speed restriction,10356.67,0.536,,
REQ-0001155,2026-10-30,SMMS,S&T,Preventive,AST-000204,Signal,Low,Poor,0.495,25,COR-03,SEC-06,188.064,188.272,Both Lines,Main Line,Signal equipment inspection,60,15,20,95,2026-10-30 09:49,2026-10-30 11:00,2026-10-30 12:35,2026-11-02 19:35,Line Block,Testing Kit,1,Telecom Technician,Yes,No,Yes,Engineering;TD,Medium,Operational delay,7719.2,0.296,,
REQ-0001156,2026-10-09,SMMS,S&T,Corrective,AST-000316,Axle Counter,Medium,Fair,0.293,142,COR-04,SEC-07,375.86,376.164,Down,Loop Line,Signal equipment inspection,150,15,20,185,2026-10-09 00:39,2026-10-09 01:45,2026-10-09 04:50,2026-10-13 09:50,Power Block,Maintenance Van,1,Interlocking Technician,Yes,Yes,Yes,Engineering;TD,Medium,Failure risk,6437.84,0.496,,
REQ-0001157,2026-10-05,TDMS,TD,Corrective,AST-000497,OHE Mast,Critical,Fair,0.736,145,COR-03,SEC-06,169.001,169.212,Down,Loop Line,Sectioning equipment inspection,60,30,20,110,2026-10-05 02:10,2026-10-05 02:30,2026-10-05 04:20,2026-10-08 04:20,Power Block,Electrical Testing Kit,1,OHE Technician,No,No,No,,Critical,Operational delay,18270.97,0.832,,
REQ-0001158,2026-10-16,SMMS,S&T,Preventive,AST-000016,Axle Counter,Medium,Good,0.244,0,COR-03,SEC-05,127.238,127.331,Down,Loop Line,Axle counter maintenance,150,30,10,190,2026-10-16 09:34,2026-10-16 10:45,2026-10-16 13:55,2026-10-17 19:55,Power Block,Signal Testing Kit,2,Signal Technician,No,No,No,,High,Line closure,8616.74,0.293,,
REQ-0001159,2026-10-24,TDMS,TD,Preventive,AST-000068,OHE,High,Good,0.198,198,COR-01,SEC-01,194.201,194.306,Up,Main Line,OHE inspection,75,15,30,120,2026-10-23 23:38,2026-10-24 02:00,2026-10-24 04:00,2026-10-26 06:00,Power Block,Electrical Testing Kit,1,Electrical Supervisor,Yes,Yes,Yes,,Low,Speed restriction,9549.34,0.579,,
REQ-0001160,2026-10-14,SMMS,S&T,Preventive,AST-000489,Relay Room,High,Fair,0.123,5,COR-03,SEC-05,151.416,151.551,Up,Main Line,Communication equipment maintenance,45,15,30,90,2026-10-13 21:34,2026-10-14 00:00,2026-10-14 01:30,2026-10-19 01:30,Full Block,Testing Kit,1,Interlocking Technician,Yes,Yes,Yes,Engineering,Medium,Line closure,8573.82,0.362,,
REQ-0001161,2026-10-29,SMMS,S&T,Preventive,AST-000217,Signal,High,Fair,0.225,141,COR-03,SEC-06,178.299,178.66,Down,Main Line,Track circuit inspection,180,10,20,210,2026-10-29 02:45,2026-10-29 03:30,2026-10-29 07:00,2026-11-03 11:00,Full Block,Signal Testing Kit,2,Interlocking Technician,Yes,Yes,Yes,TD,Medium,Minor operational impact,12137.53,0.544,,
REQ-0001162,2026-09-28,TDMS,TD,Preventive,AST-000226,Sectioning Post,Low,Critical,0.495,274,COR-02,SEC-04,261.429,261.795,Down,Loop Line,OHE mast inspection,75,10,15,100,2026-09-28 00:19,2026-09-28 02:45,2026-09-28 04:25,2026-10-03 08:25,Full Block,OHE Tower Wagon,1,OHE Technician,No,No,No,,Critical,Line closure,8357.05,0.469,,
REQ-0001163,2026-11-22,TDMS,TD,Preventive,AST-000108,Switching Station,High,Fair,0.338,92,COR-03,SEC-06,171.459,171.629,Up,Yard,OHE mast inspection,30,20,10,60,2026-11-22 02:19,2026-11-22 04:00,2026-11-22 05:00,2026-11-26 08:00,Full Block,Electrical Testing Kit,1,Traction Technician,No,No,No,,Critical,Line closure,13880.01,0.524,,
REQ-0001164,2026-10-17,SMMS,S&T,Corrective,AST-000364,Telecom,Medium,Poor,0.469,0,COR-02,SEC-03,317.71,318.048,Up,Main Line,Signal equipment inspection,30,15,30,75,2026-10-16 22:42,2026-10-17 01:15,2026-10-17 02:30,2026-10-21 07:30,Power Block,Maintenance Van,1,Telecom Technician,Yes,Yes,Yes,TD,Medium,Speed restriction,8493.44,0.391,,
REQ-0001165,2026-10-29,TMS,Engineering,Emergency,AST-000356,Level Crossing,High,Fair,0.075,228,COR-04,SEC-07,366.175,366.433,Both Lines,Yard,Ballast maintenance,45,20,20,85,2026-10-29 03:40,2026-10-29 04:30,2026-10-29 05:55,2026-10-31 05:55,Caution Order,Track Machine,1,Track Machine Operator,No,No,No,,Medium,Line closure,12952.36,0.623,,
REQ-0001166,2026-11-08,TDMS,TD,Preventive,AST-000294,OHE,Medium,Excellent,0.506,165,COR-01,SEC-01,231.137,231.341,Both Lines,Loop Line,Power supply inspection,120,30,15,165,2026-11-08 00:24,2026-11-08 01:15,2026-11-08 04:00,2026-11-11 08:00,Power Block,Maintenance Van,1,Traction Technician,No,No,No,,High,Speed restriction,11008.7,0.555,,
REQ-0001167,2026-10-30,TDMS,TD,Preventive,AST-000434,Traction Substation,Low,Good,0.387,120,COR-04,SEC-07,351.71,351.878,Down,Loop Line,OHE inspection,90,20,10,120,2026-10-30 08:28,2026-10-30 10:45,2026-10-30 12:45,2026-11-02 12:45,Power Block,Electrical Testing Kit,1,Electrical Supervisor,No,No,No,,High,Minor operational impact,7055.48,0.369,,
REQ-0001168,2026-11-09,SMMS,S&T,Corrective,AST-000121,Signal,Critical,Fair,0.362,260,COR-02,SEC-03,270.065,270.361,Up,Loop Line,Communication equipment maintenance,90,10,10,110,2026-11-09 01:38,2026-11-09 04:30,2026-11-09 06:20,2026-11-10 09:20,Power Block,Maintenance Van,1,Interlocking Technician,Yes,No,Yes,TD,High,Minor operational impact,17299.52,0.759,,
REQ-0001169,2026-11-08,SMMS,S&T,Preventive,AST-000236,Telecom,Critical,Poor,0.619,0,COR-01,SEC-02,213.702,213.954,Up,Main Line,Interlocking equipment testing,120,15,30,165,2026-11-08 13:26,2026-11-08 13:30,2026-11-08 16:15,2026-11-09 21:15,Full Block,Signal Testing Kit,1,Interlocking Technician,Yes,Yes,Yes,TD,High,Failure risk,11724.05,0.606,,
REQ-0001170,2026-10-12,TDMS,TD,Preventive,AST-000497,OHE Mast,Critical,Fair,0.736,145,COR-03,SEC-06,169.001,169.201,Up,Yard,OHE mast inspection,60,30,30,120,2026-10-12 02:53,2026-10-12 03:15,2026-10-12 05:15,2026-10-17 11:15,Full Block,Electrical Testing Kit,1,OHE Authorized Supervisor,Yes,Yes,Yes,Engineering,Medium,Failure risk,13849.99,0.802,REQ-0000169,Testing before restoration
REQ-0001171,2026-10-16,SMMS,S&T,Corrective,AST-000439,Signal,Critical,Poor,0.385,93,COR-03,SEC-05,169.312,169.357,Up,Main Line,Signal equipment inspection,45,20,10,75,2026-10-16 01:10,2026-10-16 02:30,2026-10-16 03:45,2026-10-19 09:45,Full Block,Maintenance Van,1,Signal Technician,No,No,No,,Medium,Minor operational impact,15045.53,0.669,,
REQ-0001172,2026-10-23,TDMS,TD,Emergency,AST-000185,Switching Station,Medium,Good,0.397,248,COR-03,SEC-06,178.388,178.55,Up,Main Line,Power supply inspection,90,20,15,125,2026-10-23 01:49,2026-10-23 02:30,2026-10-23 04:35,2026-10-26 11:35,Power Block,OHE Tower Wagon,2,OHE Technician,No,No,No,,High,Minor operational impact,7493.02,0.619,,
REQ-0001173,2026-11-19,TMS,Engineering,Inspection,AST-000358,Bridge,Medium,Poor,0.52,0,COR-03,SEC-05,127.974,128.071,Down,Loop Line,Sleeper replacement,30,15,30,75,2026-11-19 03:48,2026-11-19 06:45,2026-11-19 08:00,2026-11-21 10:00,Line Block,Crane,1,Bridge Inspector,Yes,Yes,Yes,S&T;TD,High,Line closure,11876.76,0.376,,
REQ-0001174,2026-10-10,TMS,Engineering,Emergency,AST-000096,Point Machine,Medium,Good,0.127,126,COR-04,SEC-07,356.19,356.445,Down,Main Line,Drainage maintenance,60,15,30,105,2026-10-10 03:08,2026-10-10 04:00,2026-10-10 05:45,2026-10-15 06:45,Line Block,Inspection Vehicle,2,P.Way Technician,No,No,No,,Medium,Operational delay,10978.88,0.478,,
REQ-0001175,2026-10-19,TMS,Engineering,Corrective,AST-000479,Level Crossing,Low,Good,0.438,111,COR-04,SEC-08,366.967,367.108,Down,Loop Line,Rail joint replacement,150,10,10,170,2026-10-19 06:32,2026-10-19 09:15,2026-10-19 12:05,2026-10-20 15:05,Caution Order,Maintenance Van,2,P.Way Technician,Yes,Yes,Yes,,Medium,Operational delay,5249.0,0.405,,
REQ-0001176,2026-11-17,SMMS,S&T,Preventive,AST-000243,Telecom,High,Poor,0.373,283,COR-04,SEC-08,380.037,380.076,Both Lines,Yard,Signal equipment replacement,75,15,30,120,2026-11-17 08:12,2026-11-17 09:15,2026-11-17 11:15,2026-11-22 18:15,Line Block,Testing Kit,1,Telecom Technician,No,No,No,,Critical,Line closure,15416.08,0.632,,
REQ-0001177,2026-10-17,TMS,Engineering,Preventive,AST-000070,Track Machine,Low,Poor,0.237,205,COR-02,SEC-03,317.656,317.881,Up,Loop Line,Track alignment correction,60,30,20,110,2026-10-16 23:21,2026-10-17 01:45,2026-10-17 03:35,2026-10-20 05:35,Line Block,Track Machine,1,Track Supervisor,Yes,No,Yes,,High,Line closure,4710.37,0.391,,
REQ-0001178,2026-11-08,TMS,Engineering,Preventive,AST-000034,Track Machine,High,Fair,0.103,32,COR-01,SEC-02,183.94,184.19,Up,Yard,Sleeper replacement,150,10,15,175,2026-11-08 03:32,2026-11-08 04:30,2026-11-08 07:25,2026-11-09 07:25,Line Block,Crane,1,P.Way Technician,Yes,No,Yes,S&T,High,Speed restriction,13532.63,0.386,,
REQ-0001179,2026-10-23,TMS,Engineering,Preventive,AST-000071,Bridge,Low,Critical,0.69,65,COR-04,SEC-08,385.787,386.017,Up,Yard,Turnout inspection,30,15,20,65,2026-10-23 01:39,2026-10-23 03:00,2026-10-23 04:05,2026-10-25 07:05,Power Block,Maintenance Van,1,Track Supervisor,Yes,Yes,Yes,S&T;TD,Critical,Minor operational impact,7706.05,0.399,,
REQ-0001180,2026-10-09,TMS,Engineering,Corrective,AST-000077,Bridge,Medium,Poor,0.78,0,COR-02,SEC-04,287.354,287.466,Both Lines,Loop Line,Drainage maintenance,90,20,15,125,2026-10-09 04:35,2026-10-09 04:45,2026-10-09 06:50,2026-10-13 13:50,Full Block,Maintenance Van,2,Track Machine Operator,Yes,Yes,Yes,S&T;TD,High,Line closure,8994.84,0.484,,
REQ-0001181,2026-11-15,TMS,Engineering,Preventive,AST-000169,Level Crossing,High,Critical,0.467,163,COR-01,SEC-01,198.074,198.243,Down,Main Line,Ballast maintenance,60,15,30,105,2026-11-14 23:58,2026-11-15 00:45,2026-11-15 02:30,2026-11-18 04:30,Power Block,Crane,1,Bridge Inspector,Yes,Yes,Yes,S&T;TD,Medium,Speed restriction,12769.02,0.641,,
REQ-0001182,2026-11-01,TDMS,TD,Preventive,AST-000224,OHE,Medium,Poor,0.618,113,COR-01,SEC-02,228.832,228.889,Down,Main Line,OHE inspection,120,15,20,155,2026-11-01 06:12,2026-11-01 06:45,2026-11-01 09:20,2026-11-06 09:20,Power Block,OHE Tower Wagon,1,OHE Technician,Yes,Yes,Yes,Engineering;S&T,Critical,Line closure,10323.6,0.531,,
REQ-0001183,2026-11-07,TDMS,TD,Corrective,AST-000367,OHE Mast,Low,Critical,0.372,57,COR-04,SEC-08,361.847,362.034,Down,Yard,OHE fitting replacement,75,10,30,115,2026-11-06 23:57,2026-11-07 00:30,2026-11-07 02:25,2026-11-11 04:25,Full Block,OHE Tower Wagon,1,OHE Technician,Yes,Yes,Yes,Engineering,Medium,Failure risk,4816.61,0.325,,
REQ-0001184,2026-10-17,TMS,Engineering,Corrective,AST-000397,Bridge,Medium,Poor,0.483,0,COR-03,SEC-05,136.246,136.363,Down,Loop Line,Ballast maintenance,120,15,30,165,2026-10-17 00:24,2026-10-17 01:15,2026-10-17 04:00,2026-10-21 08:00,Line Block,Crane,2,Bridge Inspector,Yes,No,Yes,,Medium,Operational delay,8080.58,0.395,REQ-0001047,Testing before restoration
REQ-0001185,2026-10-04,TDMS,TD,Preventive,AST-000112,Sectioning Post,Low,Fair,0.443,21,COR-01,SEC-02,190.053,190.367,Up,Loop Line,Traction equipment maintenance,30,15,15,60,2026-10-04 14:05,2026-10-04 16:00,2026-10-04 17:00,2026-10-07 00:00,Power Block,Electrical Testing Kit,1,OHE Authorized Supervisor,Yes,Yes,Yes,Engineering,High,Speed restriction,5165.66,0.276,,
REQ-0001186,2026-10-03,TDMS,TD,Emergency,AST-000374,OHE Mast,Medium,Poor,0.675,32,COR-04,SEC-07,359.197,359.268,Down,Yard,OHE mast inspection,75,20,20,115,2026-10-02 23:12,2026-10-03 02:00,2026-10-03 03:55,2026-10-04 06:55,Full Block,OHE Tower Wagon,1,OHE Technician,No,No,No,,Medium,Line closure,11893.65,0.538,,
REQ-0001187,2026-10-29,TMS,Engineering,Emergency,AST-000122,Point Machine,High,Fair,0.304,221,COR-04,SEC-07,400.244,400.601,Up,Main Line,Turnout inspection,60,15,10,85,2026-10-29 14:23,2026-10-29 16:00,2026-10-29 17:25,2026-11-03 18:25,Full Block,Inspection Vehicle,2,Track Machine Operator,No,No,No,,Low,Minor operational impact,12871.49,0.691,,
REQ-0001188,2026-10-29,TDMS,TD,Corrective,AST-000408,OHE,Low,Fair,0.344,216,COR-04,SEC-07,359.465,359.738,Up,Yard,Traction equipment maintenance,150,10,30,190,2026-10-29 01:05,2026-10-29 03:30,2026-10-29 06:40,2026-11-01 13:40,Full Block,OHE Tower Wagon,1,OHE Authorized Supervisor,No,No,No,,High,Speed restriction,6167.43,0.453,,
REQ-0001189,2026-10-08,TDMS,TD,Corrective,AST-000373,Sectioning Post,Medium,Poor,0.46,235,COR-02,SEC-04,288.136,288.3,Up,Yard,Power supply inspection,90,15,10,115,2026-10-08 02:35,2026-10-08 04:30,2026-10-08 06:25,2026-10-11 13:25,Full Block,Electrical Testing Kit,2,OHE Authorized Supervisor,Yes,Yes,Yes,Engineering,Medium,Operational delay,11024.61,0.588,,
REQ-0001190,2026-11-22,SMMS,S&T,Preventive,AST-000243,Telecom,High,Poor,0.373,283,COR-04,SEC-08,380.037,380.295,Down,Loop Line,Axle counter maintenance,30,15,15,60,2026-11-22 03:22,2026-11-22 04:00,2026-11-22 05:00,2026-11-27 10:00,Power Block,Maintenance Van,1,Signal Technician,Yes,Yes,No,Engineering,Medium,Operational delay,13766.56,0.632,,
REQ-0001191,2026-10-10,TMS,Engineering,Preventive,AST-000071,Bridge,Low,Critical,0.69,65,COR-04,SEC-08,385.787,385.874,Up,Main Line,Drainage maintenance,180,30,30,240,2026-10-10 00:47,2026-10-10 01:45,2026-10-10 05:45,2026-10-13 06:45,Full Block,Maintenance Van,2,P.Way Technician,Yes,Yes,Yes,S&T;TD,High,Line closure,8370.09,0.399,,
REQ-0001192,2026-10-17,TDMS,TD,Corrective,AST-000126,Traction Substation,Medium,Poor,0.623,184,COR-04,SEC-08,408.474,408.832,Down,Yard,Electrical isolation testing,180,15,15,210,2026-10-17 07:40,2026-10-17 09:00,2026-10-17 12:30,2026-10-22 18:30,Power Block,Maintenance Van,2,Electrical Supervisor,Yes,No,Yes,Engineering,High,Operational delay,13353.17,0.637,,
REQ-0001193,2026-11-15,SMMS,S&T,Corrective,AST-000453,Telecom,High,Poor,0.304,0,COR-04,SEC-08,353.462,353.518,Both Lines,Loop Line,Relay room inspection,180,15,10,205,2026-11-14 23:17,2026-11-15 02:00,2026-11-15 05:25,2026-11-20 06:25,Power Block,Signal Testing Kit,1,S&T Supervisor,Yes,No,No,Engineering;TD,High,Operational delay,14161.79,0.441,,
REQ-0001194,2026-10-08,TMS,Engineering,Preventive,AST-000137,Level Crossing,Medium,Good,0.246,0,COR-03,SEC-06,134.587,134.847,Up,Yard,Rail joint replacement,180,15,15,210,2026-10-07 22:51,2026-10-08 00:15,2026-10-08 03:45,2026-10-12 05:45,Caution Order,Crane,1,Track Supervisor,Yes,No,Yes,S&T;TD,Critical,Minor operational impact,7583.73,0.294,,
REQ-0001195,2026-11-18,TMS,Engineering,Inspection,AST-000358,Bridge,Medium,Poor,0.52,0,COR-03,SEC-05,127.974,128.047,Down,Loop Line,Turnout inspection,30,20,30,80,2026-11-18 09:53,2026-11-18 12:30,2026-11-18 13:50,2026-11-23 20:50,Caution Order,Inspection Vehicle,1,Track Supervisor,No,No,No,,Medium,Minor operational impact,8491.4,0.376,REQ-0000450,Access preparation before maintenance
REQ-0001196,2026-10-27,TMS,Engineering,Inspection,AST-000219,Track Machine,High,Good,0.306,14,COR-02,SEC-04,328.042,328.396,Up,Loop Line,Turnout inspection,75,30,15,120,2026-10-27 03:59,2026-10-27 04:30,2026-10-27 06:30,2026-10-30 09:30,Power Block,Inspection Vehicle,2,Track Supervisor,Yes,Yes,Yes,S&T,Medium,Failure risk,10291.39,0.427,REQ-0000481,Inspection before repair
REQ-0001197,2026-10-08,SMMS,S&T,Preventive,AST-000074,Telecom,Medium,Poor,0.369,189,COR-01,SEC-01,249.237,249.379,Down,Main Line,Signal equipment replacement,75,20,30,125,2026-10-08 01:40,2026-10-08 04:00,2026-10-08 06:05,2026-10-13 13:05,Caution Order,Signal Testing Kit,1,Signal Technician,Yes,Yes,Yes,Engineering;TD,Medium,Failure risk,12756.86,0.531,,
REQ-0001198,2026-10-12,SMMS,S&T,Corrective,AST-000500,Interlocking Equipment,Medium,Fair,0.191,0,COR-03,SEC-05,128.794,129.158,Down,Main Line,Signal equipment replacement,90,10,15,115,2026-10-11 23:18,2026-10-12 00:30,2026-10-12 02:25,2026-10-13 06:25,Caution Order,Testing Kit,2,Signal Technician,No,No,No,,Medium,Minor operational impact,10850.83,0.307,,
REQ-0001199,2026-11-11,TMS,Engineering,Corrective,AST-000300,Level Crossing,High,Fair,0.151,0,COR-01,SEC-02,180.312,180.706,Down,Yard,Sleeper replacement,45,20,10,75,2026-11-10 23:37,2026-11-11 02:15,2026-11-11 03:30,2026-11-16 09:30,Full Block,Track Machine,1,Track Machine Operator,Yes,Yes,Yes,S&T,High,Minor operational impact,9013.65,0.395,,
REQ-0001200,2026-10-23,TMS,Engineering,Corrective,AST-000478,Point Machine,Medium,Poor,0.363,187,COR-03,SEC-06,138.751,139.009,Up,Yard,Track geometry inspection,30,20,20,70,2026-10-23 02:15,2026-10-23 04:15,2026-10-23 05:25,2026-10-24 10:25,Power Block,Track Machine,1,Track Supervisor,Yes,Yes,Yes,S&T,High,Failure risk,6831.08,0.559,,
REQ-0001201,2026-11-12,TDMS,TD,Corrective,AST-000351,OHE,High,Poor,0.205,83,COR-02,SEC-03,278.774,279.097,Down,Yard,Sectioning equipment inspection,180,15,15,210,2026-11-12 14:07,2026-11-12 17:00,2026-11-12 20:30,2026-11-16 01:30,Power Block,OHE Tower Wagon,1,OHE Technician,Yes,No,Yes,Engineering,High,Speed restriction,14939.44,0.504,,
REQ-0001202,2026-10-09,SMMS,S&T,Preventive,AST-000481,Relay Room,Medium,Excellent,0.282,0,COR-04,SEC-07,367.334,367.4,Down,Loop Line,Axle counter maintenance,30,20,20,70,2026-10-09 02:40,2026-10-09 03:30,2026-10-09 04:40,2026-10-11 08:40,Line Block,Maintenance Van,1,Signal Technician,No,No,No,,Medium,Operational delay,7074.43,0.305,,
REQ-0001203,2026-11-14,TMS,Engineering,Emergency,AST-000383,Track,Medium,Fair,0.406,134,COR-02,SEC-04,320.504,320.888,Down,Main Line,Rail joint replacement,180,20,10,210,2026-11-14 02:01,2026-11-14 04:15,2026-11-14 07:45,2026-11-19 07:45,Caution Order,Track Machine,1,P.Way Technician,No,No,No,,High,Operational delay,9078.22,0.571,,
REQ-0001204,2026-10-28,SMMS,S&T,Inspection,AST-000270,Relay Room,Medium,Fair,0.338,0,COR-01,SEC-01,195.849,195.946,Down,Yard,Relay room inspection,120,15,20,155,2026-10-28 03:01,2026-10-28 03:15,2026-10-28 05:50,2026-10-29 08:50,Caution Order,Testing Kit,1,Telecom Technician,Yes,No,Yes,Engineering;TD,Medium,Speed restriction,6499.03,0.321,,
REQ-0001205,2026-10-15,TDMS,TD,Preventive,AST-000035,Sectioning Post,Low,Critical,0.371,237,COR-02,SEC-03,327.486,327.642,Up,Yard,OHE fitting replacement,150,15,15,180,2026-10-15 02:37,2026-10-15 04:15,2026-10-15 07:15,2026-10-19 07:15,Power Block,Electrical Testing Kit,1,OHE Authorized Supervisor,Yes,Yes,Yes,Engineering,High,Speed restriction,8614.11,0.431,,
REQ-0001206,2026-10-16,SMMS,S&T,Inspection,AST-000295,Signal,Medium,Fair,0.445,0,COR-02,SEC-04,300.779,301.094,Down,Yard,Relay room inspection,150,15,30,195,2026-10-15 22:28,2026-10-16 00:00,2026-10-16 03:15,2026-10-20 09:15,Caution Order,Signal Testing Kit,1,Interlocking Technician,Yes,No,Yes,,Low,Minor operational impact,7246.55,0.354,,
REQ-0001207,2026-10-15,TDMS,TD,Inspection,AST-000275,OHE,Medium,Good,0.754,111,COR-02,SEC-04,301.715,301.8,Both Lines,Yard,OHE mast inspection,60,10,10,80,2026-10-14 23:31,2026-10-15 01:30,2026-10-15 02:50,2026-10-18 02:50,Full Block,Electrical Testing Kit,1,OHE Authorized Supervisor,Yes,Yes,Yes,Engineering,Medium,Minor operational impact,13151.01,0.57,,
REQ-0001208,2026-10-25,SMMS,S&T,Preventive,AST-000220,Relay Room,Critical,Excellent,0.292,147,COR-04,SEC-07,359.252,359.294,Down,Main Line,Communication equipment maintenance,30,20,30,80,2026-10-25 00:42,2026-10-25 02:00,2026-10-25 03:20,2026-10-26 04:20,Power Block,Maintenance Van,2,Interlocking Technician,Yes,Yes,Yes,TD,Critical,Minor operational impact,15666.38,0.671,,
REQ-0001209,2026-10-27,TMS,Engineering,Preventive,AST-000124,Point Machine,Critical,Fair,0.498,0,COR-01,SEC-02,234.834,235.162,Both Lines,Loop Line,Drainage maintenance,120,15,10,145,2026-10-27 04:48,2026-10-27 06:45,2026-10-27 09:10,2026-10-30 14:10,Caution Order,Crane,1,P.Way Technician,Yes,Yes,Yes,TD,Medium,Line closure,15508.95,0.569,,
REQ-0001210,2026-10-19,SMMS,S&T,Emergency,AST-000026,Relay Room,High,Good,0.373,168,COR-03,SEC-05,171.729,171.92,Down,Loop Line,Signal equipment inspection,180,20,10,210,2026-10-19 09:02,2026-10-19 09:45,2026-10-19 13:15,2026-10-21 16:15,Full Block,Maintenance Van,2,Signal Technician,No,No,No,,Medium,Operational delay,15302.3,0.699,,
REQ-0001211,2026-10-07,TDMS,TD,Preventive,AST-000206,OHE,Medium,Fair,0.321,228,COR-04,SEC-08,384.693,385.021,Up,Loop Line,OHE mast inspection,90,15,15,120,2026-10-06 23:57,2026-10-07 00:30,2026-10-07 02:30,2026-10-11 08:30,Power Block,Electrical Testing Kit,1,Electrical Supervisor,Yes,Yes,Yes,Engineering;S&T,Low,Operational delay,8796.42,0.516,,
REQ-0001212,2026-10-16,TDMS,TD,Preventive,AST-000351,OHE,High,Poor,0.205,83,COR-02,SEC-03,278.774,278.938,Down,Yard,Sectioning equipment inspection,75,15,15,105,2026-10-16 01:36,2026-10-16 03:00,2026-10-16 04:45,2026-10-18 10:45,Full Block,Electrical Testing Kit,1,Traction Technician,Yes,Yes,Yes,Engineering;S&T,Medium,Operational delay,12101.3,0.474,,
REQ-0001213,2026-10-24,SMMS,S&T,Corrective,AST-000166,Telecom,Low,Fair,0.148,161,COR-03,SEC-05,151.225,151.282,Up,Main Line,Signal equipment replacement,120,15,15,150,2026-10-24 03:15,2026-10-24 04:30,2026-10-24 07:00,2026-10-29 07:00,Power Block,Signal Testing Kit,1,Telecom Technician,Yes,Yes,Yes,Engineering,Medium,Speed restriction,6240.27,0.373,,
REQ-0001214,2026-10-15,SMMS,S&T,Corrective,AST-000241,Telecom,Low,Good,0.352,138,COR-02,SEC-03,302.458,302.707,Up,Loop Line,Relay room inspection,75,10,20,105,2026-10-14 23:04,2026-10-15 01:00,2026-10-15 02:45,2026-10-20 06:45,Full Block,Testing Kit,1,S&T Supervisor,No,No,No,,Medium,Operational delay,6285.71,0.409,,
REQ-0001215,2026-10-19,TDMS,TD,Preventive,AST-000173,OHE Mast,Medium,Fair,0.214,158,COR-03,SEC-06,124.223,124.62,Down,Loop Line,Power supply inspection,60,20,20,100,2026-10-19 04:00,2026-10-19 04:30,2026-10-19 06:10,2026-10-20 06:10,Full Block,Maintenance Van,1,OHE Technician,No,No,No,,Medium,Line closure,11315.79,0.46,,
REQ-0001216,2026-10-10,TMS,Engineering,Emergency,AST-000183,Point Machine,Low,Poor,0.386,176,COR-01,SEC-02,247.827,248.101,Up,Loop Line,Track geometry inspection,180,20,10,210,2026-10-10 19:49,2026-10-10 20:15,2026-10-10 23:45,2026-10-12 01:45,Caution Order,Inspection Vehicle,1,Track Machine Operator,No,No,No,,Low,Failure risk,9672.17,0.511,REQ-0000060,Access preparation before maintenance
REQ-0001217,2026-11-11,TMS,Engineering,Inspection,AST-000090,Track,High,Poor,0.338,127,COR-03,SEC-06,163.338,163.611,Both Lines,Yard,Turnout inspection,75,20,20,115,2026-11-11 04:12,2026-11-11 04:45,2026-11-11 06:40,2026-11-12 11:40,Power Block,Inspection Vehicle,2,Track Supervisor,Yes,Yes,Yes,,High,Minor operational impact,14847.87,0.563,,
REQ-0001218,2026-10-04,SMMS,S&T,Preventive,AST-000242,Signal,High,Fair,0.455,39,COR-03,SEC-06,167.237,167.592,Both Lines,Main Line,Relay room inspection,150,15,30,195,2026-10-04 00:22,2026-10-04 01:45,2026-10-04 05:00,2026-10-05 11:00,Full Block,Testing Kit,1,Signal Technician,No,No,No,,High,Operational delay,10078.66,0.5,,
REQ-0001219,2026-11-17,TDMS,TD,Corrective,AST-000468,Switching Station,High,Fair,0.203,146,COR-03,SEC-06,155.761,156.159,Down,Loop Line,Electrical isolation testing,90,15,30,135,2026-11-17 01:32,2026-11-17 04:00,2026-11-17 06:15,2026-11-20 10:15,Full Block,OHE Tower Wagon,1,OHE Technician,Yes,Yes,Yes,S&T,High,Operational delay,9716.26,0.573,,
REQ-0001220,2026-10-13,TDMS,TD,Corrective,AST-000445,Sectioning Post,Low,Fair,0.401,46,COR-04,SEC-07,362.949,362.982,Up,Main Line,Traction equipment maintenance,150,10,30,190,2026-10-13 01:52,2026-10-13 04:15,2026-10-13 07:25,2026-10-17 10:25,Power Block,Electrical Testing Kit,1,OHE Authorized Supervisor,Yes,Yes,Yes,S&T,High,Failure risk,8953.28,0.321,,
REQ-0001221,2026-10-22,TMS,Engineering,Inspection,AST-000024,Point Machine,High,Poor,0.398,285,COR-03,SEC-05,133.75,134.079,Both Lines,Main Line,Turnout inspection,90,15,15,120,2026-10-22 01:33,2026-10-22 03:30,2026-10-22 05:30,2026-10-26 06:30,Power Block,Inspection Vehicle,1,P.Way Technician,Yes,No,Yes,S&T,Medium,Operational delay,12507.5,0.639,,
REQ-0001222,2026-10-19,TMS,Engineering,Preventive,AST-000032,Point Machine,Critical,Excellent,0.436,0,COR-03,SEC-06,128.084,128.428,Up,Main Line,Turnout inspection,150,20,10,180,2026-10-18 22:45,2026-10-19 00:45,2026-10-19 03:45,2026-10-24 08:45,Power Block,Track Machine,2,P.Way Technician,No,No,No,,Medium,Speed restriction,15066.49,0.551,,
REQ-0001223,2026-10-04,TMS,Engineering,Inspection,AST-000383,Track,Medium,Fair,0.406,134,COR-02,SEC-04,320.504,320.784,Up,Yard,Track geometry inspection,90,20,10,120,2026-10-04 00:44,2026-10-04 02:00,2026-10-04 04:00,2026-10-08 11:00,Power Block,Track Machine,2,Bridge Inspector,Yes,Yes,Yes,S&T;TD,Medium,Minor operational impact,11061.44,0.491,,
REQ-0001224,2026-10-06,TDMS,TD,Corrective,AST-000244,Traction Substation,Medium,Poor,0.266,180,COR-01,SEC-01,190.46,190.63,Down,Loop Line,OHE fitting replacement,120,20,15,155,2026-10-06 01:38,2026-10-06 02:00,2026-10-06 04:35,2026-10-08 05:35,Full Block,OHE Tower Wagon,1,Electrical Supervisor,Yes,Yes,Yes,S&T,Medium,Minor operational impact,9032.58,0.53,,
REQ-0001225,2026-11-01,SMMS,S&T,Preventive,AST-000138,Relay Room,Medium,Fair,0.174,266,COR-02,SEC-04,270.977,271.209,Up,Yard,Signal equipment inspection,90,20,30,140,2026-11-01 06:32,2026-11-01 08:00,2026-11-01 10:20,2026-11-06 12:20,Power Block,Signal Testing Kit,1,Telecom Technician,Yes,No,Yes,,Medium,Speed restriction,6347.39,0.472,,
REQ-0001226,2026-10-18,SMMS,S&T,Corrective,AST-000163,Relay Room,High,Good,0.07,16,COR-03,SEC-06,141.746,141.894,Both Lines,Loop Line,Interlocking equipment testing,45,10,20,75,2026-10-18 08:02,2026-10-18 08:30,2026-10-18 09:45,2026-10-19 10:45,Caution Order,Testing Kit,1,Telecom Technician,No,No,No,,High,Operational delay,13163.33,0.389,,
REQ-0001227,2026-10-29,TMS,Engineering,Emergency,AST-000154,Track Machine,Medium,Good,0.451,256,COR-01,SEC-02,209.845,210.19,Both Lines,Yard,Track alignment correction,120,15,20,155,2026-10-29 02:17,2026-10-29 04:00,2026-10-29 06:35,2026-10-30 09:35,Full Block,Inspection Vehicle,1,Bridge Inspector,No,No,No,,Critical,Failure risk,7693.36,0.635,,
REQ-0001228,2026-10-11,TDMS,TD,Corrective,AST-000294,OHE,Medium,Excellent,0.506,165,COR-01,SEC-01,231.137,231.322,Up,Main Line,Power supply inspection,150,10,15,175,2026-10-11 03:29,2026-10-11 04:30,2026-10-11 07:25,2026-10-14 10:25,Power Block,Electrical Testing Kit,2,OHE Authorized Supervisor,Yes,No,Yes,Engineering,Medium,Operational delay,13802.17,0.585,,
REQ-0001229,2026-11-10,TDMS,TD,Inspection,AST-000001,Sectioning Post,High,Poor,0.753,139,COR-01,SEC-01,241.916,242.312,Up,Yard,Electrical isolation testing,75,30,10,115,2026-11-10 02:15,2026-11-10 02:30,2026-11-10 04:25,2026-11-13 05:25,Full Block,Electrical Testing Kit,2,OHE Technician,No,No,No,,Low,Line closure,9818.68,0.7,,
REQ-0001230,2026-10-21,TMS,Engineering,Corrective,AST-000411,Bridge,Medium,Good,0.099,103,COR-04,SEC-08,355.981,356.196,Up,Loop Line,Turnout inspection,180,20,30,230,2026-10-21 00:52,2026-10-21 01:00,2026-10-21 04:50,2026-10-26 10:50,Full Block,Inspection Vehicle,1,P.Way Technician,Yes,Yes,Yes,TD,Medium,Speed restriction,10480.38,0.394,,
REQ-0001231,2026-11-04,TMS,Engineering,Preventive,AST-000313,Track,High,Poor,0.35,154,COR-01,SEC-02,249.988,250.124,Down,Loop Line,Rail joint replacement,180,30,10,220,2026-11-04 15:19,2026-11-04 15:45,2026-11-04 19:25,2026-11-09 00:25,Full Block,Maintenance Van,1,P.Way Technician,Yes,Yes,Yes,TD,Critical,Line closure,14535.45,0.596,,
REQ-0001232,2026-11-10,TDMS,TD,Preventive,AST-000117,Traction Substation,Low,Good,0.145,0,COR-03,SEC-05,147.505,147.589,Up,Loop Line,OHE mast inspection,60,20,15,95,2026-11-10 00:27,2026-11-10 01:45,2026-11-10 03:20,2026-11-15 10:20,Full Block,Maintenance Van,1,Traction Technician,Yes,No,Yes,Engineering;S&T,Medium,Minor operational impact,6966.85,0.164,REQ-0000074,Isolation before work
REQ-0001233,2026-10-26,TDMS,TD,Preventive,AST-000224,OHE,Medium,Poor,0.618,113,COR-01,SEC-02,228.832,229.002,Down,Main Line,Sectioning equipment inspection,30,15,15,60,2026-10-26 03:41,2026-10-26 06:00,2026-10-26 07:00,2026-10-31 07:00,Full Block,OHE Tower Wagon,1,Electrical Supervisor,Yes,No,Yes,Engineering;S&T,Medium,Operational delay,9982.68,0.531,,
REQ-0001234,2026-10-18,SMMS,S&T,Preventive,AST-000378,Relay Room,Medium,Good,0.125,148,COR-03,SEC-05,122.612,122.87,Up,Yard,Relay room inspection,75,15,20,110,2026-10-17 23:49,2026-10-18 01:15,2026-10-18 03:05,2026-10-22 06:05,Line Block,Testing Kit,2,S&T Supervisor,Yes,Yes,Yes,Engineering,Low,Failure risk,6997.7,0.422,,
REQ-0001235,2026-09-30,SMMS,S&T,Inspection,AST-000430,Axle Counter,High,Fair,0.406,97,COR-04,SEC-07,401.834,402.064,Down,Main Line,Relay room inspection,75,20,15,110,2026-09-30 01:47,2026-09-30 03:30,2026-09-30 05:20,2026-10-05 08:20,Caution Order,Maintenance Van,1,Telecom Technician,Yes,Yes,Yes,,Medium,Operational delay,14103.04,0.55,REQ-0000762,Isolation before work
REQ-0001236,2026-10-14,TDMS,TD,Inspection,AST-000082,Traction Substation,Medium,Critical,0.408,193,COR-02,SEC-04,295.071,295.296,Up,Main Line,Power supply inspection,150,30,30,210,2026-10-14 01:57,2026-10-14 02:30,2026-10-14 06:00,2026-10-18 10:00,Power Block,OHE Tower Wagon,1,Traction Technician,Yes,No,Yes,Engineering;S&T,Medium,Speed restriction,8040.75,0.542,REQ-0000893,Testing before restoration
REQ-0001237,2026-11-19,TDMS,TD,Preventive,AST-000370,OHE,Medium,Poor,0.56,0,COR-01,SEC-02,186.444,186.58,Down,Loop Line,Electrical isolation testing,150,30,20,200,2026-11-18 23:01,2026-11-19 00:30,2026-11-19 03:50,2026-11-23 10:50,Full Block,OHE Tower Wagon,1,Traction Technician,Yes,Yes,Yes,Engineering;S&T,Medium,Operational delay,10931.71,0.388,,
REQ-0001238,2026-09-28,TMS,Engineering,Preventive,AST-000150,Level Crossing,High,Fair,0.304,58,COR-02,SEC-03,304.352,304.727,Both Lines,Main Line,Track alignment correction,60,30,20,110,2026-09-28 02:21,2026-09-28 04:45,2026-09-28 06:35,2026-10-02 13:35,Line Block,Track Machine,1,Bridge Inspector,Yes,Yes,Yes,,Medium,Line closure,12200.25,0.476,,
REQ-0001239,2026-11-23,TMS,Engineering,Corrective,AST-000197,Level Crossing,Low,Fair,0.408,149,COR-02,SEC-03,323.619,323.996,Up,Main Line,Drainage maintenance,75,10,15,100,2026-11-22 23:55,2026-11-23 02:00,2026-11-23 03:40,2026-11-27 08:40,Line Block,Track Machine,1,Track Machine Operator,Yes,Yes,Yes,S&T;TD,Medium,Minor operational impact,8165.75,0.438,,
REQ-0001240,2026-11-14,TDMS,TD,Preventive,AST-000473,Traction Substation,High,Excellent,0.372,245,COR-03,SEC-06,149.376,149.752,Both Lines,Loop Line,Electrical isolation testing,60,30,30,120,2026-11-14 02:27,2026-11-14 03:30,2026-11-14 05:30,2026-11-15 06:30,Power Block,Electrical Testing Kit,1,OHE Technician,Yes,Yes,Yes,,Medium,Failure risk,16109.29,0.632,,
REQ-0001241,2026-10-24,TDMS,TD,Preventive,AST-000454,Sectioning Post,Medium,Fair,0.475,109,COR-01,SEC-01,245.591,245.646,Up,Loop Line,Sectioning equipment inspection,45,30,30,105,2026-10-24 11:49,2026-10-24 13:30,2026-10-24 15:15,2026-10-29 22:15,Full Block,Electrical Testing Kit,2,Electrical Supervisor,Yes,No,Yes,Engineering;S&T,High,Minor operational impact,12803.72,0.484,,
REQ-0001242,2026-11-18,SMMS,S&T,Inspection,AST-000304,Relay Room,Low,Poor,0.528,280,COR-02,SEC-03,325.845,326.028,Down,Main Line,Axle counter maintenance,90,10,10,110,2026-11-17 22:19,2026-11-18 00:15,2026-11-18 02:05,2026-11-22 04:05,Caution Order,Testing Kit,1,Signal Technician,No,No,No,,High,Failure risk,6959.01,0.478,,
REQ-0001243,2026-11-20,TMS,Engineering,Emergency,AST-000113,Level Crossing,Critical,Poor,0.645,102,COR-04,SEC-08,342.104,342.234,Down,Main Line,Rail joint replacement,90,30,10,130,2026-11-20 00:33,2026-11-20 00:45,2026-11-20 02:55,2026-11-23 08:55,Full Block,Maintenance Van,2,Track Supervisor,No,No,No,,Medium,Failure risk,11208.41,0.807,,
REQ-0001244,2026-10-16,SMMS,S&T,Corrective,AST-000242,Signal,High,Fair,0.455,39,COR-03,SEC-06,167.237,167.539,Down,Loop Line,Interlocking equipment testing,30,15,30,75,2026-10-16 10:26,2026-10-16 11:30,2026-10-16 12:45,2026-10-21 16:45,Full Block,Testing Kit,2,Interlocking Technician,Yes,Yes,Yes,Engineering;TD,Medium,Speed restriction,12705.96,0.53,,
REQ-0001245,2026-10-25,TDMS,TD,Inspection,AST-000447,Traction Substation,Medium,Poor,0.552,124,COR-03,SEC-06,187.137,187.36,Down,Loop Line,Traction equipment maintenance,75,30,20,125,2026-10-25 01:50,2026-10-25 03:15,2026-10-25 05:20,2026-10-28 09:20,Full Block,OHE Tower Wagon,1,Electrical Supervisor,Yes,Yes,Yes,Engineering;S&T,High,Minor operational impact,12662.58,0.523,,
REQ-0001246,2026-11-12,SMMS,S&T,Corrective,AST-000166,Telecom,Low,Fair,0.148,161,COR-03,SEC-05,151.225,151.44,Down,Loop Line,Axle counter maintenance,120,15,10,145,2026-11-12 07:08,2026-11-12 10:00,2026-11-12 12:25,2026-11-17 13:25,Full Block,Maintenance Van,2,Interlocking Technician,Yes,No,Yes,Engineering,Medium,Speed restriction,6548.91,0.373,,
REQ-0001247,2026-10-08,TDMS,TD,Preventive,AST-000161,Switching Station,High,Poor,0.542,75,COR-04,SEC-07,389.406,389.521,Up,Loop Line,Power supply inspection,120,20,30,170,2026-10-08 07:33,2026-10-08 10:00,2026-10-08 12:50,2026-10-09 13:50,Power Block,Maintenance Van,2,OHE Authorized Supervisor,Yes,No,Yes,S&T,Medium,Failure risk,10286.03,0.566,,
REQ-0001248,2026-10-02,TDMS,TD,Preventive,AST-000237,Traction Substation,Medium,Poor,0.837,165,COR-04,SEC-08,395.129,395.277,Down,Loop Line,Traction equipment maintenance,180,20,15,215,2026-10-02 14:13,2026-10-02 15:15,2026-10-02 18:50,2026-10-06 20:50,Full Block,Maintenance Van,1,OHE Authorized Supervisor,Yes,Yes,Yes,Engineering;S&T,Medium,Minor operational impact,9843.01,0.654,REQ-0000697,Access preparation before maintenance
REQ-0001249,2026-11-04,TDMS,TD,Emergency,AST-000030,OHE Mast,Medium,Good,0.048,56,COR-04,SEC-08,400.724,400.978,Down,Main Line,Traction equipment maintenance,120,10,15,145,2026-11-04 02:08,2026-11-04 04:15,2026-11-04 06:40,2026-11-05 08:40,Full Block,Electrical Testing Kit,1,Traction Technician,No,No,No,,Medium,Minor operational impact,10287.1,0.377,,
REQ-0001250,2026-11-12,TDMS,TD,Corrective,AST-000108,Switching Station,High,Fair,0.338,92,COR-03,SEC-06,171.459,171.676,Down,Yard,OHE inspection,180,15,30,225,2026-11-12 00:41,2026-11-12 02:15,2026-11-12 06:00,2026-11-16 06:00,Full Block,Electrical Testing Kit,2,OHE Technician,Yes,No,Yes,Engineering,Medium,Failure risk,8660.76,0.554,REQ-0000290,Isolation before work
REQ-0001251,2026-10-02,TDMS,TD,Corrective,AST-000492,OHE,High,Fair,0.416,189,COR-04,SEC-07,344.701,344.863,Up,Main Line,OHE fitting replacement,45,20,15,80,2026-10-01 23:09,2026-10-02 00:45,2026-10-02 02:05,2026-10-07 08:05,Full Block,Electrical Testing Kit,1,OHE Authorized Supervisor,No,No,No,,Medium,Minor operational impact,14680.71,0.675,REQ-0001114,Isolation before work
REQ-0001252,2026-11-07,SMMS,S&T,Inspection,AST-000205,Axle Counter,Low,Excellent,0.332,0,COR-03,SEC-06,124.991,125.262,Down,Yard,Interlocking equipment testing,75,10,15,100,2026-11-07 02:47,2026-11-07 03:00,2026-11-07 04:40,2026-11-10 04:40,Line Block,Testing Kit,2,S&T Supervisor,No,No,No,,Medium,Speed restriction,8079.72,0.22,,
REQ-0001253,2026-10-25,SMMS,S&T,Preventive,AST-000378,Relay Room,Medium,Good,0.125,148,COR-03,SEC-05,122.612,122.888,Up,Yard,Interlocking equipment testing,30,10,30,70,2026-10-24 23:40,2026-10-25 01:45,2026-10-25 02:55,2026-10-27 04:55,Full Block,Testing Kit,1,Interlocking Technician,Yes,Yes,Yes,Engineering,High,Line closure,8954.62,0.422,,
REQ-0001254,2026-11-07,TMS,Engineering,Preventive,AST-000262,Point Machine,Medium,Critical,0.746,0,COR-03,SEC-05,150.037,150.366,Down,Loop Line,Ballast maintenance,30,15,20,65,2026-11-07 01:24,2026-11-07 02:15,2026-11-07 03:20,2026-11-10 04:20,Full Block,Maintenance Van,2,Track Supervisor,Yes,Yes,Yes,S&T,Medium,Minor operational impact,7876.94,0.444,,
REQ-0001255,2026-09-28,SMMS,S&T,Emergency,AST-000019,Interlocking Equipment,High,Fair,0.419,291,COR-04,SEC-08,387.057,387.179,Down,Main Line,Axle counter maintenance,120,10,20,150,2026-09-28 00:11,2026-09-28 03:00,2026-09-28 05:30,2026-10-01 07:30,Full Block,Signal Testing Kit,2,Signal Technician,No,No,No,,Critical,Failure risk,10232.29,0.726,,
REQ-0001256,2026-11-21,SMMS,S&T,Inspection,AST-000302,Telecom,Medium,Poor,0.276,30,COR-04,SEC-07,386.718,387.114,Down,Main Line,Track circuit inspection,150,10,30,190,2026-11-20 23:34,2026-11-21 01:15,2026-11-21 04:25,2026-11-22 08:25,Caution Order,Maintenance Van,1,Signal Technician,Yes,Yes,Yes,,Medium,Minor operational impact,8526.57,0.336,,
REQ-0001257,2026-11-01,SMMS,S&T,Corrective,AST-000340,Signal,Medium,Fair,0.096,94,COR-02,SEC-04,314.72,314.894,Both Lines,Yard,Axle counter maintenance,60,10,10,80,2026-11-01 03:40,2026-11-01 06:15,2026-11-01 07:35,2026-11-03 09:35,Caution Order,Maintenance Van,1,Telecom Technician,Yes,Yes,Yes,Engineering;TD,Medium,Line closure,8784.31,0.383,REQ-0001118,Testing before restoration
REQ-0001258,2026-10-23,SMMS,S&T,Preventive,AST-000125,Interlocking Equipment,Medium,Fair,0.372,163,COR-03,SEC-06,142.555,142.588,Down,Loop Line,Axle counter maintenance,30,10,10,50,2026-10-23 02:29,2026-10-23 04:45,2026-10-23 05:35,2026-10-27 06:35,Full Block,Signal Testing Kit,1,Interlocking Technician,Yes,Yes,Yes,,High,Minor operational impact,8057.66,0.513,,
REQ-0001259,2026-10-20,TMS,Engineering,Preventive,AST-000315,Level Crossing,High,Good,0.46,118,COR-03,SEC-05,137.308,137.687,Up,Loop Line,Track alignment correction,60,10,30,100,2026-10-20 19:23,2026-10-20 20:45,2026-10-20 22:25,2026-10-24 03:25,Line Block,Crane,1,Track Machine Operator,Yes,Yes,Yes,TD,High,Operational delay,12234.95,0.589,,
REQ-0001260,2026-10-09,SMMS,S&T,Inspection,AST-000007,Telecom,Medium,Fair,0.098,0,COR-01,SEC-01,180.589,180.932,Down,Main Line,Interlocking equipment testing,75,30,10,115,2026-10-08 23:42,2026-10-09 00:30,2026-10-09 02:25,2026-10-13 07:25,Caution Order,Testing Kit,1,S&T Supervisor,Yes,Yes,Yes,Engineering;TD,Medium,Failure risk,6969.0,0.249,,
REQ-0001261,2026-11-03,SMMS,S&T,Preventive,AST-000052,Signal,Medium,Critical,0.318,13,COR-04,SEC-07,358.953,359.025,Up,Yard,Interlocking equipment testing,120,20,10,150,2026-11-03 00:26,2026-11-03 02:30,2026-11-03 05:00,2026-11-04 05:00,Power Block,Maintenance Van,2,S&T Supervisor,No,No,No,,Medium,Speed restriction,10367.38,0.33,,
REQ-0001262,2026-10-12,TDMS,TD,Preventive,AST-000226,Sectioning Post,Low,Critical,0.495,274,COR-02,SEC-04,261.429,261.829,Down,Yard,OHE inspection,120,15,20,155,2026-10-12 16:28,2026-10-12 19:15,2026-10-12 21:50,2026-10-15 22:50,Power Block,Electrical Testing Kit,1,OHE Technician,Yes,Yes,Yes,,Medium,Minor operational impact,5623.57,0.469,,
REQ-0001263,2026-11-10,TDMS,TD,Preventive,AST-000245,OHE,Medium,Fair,0.24,159,COR-03,SEC-05,131.4,131.643,Down,Yard,Electrical isolation testing,45,30,30,105,2026-11-10 05:44,2026-11-10 07:15,2026-11-10 09:00,2026-11-11 14:00,Power Block,Maintenance Van,2,Electrical Supervisor,No,No,No,,Medium,Speed restriction,10772.22,0.469,,
REQ-0001264,2026-10-31,TMS,Engineering,Corrective,AST-000135,Track Machine,High,Good,0.038,0,COR-04,SEC-08,397.619,397.975,Up,Main Line,Sleeper replacement,120,15,10,145,2026-10-31 08:54,2026-10-31 09:45,2026-10-31 12:10,2026-11-02 19:10,Power Block,Crane,1,Track Supervisor,No,No,No,,High,Line closure,12043.97,0.361,,
REQ-0001265,2026-10-14,TDMS,TD,Preventive,AST-000158,OHE,Medium,Excellent,0.618,152,COR-04,SEC-08,366.371,366.455,Both Lines,Main Line,OHE fitting replacement,45,20,15,80,2026-10-14 07:54,2026-10-14 10:00,2026-10-14 11:20,2026-10-15 15:20,Power Block,Maintenance Van,1,OHE Authorized Supervisor,Yes,Yes,Yes,Engineering,Medium,Speed restriction,8665.02,0.574,REQ-0000425,Isolation before work
REQ-0001266,2026-09-28,SMMS,S&T,Preventive,AST-000436,Telecom,Medium,Poor,0.29,5,COR-01,SEC-01,220.922,221.185,Up,Main Line,Track circuit inspection,120,10,15,145,2026-09-28 06:31,2026-09-28 08:30,2026-09-28 10:55,2026-09-29 14:55,Caution Order,Maintenance Van,1,Interlocking Technician,Yes,Yes,Yes,TD,Medium,Operational delay,9168.18,0.313,,
REQ-0001267,2026-11-09,SMMS,S&T,Emergency,AST-000420,Relay Room,Medium,Fair,0.409,133,COR-03,SEC-05,182.318,182.591,Both Lines,Yard,Communication equipment maintenance,30,15,20,65,2026-11-08 23:38,2026-11-09 02:00,2026-11-09 03:05,2026-11-13 05:05,Full Block,Maintenance Van,1,S&T Supervisor,No,No,No,,Medium,Operational delay,12543.49,0.57,,
REQ-0001268,2026-10-07,TMS,Engineering,Preventive,AST-000450,Bridge,High,Good,0.117,0,COR-04,SEC-07,365.944,366.019,Down,Main Line,Track alignment correction,120,10,30,160,2026-10-07 06:25,2026-10-07 08:00,2026-10-07 10:40,2026-10-10 12:40,Caution Order,Track Machine,2,P.Way Technician,Yes,Yes,Yes,S&T;TD,Critical,Speed restriction,14434.81,0.355,,
REQ-0001269,2026-11-03,TDMS,TD,Inspection,AST-000412,OHE,Medium,Critical,0.507,62,COR-01,SEC-02,217.676,218.025,Down,Yard,OHE mast inspection,150,10,30,190,2026-11-03 19:27,2026-11-03 19:30,2026-11-03 22:40,2026-11-05 03:40,Full Block,Electrical Testing Kit,1,Traction Technician,Yes,No,Yes,Engineering;S&T,Medium,Speed restriction,10762.2,0.441,,
REQ-0001270,2026-10-26,TDMS,TD,Preventive,AST-000211,Traction Substation,Medium,Poor,0.329,17,COR-04,SEC-08,374.944,375.154,Both Lines,Loop Line,Power supply inspection,75,30,20,125,2026-10-26 03:15,2026-10-26 03:45,2026-10-26 05:50,2026-10-29 07:50,Full Block,OHE Tower Wagon,2,OHE Technician,No,No,No,,Medium,Operational delay,12104.77,0.338,,
REQ-0001271,2026-10-28,SMMS,S&T,Emergency,AST-000489,Relay Room,High,Fair,0.123,5,COR-03,SEC-05,151.416,151.722,Up,Main Line,Signal equipment replacement,90,15,10,115,2026-10-28 01:32,2026-10-28 03:00,2026-10-28 04:55,2026-10-30 04:55,Full Block,Testing Kit,1,Interlocking Technician,No,No,No,,High,Minor operational impact,11756.16,0.442,,
REQ-0001272,2026-10-12,TMS,Engineering,Preventive,AST-000164,Point Machine,Low,Good,0.301,291,COR-03,SEC-06,178.951,179.153,Down,Loop Line,Turnout inspection,150,20,15,185,2026-10-11 21:56,2026-10-12 00:45,2026-10-12 03:50,2026-10-17 05:50,Caution Order,Crane,1,Track Supervisor,Yes,Yes,Yes,S&T,Medium,Operational delay,5502.16,0.41,,
REQ-0001273,2026-11-04,SMMS,S&T,Inspection,AST-000188,Interlocking Equipment,Medium,Poor,0.497,0,COR-04,SEC-07,354.56,354.64,Down,Yard,Axle counter maintenance,75,10,15,100,2026-11-04 02:21,2026-11-04 03:30,2026-11-04 05:10,2026-11-09 07:10,Line Block,Maintenance Van,1,Signal Technician,Yes,Yes,Yes,Engineering,High,Failure risk,9284.88,0.369,,
REQ-0001274,2026-11-23,SMMS,S&T,Preventive,AST-000054,Signal,Low,Good,0.09,178,COR-04,SEC-07,350.159,350.499,Down,Main Line,Relay room inspection,180,15,20,215,2026-11-22 22:27,2026-11-23 01:15,2026-11-23 04:50,2026-11-24 11:50,Line Block,Maintenance Van,2,S&T Supervisor,Yes,No,Yes,TD,High,Line closure,6863.59,0.345,,
REQ-0001275,2026-11-01,SMMS,S&T,Corrective,AST-000170,Telecom,High,Good,0.393,56,COR-02,SEC-04,313.828,314.118,Down,Main Line,Signal equipment replacement,60,15,20,95,2026-11-01 01:01,2026-11-01 04:00,2026-11-01 05:35,2026-11-04 12:35,Power Block,Maintenance Van,1,Signal Technician,Yes,Yes,Yes,TD,Medium,Failure risk,13848.54,0.53,,
REQ-0001276,2026-10-09,TMS,Engineering,Corrective,AST-000154,Track Machine,Medium,Good,0.451,256,COR-01,SEC-02,209.845,210.097,Up,Yard,Track alignment correction,60,15,20,95,2026-10-08 23:04,2026-10-09 00:00,2026-10-09 01:35,2026-10-13 02:35,Power Block,Track Machine,2,Track Machine Operator,Yes,Yes,Yes,TD,Medium,Speed restriction,13049.29,0.585,,
REQ-0001277,2026-10-13,TDMS,TD,Corrective,AST-000276,OHE,Medium,Poor,0.252,158,COR-03,SEC-05,129.365,129.602,Up,Loop Line,OHE fitting replacement,180,15,10,205,2026-10-12 22:29,2026-10-13 00:30,2026-10-13 03:55,2026-10-18 04:55,Full Block,Electrical Testing Kit,2,OHE Authorized Supervisor,Yes,Yes,Yes,Engineering,Low,Speed restriction,7081.1,0.501,,
REQ-0001278,2026-10-28,TMS,Engineering,Corrective,AST-000150,Level Crossing,High,Fair,0.304,58,COR-02,SEC-03,304.352,304.628,Down,Main Line,Track alignment correction,90,20,30,140,2026-10-28 00:18,2026-10-28 02:45,2026-10-28 05:05,2026-10-31 06:05,Caution Order,Inspection Vehicle,1,Bridge Inspector,Yes,No,No,S&T;TD,Medium,Line closure,11810.36,0.506,,
REQ-0001279,2026-11-03,TDMS,TD,Corrective,AST-000177,OHE,High,Fair,0.081,110,COR-02,SEC-04,316.653,316.948,Down,Yard,OHE inspection,90,20,10,120,2026-11-03 03:25,2026-11-03 04:45,2026-11-03 06:45,2026-11-05 06:45,Full Block,Maintenance Van,2,Electrical Supervisor,Yes,Yes,Yes,Engineering;S&T,High,Operational delay,11076.28,0.497,,
REQ-0001280,2026-11-04,SMMS,S&T,Corrective,AST-000138,Relay Room,Medium,Fair,0.174,266,COR-02,SEC-04,270.977,271.025,Down,Loop Line,Signal equipment inspection,75,30,20,125,2026-11-03 23:59,2026-11-04 01:30,2026-11-04 03:35,2026-11-07 04:35,Full Block,Signal Testing Kit,2,S&T Supervisor,Yes,Yes,Yes,Engineering;TD,Critical,Speed restriction,7514.88,0.502,,
REQ-0001281,2026-11-17,SMMS,S&T,Corrective,AST-000007,Telecom,Medium,Fair,0.098,0,COR-01,SEC-01,180.589,180.917,Both Lines,Loop Line,Relay room inspection,180,20,10,210,2026-11-17 01:08,2026-11-17 03:45,2026-11-17 07:15,2026-11-20 07:15,Line Block,Testing Kit,1,S&T Supervisor,Yes,No,Yes,Engineering;TD,High,Minor operational impact,5710.6,0.279,,
REQ-0001282,2026-10-11,TMS,Engineering,Inspection,AST-000037,Bridge,High,Fair,0.402,28,COR-01,SEC-02,213.351,213.623,Down,Loop Line,Drainage maintenance,30,15,15,60,2026-10-11 00:19,2026-10-11 03:00,2026-10-11 04:00,2026-10-15 05:00,Power Block,Track Machine,1,P.Way Technician,Yes,No,Yes,S&T,Medium,Speed restriction,12703.54,0.472,,
REQ-0001283,2026-11-13,SMMS,S&T,Inspection,AST-000342,Interlocking Equipment,High,Fair,0.29,114,COR-01,SEC-02,193.492,193.68,Down,Yard,Signal equipment replacement,45,30,15,90,2026-11-12 21:47,2026-11-13 00:00,2026-11-13 01:30,2026-11-17 07:30,Full Block,Maintenance Van,1,Telecom Technician,No,No,No,,High,Operational delay,8699.94,0.534,,
REQ-0001284,2026-10-09,TDMS,TD,Preventive,AST-000416,Traction Substation,Medium,Poor,0.362,89,COR-04,SEC-07,345.16,345.405,Down,Yard,Electrical isolation testing,180,10,30,220,2026-10-09 01:12,2026-10-09 03:15,2026-10-09 06:55,2026-10-13 12:55,Power Block,Maintenance Van,2,OHE Technician,No,No,No,,Medium,Failure risk,8944.82,0.427,,
REQ-0001285,2026-11-17,TDMS,TD,Preventive,AST-000275,OHE,Medium,Good,0.754,111,COR-02,SEC-04,301.715,301.808,Up,Main Line,Traction equipment maintenance,150,20,30,200,2026-11-17 03:08,2026-11-17 04:00,2026-11-17 07:20,2026-11-19 12:20,Power Block,OHE Tower Wagon,1,OHE Authorized Supervisor,Yes,No,Yes,Engineering;S&T,High,Speed restriction,8074.48,0.57,,
REQ-0001286,2026-11-10,TDMS,TD,Preventive,AST-000497,OHE Mast,Critical,Fair,0.736,145,COR-03,SEC-06,169.001,169.184,Both Lines,Yard,Electrical isolation testing,30,30,15,75,2026-11-10 01:37,2026-11-10 04:00,2026-11-10 05:15,2026-11-14 08:15,Power Block,Maintenance Van,2,Traction Technician,Yes,No,Yes,,High,Failure risk,16088.02,0.802,,
REQ-0001287,2026-10-03,TMS,Engineering,Inspection,AST-000060,Point Machine,High,Good,0.136,14,COR-01,SEC-01,206.73,206.842,Down,Loop Line,Ballast maintenance,120,30,30,180,2026-10-02 21:26,2026-10-03 00:00,2026-10-03 03:00,2026-10-04 04:00,Line Block,Maintenance Van,2,Bridge Inspector,No,No,No,,Medium,Line closure,13273.51,0.376,,
REQ-0001288,2026-10-10,TDMS,TD,Inspection,AST-000308,Switching Station,Medium,Fair,0.701,34,COR-02,SEC-04,325.113,325.384,Down,Main Line,OHE inspection,90,20,15,125,2026-10-10 17:38,2026-10-10 20:30,2026-10-10 22:35,2026-10-12 03:35,Full Block,Electrical Testing Kit,1,Traction Technician,Yes,No,Yes,Engineering;S&T,Critical,Failure risk,8982.97,0.468,,
REQ-0001289,2026-11-21,TDMS,TD,Corrective,AST-000161,Switching Station,High,Poor,0.542,75,COR-04,SEC-07,389.406,389.457,Down,Main Line,OHE fitting replacement,75,15,20,110,2026-11-21 08:29,2026-11-21 10:45,2026-11-21 12:35,2026-11-25 17:35,Power Block,Electrical Testing Kit,1,OHE Technician,No,No,No,,Medium,Failure risk,10453.81,0.596,,
REQ-0001290,2026-11-12,TDMS,TD,Corrective,AST-000069,Switching Station,High,Fair,0.19,234,COR-01,SEC-01,180.585,180.666,Down,Main Line,OHE fitting replacement,45,30,30,105,2026-11-12 01:20,2026-11-12 01:30,2026-11-12 03:15,2026-11-14 08:15,Power Block,Electrical Testing Kit,1,OHE Authorized Supervisor,Yes,Yes,Yes,,High,Operational delay,8212.83,0.607,,
REQ-0001291,2026-10-12,TDMS,TD,Preventive,AST-000498,Switching Station,Medium,Good,0.24,0,COR-04,SEC-08,409.6,409.862,Up,Loop Line,Sectioning equipment inspection,150,10,15,175,2026-10-12 03:04,2026-10-12 04:45,2026-10-12 07:40,2026-10-15 08:40,Power Block,Electrical Testing Kit,1,Traction Technician,Yes,Yes,Yes,S&T,Medium,Line closure,11843.4,0.292,,
REQ-0001292,2026-10-08,TMS,Engineering,Corrective,AST-000049,Track Machine,Medium,Good,0.227,30,COR-03,SEC-05,130.012,130.382,Down,Main Line,Track alignment correction,150,30,30,210,2026-10-07 23:59,2026-10-08 02:15,2026-10-08 05:45,2026-10-13 06:45,Caution Order,Track Machine,1,Track Machine Operator,Yes,Yes,Yes,S&T,Medium,Speed restriction,11873.81,0.351,,
REQ-0001293,2026-10-06,TDMS,TD,Preventive,AST-000142,Switching Station,Medium,Good,0.172,0,COR-01,SEC-01,251.561,251.606,Down,Main Line,Sectioning equipment inspection,45,20,10,75,2026-10-06 03:33,2026-10-06 04:15,2026-10-06 05:30,2026-10-10 10:30,Power Block,Electrical Testing Kit,2,Electrical Supervisor,Yes,Yes,Yes,,High,Failure risk,6507.0,0.272,,
REQ-0001294,2026-10-11,SMMS,S&T,Preventive,AST-000109,Interlocking Equipment,Low,Good,0.353,0,COR-04,SEC-08,348.446,348.483,Up,Loop Line,Interlocking equipment testing,45,15,30,90,2026-10-11 02:22,2026-10-11 04:30,2026-10-11 06:00,2026-10-14 10:00,Power Block,Testing Kit,1,Interlocking Technician,No,No,No,,Medium,Operational delay,5976.71,0.226,,
REQ-0001295,2026-11-23,TDMS,TD,Preventive,AST-000465,OHE,High,Fair,0.288,328,COR-03,SEC-05,157.688,157.888,Up,Main Line,OHE inspection,60,30,15,105,2026-11-22 23:03,2026-11-23 01:30,2026-11-23 03:15,2026-11-25 09:15,Full Block,OHE Tower Wagon,2,Traction Technician,Yes,Yes,Yes,,Medium,Minor operational impact,11692.83,0.606,,
REQ-0001296,2026-10-19,TMS,Engineering,Preventive,AST-000197,Level Crossing,Low,Fair,0.408,149,COR-02,SEC-03,323.619,323.742,Up,Main Line,Turnout inspection,60,10,20,90,2026-10-19 02:58,2026-10-19 03:15,2026-10-19 04:45,2026-10-21 08:45,Line Block,Maintenance Van,1,P.Way Technician,Yes,Yes,Yes,S&T,Medium,Minor operational impact,7579.97,0.408,,
REQ-0001297,2026-10-12,SMMS,S&T,Preventive,AST-000401,Interlocking Equipment,Medium,Fair,0.212,0,COR-02,SEC-03,325.731,325.844,Down,Loop Line,Relay room inspection,90,30,20,140,2026-10-12 17:18,2026-10-12 19:45,2026-10-12 22:05,2026-10-17 03:05,Caution Order,Maintenance Van,1,Telecom Technician,Yes,Yes,Yes,,High,Failure risk,9048.8,0.284,,
REQ-0001298,2026-11-05,SMMS,S&T,Corrective,AST-000328,Axle Counter,Low,Critical,0.409,156,COR-02,SEC-04,264.324,264.581,Up,Main Line,Track circuit inspection,45,20,30,95,2026-11-05 19:00,2026-11-05 19:15,2026-11-05 20:50,2026-11-10 22:50,Caution Order,Signal Testing Kit,2,Telecom Technician,No,No,No,,Critical,Minor operational impact,6191.3,0.446,,
REQ-0001299,2026-11-14,TMS,Engineering,Preventive,AST-000024,Point Machine,High,Poor,0.398,285,COR-03,SEC-05,133.75,133.949,Up,Yard,Drainage maintenance,120,30,15,165,2026-11-14 10:57,2026-11-14 13:45,2026-11-14 16:30,2026-11-18 23:30,Power Block,Track Machine,1,P.Way Technician,Yes,Yes,Yes,TD,Medium,Speed restriction,13081.88,0.639,,
REQ-0001300,2026-10-28,SMMS,S&T,Inspection,AST-000176,Signal,Low,Good,0.454,0,COR-03,SEC-05,127.751,127.837,Up,Yard,Track circuit inspection,90,10,10,110,2026-10-28 12:03,2026-10-28 12:15,2026-10-28 14:05,2026-10-31 19:05,Line Block,Signal Testing Kit,1,Telecom Technician,Yes,No,Yes,Engineering;TD,High,Minor operational impact,9600.74,0.256,,
REQ-0001301,2026-10-12,SMMS,S&T,Inspection,AST-000205,Axle Counter,Low,Excellent,0.332,0,COR-03,SEC-06,124.991,125.142,Down,Yard,Signal equipment inspection,180,15,30,225,2026-10-12 01:43,2026-10-12 03:00,2026-10-12 06:45,2026-10-13 08:45,Line Block,Maintenance Van,1,Signal Technician,Yes,Yes,Yes,Engineering;TD,Medium,Speed restriction,7033.68,0.22,,
REQ-0001302,2026-11-13,SMMS,S&T,Preventive,AST-000241,Telecom,Low,Good,0.352,138,COR-02,SEC-03,302.458,302.812,Down,Loop Line,Track circuit inspection,45,30,20,95,2026-11-13 13:26,2026-11-13 15:45,2026-11-13 17:20,2026-11-15 18:20,Line Block,Testing Kit,1,Telecom Technician,No,No,No,,High,Operational delay,6375.38,0.379,,
REQ-0001303,2026-11-21,TDMS,TD,Preventive,AST-000375,OHE Mast,Medium,Fair,0.787,0,COR-01,SEC-02,231.848,231.911,Down,Loop Line,Sectioning equipment inspection,75,10,10,95,2026-11-21 03:30,2026-11-21 03:45,2026-11-21 05:20,2026-11-25 06:20,Power Block,Electrical Testing Kit,2,Traction Technician,No,No,No,,Medium,Failure risk,9414.94,0.456,,
REQ-0001304,2026-11-05,TMS,Engineering,Inspection,AST-000077,Bridge,Medium,Poor,0.78,0,COR-02,SEC-04,287.354,287.659,Up,Yard,Turnout inspection,120,10,15,145,2026-11-05 01:17,2026-11-05 03:00,2026-11-05 05:25,2026-11-06 10:25,Full Block,Inspection Vehicle,1,Bridge Inspector,No,No,No,,Medium,Operational delay,10083.91,0.454,,
REQ-0001305,2026-10-23,SMMS,S&T,Preventive,AST-000302,Telecom,Medium,Poor,0.276,30,COR-04,SEC-07,386.718,386.93,Down,Yard,Signal equipment inspection,180,20,10,210,2026-10-23 02:09,2026-10-23 04:15,2026-10-23 07:45,2026-10-24 13:45,Line Block,Testing Kit,1,Signal Technician,Yes,No,Yes,Engineering,High,Speed restriction,10436.3,0.336,,
REQ-0001306,2026-11-04,SMMS,S&T,Emergency,AST-000008,Relay Room,Medium,Fair,0.174,0,COR-03,SEC-05,166.788,166.829,Down,Loop Line,Communication equipment maintenance,60,10,15,85,2026-11-04 01:01,2026-11-04 04:00,2026-11-04 05:25,2026-11-07 11:25,Power Block,Testing Kit,1,Interlocking Technician,No,No,No,,High,Operational delay,11646.29,0.352,,
REQ-0001307,2026-11-14,SMMS,S&T,Inspection,AST-000218,Telecom,Medium,Fair,0.556,114,COR-01,SEC-02,220.44,220.703,Up,Yard,Signal equipment inspection,150,30,10,190,2026-11-14 04:03,2026-11-14 06:15,2026-11-14 09:25,2026-11-19 13:25,Line Block,Testing Kit,2,Telecom Technician,No,No,No,,High,Line closure,11314.42,0.513,,
REQ-0001308,2026-11-13,SMMS,S&T,Corrective,AST-000052,Signal,Medium,Critical,0.318,13,COR-04,SEC-07,358.953,359.148,Down,Loop Line,Signal equipment replacement,120,20,30,170,2026-11-12 23:48,2026-11-13 02:45,2026-11-13 05:35,2026-11-18 08:35,Caution Order,Testing Kit,1,S&T Supervisor,Yes,Yes,Yes,,Medium,Minor operational impact,11017.3,0.36,,
REQ-0001309,2026-11-22,TDMS,TD,Preventive,AST-000044,OHE Mast,High,Good,0.447,71,COR-03,SEC-06,145.493,145.537,Up,Loop Line,Traction equipment maintenance,90,10,30,130,2026-11-21 21:22,2026-11-22 00:15,2026-11-22 02:25,2026-11-24 03:25,Power Block,Electrical Testing Kit,2,OHE Technician,Yes,No,Yes,,Medium,Minor operational impact,9083.82,0.533,,
REQ-0001310,2026-10-29,TDMS,TD,Preventive,AST-000212,OHE,Low,Fair,0.653,98,COR-04,SEC-08,373.711,373.894,Up,Yard,OHE inspection,60,20,10,90,2026-10-29 01:36,2026-10-29 04:15,2026-10-29 05:45,2026-10-30 06:45,Power Block,OHE Tower Wagon,2,Traction Technician,No,No,No,,Medium,Minor operational impact,10520.22,0.425,,
REQ-0001311,2026-11-16,TDMS,TD,Preventive,AST-000234,Sectioning Post,Critical,Fair,0.4,100,COR-04,SEC-08,359.575,359.797,Up,Loop Line,OHE mast inspection,45,30,30,105,2026-11-15 22:12,2026-11-16 00:00,2026-11-16 01:45,2026-11-21 08:45,Full Block,Maintenance Van,1,Electrical Supervisor,Yes,Yes,Yes,Engineering;S&T,Low,Failure risk,14245.06,0.651,,
REQ-0001312,2026-10-04,SMMS,S&T,Corrective,AST-000170,Telecom,High,Good,0.393,56,COR-02,SEC-04,313.828,313.886,Down,Main Line,Interlocking equipment testing,30,15,15,60,2026-10-04 03:37,2026-10-04 04:15,2026-10-04 05:15,2026-10-08 07:15,Full Block,Signal Testing Kit,1,S&T Supervisor,Yes,No,Yes,Engineering,High,Operational delay,8946.79,0.53,REQ-0000673,Isolation before work
REQ-0001313,2026-11-13,SMMS,S&T,Preventive,AST-000421,Axle Counter,Medium,Poor,0.485,209,COR-03,SEC-05,139.426,139.6,Down,Loop Line,Track circuit inspection,75,20,15,110,2026-11-13 01:31,2026-11-13 03:15,2026-11-13 05:05,2026-11-16 10:05,Line Block,Testing Kit,1,S&T Supervisor,Yes,Yes,Yes,Engineering;TD,Medium,Failure risk,9885.01,0.566,,
REQ-0001314,2026-11-19,TDMS,TD,Corrective,AST-000362,OHE Mast,High,Good,0.257,31,COR-01,SEC-02,233.866,233.961,Down,Main Line,OHE fitting replacement,45,10,10,65,2026-11-18 22:38,2026-11-19 00:00,2026-11-19 01:05,2026-11-23 04:05,Power Block,Electrical Testing Kit,1,OHE Authorized Supervisor,Yes,Yes,Yes,S&T,High,Failure risk,11834.33,0.462,,
REQ-0001315,2026-10-03,TMS,Engineering,Corrective,AST-000028,Level Crossing,Medium,Poor,0.454,33,COR-02,SEC-03,337.299,337.654,Up,Yard,Track geometry inspection,45,10,10,65,2026-10-03 02:00,2026-10-03 02:45,2026-10-03 03:50,2026-10-05 09:50,Caution Order,Inspection Vehicle,1,Track Machine Operator,Yes,No,Yes,S&T,High,Speed restriction,13128.52,0.423,,
REQ-0001316,2026-10-29,TMS,Engineering,Inspection,AST-000469,Level Crossing,Medium,Fair,0.328,130,COR-04,SEC-08,366.519,366.655,Down,Main Line,Sleeper replacement,45,15,30,90,2026-10-29 00:23,2026-10-29 00:30,2026-10-29 02:00,2026-10-30 05:00,Line Block,Inspection Vehicle,2,Track Supervisor,Yes,Yes,Yes,TD,High,Failure risk,9381.71,0.463,,
REQ-0001317,2026-10-03,TMS,Engineering,Corrective,AST-000014,Track,High,Fair,0.173,46,COR-02,SEC-04,276.189,276.451,Up,Loop Line,Track geometry inspection,180,30,10,220,2026-10-03 03:13,2026-10-03 04:30,2026-10-03 08:10,2026-10-08 09:10,Caution Order,Track Machine,2,Track Supervisor,No,No,No,,Medium,Speed restriction,12923.9,0.453,,
REQ-0001318,2026-11-18,TMS,Engineering,Preventive,AST-000164,Point Machine,Low,Good,0.301,291,COR-03,SEC-06,178.951,179.277,Down,Loop Line,Ballast maintenance,180,10,30,220,2026-11-17 22:14,2026-11-18 01:00,2026-11-18 04:40,2026-11-21 11:40,Line Block,Track Machine,2,Track Supervisor,No,No,No,,High,Failure risk,6732.98,0.41,,
REQ-0001319,2026-10-23,TMS,Engineering,Corrective,AST-000106,Level Crossing,Low,Critical,0.276,256,COR-02,SEC-04,332.131,332.368,Down,Main Line,Sleeper replacement,150,20,30,200,2026-10-23 03:37,2026-10-23 03:45,2026-10-23 07:05,2026-10-26 07:05,Line Block,Crane,2,P.Way Technician,Yes,Yes,No,,High,Line closure,6633.86,0.433,,
REQ-0001320,2026-11-17,SMMS,S&T,Inspection,AST-000017,Signal,Medium,Poor,0.694,231,COR-02,SEC-04,336.685,336.843,Both Lines,Main Line,Communication equipment maintenance,120,10,20,150,2026-11-17 18:43,2026-11-17 20:45,2026-11-17 23:15,2026-11-19 00:15,Line Block,Maintenance Van,2,Signal Technician,No,No,No,,Critical,Failure risk,14854.15,0.628,,
REQ-0001321,2026-11-08,TDMS,TD,Corrective,AST-000025,OHE Mast,Medium,Good,0.391,131,COR-03,SEC-06,129.228,129.288,Up,Main Line,Power supply inspection,120,30,30,180,2026-11-08 00:24,2026-11-08 00:30,2026-11-08 03:30,2026-11-12 08:30,Power Block,Maintenance Van,1,OHE Authorized Supervisor,No,No,No,,Low,Minor operational impact,11767.74,0.513,,
REQ-0001322,2026-11-01,SMMS,S&T,Preventive,AST-000388,Relay Room,High,Poor,0.507,0,COR-04,SEC-08,376.454,376.763,Up,Loop Line,Relay room inspection,180,15,10,205,2026-11-01 00:17,2026-11-01 03:15,2026-11-01 06:40,2026-11-02 09:40,Full Block,Testing Kit,1,Signal Technician,Yes,No,Yes,TD,High,Speed restriction,15508.7,0.472,,
REQ-0001323,2026-10-07,TDMS,TD,Corrective,AST-000108,Switching Station,High,Fair,0.338,92,COR-03,SEC-06,171.459,171.765,Up,Yard,OHE fitting replacement,120,10,10,140,2026-10-07 01:00,2026-10-07 02:15,2026-10-07 04:35,2026-10-10 06:35,Power Block,OHE Tower Wagon,1,OHE Technician,Yes,Yes,Yes,Engineering;S&T,Medium,Speed restriction,10896.57,0.554,,
REQ-0001324,2026-11-12,TMS,Engineering,Preventive,AST-000093,Track,Low,Fair,0.386,196,COR-02,SEC-04,285.372,285.538,Down,Main Line,Track alignment correction,120,20,20,160,2026-11-12 00:45,2026-11-12 02:45,2026-11-12 05:25,2026-11-16 06:25,Full Block,Crane,1,P.Way Technician,Yes,Yes,Yes,S&T;TD,Medium,Minor operational impact,7640.09,0.436,,
REQ-0001325,2026-10-20,TDMS,TD,Inspection,AST-000131,Traction Substation,Low,Critical,0.394,58,COR-01,SEC-01,232.215,232.25,Up,Loop Line,OHE fitting replacement,120,20,30,170,2026-10-20 04:58,2026-10-20 06:30,2026-10-20 09:20,2026-10-22 10:20,Full Block,Maintenance Van,1,Electrical Supervisor,No,No,No,,High,Failure risk,5982.28,0.303,,
REQ-0001326,2026-11-14,TMS,Engineering,Preventive,AST-000156,Bridge,Medium,Fair,0.015,145,COR-02,SEC-03,338.572,338.8,Up,Yard,Ballast maintenance,75,10,20,105,2026-11-14 03:17,2026-11-14 04:45,2026-11-14 06:30,2026-11-19 13:30,Caution Order,Inspection Vehicle,2,Track Machine Operator,Yes,Yes,Yes,S&T;TD,Medium,Operational delay,7487.28,0.386,,
REQ-0001327,2026-10-16,SMMS,S&T,Corrective,AST-000407,Relay Room,Medium,Excellent,0.348,0,COR-01,SEC-02,213.122,213.498,Up,Loop Line,Signal equipment replacement,150,10,15,175,2026-10-16 06:13,2026-10-16 06:15,2026-10-16 09:10,2026-10-18 13:10,Power Block,Maintenance Van,2,Interlocking Technician,Yes,Yes,No,,High,Speed restriction,11763.38,0.354,,
REQ-0001328,2026-11-21,TMS,Engineering,Corrective,AST-000090,Track,High,Poor,0.338,127,COR-03,SEC-06,163.338,163.727,Down,Loop Line,Track alignment correction,60,15,15,90,2026-11-21 00:28,2026-11-21 02:15,2026-11-21 03:45,2026-11-25 06:45,Power Block,Crane,1,Bridge Inspector,Yes,Yes,Yes,S&T;TD,Medium,Operational delay,11376.46,0.593,,
REQ-0001329,2026-11-06,TMS,Engineering,Preventive,AST-000321,Track Machine,High,Excellent,0.464,114,COR-04,SEC-07,347.037,347.262,Both Lines,Main Line,Turnout inspection,30,10,20,60,2026-11-05 23:38,2026-11-06 00:45,2026-11-06 01:45,2026-11-08 08:45,Line Block,Inspection Vehicle,2,Track Machine Operator,No,No,No,,Medium,Operational delay,16204.35,0.586,REQ-0000735,Isolation before work
REQ-0001330,2026-09-29,TMS,Engineering,Inspection,AST-000426,Track Machine,High,Good,0.248,66,COR-04,SEC-07,356.833,356.905,Up,Yard,Rail joint replacement,120,30,20,170,2026-09-28 23:10,2026-09-29 01:00,2026-09-29 03:50,2026-10-03 06:50,Caution Order,Track Machine,1,Track Machine Operator,Yes,Yes,Yes,,High,Operational delay,8419.33,0.468,,
REQ-0001331,2026-11-23,TDMS,TD,Preventive,AST-000492,OHE,High,Fair,0.416,189,COR-04,SEC-07,344.701,344.918,Up,Loop Line,Traction equipment maintenance,120,10,30,160,2026-11-23 10:58,2026-11-23 11:45,2026-11-23 14:25,2026-11-26 19:25,Full Block,Maintenance Van,1,OHE Authorized Supervisor,Yes,Yes,Yes,Engineering;S&T,Medium,Operational delay,13904.63,0.645,,
REQ-0001332,2026-11-07,TDMS,TD,Preventive,AST-000492,OHE,High,Fair,0.416,189,COR-04,SEC-07,344.701,344.874,Up,Yard,Traction equipment maintenance,90,10,20,120,2026-11-07 02:03,2026-11-07 03:30,2026-11-07 05:30,2026-11-10 10:30,Power Block,Maintenance Van,1,OHE Authorized Supervisor,Yes,Yes,Yes,Engineering;S&T,High,Operational delay,12432.82,0.645,,
REQ-0001333,2026-10-19,TMS,Engineering,Corrective,AST-000154,Track Machine,Medium,Good,0.451,256,COR-01,SEC-02,209.845,210.16,Up,Main Line,Ballast maintenance,120,10,30,160,2026-10-19 15:18,2026-10-19 17:45,2026-10-19 20:25,2026-10-22 22:25,Caution Order,Inspection Vehicle,1,P.Way Technician,No,No,No,,Medium,Minor operational impact,12990.63,0.585,,
REQ-0001334,2026-10-01,TMS,Engineering,Corrective,AST-000358,Bridge,Medium,Poor,0.52,0,COR-03,SEC-05,127.974,128.062,Up,Loop Line,Ballast maintenance,30,30,10,70,2026-10-01 03:44,2026-10-01 04:30,2026-10-01 05:40,2026-10-04 10:40,Power Block,Maintenance Van,1,Track Machine Operator,Yes,Yes,Yes,S&T,Medium,Speed restriction,11739.58,0.406,REQ-0000396,Isolation before work
REQ-0001335,2026-11-12,SMMS,S&T,Preventive,AST-000342,Interlocking Equipment,High,Fair,0.29,114,COR-01,SEC-02,193.492,193.826,Up,Main Line,Interlocking equipment testing,60,15,10,85,2026-11-12 18:11,2026-11-12 20:00,2026-11-12 21:25,2026-11-16 00:25,Line Block,Maintenance Van,2,Interlocking Technician,No,No,No,,Low,Minor operational impact,13729.92,0.534,,
REQ-0001336,2026-09-30,SMMS,S&T,Preventive,AST-000283,Axle Counter,High,Poor,0.275,34,COR-03,SEC-05,166.504,166.536,Both Lines,Main Line,Communication equipment maintenance,45,30,10,85,2026-09-29 22:47,2026-09-30 00:45,2026-09-30 02:10,2026-10-03 06:10,Line Block,Testing Kit,2,Telecom Technician,No,No,No,,Low,Operational delay,9172.69,0.44,,
REQ-0001337,2026-10-08,TMS,Engineering,Preventive,AST-000253,Bridge,Low,Poor,0.53,173,COR-02,SEC-04,280.538,280.668,Both Lines,Loop Line,Ballast maintenance,120,30,10,160,2026-10-08 11:57,2026-10-08 13:15,2026-10-08 15:55,2026-10-12 22:55,Line Block,Inspection Vehicle,2,Track Supervisor,Yes,Yes,Yes,TD,Medium,Line closure,9112.36,0.471,,
REQ-0001338,2026-10-18,TDMS,TD,Preventive,AST-000081,Sectioning Post,High,Good,0.201,0,COR-02,SEC-04,312.275,312.405,Down,Loop Line,OHE mast inspection,45,20,15,80,2026-10-18 02:57,2026-10-18 03:45,2026-10-18 05:05,2026-10-23 10:05,Full Block,OHE Tower Wagon,2,OHE Technician,Yes,No,Yes,Engineering;S&T,Medium,Failure risk,10063.83,0.38,,
REQ-0001339,2026-10-20,TDMS,TD,Corrective,AST-000482,OHE,High,Fair,0.335,69,COR-03,SEC-05,149.097,149.169,Down,Yard,Power supply inspection,60,30,20,110,2026-10-20 01:55,2026-10-20 03:30,2026-10-20 05:20,2026-10-23 11:20,Full Block,Maintenance Van,2,Electrical Supervisor,Yes,Yes,Yes,S&T,High,Operational delay,12555.43,0.527,,
REQ-0001340,2026-11-13,TDMS,TD,Corrective,AST-000127,Sectioning Post,High,Fair,0.283,177,COR-04,SEC-08,360.252,360.405,Down,Loop Line,Power supply inspection,150,20,20,190,2026-11-13 15:38,2026-11-13 16:15,2026-11-13 19:25,2026-11-14 23:25,Power Block,Electrical Testing Kit,2,OHE Authorized Supervisor,Yes,No,Yes,Engineering;S&T,Low,Minor operational impact,11401.93,0.632,,
REQ-0001341,2026-10-29,TMS,Engineering,Emergency,AST-000076,Bridge,High,Fair,0.233,8,COR-03,SEC-05,179.734,180.01,Up,Loop Line,Track geometry inspection,30,10,30,70,2026-10-28 23:45,2026-10-29 00:15,2026-10-29 01:25,2026-10-30 02:25,Caution Order,Crane,2,Track Supervisor,No,No,No,,Low,Speed restriction,11010.93,0.479,,
REQ-0001342,2026-11-19,SMMS,S&T,Corrective,AST-000441,Axle Counter,Medium,Fair,0.175,21,COR-01,SEC-02,192.282,192.411,Up,Yard,Communication equipment maintenance,90,15,10,115,2026-11-18 23:04,2026-11-19 00:45,2026-11-19 02:40,2026-11-24 02:40,Full Block,Testing Kit,1,Interlocking Technician,Yes,Yes,Yes,TD,Medium,Failure risk,6541.87,0.326,,
REQ-0001343,2026-10-29,TMS,Engineering,Preventive,AST-000356,Level Crossing,High,Fair,0.075,228,COR-04,SEC-07,366.175,366.283,Down,Loop Line,Drainage maintenance,90,20,15,125,2026-10-29 11:27,2026-10-29 13:15,2026-10-29 15:20,2026-10-30 22:20,Full Block,Crane,2,Track Supervisor,Yes,Yes,Yes,S&T;TD,Medium,Failure risk,10146.1,0.543,,
REQ-0001344,2026-10-10,SMMS,S&T,Emergency,AST-000243,Telecom,High,Poor,0.373,283,COR-04,SEC-08,380.037,380.074,Up,Main Line,Signal equipment inspection,75,15,10,100,2026-10-09 23:24,2026-10-10 00:00,2026-10-10 01:40,2026-10-11 07:40,Full Block,Signal Testing Kit,1,Signal Technician,No,No,No,,High,Speed restriction,8756.3,0.712,,
REQ-0001345,2026-10-01,TDMS,TD,Preventive,AST-000275,OHE,Medium,Good,0.754,111,COR-02,SEC-04,301.715,301.762,Down,Yard,OHE fitting replacement,45,10,15,70,2026-10-01 00:34,2026-10-01 02:30,2026-10-01 03:40,2026-10-03 06:40,Full Block,Maintenance Van,2,OHE Authorized Supervisor,Yes,No,Yes,Engineering,Medium,Operational delay,12746.96,0.57,,
REQ-0001346,2026-11-20,TDMS,TD,Preventive,AST-000375,OHE Mast,Medium,Fair,0.787,0,COR-01,SEC-02,231.848,232.242,Up,Main Line,OHE mast inspection,150,30,15,195,2026-11-20 00:04,2026-11-20 01:45,2026-11-20 05:00,2026-11-23 06:00,Power Block,OHE Tower Wagon,2,OHE Technician,Yes,Yes,Yes,,Medium,Operational delay,13527.09,0.456,,
REQ-0001347,2026-10-09,TDMS,TD,Preventive,AST-000402,Sectioning Post,Medium,Fair,0.143,295,COR-04,SEC-07,341.431,341.819,Up,Main Line,OHE mast inspection,120,30,20,170,2026-10-09 00:17,2026-10-09 02:30,2026-10-09 05:20,2026-10-12 12:20,Full Block,Electrical Testing Kit,1,Traction Technician,Yes,No,Yes,Engineering;S&T,Medium,Speed restriction,10349.71,0.463,,
REQ-0001348,2026-10-11,SMMS,S&T,Preventive,AST-000430,Axle Counter,High,Fair,0.406,97,COR-04,SEC-07,401.834,401.902,Up,Loop Line,Interlocking equipment testing,60,10,10,80,2026-10-11 16:49,2026-10-11 19:30,2026-10-11 20:50,2026-10-13 01:50,Line Block,Signal Testing Kit,1,Telecom Technician,Yes,No,Yes,TD,Medium,Operational delay,15839.89,0.55,,
REQ-0001349,2026-11-10,TMS,Engineering,Preventive,AST-000106,Level Crossing,Low,Critical,0.276,256,COR-02,SEC-04,332.131,332.256,Both Lines,Main Line,Track alignment correction,180,15,15,210,2026-11-10 16:04,2026-11-10 16:30,2026-11-10 20:00,2026-11-15 22:00,Line Block,Track Machine,1,Bridge Inspector,Yes,Yes,Yes,S&T;TD,Medium,Minor operational impact,8407.28,0.403,,
REQ-0001350,2026-10-27,SMMS,S&T,Inspection,AST-000441,Axle Counter,Medium,Fair,0.175,21,COR-01,SEC-02,192.282,192.539,Down,Loop Line,Interlocking equipment testing,75,30,15,120,2026-10-27 11:52,2026-10-27 14:30,2026-10-27 16:30,2026-10-30 22:30,Power Block,Testing Kit,1,Signal Technician,Yes,No,Yes,Engineering;TD,High,Minor operational impact,11677.54,0.296,,
REQ-0001351,2026-11-01,TMS,Engineering,Corrective,AST-000135,Track Machine,High,Good,0.038,0,COR-04,SEC-08,397.619,397.885,Down,Yard,Ballast maintenance,75,20,10,105,2026-10-31 23:35,2026-11-01 01:00,2026-11-01 02:45,2026-11-03 06:45,Full Block,Track Machine,1,P.Way Technician,No,No,No,,High,Operational delay,11564.92,0.361,,
REQ-0001352,2026-11-20,TDMS,TD,Corrective,AST-000368,Sectioning Post,Medium,Critical,0.316,11,COR-02,SEC-04,266.131,266.342,Up,Loop Line,Power supply inspection,60,15,15,90,2026-11-19 23:47,2026-11-20 01:15,2026-11-20 02:45,2026-11-23 05:45,Full Block,OHE Tower Wagon,1,Traction Technician,No,No,No,,High,Line closure,12365.2,0.357,,
REQ-0001353,2026-10-17,TDMS,TD,Preventive,AST-000211,Traction Substation,Medium,Poor,0.329,17,COR-04,SEC-08,374.944,375.194,Down,Main Line,Sectioning equipment inspection,90,10,30,130,2026-10-17 01:22,2026-10-17 02:15,2026-10-17 04:25,2026-10-19 05:25,Power Block,OHE Tower Wagon,1,Electrical Supervisor,Yes,No,Yes,Engineering,Medium,Line closure,10151.31,0.338,,
REQ-0001354,2026-11-15,SMMS,S&T,Preventive,AST-000017,Signal,Medium,Poor,0.694,231,COR-02,SEC-04,336.685,336.897,Up,Loop Line,Interlocking equipment testing,60,30,15,105,2026-11-15 03:44,2026-11-15 04:30,2026-11-15 06:15,2026-11-19 06:15,Caution Order,Testing Kit,2,Signal Technician,No,No,No,,High,Minor operational impact,10713.46,0.628,,
REQ-0001355,2026-10-29,TMS,Engineering,Corrective,AST-000015,Bridge,Medium,Fair,0.114,11,COR-01,SEC-02,230.185,230.298,Up,Main Line,Rail joint replacement,120,10,10,140,2026-10-28 23:04,2026-10-29 00:00,2026-10-29 02:20,2026-10-30 08:20,Line Block,Inspection Vehicle,1,Track Supervisor,Yes,Yes,No,,High,Failure risk,6737.37,0.296,,
REQ-0001356,2026-11-02,SMMS,S&T,Inspection,AST-000119,Telecom,Medium,Fair,0.24,54,COR-01,SEC-02,259.345,259.68,Up,Yard,Axle counter maintenance,60,15,20,95,2026-11-02 13:13,2026-11-02 15:30,2026-11-02 17:05,2026-11-05 23:05,Power Block,Testing Kit,1,Interlocking Technician,Yes,Yes,Yes,,Medium,Operational delay,12046.82,0.352,,
REQ-0001357,2026-11-06,SMMS,S&T,Preventive,AST-000337,Axle Counter,Low,Good,0.464,185,COR-02,SEC-03,290.716,291.053,Down,Loop Line,Signal equipment inspection,180,20,20,220,2026-11-06 03:29,2026-11-06 04:00,2026-11-06 07:40,2026-11-09 12:40,Power Block,Maintenance Van,1,S&T Supervisor,No,No,No,,Medium,Minor operational impact,8721.69,0.459,,
REQ-0001358,2026-10-31,TMS,Engineering,Corrective,AST-000280,Level Crossing,Medium,Fair,0.532,170,COR-02,SEC-04,293.353,293.51,Down,Main Line,Drainage maintenance,120,15,20,155,2026-10-30 22:43,2026-10-31 01:00,2026-10-31 03:35,2026-11-04 06:35,Power Block,Track Machine,1,Track Supervisor,Yes,Yes,Yes,,Low,Operational delay,7708.82,0.598,,
REQ-0001359,2026-10-11,TMS,Engineering,Emergency,AST-000253,Bridge,Low,Poor,0.53,173,COR-02,SEC-04,280.538,280.665,Down,Yard,Track geometry inspection,120,15,30,165,2026-10-11 02:09,2026-10-11 02:45,2026-10-11 05:30,2026-10-13 08:30,Full Block,Track Machine,1,Track Machine Operator,No,No,No,,High,Line closure,6153.6,0.551,,
REQ-0001360,2026-09-30,TDMS,TD,Preventive,AST-000206,OHE,Medium,Fair,0.321,228,COR-04,SEC-08,384.693,384.769,Up,Main Line,OHE inspection,120,30,30,180,2026-09-30 02:36,2026-09-30 03:15,2026-09-30 06:15,2026-10-05 09:15,Full Block,Maintenance Van,1,OHE Authorized Supervisor,Yes,Yes,Yes,Engineering,High,Speed restriction,7822.17,0.516,,
REQ-0001361,2026-11-04,SMMS,S&T,Inspection,AST-000336,Relay Room,Low,Fair,0.095,0,COR-01,SEC-01,191.724,191.831,Both Lines,Yard,Relay room inspection,90,10,20,120,2026-11-04 03:01,2026-11-04 04:00,2026-11-04 06:00,2026-11-05 12:00,Line Block,Testing Kit,2,Signal Technician,Yes,Yes,Yes,,Medium,Operational delay,6158.95,0.149,,
REQ-0001362,2026-09-29,SMMS,S&T,Corrective,AST-000437,Signal,Low,Good,0.484,210,COR-03,SEC-06,131.556,131.641,Up,Yard,Signal equipment inspection,90,20,20,130,2026-09-29 00:28,2026-09-29 03:15,2026-09-29 05:25,2026-09-30 05:25,Full Block,Signal Testing Kit,1,S&T Supervisor,Yes,Yes,Yes,Engineering;TD,High,Minor operational impact,9706.88,0.495,,
REQ-0001363,2026-10-19,TMS,Engineering,Preventive,AST-000309,Level Crossing,High,Fair,0.566,190,COR-04,SEC-08,398.849,399.009,Up,Main Line,Sleeper replacement,150,10,15,175,2026-10-18 23:43,2026-10-19 02:00,2026-10-19 04:55,2026-10-22 04:55,Power Block,Crane,1,Track Supervisor,Yes,Yes,Yes,TD,Medium,Minor operational impact,11556.58,0.69,,
REQ-0001364,2026-10-20,TMS,Engineering,Preventive,AST-000459,Point Machine,Low,Fair,0.642,212,COR-03,SEC-05,187.132,187.33,Down,Main Line,Track geometry inspection,120,10,30,160,2026-10-20 16:57,2026-10-20 18:45,2026-10-20 21:25,2026-10-21 21:25,Power Block,Inspection Vehicle,2,Track Machine Operator,No,No,No,,Medium,Failure risk,7390.19,0.513,,
REQ-0001365,2026-10-20,TMS,Engineering,Corrective,AST-000164,Point Machine,Low,Good,0.301,291,COR-03,SEC-06,178.951,179.258,Up,Yard,Track alignment correction,75,20,20,115,2026-10-20 02:36,2026-10-20 04:30,2026-10-20 06:25,2026-10-22 08:25,Caution Order,Track Machine,1,Bridge Inspector,No,No,No,,Medium,Line closure,8871.17,0.44,REQ-0001061,Access preparation before maintenance
REQ-0001366,2026-10-22,SMMS,S&T,Preventive,AST-000249,Relay Room,Low,Good,0.711,22,COR-04,SEC-07,361.592,361.875,Down,Main Line,Signal equipment inspection,75,15,20,110,2026-10-21 23:37,2026-10-22 01:15,2026-10-22 03:05,2026-10-24 09:05,Full Block,Testing Kit,1,Interlocking Technician,Yes,Yes,Yes,,Low,Speed restriction,11687.94,0.358,,
REQ-0001367,2026-11-05,TMS,Engineering,Inspection,AST-000404,Track,Medium,Poor,0.585,171,COR-04,SEC-08,370.263,370.508,Down,Main Line,Rail joint replacement,75,30,10,115,2026-11-04 23:21,2026-11-05 00:30,2026-11-05 02:25,2026-11-08 03:25,Full Block,Maintenance Van,1,Track Supervisor,No,No,No,,High,Line closure,14228.87,0.586,,
REQ-0001368,2026-10-11,TDMS,TD,Emergency,AST-000299,OHE Mast,Medium,Fair,0.25,101,COR-01,SEC-02,246.142,246.232,Down,Loop Line,Power supply inspection,180,30,10,220,2026-10-11 01:09,2026-10-11 04:00,2026-10-11 07:40,2026-10-16 11:40,Power Block,OHE Tower Wagon,1,Electrical Supervisor,No,No,No,,High,Line closure,10643.78,0.487,,
REQ-0001369,2026-11-05,TDMS,TD,Inspection,AST-000083,Sectioning Post,Critical,Fair,0.401,157,COR-03,SEC-06,159.352,159.67,Both Lines,Main Line,OHE fitting replacement,60,20,30,110,2026-11-05 01:29,2026-11-05 03:45,2026-11-05 05:35,2026-11-08 10:35,Power Block,Electrical Testing Kit,2,OHE Authorized Supervisor,Yes,Yes,Yes,,Medium,Minor operational impact,19964.65,0.715,REQ-0000027,Inspection before repair
REQ-0001370,2026-10-11,SMMS,S&T,Preventive,AST-000236,Telecom,Critical,Poor,0.619,0,COR-01,SEC-02,213.702,213.926,Down,Loop Line,Communication equipment maintenance,45,30,30,105,2026-10-11 02:20,2026-10-11 02:30,2026-10-11 04:15,2026-10-13 11:15,Power Block,Signal Testing Kit,1,Signal Technician,No,No,No,,Medium,Line closure,17320.85,0.606,,
REQ-0001371,2026-10-25,SMMS,S&T,Preventive,AST-000396,Relay Room,Medium,Good,0.228,98,COR-01,SEC-02,200.137,200.265,Both Lines,Yard,Track circuit inspection,90,10,30,130,2026-10-25 04:36,2026-10-25 04:45,2026-10-25 06:55,2026-10-28 06:55,Line Block,Signal Testing Kit,1,Interlocking Technician,Yes,Yes,Yes,Engineering;TD,Medium,Operational delay,9228.77,0.397,,
REQ-0001372,2026-09-28,TDMS,TD,Corrective,AST-000195,OHE,Medium,Poor,0.22,153,COR-02,SEC-04,302.197,302.364,Up,Main Line,Sectioning equipment inspection,180,30,20,230,2026-09-28 01:52,2026-09-28 02:30,2026-09-28 06:20,2026-10-03 08:20,Full Block,OHE Tower Wagon,1,OHE Authorized Supervisor,Yes,Yes,No,Engineering;S&T,Medium,Line closure,10309.48,0.486,REQ-0001162,Access preparation before maintenance
REQ-0001373,2026-10-16,TMS,Engineering,Preventive,AST-000020,Point Machine,High,Poor,0.481,0,COR-03,SEC-05,158.84,159.077,Both Lines,Yard,Ballast maintenance,60,20,10,90,2026-10-16 08:57,2026-10-16 09:30,2026-10-16 11:00,2026-10-17 14:00,Caution Order,Inspection Vehicle,1,Track Supervisor,Yes,No,Yes,S&T;TD,Medium,Line closure,9734.43,0.464,,
REQ-0001374,2026-10-28,SMMS,S&T,Preventive,AST-000401,Interlocking Equipment,Medium,Fair,0.212,0,COR-02,SEC-03,325.731,326.024,Down,Yard,Signal equipment replacement,180,10,30,220,2026-10-28 01:58,2026-10-28 04:00,2026-10-28 07:40,2026-10-31 09:40,Power Block,Testing Kit,2,Signal Technician,Yes,Yes,Yes,Engineering,Medium,Line closure,8281.13,0.284,,
REQ-0001375,2026-11-07,TDMS,TD,Corrective,AST-000179,OHE Mast,High,Good,0.495,7,COR-04,SEC-08,356.853,356.931,Up,Main Line,OHE mast inspection,60,10,10,80,2026-11-07 02:54,2026-11-07 04:30,2026-11-07 05:50,2026-11-12 07:50,Power Block,OHE Tower Wagon,1,OHE Technician,Yes,Yes,Yes,,Critical,Failure risk,17112.84,0.506,,
REQ-0001376,2026-11-15,SMMS,S&T,Preventive,AST-000170,Telecom,High,Good,0.393,56,COR-02,SEC-04,313.828,314.223,Up,Loop Line,Signal equipment inspection,45,30,20,95,2026-11-14 23:43,2026-11-15 00:30,2026-11-15 02:05,2026-11-17 07:05,Caution Order,Maintenance Van,1,Signal Technician,Yes,Yes,Yes,TD,High,Operational delay,15758.15,0.5,,
REQ-0001377,2026-10-05,SMMS,S&T,Preventive,AST-000281,Telecom,High,Poor,0.985,0,COR-04,SEC-07,348.669,348.721,Up,Loop Line,Signal equipment replacement,150,20,10,180,2026-10-05 03:47,2026-10-05 04:00,2026-10-05 07:00,2026-10-10 07:00,Power Block,Signal Testing Kit,1,Signal Technician,No,No,No,,High,Operational delay,14115.74,0.616,,
REQ-0001378,2026-10-23,SMMS,S&T,Corrective,AST-000379,Relay Room,Medium,Fair,0.08,90,COR-04,SEC-07,345.024,345.185,Up,Yard,Track circuit inspection,75,30,15,120,2026-10-22 23:01,2026-10-23 00:00,2026-10-23 02:00,2026-10-26 02:00,Full Block,Testing Kit,1,Signal Technician,Yes,Yes,Yes,Engineering;TD,High,Speed restriction,9491.07,0.374,,
REQ-0001379,2026-09-30,TDMS,TD,Preventive,AST-000250,Traction Substation,Medium,Poor,0.31,158,COR-04,SEC-07,395.946,396.106,Down,Yard,Sectioning equipment inspection,75,20,20,115,2026-09-29 21:00,2026-09-30 00:00,2026-09-30 01:55,2026-10-04 08:55,Power Block,Maintenance Van,2,Traction Technician,Yes,No,Yes,Engineering;S&T,Medium,Minor operational impact,8499.32,0.489,,
REQ-0001380,2026-10-01,TDMS,TD,Corrective,AST-000361,OHE Mast,Low,Good,0.255,53,COR-04,SEC-08,353.068,353.418,Down,Yard,OHE mast inspection,90,15,30,135,2026-10-01 06:52,2026-10-01 09:45,2026-10-01 12:00,2026-10-02 19:00,Full Block,Electrical Testing Kit,1,Traction Technician,Yes,Yes,Yes,Engineering,Medium,Minor operational impact,7706.64,0.285,,
REQ-0001381,2026-10-02,TDMS,TD,Preventive,AST-000292,Traction Substation,Medium,Good,0.148,0,COR-01,SEC-02,198.619,198.957,Both Lines,Loop Line,OHE inspection,30,15,30,75,2026-10-02 03:38,2026-10-02 04:30,2026-10-02 05:45,2026-10-03 11:45,Power Block,OHE Tower Wagon,1,OHE Authorized Supervisor,Yes,Yes,Yes,S&T,High,Minor operational impact,7019.61,0.264,,
REQ-0001382,2026-10-31,TDMS,TD,Preventive,AST-000322,Traction Substation,Low,Excellent,0.265,32,COR-03,SEC-05,175.966,176.065,Down,Loop Line,Power supply inspection,150,15,30,195,2026-10-31 09:44,2026-10-31 10:45,2026-10-31 14:00,2026-11-04 20:00,Full Block,Electrical Testing Kit,1,Traction Technician,Yes,Yes,Yes,Engineering,High,Operational delay,6474.07,0.235,,
REQ-0001383,2026-10-22,TMS,Engineering,Inspection,AST-000107,Track,Medium,Fair,0.18,0,COR-03,SEC-06,126.788,127.14,Up,Loop Line,Track alignment correction,45,10,15,70,2026-10-22 00:47,2026-10-22 01:30,2026-10-22 02:40,2026-10-25 02:40,Power Block,Crane,2,P.Way Technician,Yes,No,Yes,TD,High,Line closure,11467.78,0.274,REQ-0000070,Isolation before work
REQ-0001384,2026-10-28,TDMS,TD,Corrective,AST-000234,Sectioning Post,Critical,Fair,0.4,100,COR-04,SEC-08,359.575,359.713,Up,Loop Line,OHE mast inspection,45,10,10,65,2026-10-27 22:59,2026-10-28 00:30,2026-10-28 01:35,2026-10-30 06:35,Full Block,OHE Tower Wagon,1,Electrical Supervisor,Yes,Yes,Yes,Engineering;S&T,Critical,Line closure,12639.94,0.681,,
REQ-0001385,2026-10-21,TMS,Engineering,Preventive,AST-000133,Bridge,Medium,Poor,0.286,300,COR-04,SEC-08,362.508,362.658,Up,Yard,Track geometry inspection,45,10,10,65,2026-10-21 13:10,2026-10-21 13:15,2026-10-21 14:20,2026-10-22 17:20,Full Block,Maintenance Van,1,Track Supervisor,Yes,No,Yes,S&T,High,Line closure,9561.22,0.506,,
REQ-0001386,2026-10-21,TDMS,TD,Corrective,AST-000151,Switching Station,Medium,Poor,0.376,0,COR-01,SEC-01,197.163,197.197,Down,Main Line,Electrical isolation testing,30,30,10,70,2026-10-21 08:45,2026-10-21 09:00,2026-10-21 10:10,2026-10-24 12:10,Full Block,OHE Tower Wagon,2,OHE Technician,Yes,Yes,Yes,Engineering;S&T,Low,Operational delay,11045.63,0.363,,
REQ-0001387,2026-11-12,TDMS,TD,Preventive,AST-000261,Sectioning Post,Medium,Fair,0.388,208,COR-01,SEC-02,222.712,223.0,Down,Main Line,Electrical isolation testing,120,10,20,150,2026-11-12 03:26,2026-11-12 04:15,2026-11-12 06:45,2026-11-17 10:45,Full Block,OHE Tower Wagon,1,Electrical Supervisor,Yes,Yes,Yes,Engineering;S&T,Medium,Minor operational impact,7865.28,0.536,,
REQ-0001388,2026-10-14,SMMS,S&T,Emergency,AST-000228,Interlocking Equipment,Medium,Poor,0.766,237,COR-02,SEC-04,266.001,266.156,Down,Yard,Interlocking equipment testing,120,10,30,160,2026-10-14 00:26,2026-10-14 01:45,2026-10-14 04:25,2026-10-18 06:25,Full Block,Testing Kit,1,S&T Supervisor,No,No,No,,Medium,Operational delay,15130.37,0.73,REQ-0000634,Isolation before work
REQ-0001389,2026-10-28,TMS,Engineering,Corrective,AST-000210,Track Machine,Critical,Good,0.345,0,COR-02,SEC-04,292.723,292.981,Down,Loop Line,Rail joint replacement,75,20,15,110,2026-10-28 01:21,2026-10-28 02:15,2026-10-28 04:05,2026-10-29 08:05,Full Block,Inspection Vehicle,1,Track Supervisor,Yes,Yes,Yes,S&T,Medium,Minor operational impact,18324.06,0.554,,
REQ-0001390,2026-11-20,SMMS,S&T,Emergency,AST-000073,Telecom,Medium,Excellent,0.098,155,COR-02,SEC-04,333.976,334.065,Up,Yard,Communication equipment maintenance,90,10,30,130,2026-11-20 01:23,2026-11-20 03:30,2026-11-20 05:40,2026-11-23 06:40,Caution Order,Testing Kit,1,Signal Technician,No,No,No,,Medium,Line closure,6381.87,0.502,,
REQ-0001391,2026-10-14,TMS,Engineering,Corrective,AST-000063,Level Crossing,Medium,Critical,0.455,181,COR-04,SEC-08,378.918,379.01,Up,Main Line,Turnout inspection,60,15,20,95,2026-10-14 00:48,2026-10-14 01:15,2026-10-14 02:50,2026-10-19 07:50,Line Block,Crane,1,P.Way Technician,Yes,Yes,Yes,,High,Failure risk,10165.71,0.587,REQ-0000762,Isolation before work
REQ-0001392,2026-10-14,TMS,Engineering,Preventive,AST-000093,Track,Low,Fair,0.386,196,COR-02,SEC-04,285.372,285.687,Up,Yard,Sleeper replacement,90,30,30,150,2026-10-14 18:11,2026-10-14 20:00,2026-10-14 22:30,2026-10-16 22:30,Line Block,Inspection Vehicle,1,Track Supervisor,No,No,No,,Medium,Operational delay,5775.56,0.436,,
REQ-0001393,2026-10-19,SMMS,S&T,Preventive,AST-000168,Interlocking Equipment,High,Poor,0.63,165,COR-03,SEC-05,163.819,164.0,Down,Main Line,Signal equipment inspection,75,10,20,105,2026-10-19 08:26,2026-10-19 08:30,2026-10-19 10:15,2026-10-20 11:15,Line Block,Signal Testing Kit,1,Telecom Technician,Yes,Yes,Yes,Engineering,Medium,Speed restriction,15127.46,0.692,,
REQ-0001394,2026-11-12,TMS,Engineering,Inspection,AST-000048,Track,Medium,Good,0.263,257,COR-01,SEC-01,202.713,202.907,Up,Main Line,Sleeper replacement,90,30,10,130,2026-11-12 02:15,2026-11-12 02:45,2026-11-12 04:55,2026-11-14 10:55,Power Block,Maintenance Van,2,Track Supervisor,Yes,No,Yes,,High,Line closure,7200.26,0.499,REQ-0000393,Inspection before repair
REQ-0001395,2026-10-17,TDMS,TD,Preventive,AST-000361,OHE Mast,Low,Good,0.255,53,COR-04,SEC-08,353.068,353.361,Up,Loop Line,OHE fitting replacement,150,20,10,180,2026-10-17 15:50,2026-10-17 17:00,2026-10-17 20:00,2026-10-19 22:00,Power Block,Electrical Testing Kit,1,OHE Authorized Supervisor,Yes,Yes,Yes,Engineering,Low,Speed restriction,4785.73,0.255,,
REQ-0001396,2026-10-10,SMMS,S&T,Corrective,AST-000496,Interlocking Equipment,Medium,Poor,0.347,179,COR-02,SEC-04,298.281,298.548,Down,Yard,Relay room inspection,30,10,15,55,2026-10-09 23:31,2026-10-10 01:45,2026-10-10 02:40,2026-10-12 03:40,Caution Order,Testing Kit,1,Signal Technician,Yes,Yes,Yes,Engineering;TD,High,Minor operational impact,7885.92,0.553,,
REQ-0001397,2026-10-22,TDMS,TD,Inspection,AST-000068,OHE,High,Good,0.198,198,COR-01,SEC-01,194.201,194.312,Both Lines,Main Line,Power supply inspection,90,30,20,140,2026-10-22 17:11,2026-10-22 20:00,2026-10-22 22:20,2026-10-27 02:20,Power Block,Electrical Testing Kit,1,Electrical Supervisor,No,No,No,,Medium,Speed restriction,9495.04,0.579,,
REQ-0001398,2026-10-11,TMS,Engineering,Corrective,AST-000490,Bridge,Low,Fair,0.282,66,COR-04,SEC-08,344.982,345.096,Down,Main Line,Rail joint replacement,75,15,15,105,2026-10-11 15:36,2026-10-11 17:15,2026-10-11 19:00,2026-10-13 21:00,Full Block,Maintenance Van,1,P.Way Technician,Yes,Yes,Yes,TD,High,Minor operational impact,6565.57,0.308,,
REQ-0001399,2026-11-18,SMMS,S&T,Emergency,AST-000009,Telecom,High,Good,0.353,248,COR-01,SEC-01,182.465,182.624,Down,Yard,Track circuit inspection,45,30,10,85,2026-11-18 00:54,2026-11-18 02:45,2026-11-18 04:10,2026-11-23 05:10,Full Block,Signal Testing Kit,1,S&T Supervisor,No,No,No,,High,Speed restriction,12460.29,0.706,,
REQ-0001400,2026-10-23,SMMS,S&T,Corrective,AST-000125,Interlocking Equipment,Medium,Fair,0.372,163,COR-03,SEC-06,142.555,142.894,Up,Yard,Track circuit inspection,60,30,15,105,2026-10-23 13:40,2026-10-23 16:30,2026-10-23 18:15,2026-10-28 22:15,Power Block,Testing Kit,1,S&T Supervisor,Yes,Yes,No,Engineering,High,Speed restriction,10323.78,0.543,,
REQ-0001401,2026-11-06,SMMS,S&T,Corrective,AST-000241,Telecom,Low,Good,0.352,138,COR-02,SEC-03,302.458,302.659,Down,Yard,Signal equipment inspection,45,20,15,80,2026-11-06 07:21,2026-11-06 09:30,2026-11-06 10:50,2026-11-07 15:50,Caution Order,Signal Testing Kit,1,Signal Technician,Yes,No,Yes,,High,Failure risk,8173.42,0.409,,
REQ-0001402,2026-11-10,TDMS,TD,Preventive,AST-000044,OHE Mast,High,Good,0.447,71,COR-03,SEC-06,145.493,145.876,Down,Main Line,Electrical isolation testing,75,30,20,125,2026-11-09 21:38,2026-11-10 00:15,2026-11-10 02:20,2026-11-13 05:20,Power Block,OHE Tower Wagon,1,Traction Technician,Yes,Yes,Yes,Engineering,Critical,Speed restriction,10394.54,0.533,,
REQ-0001403,2026-10-02,SMMS,S&T,Preventive,AST-000255,Telecom,Critical,Fair,0.521,0,COR-02,SEC-03,325.272,325.625,Both Lines,Loop Line,Relay room inspection,180,15,20,215,2026-10-01 23:32,2026-10-02 01:15,2026-10-02 04:50,2026-10-05 04:50,Full Block,Maintenance Van,1,Signal Technician,Yes,No,Yes,TD,Medium,Minor operational impact,18905.69,0.576,,
REQ-0001404,2026-11-05,SMMS,S&T,Corrective,AST-000396,Relay Room,Medium,Good,0.228,98,COR-01,SEC-02,200.137,200.252,Up,Yard,Relay room inspection,120,30,20,170,2026-11-05 00:32,2026-11-05 00:45,2026-11-05 03:35,2026-11-10 06:35,Line Block,Testing Kit,1,Signal Technician,No,No,No,,Medium,Operational delay,9209.31,0.427,,
REQ-0001405,2026-11-12,SMMS,S&T,Corrective,AST-000129,Axle Counter,High,Fair,0.497,33,COR-04,SEC-07,353.481,353.838,Both Lines,Yard,Relay room inspection,45,20,15,80,2026-11-11 22:55,2026-11-12 01:00,2026-11-12 02:20,2026-11-16 05:20,Line Block,Maintenance Van,1,Interlocking Technician,Yes,No,Yes,Engineering;TD,Low,Line closure,16991.14,0.536,,
REQ-0001406,2026-10-28,TMS,Engineering,Preventive,AST-000164,Point Machine,Low,Good,0.301,291,COR-03,SEC-06,178.951,179.049,Down,Loop Line,Turnout inspection,75,20,15,110,2026-10-28 00:03,2026-10-28 02:15,2026-10-28 04:05,2026-11-02 07:05,Power Block,Inspection Vehicle,1,Bridge Inspector,No,No,No,,Medium,Minor operational impact,5166.74,0.41,,
REQ-0001407,2026-11-12,TDMS,TD,Emergency,AST-000157,Sectioning Post,High,Poor,0.579,180,COR-01,SEC-01,202.752,202.883,Down,Main Line,Sectioning equipment inspection,45,10,15,70,2026-11-12 02:11,2026-11-12 02:45,2026-11-12 03:55,2026-11-13 06:55,Power Block,Maintenance Van,2,Electrical Supervisor,No,No,No,,Medium,Line closure,17763.38,0.774,,
REQ-0001408,2026-10-21,SMMS,S&T,Inspection,AST-000428,Telecom,High,Fair,0.329,146,COR-03,SEC-06,131.97,132.077,Up,Yard,Track circuit inspection,180,30,30,240,2026-10-21 15:17,2026-10-21 17:00,2026-10-21 21:00,2026-10-24 22:00,Caution Order,Maintenance Van,1,S&T Supervisor,Yes,Yes,Yes,Engineering;TD,High,Speed restriction,10261.44,0.581,,
REQ-0001409,2026-11-04,TDMS,TD,Corrective,AST-000458,OHE Mast,High,Poor,0.227,42,COR-01,SEC-01,228.664,228.997,Up,Main Line,Power supply inspection,45,15,20,80,2026-11-03 22:41,2026-11-04 01:30,2026-11-04 02:50,2026-11-09 03:50,Full Block,OHE Tower Wagon,1,Traction Technician,No,No,No,,Low,Line closure,14247.08,0.465,,
REQ-0001410,2026-10-12,TMS,Engineering,Corrective,AST-000199,Level Crossing,Medium,Fair,0.502,106,COR-03,SEC-06,141.092,141.321,Up,Loop Line,Drainage maintenance,45,30,15,90,2026-10-11 23:42,2026-10-12 00:15,2026-10-12 01:45,2026-10-17 06:45,Caution Order,Crane,1,P.Way Technician,No,No,No,,Critical,Speed restriction,7336.2,0.518,,
REQ-0001411,2026-10-13,TMS,Engineering,Preventive,AST-000191,Track Machine,High,Poor,0.389,0,COR-04,SEC-07,372.468,372.577,Down,Loop Line,Rail joint replacement,75,10,20,105,2026-10-13 00:51,2026-10-13 01:45,2026-10-13 03:30,2026-10-14 08:30,Full Block,Track Machine,1,Bridge Inspector,Yes,Yes,Yes,TD,Medium,Operational delay,12015.54,0.437,,
REQ-0001412,2026-09-30,SMMS,S&T,Emergency,AST-000213,Axle Counter,Critical,Fair,0.426,321,COR-03,SEC-06,126.663,126.894,Up,Loop Line,Relay room inspection,75,10,15,100,2026-09-30 01:36,2026-09-30 04:00,2026-09-30 05:40,2026-10-04 07:40,Line Block,Signal Testing Kit,1,S&T Supervisor,No,No,No,,Medium,Minor operational impact,14227.68,0.828,,
REQ-0001413,2026-11-13,TDMS,TD,Emergency,AST-000030,OHE Mast,Medium,Good,0.048,56,COR-04,SEC-08,400.724,401.002,Up,Yard,OHE mast inspection,150,10,15,175,2026-11-13 06:15,2026-11-13 08:45,2026-11-13 11:40,2026-11-14 16:40,Power Block,Maintenance Van,1,OHE Authorized Supervisor,No,No,No,,High,Failure risk,10473.94,0.377,REQ-0001009,Access preparation before maintenance
REQ-0001414,2026-10-11,SMMS,S&T,Emergency,AST-000246,Telecom,High,Good,0.275,0,COR-01,SEC-01,188.66,188.736,Down,Loop Line,Track circuit inspection,75,15,10,100,2026-10-11 02:34,2026-10-11 04:30,2026-10-11 06:10,2026-10-13 13:10,Line Block,Maintenance Van,1,Interlocking Technician,No,No,No,,Medium,Speed restriction,9212.16,0.483,,
REQ-0001415,2026-11-13,SMMS,S&T,Preventive,AST-000236,Telecom,Critical,Poor,0.619,0,COR-01,SEC-02,213.702,213.964,Down,Main Line,Relay room inspection,150,10,20,180,2026-11-13 01:55,2026-11-13 02:00,2026-11-13 05:00,2026-11-15 09:00,Caution Order,Testing Kit,1,Telecom Technician,Yes,Yes,No,Engineering;TD,High,Speed restriction,20653.85,0.606,REQ-0000534,Testing before restoration
REQ-0001416,2026-11-15,SMMS,S&T,Corrective,AST-000346,Telecom,Medium,Poor,0.192,207,COR-01,SEC-01,236.8,237.194,Up,Main Line,Track circuit inspection,150,30,10,190,2026-11-15 19:48,2026-11-15 20:00,2026-11-15 23:10,2026-11-18 05:10,Line Block,Signal Testing Kit,2,Signal Technician,No,No,No,,Low,Minor operational impact,9723.03,0.508,,
REQ-0001417,2026-11-21,TDMS,TD,Corrective,AST-000003,OHE,Medium,Fair,0.155,125,COR-01,SEC-02,185.105,185.25,Down,Yard,OHE fitting replacement,45,20,15,80,2026-11-21 01:04,2026-11-21 02:00,2026-11-21 03:20,2026-11-22 09:20,Full Block,OHE Tower Wagon,1,Traction Technician,Yes,Yes,Yes,S&T,Medium,Speed restriction,8793.12,0.435,,
REQ-0001418,2026-10-14,SMMS,S&T,Preventive,AST-000057,Relay Room,High,Fair,0.346,163,COR-02,SEC-04,297.931,298.285,Down,Yard,Signal equipment inspection,60,20,30,110,2026-10-14 12:57,2026-10-14 14:00,2026-10-14 15:50,2026-10-16 22:50,Power Block,Testing Kit,1,Interlocking Technician,Yes,Yes,Yes,Engineering,Medium,Speed restriction,8905.11,0.605,,
REQ-0001419,2026-10-10,TDMS,TD,Preventive,AST-000274,OHE,Medium,Poor,0.55,269,COR-04,SEC-08,343.622,343.884,Up,Loop Line,OHE fitting replacement,180,15,15,210,2026-10-10 03:16,2026-10-10 04:15,2026-10-10 07:45,2026-10-12 11:45,Full Block,Electrical Testing Kit,1,OHE Authorized Supervisor,Yes,Yes,Yes,S&T,Medium,Operational delay,9895.57,0.585,,
REQ-0001420,2026-10-28,SMMS,S&T,Preventive,AST-000289,Interlocking Equipment,Medium,Critical,0.498,145,COR-02,SEC-03,268.866,269.253,Down,Main Line,Track circuit inspection,150,15,30,195,2026-10-27 22:47,2026-10-28 01:45,2026-10-28 05:00,2026-10-29 09:00,Full Block,Testing Kit,1,Telecom Technician,Yes,Yes,Yes,Engineering;TD,Low,Operational delay,10942.53,0.531,,
REQ-0001421,2026-09-30,TMS,Engineering,Corrective,AST-000032,Point Machine,Critical,Excellent,0.436,0,COR-03,SEC-06,128.084,128.417,Up,Yard,Drainage maintenance,180,15,30,225,2026-09-29 23:36,2026-09-30 01:45,2026-09-30 05:30,2026-10-05 08:30,Line Block,Crane,1,P.Way Technician,Yes,Yes,Yes,S&T;TD,Medium,Speed restriction,19471.75,0.581,,
REQ-0001422,2026-11-14,SMMS,S&T,Preventive,AST-000346,Telecom,Medium,Poor,0.192,207,COR-01,SEC-01,236.8,237.007,Down,Main Line,Track circuit inspection,45,10,10,65,2026-11-13 21:45,2026-11-14 00:15,2026-11-14 01:20,2026-11-16 01:20,Power Block,Testing Kit,1,Signal Technician,No,No,No,,Medium,Minor operational impact,9139.63,0.478,,
REQ-0001423,2026-11-05,SMMS,S&T,Preventive,AST-000472,Axle Counter,Medium,Good,0.482,123,COR-02,SEC-04,269.502,269.84,Down,Loop Line,Signal equipment inspection,150,10,15,175,2026-11-05 00:25,2026-11-05 03:15,2026-11-05 06:10,2026-11-09 12:10,Caution Order,Testing Kit,1,S&T Supervisor,No,No,No,,High,Failure risk,13621.8,0.501,,
REQ-0001424,2026-10-30,SMMS,S&T,Preventive,AST-000310,Axle Counter,Medium,Fair,0.265,179,COR-04,SEC-07,372.709,372.801,Up,Loop Line,Signal equipment replacement,90,15,10,115,2026-10-30 03:10,2026-10-30 06:00,2026-10-30 07:55,2026-10-31 12:55,Line Block,Maintenance Van,1,S&T Supervisor,Yes,Yes,Yes,,Low,Line closure,6687.0,0.498,,
REQ-0001425,2026-10-14,SMMS,S&T,Preventive,AST-000249,Relay Room,Low,Good,0.711,22,COR-04,SEC-07,361.592,361.714,Up,Main Line,Signal equipment inspection,90,15,10,115,2026-10-13 21:07,2026-10-14 00:00,2026-10-14 01:55,2026-10-18 07:55,Line Block,Maintenance Van,2,Signal Technician,Yes,No,Yes,Engineering,High,Speed restriction,9778.47,0.358,,
REQ-0001426,2026-11-22,SMMS,S&T,Corrective,AST-000045,Relay Room,Low,Poor,0.449,125,COR-01,SEC-01,224.239,224.565,Up,Yard,Signal equipment replacement,90,20,20,130,2026-11-22 00:46,2026-11-22 01:45,2026-11-22 03:55,2026-11-27 07:55,Line Block,Testing Kit,1,Telecom Technician,Yes,No,Yes,Engineering;TD,Critical,Minor operational impact,5299.97,0.424,,
REQ-0001427,2026-11-01,SMMS,S&T,Preventive,AST-000091,Signal,High,Poor,0.528,97,COR-02,SEC-03,338.772,338.979,Both Lines,Loop Line,Interlocking equipment testing,150,20,30,200,2026-11-01 02:50,2026-11-01 04:00,2026-11-01 07:20,2026-11-05 10:20,Caution Order,Maintenance Van,1,Signal Technician,Yes,No,Yes,Engineering,Medium,Line closure,12249.04,0.586,,
REQ-0001428,2026-10-18,TMS,Engineering,Preventive,AST-000203,Point Machine,High,Fair,0.489,259,COR-01,SEC-01,218.091,218.14,Up,Main Line,Track geometry inspection,120,30,10,160,2026-10-17 22:19,2026-10-18 00:00,2026-10-18 02:40,2026-10-23 06:40,Line Block,Inspection Vehicle,1,Track Supervisor,Yes,Yes,Yes,S&T;TD,High,Failure risk,13553.06,0.667,,
REQ-0001429,2026-10-20,TDMS,TD,Preventive,AST-000301,Switching Station,High,Good,0.113,26,COR-01,SEC-01,232.205,232.559,Up,Main Line,OHE fitting replacement,30,10,30,70,2026-10-19 23:27,2026-10-20 00:45,2026-10-20 01:55,2026-10-23 06:55,Power Block,Electrical Testing Kit,1,Electrical Supervisor,Yes,No,Yes,,High,Failure risk,11392.78,0.383,,
REQ-0001430,2026-11-07,TMS,Engineering,Corrective,AST-000024,Point Machine,High,Poor,0.398,285,COR-03,SEC-05,133.75,133.828,Up,Yard,Rail joint replacement,45,10,30,85,2026-11-07 03:23,2026-11-07 03:30,2026-11-07 04:55,2026-11-10 07:55,Full Block,Track Machine,1,P.Way Technician,Yes,Yes,Yes,TD,High,Failure risk,14026.54,0.669,,
REQ-0001431,2026-11-09,SMMS,S&T,Preventive,AST-000192,Axle Counter,High,Good,0.076,0,COR-04,SEC-08,406.066,406.327,Down,Main Line,Relay room inspection,120,20,15,155,2026-11-08 21:47,2026-11-09 00:00,2026-11-09 02:35,2026-11-13 05:35,Caution Order,Maintenance Van,2,Interlocking Technician,Yes,No,Yes,Engineering;TD,High,Line closure,14161.43,0.343,,
REQ-0001432,2026-10-17,TMS,Engineering,Preventive,AST-000002,Track,High,Poor,0.414,20,COR-02,SEC-03,296.031,296.224,Up,Loop Line,Track geometry inspection,90,20,30,140,2026-10-16 22:28,2026-10-17 01:15,2026-10-17 03:35,2026-10-19 09:35,Full Block,Crane,2,Track Machine Operator,No,No,No,,Medium,Operational delay,9959.85,0.466,,
REQ-0001433,2026-10-23,TDMS,TD,Inspection,AST-000075,OHE Mast,Medium,Excellent,0.114,0,COR-01,SEC-01,221.17,221.405,Up,Yard,Traction equipment maintenance,45,15,15,75,2026-10-22 23:52,2026-10-23 00:30,2026-10-23 01:45,2026-10-28 01:45,Full Block,Electrical Testing Kit,2,Electrical Supervisor,No,No,No,,High,Line closure,6627.44,0.254,,
REQ-0001434,2026-09-30,TDMS,TD,Emergency,AST-000264,Switching Station,High,Poor,0.611,0,COR-01,SEC-02,224.495,224.615,Down,Main Line,Power supply inspection,30,30,15,75,2026-09-30 06:04,2026-09-30 06:45,2026-09-30 08:00,2026-10-02 14:00,Full Block,Maintenance Van,1,Electrical Supervisor,No,No,No,,High,Operational delay,9167.56,0.583,,
REQ-0001435,2026-10-30,TDMS,TD,Emergency,AST-000297,OHE,High,Fair,0.255,3,COR-04,SEC-07,341.753,341.82,Both Lines,Loop Line,Electrical isolation testing,30,20,15,65,2026-10-30 00:01,2026-10-30 02:00,2026-10-30 03:05,2026-11-01 05:05,Power Block,OHE Tower Wagon,1,OHE Authorized Supervisor,No,No,No,,Low,Speed restriction,10013.58,0.48,,
REQ-0001436,2026-11-09,TDMS,TD,Preventive,AST-000373,Sectioning Post,Medium,Poor,0.46,235,COR-02,SEC-04,288.136,288.302,Down,Main Line,Traction equipment maintenance,30,15,15,60,2026-11-09 02:42,2026-11-09 03:45,2026-11-09 04:45,2026-11-12 04:45,Power Block,OHE Tower Wagon,2,OHE Technician,No,No,No,,Medium,Operational delay,11781.96,0.558,,
REQ-0001437,2026-10-21,TDMS,TD,Preventive,AST-000239,Switching Station,Critical,Critical,0.717,0,COR-03,SEC-05,129.164,129.276,Both Lines,Loop Line,OHE mast inspection,60,30,20,110,2026-10-21 03:32,2026-10-21 04:30,2026-10-21 06:20,2026-10-26 07:20,Power Block,Electrical Testing Kit,1,Electrical Supervisor,No,No,No,,Medium,Operational delay,18729.28,0.635,,
REQ-0001438,2026-10-09,SMMS,S&T,Preventive,AST-000376,Interlocking Equipment,High,Good,0.383,313,COR-03,SEC-05,139.941,140.178,Up,Yard,Signal equipment inspection,30,15,30,75,2026-10-09 11:01,2026-10-09 12:30,2026-10-09 13:45,2026-10-13 17:45,Line Block,Signal Testing Kit,2,S&T Supervisor,Yes,No,No,TD,High,Minor operational impact,14636.08,0.635,,
REQ-0001439,2026-10-04,TDMS,TD,Corrective,AST-000152,Traction Substation,High,Poor,0.4,0,COR-03,SEC-06,186.186,186.466,Both Lines,Main Line,Power supply inspection,30,15,10,55,2026-10-03 23:34,2026-10-04 00:00,2026-10-04 00:55,2026-10-06 02:55,Full Block,OHE Tower Wagon,2,OHE Authorized Supervisor,Yes,Yes,Yes,,Critical,Operational delay,16631.43,0.47,,
REQ-0001440,2026-10-19,TMS,Engineering,Preventive,AST-000499,Track,Medium,Fair,0.122,57,COR-03,SEC-06,151.139,151.217,Down,Main Line,Sleeper replacement,150,30,10,190,2026-10-19 14:20,2026-10-19 16:45,2026-10-19 19:55,2026-10-21 20:55,Caution Order,Maintenance Van,1,Track Machine Operator,Yes,Yes,Yes,S&T;TD,Medium,Failure risk,5762.92,0.32,,
REQ-0001441,2026-10-01,SMMS,S&T,Corrective,AST-000338,Signal,Medium,Good,0.122,152,COR-03,SEC-05,159.747,160.074,Down,Main Line,Interlocking equipment testing,75,10,20,105,2026-10-01 01:24,2026-10-01 03:15,2026-10-01 05:00,2026-10-04 11:00,Caution Order,Testing Kit,1,Signal Technician,No,No,No,,High,Minor operational impact,8035.67,0.455,,
REQ-0001442,2026-10-05,TDMS,TD,Emergency,AST-000082,Traction Substation,Medium,Critical,0.408,193,COR-02,SEC-04,295.071,295.218,Down,Loop Line,Power supply inspection,30,15,10,55,2026-10-05 00:34,2026-10-05 02:45,2026-10-05 03:40,2026-10-08 06:40,Full Block,Electrical Testing Kit,2,OHE Authorized Supervisor,No,No,No,,Low,Line closure,11755.45,0.622,,
REQ-0001443,2026-11-05,TDMS,TD,Emergency,AST-000409,OHE Mast,Medium,Poor,0.725,216,COR-03,SEC-05,173.576,173.884,Down,Main Line,OHE inspection,60,10,10,80,2026-11-05 01:53,2026-11-05 04:30,2026-11-05 05:50,2026-11-07 06:50,Power Block,OHE Tower Wagon,1,OHE Technician,No,No,No,,Medium,Line closure,9451.09,0.717,,
REQ-0001444,2026-10-20,TDMS,TD,Corrective,AST-000201,OHE,Medium,Good,0.081,109,COR-02,SEC-04,264.07,264.136,Down,Yard,Electrical isolation testing,180,15,10,205,2026-10-20 03:08,2026-10-20 03:30,2026-10-20 06:55,2026-10-22 12:55,Full Block,OHE Tower Wagon,2,Traction Technician,No,No,No,,High,Operational delay,8103.65,0.395,,
REQ-0001445,2026-10-26,TMS,Engineering,Corrective,AST-000324,Track Machine,High,Poor,0.356,166,COR-02,SEC-03,334.797,335.15,Up,Main Line,Rail joint replacement,150,10,30,190,2026-10-26 02:04,2026-10-26 03:15,2026-10-26 06:25,2026-10-30 10:25,Power Block,Crane,2,P.Way Technician,No,No,No,,Medium,Operational delay,14913.92,0.641,REQ-0000806,Inspection before repair
REQ-0001446,2026-11-05,SMMS,S&T,Inspection,AST-000064,Relay Room,High,Good,0.361,128,COR-04,SEC-08,372.853,373.242,Down,Loop Line,Interlocking equipment testing,45,20,30,95,2026-11-05 02:09,2026-11-05 03:30,2026-11-05 05:05,2026-11-10 06:05,Line Block,Testing Kit,1,Signal Technician,Yes,Yes,Yes,TD,Low,Minor operational impact,15224.83,0.571,,
REQ-0001447,2026-10-27,SMMS,S&T,Inspection,AST-000369,Axle Counter,High,Excellent,0.258,268,COR-04,SEC-08,400.69,400.74,Up,Loop Line,Signal equipment inspection,30,10,10,50,2026-10-27 03:09,2026-10-27 04:45,2026-10-27 05:35,2026-10-28 06:35,Power Block,Signal Testing Kit,1,Signal Technician,Yes,Yes,Yes,Engineering;TD,High,Line closure,13246.21,0.597,,
REQ-0001448,2026-10-23,SMMS,S&T,Inspection,AST-000147,Axle Counter,Medium,Good,0.109,197,COR-01,SEC-01,226.149,226.415,Down,Main Line,Signal equipment inspection,180,15,20,215,2026-10-23 03:00,2026-10-23 03:30,2026-10-23 07:05,2026-10-24 12:05,Power Block,Testing Kit,1,S&T Supervisor,Yes,No,Yes,TD,Low,Failure risk,8612.5,0.453,REQ-0000596,Testing before restoration
REQ-0001449,2026-10-07,SMMS,S&T,Preventive,AST-000233,Axle Counter,High,Fair,0.347,159,COR-04,SEC-08,349.915,350.08,Down,Main Line,Communication equipment maintenance,60,20,30,110,2026-10-07 01:23,2026-10-07 01:30,2026-10-07 03:20,2026-10-09 07:20,Line Block,Maintenance Van,1,Signal Technician,Yes,Yes,Yes,TD,Low,Line closure,8601.76,0.601,,
REQ-0001450,2026-11-23,TMS,Engineering,Corrective,AST-000107,Track,Medium,Fair,0.18,0,COR-03,SEC-06,126.788,127.17,Up,Loop Line,Turnout inspection,120,20,15,155,2026-11-23 01:42,2026-11-23 03:00,2026-11-23 05:35,2026-11-25 05:35,Caution Order,Inspection Vehicle,2,Bridge Inspector,Yes,No,Yes,S&T;TD,Medium,Failure risk,10151.45,0.304,,
REQ-0001451,2026-10-07,TMS,Engineering,Corrective,AST-000065,Track,Medium,Good,0.054,29,COR-03,SEC-05,161.051,161.081,Both Lines,Yard,Turnout inspection,45,20,10,75,2026-10-07 18:24,2026-10-07 20:00,2026-10-07 21:15,2026-10-10 21:15,Power Block,Track Machine,1,Bridge Inspector,Yes,Yes,Yes,,Low,Failure risk,10001.59,0.298,,
REQ-0001452,2026-11-03,TMS,Engineering,Preventive,AST-000411,Bridge,Medium,Good,0.099,103,COR-04,SEC-08,355.981,356.192,Down,Loop Line,Rail joint replacement,180,10,20,210,2026-11-03 01:35,2026-11-03 02:30,2026-11-03 06:00,2026-11-05 12:00,Caution Order,Inspection Vehicle,1,Track Supervisor,No,No,No,,Critical,Minor operational impact,7473.97,0.364,,
REQ-0001453,2026-10-22,TMS,Engineering,Inspection,AST-000072,Bridge,Medium,Critical,0.413,88,COR-03,SEC-05,188.988,189.132,Up,Loop Line,Drainage maintenance,90,10,20,120,2026-10-22 01:30,2026-10-22 02:15,2026-10-22 04:15,2026-10-23 04:15,Full Block,Inspection Vehicle,1,Track Supervisor,Yes,Yes,Yes,TD,Medium,Speed restriction,8034.63,0.442,,
REQ-0001454,2026-10-05,TMS,Engineering,Preventive,AST-000084,Bridge,High,Excellent,0.09,0,COR-01,SEC-02,183.286,183.645,Down,Loop Line,Ballast maintenance,45,15,30,90,2026-10-05 05:17,2026-10-05 08:15,2026-10-05 09:45,2026-10-09 15:45,Caution Order,Inspection Vehicle,2,P.Way Technician,No,No,No,,Medium,Failure risk,9268.06,0.347,,
REQ-0001455,2026-11-09,TDMS,TD,Corrective,AST-000447,Traction Substation,Medium,Poor,0.552,124,COR-03,SEC-06,187.137,187.173,Both Lines,Main Line,OHE mast inspection,150,10,20,180,2026-11-08 22:35,2026-11-09 00:45,2026-11-09 03:45,2026-11-11 10:45,Power Block,OHE Tower Wagon,2,Traction Technician,No,No,No,,Medium,Speed restriction,8233.27,0.553,,
REQ-0001456,2026-11-23,SMMS,S&T,Preventive,AST-000483,Axle Counter,Medium,Good,0.381,0,COR-04,SEC-08,344.976,345.19,Up,Yard,Axle counter maintenance,180,30,15,225,2026-11-23 04:29,2026-11-23 04:45,2026-11-23 08:30,2026-11-25 09:30,Line Block,Signal Testing Kit,1,Telecom Technician,Yes,Yes,Yes,Engineering,Medium,Speed restriction,11104.29,0.334,,
REQ-0001457,2026-11-08,SMMS,S&T,Corrective,AST-000477,Relay Room,Medium,Poor,0.357,131,COR-04,SEC-08,389.84,390.136,Down,Yard,Axle counter maintenance,180,20,15,215,2026-11-08 01:17,2026-11-08 03:00,2026-11-08 06:35,2026-11-13 12:35,Caution Order,Signal Testing Kit,2,Telecom Technician,Yes,Yes,Yes,TD,High,Minor operational impact,9864.67,0.503,,
REQ-0001458,2026-11-15,TDMS,TD,Preventive,AST-000151,Switching Station,Medium,Poor,0.376,0,COR-01,SEC-01,197.163,197.538,Down,Yard,OHE mast inspection,30,30,10,70,2026-11-14 23:35,2026-11-15 01:30,2026-11-15 02:40,2026-11-17 09:40,Power Block,OHE Tower Wagon,1,Electrical Supervisor,Yes,No,Yes,S&T,Medium,Speed restriction,11441.31,0.333,,
REQ-0001459,2026-10-14,TMS,Engineering,Corrective,AST-000426,Track Machine,High,Good,0.248,66,COR-04,SEC-07,356.833,357.166,Up,Loop Line,Track geometry inspection,45,15,20,80,2026-10-14 04:07,2026-10-14 06:30,2026-10-14 07:50,2026-10-18 14:50,Power Block,Maintenance Van,1,P.Way Technician,Yes,No,Yes,S&T;TD,Medium,Operational delay,13310.07,0.498,,
REQ-0001460,2026-11-01,TDMS,TD,Corrective,AST-000297,OHE,High,Fair,0.255,3,COR-04,SEC-07,341.753,342.059,Up,Yard,OHE mast inspection,75,20,30,125,2026-11-01 01:09,2026-11-01 03:30,2026-11-01 05:35,2026-11-03 07:35,Full Block,Electrical Testing Kit,1,Traction Technician,Yes,Yes,Yes,Engineering,Medium,Line closure,11862.04,0.43,,
REQ-0001461,2026-11-05,SMMS,S&T,Inspection,AST-000074,Telecom,Medium,Poor,0.369,189,COR-01,SEC-01,249.237,249.353,Down,Loop Line,Axle counter maintenance,120,20,20,160,2026-11-04 22:51,2026-11-05 01:00,2026-11-05 03:40,2026-11-07 05:40,Full Block,Signal Testing Kit,1,Signal Technician,Yes,Yes,No,TD,Medium,Operational delay,6747.42,0.531,,
REQ-0001462,2026-10-23,SMMS,S&T,Corrective,AST-000092,Relay Room,Critical,Fair,0.604,57,COR-04,SEC-07,345.468,345.832,Down,Yard,Signal equipment inspection,60,15,30,105,2026-10-23 13:24,2026-10-23 15:00,2026-10-23 16:45,2026-10-28 17:45,Line Block,Maintenance Van,1,Telecom Technician,Yes,No,Yes,Engineering;TD,Medium,Minor operational impact,20031.83,0.695,,
REQ-0001463,2026-10-21,TDMS,TD,Emergency,AST-000226,Sectioning Post,Low,Critical,0.495,274,COR-02,SEC-04,261.429,261.688,Down,Main Line,OHE inspection,75,30,15,120,2026-10-21 10:26,2026-10-21 12:45,2026-10-21 14:45,2026-10-23 17:45,Power Block,Electrical Testing Kit,2,Electrical Supervisor,No,No,No,,Medium,Failure risk,8698.39,0.548,,
REQ-0001464,2026-10-18,SMMS,S&T,Inspection,AST-000295,Signal,Medium,Fair,0.445,0,COR-02,SEC-04,300.779,300.903,Up,Main Line,Signal equipment replacement,75,30,10,115,2026-10-18 00:23,2026-10-18 00:30,2026-10-18 02:25,2026-10-20 05:25,Caution Order,Maintenance Van,2,Telecom Technician,No,No,No,,Low,Failure risk,8332.18,0.354,,
REQ-0001465,2026-10-06,TMS,Engineering,Preventive,AST-000404,Track,Medium,Poor,0.585,171,COR-04,SEC-08,370.263,370.484,Up,Loop Line,Sleeper replacement,75,15,20,110,2026-10-05 23:39,2026-10-06 00:30,2026-10-06 02:20,2026-10-10 02:20,Caution Order,Maintenance Van,2,Track Supervisor,No,No,No,,Low,Operational delay,11900.13,0.586,REQ-0000425,Access preparation before maintenance
REQ-0001466,2026-10-01,SMMS,S&T,Preventive,AST-000371,Axle Counter,Medium,Fair,0.343,75,COR-01,SEC-02,235.994,236.319,Down,Yard,Track circuit inspection,90,10,20,120,2026-10-01 14:46,2026-10-01 17:30,2026-10-01 19:30,2026-10-04 00:30,Line Block,Signal Testing Kit,1,S&T Supervisor,No,No,No,,High,Line closure,6561.36,0.406,,
REQ-0001467,2026-11-04,TMS,Engineering,Preventive,AST-000235,Point Machine,High,Poor,0.53,139,COR-02,SEC-04,296.524,296.742,Up,Loop Line,Ballast maintenance,30,15,30,75,2026-11-04 11:27,2026-11-04 11:45,2026-11-04 13:00,2026-11-07 16:00,Line Block,Crane,1,Track Supervisor,No,No,No,,Medium,Minor operational impact,11917.42,0.633,,
REQ-0001468,2026-11-18,TMS,Engineering,Corrective,AST-000349,Track Machine,Medium,Good,0.116,154,COR-01,SEC-01,199.588,199.711,Down,Loop Line,Track alignment correction,180,20,20,220,2026-11-18 01:01,2026-11-18 02:45,2026-11-18 06:25,2026-11-19 13:25,Line Block,Crane,1,P.Way Technician,Yes,Yes,Yes,S&T;TD,High,Failure risk,6080.22,0.456,,
REQ-0001469,2026-11-19,TMS,Engineering,Preventive,AST-000356,Level Crossing,High,Fair,0.075,228,COR-04,SEC-07,366.175,366.479,Up,Yard,Ballast maintenance,60,10,20,90,2026-11-18 23:00,2026-11-19 01:15,2026-11-19 02:45,2026-11-22 09:45,Power Block,Inspection Vehicle,1,Track Supervisor,Yes,No,Yes,S&T;TD,Low,Operational delay,10414.14,0.543,,
REQ-0001470,2026-10-02,SMMS,S&T,Corrective,AST-000205,Axle Counter,Low,Excellent,0.332,0,COR-03,SEC-06,124.991,125.288,Down,Main Line,Axle counter maintenance,60,20,15,95,2026-10-02 10:15,2026-10-02 12:45,2026-10-02 14:20,2026-10-05 19:20,Caution Order,Testing Kit,1,Interlocking Technician,Yes,No,Yes,Engineering,High,Failure risk,5176.3,0.25,,
REQ-0001471,2026-10-30,TMS,Engineering,Preventive,AST-000344,Bridge,Low,Good,0.519,149,COR-04,SEC-07,395.808,396.17,Up,Main Line,Track geometry inspection,120,30,20,170,2026-10-30 01:53,2026-10-30 02:00,2026-10-30 04:50,2026-10-31 06:50,Caution Order,Crane,1,Track Supervisor,No,No,No,,Medium,Failure risk,5433.4,0.441,,
REQ-0001472,2026-11-06,SMMS,S&T,Inspection,AST-000453,Telecom,High,Poor,0.304,0,COR-04,SEC-08,353.462,353.671,Down,Yard,Communication equipment maintenance,120,15,15,150,2026-11-06 01:22,2026-11-06 04:00,2026-11-06 06:30,2026-11-10 09:30,Line Block,Testing Kit,2,S&T Supervisor,Yes,Yes,Yes,TD,Low,Minor operational impact,9007.86,0.411,,
REQ-0001473,2026-11-02,TMS,Engineering,Preventive,AST-000150,Level Crossing,High,Fair,0.304,58,COR-02,SEC-03,304.352,304.5,Down,Loop Line,Drainage maintenance,150,20,30,200,2026-11-02 07:02,2026-11-02 09:45,2026-11-02 13:05,2026-11-07 19:05,Power Block,Crane,1,Bridge Inspector,Yes,Yes,Yes,S&T;TD,Medium,Minor operational impact,8769.12,0.476,,
REQ-0001474,2026-11-16,TMS,Engineering,Inspection,AST-000105,Level Crossing,Low,Fair,0.046,0,COR-03,SEC-05,153.704,153.82,Up,Yard,Turnout inspection,30,15,30,75,2026-11-16 05:36,2026-11-16 06:30,2026-11-16 07:45,2026-11-19 09:45,Line Block,Maintenance Van,1,Bridge Inspector,Yes,No,Yes,S&T,Medium,Operational delay,5201.64,0.134,,
REQ-0001475,2026-11-08,TMS,Engineering,Preventive,AST-000012,Track Machine,Medium,Fair,0.127,50,COR-04,SEC-07,361.106,361.347,Both Lines,Yard,Track alignment correction,90,20,15,125,2026-11-08 00:51,2026-11-08 02:00,2026-11-08 04:05,2026-11-13 09:05,Line Block,Maintenance Van,1,Bridge Inspector,No,No,No,,Low,Line closure,10131.49,0.314,,
REQ-0001476,2026-11-18,TMS,Engineering,Corrective,AST-000358,Bridge,Medium,Poor,0.52,0,COR-03,SEC-05,127.974,128.267,Up,Yard,Sleeper replacement,150,10,20,180,2026-11-18 03:11,2026-11-18 04:15,2026-11-18 07:15,2026-11-21 14:15,Full Block,Inspection Vehicle,2,Track Machine Operator,Yes,No,Yes,S&T;TD,Medium,Operational delay,8730.83,0.406,,
REQ-0001477,2026-11-08,TMS,Engineering,Corrective,AST-000449,Point Machine,Medium,Fair,0.112,0,COR-01,SEC-01,182.258,182.459,Both Lines,Loop Line,Sleeper replacement,180,20,20,220,2026-11-08 02:21,2026-11-08 04:30,2026-11-08 08:10,2026-11-13 10:10,Line Block,Track Machine,1,Track Machine Operator,Yes,No,Yes,TD,Medium,Minor operational impact,9694.68,0.284,,
REQ-0001478,2026-09-28,TDMS,TD,Preventive,AST-000367,OHE Mast,Low,Critical,0.372,57,COR-04,SEC-08,361.847,362.118,Down,Loop Line,Sectioning equipment inspection,150,15,30,195,2026-09-28 03:05,2026-09-28 04:30,2026-09-28 07:45,2026-09-29 14:45,Power Block,OHE Tower Wagon,1,OHE Technician,No,No,No,,Medium,Speed restriction,5385.59,0.295,,
REQ-0001479,2026-11-19,TMS,Engineering,Corrective,AST-000391,Track,High,Fair,0.276,162,COR-01,SEC-02,205.176,205.526,Down,Yard,Drainage maintenance,180,20,10,210,2026-11-18 22:39,2026-11-19 01:15,2026-11-19 04:45,2026-11-20 11:45,Line Block,Inspection Vehicle,1,Track Supervisor,Yes,Yes,Yes,TD,Medium,Line closure,14704.57,0.613,,
REQ-0001480,2026-10-25,TDMS,TD,Corrective,AST-000040,Switching Station,Low,Good,0.061,82,COR-02,SEC-03,266.759,266.789,Up,Main Line,Traction equipment maintenance,45,30,15,90,2026-10-24 23:05,2026-10-25 00:15,2026-10-25 01:45,2026-10-29 02:45,Full Block,Electrical Testing Kit,1,Traction Technician,Yes,Yes,Yes,Engineering,Critical,Speed restriction,5016.9,0.259,,
REQ-0001481,2026-11-04,TMS,Engineering,Inspection,AST-000403,Track,High,Good,0.093,81,COR-03,SEC-05,163.38,163.73,Both Lines,Yard,Track alignment correction,75,15,10,100,2026-11-04 13:10,2026-11-04 14:00,2026-11-04 15:40,2026-11-05 15:40,Full Block,Track Machine,2,P.Way Technician,Yes,Yes,Yes,S&T;TD,Low,Minor operational impact,7633.27,0.438,,
REQ-0001482,2026-11-02,TMS,Engineering,Preventive,AST-000296,Point Machine,High,Fair,0.827,0,COR-03,SEC-05,142.377,142.483,Down,Yard,Track geometry inspection,180,15,10,205,2026-11-02 01:23,2026-11-02 03:15,2026-11-02 06:40,2026-11-07 12:40,Full Block,Inspection Vehicle,1,Track Machine Operator,Yes,No,Yes,S&T;TD,High,Line closure,18188.41,0.568,,
REQ-0001483,2026-10-25,SMMS,S&T,Inspection,AST-000145,Telecom,Low,Poor,0.209,119,COR-03,SEC-06,134.377,134.65,Up,Loop Line,Axle counter maintenance,90,15,20,125,2026-10-25 00:26,2026-10-25 03:00,2026-10-25 05:05,2026-10-26 08:05,Line Block,Testing Kit,1,Telecom Technician,No,No,No,,High,Minor operational impact,7698.25,0.315,,
REQ-0001484,2026-10-11,SMMS,S&T,Corrective,AST-000175,Axle Counter,High,Poor,0.461,0,COR-03,SEC-06,152.18,152.241,Up,Yard,Communication equipment maintenance,30,15,15,60,2026-10-11 18:51,2026-10-11 19:15,2026-10-11 20:15,2026-10-15 22:15,Line Block,Signal Testing Kit,2,Signal Technician,Yes,No,Yes,Engineering;TD,High,Line closure,13451.76,0.488,,
REQ-0001485,2026-10-10,SMMS,S&T,Preventive,AST-000141,Telecom,High,Fair,0.132,103,COR-02,SEC-03,290.83,291.103,Down,Loop Line,Track circuit inspection,150,30,10,190,2026-10-10 00:53,2026-10-10 03:15,2026-10-10 06:25,2026-10-14 06:25,Line Block,Signal Testing Kit,1,Telecom Technician,Yes,Yes,Yes,Engineering,High,Speed restriction,14474.07,0.474,,
REQ-0001486,2026-10-02,TDMS,TD,Corrective,AST-000259,Sectioning Post,Medium,Poor,0.306,110,COR-03,SEC-06,186.49,186.829,Up,Main Line,Traction equipment maintenance,45,10,30,85,2026-10-02 04:55,2026-10-02 06:30,2026-10-02 07:55,2026-10-04 07:55,Power Block,Maintenance Van,1,OHE Authorized Supervisor,Yes,No,Yes,S&T,Critical,Minor operational impact,7303.52,0.464,REQ-0000856,Testing before restoration
REQ-0001487,2026-11-19,SMMS,S&T,Corrective,AST-000477,Relay Room,Medium,Poor,0.357,131,COR-04,SEC-08,389.84,389.955,Up,Loop Line,Interlocking equipment testing,120,10,30,160,2026-11-19 18:57,2026-11-19 20:00,2026-11-19 22:40,2026-11-25 02:40,Power Block,Signal Testing Kit,1,S&T Supervisor,Yes,Yes,Yes,Engineering;TD,Medium,Operational delay,7222.2,0.503,,
REQ-0001488,2026-11-13,TDMS,TD,Inspection,AST-000282,OHE Mast,Medium,Fair,0.055,199,COR-01,SEC-02,240.588,240.622,Up,Main Line,Traction equipment maintenance,120,20,10,150,2026-11-13 01:27,2026-11-13 04:00,2026-11-13 06:30,2026-11-16 13:30,Power Block,Maintenance Van,2,OHE Authorized Supervisor,Yes,Yes,Yes,S&T,High,Line closure,9935.27,0.437,,
REQ-0001489,2026-11-23,TDMS,TD,Preventive,AST-000208,OHE,High,Fair,0.218,216,COR-03,SEC-05,141.537,141.569,Both Lines,Loop Line,OHE inspection,150,30,10,190,2026-11-22 22:04,2026-11-23 01:00,2026-11-23 04:10,2026-11-25 11:10,Power Block,Electrical Testing Kit,1,OHE Authorized Supervisor,No,No,No,,Medium,Line closure,12788.12,0.585,,
REQ-0001490,2026-11-07,SMMS,S&T,Preventive,AST-000188,Interlocking Equipment,Medium,Poor,0.497,0,COR-04,SEC-07,354.56,354.709,Down,Main Line,Signal equipment inspection,45,10,20,75,2026-11-07 00:04,2026-11-07 00:15,2026-11-07 01:30,2026-11-08 02:30,Caution Order,Signal Testing Kit,1,Interlocking Technician,Yes,Yes,Yes,Engineering;TD,Low,Minor operational impact,9333.93,0.369,,
REQ-0001491,2026-11-23,TMS,Engineering,Preventive,AST-000293,Track,Medium,Poor,0.342,0,COR-03,SEC-05,145.767,145.867,Down,Yard,Track alignment correction,180,20,10,210,2026-11-23 00:27,2026-11-23 02:30,2026-11-23 06:00,2026-11-28 11:00,Caution Order,Maintenance Van,1,Track Machine Operator,Yes,Yes,Yes,S&T;TD,Medium,Minor operational impact,9710.37,0.323,,
REQ-0001492,2026-09-29,TDMS,TD,Corrective,AST-000104,OHE Mast,High,Good,0.117,242,COR-01,SEC-02,250.483,250.663,Down,Loop Line,Electrical isolation testing,75,10,10,95,2026-09-29 01:58,2026-09-29 04:30,2026-09-29 06:05,2026-09-30 11:05,Power Block,Electrical Testing Kit,1,OHE Authorized Supervisor,No,No,No,,High,Line closure,12612.05,0.585,,
REQ-0001493,2026-10-05,SMMS,S&T,Preventive,AST-000369,Axle Counter,High,Excellent,0.258,268,COR-04,SEC-08,400.69,400.872,Up,Loop Line,Signal equipment replacement,75,30,10,115,2026-10-04 22:10,2026-10-05 00:30,2026-10-05 02:25,2026-10-06 09:25,Full Block,Signal Testing Kit,1,Signal Technician,Yes,Yes,Yes,Engineering;TD,Medium,Speed restriction,12030.67,0.597,,
REQ-0001494,2026-10-16,TMS,Engineering,Inspection,AST-000183,Point Machine,Low,Poor,0.386,176,COR-01,SEC-02,247.827,248.107,Down,Loop Line,Ballast maintenance,45,30,30,105,2026-10-16 03:02,2026-10-16 04:45,2026-10-16 06:30,2026-10-18 12:30,Full Block,Inspection Vehicle,1,Bridge Inspector,Yes,Yes,Yes,S&T;TD,High,Failure risk,7872.1,0.431,REQ-0000406,Access preparation before maintenance
REQ-0001495,2026-11-15,TMS,Engineering,Preventive,AST-000280,Level Crossing,Medium,Fair,0.532,170,COR-02,SEC-04,293.353,293.452,Up,Yard,Track alignment correction,180,30,10,220,2026-11-14 22:08,2026-11-15 00:30,2026-11-15 04:10,2026-11-17 06:10,Power Block,Crane,1,P.Way Technician,Yes,Yes,No,TD,Medium,Minor operational impact,11339.55,0.568,,
REQ-0001496,2026-10-21,TMS,Engineering,Preventive,AST-000395,Point Machine,Medium,Excellent,0.342,114,COR-04,SEC-08,388.437,388.605,Down,Loop Line,Ballast maintenance,75,15,30,120,2026-10-20 23:07,2026-10-21 02:00,2026-10-21 04:00,2026-10-22 06:00,Line Block,Inspection Vehicle,1,P.Way Technician,Yes,No,Yes,S&T,Medium,Failure risk,9075.55,0.449,,
REQ-0001497,2026-10-29,TMS,Engineering,Corrective,AST-000049,Track Machine,Medium,Good,0.227,30,COR-03,SEC-05,130.012,130.39,Down,Main Line,Track alignment correction,90,10,20,120,2026-10-29 01:56,2026-10-29 03:30,2026-10-29 05:30,2026-11-03 08:30,Caution Order,Inspection Vehicle,2,Track Supervisor,Yes,No,Yes,S&T,Medium,Speed restriction,10725.11,0.351,,
REQ-0001498,2026-11-05,TDMS,TD,Preventive,AST-000277,Switching Station,Critical,Poor,0.774,174,COR-04,SEC-08,409.103,409.161,Down,Yard,Electrical isolation testing,180,15,15,210,2026-11-05 06:38,2026-11-05 08:00,2026-11-05 11:30,2026-11-07 18:30,Full Block,Electrical Testing Kit,1,Traction Technician,Yes,No,Yes,S&T,High,Failure risk,16185.59,0.846,,
REQ-0001499,2026-11-15,TDMS,TD,Corrective,AST-000003,OHE,Medium,Fair,0.155,125,COR-01,SEC-02,185.105,185.28,Down,Yard,OHE mast inspection,180,30,10,220,2026-11-15 02:52,2026-11-15 03:45,2026-11-15 07:25,2026-11-20 07:25,Power Block,OHE Tower Wagon,1,OHE Technician,Yes,Yes,Yes,,Critical,Failure risk,7691.82,0.435,,
REQ-0001500,2026-10-25,TDMS,TD,Corrective,AST-000081,Sectioning Post,High,Good,0.201,0,COR-02,SEC-04,312.275,312.338,Both Lines,Loop Line,Traction equipment maintenance,45,10,10,65,2026-10-25 15:48,2026-10-25 18:15,2026-10-25 19:20,2026-10-26 22:20,Full Block,OHE Tower Wagon,1,Traction Technician,Yes,No,Yes,,High,Minor operational impact,7761.82,0.41,,
