train_id,movement_date,train_type,corridor_id,route_section,line,direction,scheduled_start,scheduled_end,train_priority,is_goods_train,goods_train_forecast_status,forecast_confidence
TRN-0000001,2026-09-28,Express,COR-01,SEC-01,Up,Increasing KM,2026-09-28 05:37,2026-09-28 06:29,High,False,Not Applicable,1.0
TRN-0000002,2026-09-28,Goods,COR-01,SEC-02,Up,Increasing KM,2026-09-28 07:08,2026-09-28 07:47,Medium,True,Scheduled,0.83
TRN-0000003,2026-09-28,Passenger,COR-01,SEC-02,Up,Increasing KM,2026-09-28 08:25,2026-09-28 08:51,High,False,Not Applicable,1.0
TRN-0000004,2026-09-28,Passenger,COR-01,SEC-01,Up,Increasing KM,2026-09-28 09:48,2026-09-28 10:35,High,False,Not Applicable,1.0
TRN-0000005,2026-09-28,Passenger,COR-01,SEC-01,Up,Increasing KM,2026-09-28 11:29,2026-09-28 12:18,High,False,Not Applicable,1.0
TRN-0000006,2026-09-28,Passenger,COR-01,SEC-02,Up,Increasing KM,2026-09-28 13:03,2026-09-28 13:30,High,False,Not Applicable,1.0
TRN-0000007,2026-09-28,Express,COR-01,SEC-01,Up,Increasing KM,2026-09-28 14:29,2026-09-28 15:23,High,False,Not Applicable,1.0
TRN-0000008,2026-09-28,Express,COR-01,SEC-01,Up,Increasing KM,2026-09-28 16:11,2026-09-28 16:43,High,False,Not Applicable,1.0
TRN-0000009,2026-09-28,Express,COR-01,SEC-02,Up,Increasing KM,2026-09-28 17:38,2026-09-28 18:35,High,False,Not Applicable,1.0
TRN-0000010,2026-09-28,MEMU,COR-01,SEC-01,Up,Increasing KM,2026-09-28 19:07,2026-09-28 19:51,Medium,False,Not Applicable,1.0
TRN-0000011,2026-09-28,Goods,COR-01,SEC-01,Up,Increasing KM,2026-09-28 20:18,2026-09-28 20:54,Medium,True,Forecasted,0.93
TRN-0000012,2026-09-28,Superfast,COR-01,SEC-02,Up,Increasing KM,2026-09-28 22:09,2026-09-28 22:36,Critical,False,Not Applicable,1.0
TRN-0000013,2026-09-28,Superfast,COR-01,SEC-02,Down,Decreasing KM,2026-09-28 05:23,2026-09-28 06:12,Critical,False,Not Applicable,1.0
TRN-0000014,2026-09-28,MEMU,COR-01,SEC-02,Down,Decreasing KM,2026-09-28 07:11,2026-09-28 07:38,Medium,False,Not Applicable,1.0
TRN-0000015,2026-09-28,MEMU,COR-01,SEC-02,Down,Decreasing KM,2026-09-28 08:41,2026-09-28 09:15,Medium,False,Not Applicable,1.0
TRN-0000016,2026-09-28,Superfast,COR-01,SEC-02,Down,Decreasing KM,2026-09-28 09:50,2026-09-28 10:15,Critical,False,Not Applicable,1.0
TRN-0000017,2026-09-28,Superfast,COR-01,SEC-01,Down,Decreasing KM,2026-09-28 11:34,2026-09-28 12:33,Critical,False,Not Applicable,1.0
TRN-0000018,2026-09-28,MEMU,COR-01,SEC-02,Down,Decreasing KM,2026-09-28 13:11,2026-09-28 13:36,Medium,False,Not Applicable,1.0
TRN-0000019,2026-09-28,Superfast,COR-01,SEC-01,Down,Decreasing KM,2026-09-28 14:26,2026-09-28 15:19,Critical,False,Not Applicable,1.0
TRN-0000020,2026-09-28,MEMU,COR-01,SEC-02,Down,Decreasing KM,2026-09-28 15:49,2026-09-28 16:32,Medium,False,Not Applicable,1.0
TRN-0000021,2026-09-28,Goods,COR-01,SEC-01,Down,Decreasing KM,2026-09-28 17:39,2026-09-28 18:24,Medium,True,Forecasted,0.69
TRN-0000022,2026-09-28,Goods,COR-01,SEC-02,Down,Decreasing KM,2026-09-28 18:59,2026-09-28 19:53,Medium,True,Forecasted,0.73
TRN-0000023,2026-09-28,Express,COR-01,SEC-02,Down,Decreasing KM,2026-09-28 20:18,2026-09-28 21:02,High,False,Not Applicable,1.0
TRN-0000024,2026-09-28,Superfast,COR-01,SEC-02,Down,Decreasing KM,2026-09-28 22:09,2026-09-28 23:00,Critical,False,Not Applicable,1.0
TRN-0000025,2026-09-28,Passenger,COR-02,SEC-04,Up,Increasing KM,2026-09-28 05:26,2026-09-28 06:26,High,False,Not Applicable,1.0
TRN-0000026,2026-09-28,MEMU,COR-02,SEC-04,Up,Increasing KM,2026-09-28 07:11,2026-09-28 07:38,Medium,False,Not Applicable,1.0
TRN-0000027,2026-09-28,Goods,COR-02,SEC-03,Up,Increasing KM,2026-09-28 08:42,2026-09-28 09:32,Medium,True,Forecasted,0.94
TRN-0000028,2026-09-28,Passenger,COR-02,SEC-04,Up,Increasing KM,2026-09-28 10:07,2026-09-28 10:55,High,False,Not Applicable,1.0
TRN-0000029,2026-09-28,MEMU,COR-02,SEC-03,Up,Increasing KM,2026-09-28 11:29,2026-09-28 12:02,Medium,False,Not Applicable,1.0
TRN-0000030,2026-09-28,Express,COR-02,SEC-04,Up,Increasing KM,2026-09-28 13:09,2026-09-28 13:58,High,False,Not Applicable,1.0
TRN-0000031,2026-09-28,Superfast,COR-02,SEC-04,Up,Increasing KM,2026-09-28 14:36,2026-09-28 15:31,Critical,False,Not Applicable,1.0
TRN-0000032,2026-09-28,Passenger,COR-02,SEC-04,Up,Increasing KM,2026-09-28 16:00,2026-09-28 16:59,High,False,Not Applicable,1.0
TRN-0000033,2026-09-28,MEMU,COR-02,SEC-04,Up,Increasing KM,2026-09-28 17:29,2026-09-28 18:12,Medium,False,Not Applicable,1.0
TRN-0000034,2026-09-28,Passenger,COR-02,SEC-03,Up,Increasing KM,2026-09-28 19:08,2026-09-28 19:44,High,False,Not Applicable,1.0
TRN-0000035,2026-09-28,Passenger,COR-02,SEC-03,Up,Increasing KM,2026-09-28 20:31,2026-09-28 21:21,High,False,Not Applicable,1.0
TRN-0000036,2026-09-28,Superfast,COR-02,SEC-03,Up,Increasing KM,2026-09-28 21:52,2026-09-28 22:34,Critical,False,Not Applicable,1.0
TRN-0000037,2026-09-28,Passenger,COR-02,SEC-04,Down,Decreasing KM,2026-09-28 05:33,2026-09-28 06:19,High,False,Not Applicable,1.0
TRN-0000038,2026-09-28,Goods,COR-02,SEC-03,Down,Decreasing KM,2026-09-28 07:06,2026-09-28 07:35,Medium,True,Forecasted,0.84
TRN-0000039,2026-09-28,Goods,COR-02,SEC-03,Down,Decreasing KM,2026-09-28 08:35,2026-09-28 09:15,Medium,True,Forecasted,0.74
TRN-0000040,2026-09-28,Passenger,COR-02,SEC-03,Down,Decreasing KM,2026-09-28 09:54,2026-09-28 10:24,High,False,Not Applicable,1.0
TRN-0000041,2026-09-28,Express,COR-02,SEC-04,Down,Decreasing KM,2026-09-28 11:36,2026-09-28 12:32,High,False,Not Applicable,1.0
TRN-0000042,2026-09-28,Express,COR-02,SEC-03,Down,Decreasing KM,2026-09-28 13:01,2026-09-28 13:30,High,False,Not Applicable,1.0
TRN-0000043,2026-09-28,Goods,COR-02,SEC-04,Down,Decreasing KM,2026-09-28 14:41,2026-09-28 15:20,Medium,True,Forecasted,0.84
TRN-0000044,2026-09-28,Express,COR-02,SEC-03,Down,Decreasing KM,2026-09-28 16:04,2026-09-28 16:47,High,False,Not Applicable,1.0
TRN-0000045,2026-09-28,MEMU,COR-02,SEC-03,Down,Decreasing KM,2026-09-28 17:40,2026-09-28 18:12,Medium,False,Not Applicable,1.0
TRN-0000046,2026-09-28,Superfast,COR-02,SEC-03,Down,Decreasing KM,2026-09-28 19:12,2026-09-28 19:43,Critical,False,Not Applicable,1.0
TRN-0000047,2026-09-28,Superfast,COR-02,SEC-03,Down,Decreasing KM,2026-09-28 20:42,2026-09-28 21:22,Critical,False,Not Applicable,1.0
TRN-0000048,2026-09-28,MEMU,COR-02,SEC-03,Down,Decreasing KM,2026-09-28 22:06,2026-09-28 22:57,Medium,False,Not Applicable,1.0
TRN-0000049,2026-09-28,Express,COR-03,SEC-05,Up,Increasing KM,2026-09-28 05:36,2026-09-28 06:08,High,False,Not Applicable,1.0
TRN-0000050,2026-09-28,MEMU,COR-03,SEC-05,Up,Increasing KM,2026-09-28 06:52,2026-09-28 07:33,Medium,False,Not Applicable,1.0
TRN-0000051,2026-09-28,MEMU,COR-03,SEC-06,Up,Increasing KM,2026-09-28 08:36,2026-09-28 09:04,Medium,False,Not Applicable,1.0
TRN-0000052,2026-09-28,Goods,COR-03,SEC-05,Up,Increasing KM,2026-09-28 10:10,2026-09-28 11:05,Medium,True,Scheduled,0.75
TRN-0000053,2026-09-28,MEMU,COR-03,SEC-06,Up,Increasing KM,2026-09-28 11:23,2026-09-28 12:06,Medium,False,Not Applicable,1.0
TRN-0000054,2026-09-28,MEMU,COR-03,SEC-05,Up,Increasing KM,2026-09-28 12:48,2026-09-28 13:18,Medium,False,Not Applicable,1.0
TRN-0000055,2026-09-28,Passenger,COR-03,SEC-05,Up,Increasing KM,2026-09-28 14:41,2026-09-28 15:35,High,False,Not Applicable,1.0
TRN-0000056,2026-09-28,MEMU,COR-03,SEC-06,Up,Increasing KM,2026-09-28 16:01,2026-09-28 16:51,Medium,False,Not Applicable,1.0
TRN-0000057,2026-09-28,Passenger,COR-03,SEC-06,Up,Increasing KM,2026-09-28 17:37,2026-09-28 18:07,High,False,Not Applicable,1.0
TRN-0000058,2026-09-28,MEMU,COR-03,SEC-05,Up,Increasing KM,2026-09-28 18:56,2026-09-28 19:41,Medium,False,Not Applicable,1.0
TRN-0000059,2026-09-28,Goods,COR-03,SEC-06,Up,Increasing KM,2026-09-28 20:25,2026-09-28 21:09,Medium,True,Forecasted,0.82
TRN-0000060,2026-09-28,Passenger,COR-03,SEC-05,Up,Increasing KM,2026-09-28 21:53,2026-09-28 22:25,High,False,Not Applicable,1.0
TRN-0000061,2026-09-28,Express,COR-03,SEC-06,Down,Decreasing KM,2026-09-28 05:24,2026-09-28 06:19,High,False,Not Applicable,1.0
TRN-0000062,2026-09-28,Superfast,COR-03,SEC-05,Down,Decreasing KM,2026-09-28 07:04,2026-09-28 07:57,Critical,False,Not Applicable,1.0
TRN-0000063,2026-09-28,Passenger,COR-03,SEC-06,Down,Decreasing KM,2026-09-28 08:19,2026-09-28 09:08,High,False,Not Applicable,1.0
TRN-0000064,2026-09-28,Goods,COR-03,SEC-05,Down,Decreasing KM,2026-09-28 09:56,2026-09-28 10:49,Medium,True,Forecasted,0.66
TRN-0000065,2026-09-28,Passenger,COR-03,SEC-06,Down,Decreasing KM,2026-09-28 11:31,2026-09-28 12:17,High,False,Not Applicable,1.0
TRN-0000066,2026-09-28,Goods,COR-03,SEC-06,Down,Decreasing KM,2026-09-28 12:58,2026-09-28 13:32,Medium,True,Forecasted,0.85
TRN-0000067,2026-09-28,Passenger,COR-03,SEC-05,Down,Decreasing KM,2026-09-28 14:33,2026-09-28 15:17,High,False,Not Applicable,1.0
TRN-0000068,2026-09-28,Passenger,COR-03,SEC-05,Down,Decreasing KM,2026-09-28 15:52,2026-09-28 16:50,High,False,Not Applicable,1.0
TRN-0000069,2026-09-28,Express,COR-03,SEC-05,Down,Decreasing KM,2026-09-28 17:29,2026-09-28 18:11,High,False,Not Applicable,1.0
TRN-0000070,2026-09-28,Passenger,COR-03,SEC-06,Down,Decreasing KM,2026-09-28 19:06,2026-09-28 19:44,High,False,Not Applicable,1.0
TRN-0000071,2026-09-28,Passenger,COR-03,SEC-06,Down,Decreasing KM,2026-09-28 20:26,2026-09-28 21:04,High,False,Not Applicable,1.0
TRN-0000072,2026-09-28,MEMU,COR-03,SEC-06,Down,Decreasing KM,2026-09-28 21:51,2026-09-28 22:47,Medium,False,Not Applicable,1.0
TRN-0000073,2026-09-28,Superfast,COR-04,SEC-07,Up,Increasing KM,2026-09-28 05:36,2026-09-28 06:34,Critical,False,Not Applicable,1.0
TRN-0000074,2026-09-28,Passenger,COR-04,SEC-08,Up,Increasing KM,2026-09-28 06:52,2026-09-28 07:44,High,False,Not Applicable,1.0
TRN-0000075,2026-09-28,Goods,COR-04,SEC-07,Up,Increasing KM,2026-09-28 08:30,2026-09-28 09:29,Medium,True,Forecasted,0.65
TRN-0000076,2026-09-28,Superfast,COR-04,SEC-08,Up,Increasing KM,2026-09-28 09:57,2026-09-28 10:41,Critical,False,Not Applicable,1.0
TRN-0000077,2026-09-28,Express,COR-04,SEC-08,Up,Increasing KM,2026-09-28 11:34,2026-09-28 12:23,High,False,Not Applicable,1.0
TRN-0000078,2026-09-28,Goods,COR-04,SEC-08,Up,Increasing KM,2026-09-28 12:49,2026-09-28 13:32,Medium,True,Forecasted,0.71
TRN-0000079,2026-09-28,Goods,COR-04,SEC-08,Up,Increasing KM,2026-09-28 14:35,2026-09-28 15:18,Medium,True,Forecasted,0.85
TRN-0000080,2026-09-28,Express,COR-04,SEC-07,Up,Increasing KM,2026-09-28 16:06,2026-09-28 16:53,High,False,Not Applicable,1.0
TRN-0000081,2026-09-28,Passenger,COR-04,SEC-07,Up,Increasing KM,2026-09-28 17:23,2026-09-28 17:57,High,False,Not Applicable,1.0
TRN-0000082,2026-09-28,Express,COR-04,SEC-08,Up,Increasing KM,2026-09-28 18:51,2026-09-28 19:29,High,False,Not Applicable,1.0
TRN-0000083,2026-09-28,Goods,COR-04,SEC-08,Up,Increasing KM,2026-09-28 20:33,2026-09-28 21:17,Medium,True,Forecasted,0.73
TRN-0000084,2026-09-28,Express,COR-04,SEC-08,Up,Increasing KM,2026-09-28 21:54,2026-09-28 22:25,High,False,Not Applicable,1.0
TRN-0000085,2026-09-28,Goods,COR-04,SEC-07,Down,Decreasing KM,2026-09-28 05:25,2026-09-28 05:50,Medium,True,Scheduled,0.73
TRN-0000086,2026-09-28,Goods,COR-04,SEC-07,Down,Decreasing KM,2026-09-28 06:48,2026-09-28 07:33,Medium,True,Forecasted,0.75
TRN-0000087,2026-09-28,Superfast,COR-04,SEC-08,Down,Decreasing KM,2026-09-28 08:42,2026-09-28 09:23,Critical,False,Not Applicable,1.0
TRN-0000088,2026-09-28,Passenger,COR-04,SEC-07,Down,Decreasing KM,2026-09-28 09:55,2026-09-28 10:21,High,False,Not Applicable,1.0
TRN-0000089,2026-09-28,Passenger,COR-04,SEC-07,Down,Decreasing KM,2026-09-28 11:38,2026-09-28 12:12,High,False,Not Applicable,1.0
TRN-0000090,2026-09-28,Superfast,COR-04,SEC-07,Down,Decreasing KM,2026-09-28 13:10,2026-09-28 13:46,Critical,False,Not Applicable,1.0
TRN-0000091,2026-09-28,Passenger,COR-04,SEC-08,Down,Decreasing KM,2026-09-28 14:38,2026-09-28 15:08,High,False,Not Applicable,1.0
TRN-0000092,2026-09-28,Passenger,COR-04,SEC-07,Down,Decreasing KM,2026-09-28 16:08,2026-09-28 17:04,High,False,Not Applicable,1.0
TRN-0000093,2026-09-28,Goods,COR-04,SEC-08,Down,Decreasing KM,2026-09-28 17:20,2026-09-28 18:09,Medium,True,Forecasted,0.8
TRN-0000094,2026-09-28,Passenger,COR-04,SEC-08,Down,Decreasing KM,2026-09-28 18:57,2026-09-28 19:54,High,False,Not Applicable,1.0
TRN-0000095,2026-09-28,Goods,COR-04,SEC-08,Down,Decreasing KM,2026-09-28 20:36,2026-09-28 21:25,Medium,True,Forecasted,0.83
TRN-0000096,2026-09-28,Passenger,COR-04,SEC-08,Down,Decreasing KM,2026-09-28 22:02,2026-09-28 22:40,High,False,Not Applicable,1.0
TRN-0000097,2026-09-29,Express,COR-01,SEC-01,Up,Increasing KM,2026-09-29 05:36,2026-09-29 06:09,High,False,Not Applicable,1.0
TRN-0000098,2026-09-29,Superfast,COR-01,SEC-02,Up,Increasing KM,2026-09-29 06:48,2026-09-29 07:25,Critical,False,Not Applicable,1.0
TRN-0000099,2026-09-29,Goods,COR-01,SEC-02,Up,Increasing KM,2026-09-29 08:21,2026-09-29 09:10,Medium,True,Forecasted,0.66
TRN-0000100,2026-09-29,Passenger,COR-01,SEC-01,Up,Increasing KM,2026-09-29 10:09,2026-09-29 10:39,High,False,Not Applicable,1.0
TRN-0000101,2026-09-29,Goods,COR-01,SEC-01,Up,Increasing KM,2026-09-29 11:32,2026-09-29 12:22,Medium,True,Forecasted,0.79
TRN-0000102,2026-09-29,Passenger,COR-01,SEC-02,Up,Increasing KM,2026-09-29 13:12,2026-09-29 14:06,High,False,Not Applicable,1.0
TRN-0000103,2026-09-29,Goods,COR-01,SEC-01,Up,Increasing KM,2026-09-29 14:33,2026-09-29 15:10,Medium,True,Scheduled,0.71
TRN-0000104,2026-09-29,MEMU,COR-01,SEC-01,Up,Increasing KM,2026-09-29 16:04,2026-09-29 16:40,Medium,False,Not Applicable,1.0
TRN-0000105,2026-09-29,MEMU,COR-01,SEC-02,Up,Increasing KM,2026-09-29 17:40,2026-09-29 18:36,Medium,False,Not Applicable,1.0
TRN-0000106,2026-09-29,Passenger,COR-01,SEC-02,Up,Increasing KM,2026-09-29 19:04,2026-09-29 19:34,High,False,Not Applicable,1.0
TRN-0000107,2026-09-29,Passenger,COR-01,SEC-01,Up,Increasing KM,2026-09-29 20:26,2026-09-29 21:12,High,False,Not Applicable,1.0
TRN-0000108,2026-09-29,Goods,COR-01,SEC-02,Up,Increasing KM,2026-09-29 22:01,2026-09-29 22:31,Medium,True,Forecasted,0.98
TRN-0000109,2026-09-29,Express,COR-01,SEC-02,Down,Decreasing KM,2026-09-29 05:40,2026-09-29 06:09,High,False,Not Applicable,1.0
TRN-0000110,2026-09-29,Express,COR-01,SEC-02,Down,Decreasing KM,2026-09-29 06:53,2026-09-29 07:41,High,False,Not Applicable,1.0
TRN-0000111,2026-09-29,Express,COR-01,SEC-01,Down,Decreasing KM,2026-09-29 08:20,2026-09-29 08:58,High,False,Not Applicable,1.0
TRN-0000112,2026-09-29,Superfast,COR-01,SEC-02,Down,Decreasing KM,2026-09-29 10:10,2026-09-29 10:54,Critical,False,Not Applicable,1.0
TRN-0000113,2026-09-29,Passenger,COR-01,SEC-02,Down,Decreasing KM,2026-09-29 11:41,2026-09-29 12:38,High,False,Not Applicable,1.0
TRN-0000114,2026-09-29,Superfast,COR-01,SEC-01,Down,Decreasing KM,2026-09-29 12:54,2026-09-29 13:27,Critical,False,Not Applicable,1.0
TRN-0000115,2026-09-29,Goods,COR-01,SEC-01,Down,Decreasing KM,2026-09-29 14:18,2026-09-29 15:06,Medium,True,Scheduled,0.8
TRN-0000116,2026-09-29,MEMU,COR-01,SEC-02,Down,Decreasing KM,2026-09-29 16:04,2026-09-29 16:58,Medium,False,Not Applicable,1.0
TRN-0000117,2026-09-29,Goods,COR-01,SEC-02,Down,Decreasing KM,2026-09-29 17:19,2026-09-29 18:15,Medium,True,Forecasted,0.73
TRN-0000118,2026-09-29,Superfast,COR-01,SEC-01,Down,Decreasing KM,2026-09-29 18:49,2026-09-29 19:36,Critical,False,Not Applicable,1.0
TRN-0000119,2026-09-29,Passenger,COR-01,SEC-02,Down,Decreasing KM,2026-09-29 20:41,2026-09-29 21:20,High,False,Not Applicable,1.0
TRN-0000120,2026-09-29,Passenger,COR-01,SEC-01,Down,Decreasing KM,2026-09-29 22:00,2026-09-29 22:56,High,False,Not Applicable,1.0
TRN-0000121,2026-09-29,MEMU,COR-02,SEC-03,Up,Increasing KM,2026-09-29 05:33,2026-09-29 06:29,Medium,False,Not Applicable,1.0
TRN-0000122,2026-09-29,Passenger,COR-02,SEC-04,Up,Increasing KM,2026-09-29 06:55,2026-09-29 07:50,High,False,Not Applicable,1.0
TRN-0000123,2026-09-29,Superfast,COR-02,SEC-03,Up,Increasing KM,2026-09-29 08:26,2026-09-29 08:58,Critical,False,Not Applicable,1.0
TRN-0000124,2026-09-29,Passenger,COR-02,SEC-03,Up,Increasing KM,2026-09-29 10:07,2026-09-29 11:07,High,False,Not Applicable,1.0
TRN-0000125,2026-09-29,Passenger,COR-02,SEC-03,Up,Increasing KM,2026-09-29 11:22,2026-09-29 12:13,High,False,Not Applicable,1.0
TRN-0000126,2026-09-29,Express,COR-02,SEC-03,Up,Increasing KM,2026-09-29 12:50,2026-09-29 13:18,High,False,Not Applicable,1.0
TRN-0000127,2026-09-29,Passenger,COR-02,SEC-03,Up,Increasing KM,2026-09-29 14:37,2026-09-29 15:02,High,False,Not Applicable,1.0
TRN-0000128,2026-09-29,Express,COR-02,SEC-03,Up,Increasing KM,2026-09-29 15:55,2026-09-29 16:29,High,False,Not Applicable,1.0
TRN-0000129,2026-09-29,Superfast,COR-02,SEC-03,Up,Increasing KM,2026-09-29 17:37,2026-09-29 18:02,Critical,False,Not Applicable,1.0
TRN-0000130,2026-09-29,Passenger,COR-02,SEC-04,Up,Increasing KM,2026-09-29 19:01,2026-09-29 19:38,High,False,Not Applicable,1.0
TRN-0000131,2026-09-29,Passenger,COR-02,SEC-04,Up,Increasing KM,2026-09-29 20:42,2026-09-29 21:42,High,False,Not Applicable,1.0
TRN-0000132,2026-09-29,Superfast,COR-02,SEC-04,Up,Increasing KM,2026-09-29 22:01,2026-09-29 22:43,Critical,False,Not Applicable,1.0
TRN-0000133,2026-09-29,Passenger,COR-02,SEC-03,Down,Decreasing KM,2026-09-29 05:18,2026-09-29 06:11,High,False,Not Applicable,1.0
TRN-0000134,2026-09-29,MEMU,COR-02,SEC-03,Down,Decreasing KM,2026-09-29 07:00,2026-09-29 07:41,Medium,False,Not Applicable,1.0
TRN-0000135,2026-09-29,Express,COR-02,SEC-04,Down,Decreasing KM,2026-09-29 08:23,2026-09-29 08:48,High,False,Not Applicable,1.0
TRN-0000136,2026-09-29,Passenger,COR-02,SEC-03,Down,Decreasing KM,2026-09-29 10:09,2026-09-29 10:38,High,False,Not Applicable,1.0
TRN-0000137,2026-09-29,Superfast,COR-02,SEC-04,Down,Decreasing KM,2026-09-29 11:20,2026-09-29 12:01,Critical,False,Not Applicable,1.0
TRN-0000138,2026-09-29,Superfast,COR-02,SEC-03,Down,Decreasing KM,2026-09-29 13:07,2026-09-29 13:46,Critical,False,Not Applicable,1.0
TRN-0000139,2026-09-29,MEMU,COR-02,SEC-04,Down,Decreasing KM,2026-09-29 14:29,2026-09-29 15:22,Medium,False,Not Applicable,1.0
TRN-0000140,2026-09-29,Goods,COR-02,SEC-04,Down,Decreasing KM,2026-09-29 15:48,2026-09-29 16:27,Medium,True,Forecasted,0.9
TRN-0000141,2026-09-29,Goods,COR-02,SEC-04,Down,Decreasing KM,2026-09-29 17:34,2026-09-29 18:03,Medium,True,Forecasted,0.82
TRN-0000142,2026-09-29,Passenger,COR-02,SEC-04,Down,Decreasing KM,2026-09-29 18:59,2026-09-29 19:35,High,False,Not Applicable,1.0
TRN-0000143,2026-09-29,Passenger,COR-02,SEC-04,Down,Decreasing KM,2026-09-29 20:37,2026-09-29 21:32,High,False,Not Applicable,1.0
TRN-0000144,2026-09-29,Passenger,COR-02,SEC-03,Down,Decreasing KM,2026-09-29 22:03,2026-09-29 22:59,High,False,Not Applicable,1.0
TRN-0000145,2026-09-29,Express,COR-03,SEC-05,Up,Increasing KM,2026-09-29 05:42,2026-09-29 06:42,High,False,Not Applicable,1.0
TRN-0000146,2026-09-29,Goods,COR-03,SEC-05,Up,Increasing KM,2026-09-29 06:51,2026-09-29 07:24,Medium,True,Forecasted,0.79
TRN-0000147,2026-09-29,Superfast,COR-03,SEC-06,Up,Increasing KM,2026-09-29 08:32,2026-09-29 09:31,Critical,False,Not Applicable,1.0
TRN-0000148,2026-09-29,Superfast,COR-03,SEC-05,Up,Increasing KM,2026-09-29 09:50,2026-09-29 10:42,Critical,False,Not Applicable,1.0
TRN-0000149,2026-09-29,Express,COR-03,SEC-06,Up,Increasing KM,2026-09-29 11:23,2026-09-29 12:21,High,False,Not Applicable,1.0
TRN-0000150,2026-09-29,Passenger,COR-03,SEC-05,Up,Increasing KM,2026-09-29 12:55,2026-09-29 13:50,High,False,Not Applicable,1.0
TRN-0000151,2026-09-29,MEMU,COR-03,SEC-06,Up,Increasing KM,2026-09-29 14:34,2026-09-29 15:13,Medium,False,Not Applicable,1.0
TRN-0000152,2026-09-29,Passenger,COR-03,SEC-05,Up,Increasing KM,2026-09-29 15:58,2026-09-29 16:49,High,False,Not Applicable,1.0
TRN-0000153,2026-09-29,Passenger,COR-03,SEC-06,Up,Increasing KM,2026-09-29 17:39,2026-09-29 18:05,High,False,Not Applicable,1.0
TRN-0000154,2026-09-29,Goods,COR-03,SEC-05,Up,Increasing KM,2026-09-29 18:55,2026-09-29 19:40,Medium,True,Forecasted,0.87
TRN-0000155,2026-09-29,MEMU,COR-03,SEC-05,Up,Increasing KM,2026-09-29 20:33,2026-09-29 21:28,Medium,False,Not Applicable,1.0
TRN-0000156,2026-09-29,Goods,COR-03,SEC-05,Up,Increasing KM,2026-09-29 22:07,2026-09-29 22:40,Medium,True,Forecasted,0.9
TRN-0000157,2026-09-29,Express,COR-03,SEC-06,Down,Decreasing KM,2026-09-29 05:33,2026-09-29 06:13,High,False,Not Applicable,1.0
TRN-0000158,2026-09-29,Express,COR-03,SEC-05,Down,Decreasing KM,2026-09-29 06:55,2026-09-29 07:51,High,False,Not Applicable,1.0
TRN-0000159,2026-09-29,Passenger,COR-03,SEC-05,Down,Decreasing KM,2026-09-29 08:33,2026-09-29 09:23,High,False,Not Applicable,1.0
TRN-0000160,2026-09-29,MEMU,COR-03,SEC-05,Down,Decreasing KM,2026-09-29 10:04,2026-09-29 10:34,Medium,False,Not Applicable,1.0
TRN-0000161,2026-09-29,Goods,COR-03,SEC-06,Down,Decreasing KM,2026-09-29 11:39,2026-09-29 12:07,Medium,True,Forecasted,0.66
TRN-0000162,2026-09-29,MEMU,COR-03,SEC-05,Down,Decreasing KM,2026-09-29 13:00,2026-09-29 13:38,Medium,False,Not Applicable,1.0
TRN-0000163,2026-09-29,Express,COR-03,SEC-05,Down,Decreasing KM,2026-09-29 14:30,2026-09-29 15:09,High,False,Not Applicable,1.0
TRN-0000164,2026-09-29,Superfast,COR-03,SEC-06,Down,Decreasing KM,2026-09-29 16:00,2026-09-29 17:00,Critical,False,Not Applicable,1.0
TRN-0000165,2026-09-29,Express,COR-03,SEC-06,Down,Decreasing KM,2026-09-29 17:20,2026-09-29 18:09,High,False,Not Applicable,1.0
TRN-0000166,2026-09-29,Express,COR-03,SEC-06,Down,Decreasing KM,2026-09-29 18:50,2026-09-29 19:32,High,False,Not Applicable,1.0
TRN-0000167,2026-09-29,Express,COR-03,SEC-06,Down,Decreasing KM,2026-09-29 20:18,2026-09-29 20:48,High,False,Not Applicable,1.0
TRN-0000168,2026-09-29,Express,COR-03,SEC-06,Down,Decreasing KM,2026-09-29 22:04,2026-09-29 22:41,High,False,Not Applicable,1.0
TRN-0000169,2026-09-29,Goods,COR-04,SEC-08,Up,Increasing KM,2026-09-29 05:31,2026-09-29 06:13,Medium,True,Forecasted,0.87
TRN-0000170,2026-09-29,MEMU,COR-04,SEC-08,Up,Increasing KM,2026-09-29 06:54,2026-09-29 07:43,Medium,False,Not Applicable,1.0
TRN-0000171,2026-09-29,Express,COR-04,SEC-07,Up,Increasing KM,2026-09-29 08:35,2026-09-29 09:12,High,False,Not Applicable,1.0
TRN-0000172,2026-09-29,Superfast,COR-04,SEC-07,Up,Increasing KM,2026-09-29 10:12,2026-09-29 10:46,Critical,False,Not Applicable,1.0
TRN-0000173,2026-09-29,Goods,COR-04,SEC-07,Up,Increasing KM,2026-09-29 11:23,2026-09-29 11:53,Medium,True,Forecasted,0.89
TRN-0000174,2026-09-29,Passenger,COR-04,SEC-08,Up,Increasing KM,2026-09-29 12:54,2026-09-29 13:45,High,False,Not Applicable,1.0
TRN-0000175,2026-09-29,Passenger,COR-04,SEC-07,Up,Increasing KM,2026-09-29 14:21,2026-09-29 15:00,High,False,Not Applicable,1.0
TRN-0000176,2026-09-29,Express,COR-04,SEC-08,Up,Increasing KM,2026-09-29 16:06,2026-09-29 16:31,High,False,Not Applicable,1.0
TRN-0000177,2026-09-29,Superfast,COR-04,SEC-07,Up,Increasing KM,2026-09-29 17:29,2026-09-29 18:07,Critical,False,Not Applicable,1.0
TRN-0000178,2026-09-29,Express,COR-04,SEC-08,Up,Increasing KM,2026-09-29 18:55,2026-09-29 19:45,High,False,Not Applicable,1.0
TRN-0000179,2026-09-29,Passenger,COR-04,SEC-08,Up,Increasing KM,2026-09-29 20:23,2026-09-29 21:11,High,False,Not Applicable,1.0
TRN-0000180,2026-09-29,MEMU,COR-04,SEC-08,Up,Increasing KM,2026-09-29 21:49,2026-09-29 22:49,Medium,False,Not Applicable,1.0
TRN-0000181,2026-09-29,Express,COR-04,SEC-08,Down,Decreasing KM,2026-09-29 05:42,2026-09-29 06:14,High,False,Not Applicable,1.0
TRN-0000182,2026-09-29,Passenger,COR-04,SEC-08,Down,Decreasing KM,2026-09-29 06:54,2026-09-29 07:20,High,False,Not Applicable,1.0
TRN-0000183,2026-09-29,Passenger,COR-04,SEC-07,Down,Decreasing KM,2026-09-29 08:18,2026-09-29 09:05,High,False,Not Applicable,1.0
TRN-0000184,2026-09-29,Superfast,COR-04,SEC-07,Down,Decreasing KM,2026-09-29 09:54,2026-09-29 10:38,Critical,False,Not Applicable,1.0
TRN-0000185,2026-09-29,MEMU,COR-04,SEC-07,Down,Decreasing KM,2026-09-29 11:39,2026-09-29 12:37,Medium,False,Not Applicable,1.0
TRN-0000186,2026-09-29,Goods,COR-04,SEC-08,Down,Decreasing KM,2026-09-29 13:08,2026-09-29 13:53,Medium,True,Forecasted,0.94
TRN-0000187,2026-09-29,Passenger,COR-04,SEC-07,Down,Decreasing KM,2026-09-29 14:20,2026-09-29 15:14,High,False,Not Applicable,1.0
TRN-0000188,2026-09-29,Passenger,COR-04,SEC-07,Down,Decreasing KM,2026-09-29 15:52,2026-09-29 16:22,High,False,Not Applicable,1.0
TRN-0000189,2026-09-29,Passenger,COR-04,SEC-08,Down,Decreasing KM,2026-09-29 17:32,2026-09-29 18:22,High,False,Not Applicable,1.0
TRN-0000190,2026-09-29,Express,COR-04,SEC-08,Down,Decreasing KM,2026-09-29 19:04,2026-09-29 19:42,High,False,Not Applicable,1.0
TRN-0000191,2026-09-29,Superfast,COR-04,SEC-07,Down,Decreasing KM,2026-09-29 20:42,2026-09-29 21:22,Critical,False,Not Applicable,1.0
TRN-0000192,2026-09-29,Passenger,COR-04,SEC-08,Down,Decreasing KM,2026-09-29 22:06,2026-09-29 23:01,High,False,Not Applicable,1.0
TRN-0000193,2026-09-30,Passenger,COR-01,SEC-02,Up,Increasing KM,2026-09-30 05:39,2026-09-30 06:27,High,False,Not Applicable,1.0
TRN-0000194,2026-09-30,Superfast,COR-01,SEC-02,Up,Increasing KM,2026-09-30 06:52,2026-09-30 07:45,Critical,False,Not Applicable,1.0
TRN-0000195,2026-09-30,Passenger,COR-01,SEC-02,Up,Increasing KM,2026-09-30 08:25,2026-09-30 09:24,High,False,Not Applicable,1.0
TRN-0000196,2026-09-30,Goods,COR-01,SEC-01,Up,Increasing KM,2026-09-30 10:08,2026-09-30 11:03,Medium,True,Scheduled,0.87
TRN-0000197,2026-09-30,Passenger,COR-01,SEC-01,Up,Increasing KM,2026-09-30 11:40,2026-09-30 12:24,High,False,Not Applicable,1.0
TRN-0000198,2026-09-30,Superfast,COR-01,SEC-01,Up,Increasing KM,2026-09-30 12:49,2026-09-30 13:41,Critical,False,Not Applicable,1.0
TRN-0000199,2026-09-30,Passenger,COR-01,SEC-02,Up,Increasing KM,2026-09-30 14:38,2026-09-30 15:05,High,False,Not Applicable,1.0
TRN-0000200,2026-09-30,Goods,COR-01,SEC-02,Up,Increasing KM,2026-09-30 16:00,2026-09-30 16:43,Medium,True,Scheduled,0.86
TRN-0000201,2026-09-30,Goods,COR-01,SEC-01,Up,Increasing KM,2026-09-30 17:32,2026-09-30 18:03,Medium,True,Forecasted,0.81
TRN-0000202,2026-09-30,Express,COR-01,SEC-02,Up,Increasing KM,2026-09-30 18:49,2026-09-30 19:45,High,False,Not Applicable,1.0
TRN-0000203,2026-09-30,Express,COR-01,SEC-01,Up,Increasing KM,2026-09-30 20:35,2026-09-30 21:34,High,False,Not Applicable,1.0
TRN-0000204,2026-09-30,MEMU,COR-01,SEC-01,Up,Increasing KM,2026-09-30 22:04,2026-09-30 22:55,Medium,False,Not Applicable,1.0
TRN-0000205,2026-09-30,Passenger,COR-01,SEC-01,Down,Decreasing KM,2026-09-30 05:18,2026-09-30 05:43,High,False,Not Applicable,1.0
TRN-0000206,2026-09-30,Superfast,COR-01,SEC-01,Down,Decreasing KM,2026-09-30 06:53,2026-09-30 07:32,Critical,False,Not Applicable,1.0
TRN-0000207,2026-09-30,Passenger,COR-01,SEC-02,Down,Decreasing KM,2026-09-30 08:28,2026-09-30 09:09,High,False,Not Applicable,1.0
TRN-0000208,2026-09-30,Express,COR-01,SEC-02,Down,Decreasing KM,2026-09-30 09:53,2026-09-30 10:40,High,False,Not Applicable,1.0
TRN-0000209,2026-09-30,Passenger,COR-01,SEC-01,Down,Decreasing KM,2026-09-30 11:21,2026-09-30 11:58,High,False,Not Applicable,1.0
TRN-0000210,2026-09-30,Goods,COR-01,SEC-01,Down,Decreasing KM,2026-09-30 13:12,2026-09-30 14:10,Medium,True,Scheduled,0.87
TRN-0000211,2026-09-30,Express,COR-01,SEC-02,Down,Decreasing KM,2026-09-30 14:39,2026-09-30 15:17,High,False,Not Applicable,1.0
TRN-0000212,2026-09-30,Superfast,COR-01,SEC-02,Down,Decreasing KM,2026-09-30 15:58,2026-09-30 16:48,Critical,False,Not Applicable,1.0
TRN-0000213,2026-09-30,Superfast,COR-01,SEC-01,Down,Decreasing KM,2026-09-30 17:23,2026-09-30 18:14,Critical,False,Not Applicable,1.0
TRN-0000214,2026-09-30,MEMU,COR-01,SEC-01,Down,Decreasing KM,2026-09-30 18:52,2026-09-30 19:28,Medium,False,Not Applicable,1.0
TRN-0000215,2026-09-30,Passenger,COR-01,SEC-02,Down,Decreasing KM,2026-09-30 20:40,2026-09-30 21:38,High,False,Not Applicable,1.0
TRN-0000216,2026-09-30,Passenger,COR-01,SEC-01,Down,Decreasing KM,2026-09-30 21:56,2026-09-30 22:51,High,False,Not Applicable,1.0
TRN-0000217,2026-09-30,Goods,COR-02,SEC-04,Up,Increasing KM,2026-09-30 05:40,2026-09-30 06:30,Medium,True,Forecasted,0.74
TRN-0000218,2026-09-30,MEMU,COR-02,SEC-03,Up,Increasing KM,2026-09-30 06:53,2026-09-30 07:34,Medium,False,Not Applicable,1.0
TRN-0000219,2026-09-30,Passenger,COR-02,SEC-04,Up,Increasing KM,2026-09-30 08:35,2026-09-30 09:20,High,False,Not Applicable,1.0
TRN-0000220,2026-09-30,Passenger,COR-02,SEC-03,Up,Increasing KM,2026-09-30 09:50,2026-09-30 10:19,High,False,Not Applicable,1.0
TRN-0000221,2026-09-30,Superfast,COR-02,SEC-04,Up,Increasing KM,2026-09-30 11:20,2026-09-30 12:02,Critical,False,Not Applicable,1.0
TRN-0000222,2026-09-30,MEMU,COR-02,SEC-04,Up,Increasing KM,2026-09-30 13:12,2026-09-30 13:56,Medium,False,Not Applicable,1.0
TRN-0000223,2026-09-30,Passenger,COR-02,SEC-03,Up,Increasing KM,2026-09-30 14:21,2026-09-30 15:06,High,False,Not Applicable,1.0
TRN-0000224,2026-09-30,Superfast,COR-02,SEC-04,Up,Increasing KM,2026-09-30 16:09,2026-09-30 16:50,Critical,False,Not Applicable,1.0
TRN-0000225,2026-09-30,Goods,COR-02,SEC-04,Up,Increasing KM,2026-09-30 17:28,2026-09-30 18:16,Medium,True,Forecasted,0.96
TRN-0000226,2026-09-30,Express,COR-02,SEC-03,Up,Increasing KM,2026-09-30 18:55,2026-09-30 19:38,High,False,Not Applicable,1.0
TRN-0000227,2026-09-30,Goods,COR-02,SEC-03,Up,Increasing KM,2026-09-30 20:19,2026-09-30 21:11,Medium,True,Scheduled,0.69
TRN-0000228,2026-09-30,Express,COR-02,SEC-04,Up,Increasing KM,2026-09-30 22:04,2026-09-30 22:51,High,False,Not Applicable,1.0
TRN-0000229,2026-09-30,Passenger,COR-02,SEC-04,Down,Decreasing KM,2026-09-30 05:33,2026-09-30 06:03,High,False,Not Applicable,1.0
TRN-0000230,2026-09-30,Passenger,COR-02,SEC-03,Down,Decreasing KM,2026-09-30 07:03,2026-09-30 07:44,High,False,Not Applicable,1.0
TRN-0000231,2026-09-30,Express,COR-02,SEC-04,Down,Decreasing KM,2026-09-30 08:24,2026-09-30 09:11,High,False,Not Applicable,1.0
TRN-0000232,2026-09-30,MEMU,COR-02,SEC-04,Down,Decreasing KM,2026-09-30 10:09,2026-09-30 10:45,Medium,False,Not Applicable,1.0
TRN-0000233,2026-09-30,Passenger,COR-02,SEC-04,Down,Decreasing KM,2026-09-30 11:39,2026-09-30 12:23,High,False,Not Applicable,1.0
TRN-0000234,2026-09-30,Goods,COR-02,SEC-04,Down,Decreasing KM,2026-09-30 12:56,2026-09-30 13:30,Medium,True,Forecasted,0.67
TRN-0000235,2026-09-30,Express,COR-02,SEC-04,Down,Decreasing KM,2026-09-30 14:29,2026-09-30 15:24,High,False,Not Applicable,1.0
TRN-0000236,2026-09-30,Superfast,COR-02,SEC-04,Down,Decreasing KM,2026-09-30 15:52,2026-09-30 16:29,Critical,False,Not Applicable,1.0
TRN-0000237,2026-09-30,Express,COR-02,SEC-04,Down,Decreasing KM,2026-09-30 17:22,2026-09-30 17:49,High,False,Not Applicable,1.0
TRN-0000238,2026-09-30,Passenger,COR-02,SEC-04,Down,Decreasing KM,2026-09-30 18:54,2026-09-30 19:43,High,False,Not Applicable,1.0
TRN-0000239,2026-09-30,Goods,COR-02,SEC-03,Down,Decreasing KM,2026-09-30 20:27,2026-09-30 20:58,Medium,True,Forecasted,0.72
TRN-0000240,2026-09-30,Passenger,COR-02,SEC-03,Down,Decreasing KM,2026-09-30 21:54,2026-09-30 22:25,High,False,Not Applicable,1.0
TRN-0000241,2026-09-30,Express,COR-03,SEC-05,Up,Increasing KM,2026-09-30 05:21,2026-09-30 05:52,High,False,Not Applicable,1.0
TRN-0000242,2026-09-30,Goods,COR-03,SEC-06,Up,Increasing KM,2026-09-30 06:48,2026-09-30 07:20,Medium,True,Forecasted,0.8
TRN-0000243,2026-09-30,Express,COR-03,SEC-05,Up,Increasing KM,2026-09-30 08:18,2026-09-30 08:50,High,False,Not Applicable,1.0
TRN-0000244,2026-09-30,Passenger,COR-03,SEC-06,Up,Increasing KM,2026-09-30 09:59,2026-09-30 10:54,High,False,Not Applicable,1.0
TRN-0000245,2026-09-30,Express,COR-03,SEC-06,Up,Increasing KM,2026-09-30 11:28,2026-09-30 12:12,High,False,Not Applicable,1.0
TRN-0000246,2026-09-30,Passenger,COR-03,SEC-05,Up,Increasing KM,2026-09-30 12:48,2026-09-30 13:41,High,False,Not Applicable,1.0
TRN-0000247,2026-09-30,Passenger,COR-03,SEC-06,Up,Increasing KM,2026-09-30 14:26,2026-09-30 15:07,High,False,Not Applicable,1.0
TRN-0000248,2026-09-30,Superfast,COR-03,SEC-06,Up,Increasing KM,2026-09-30 15:54,2026-09-30 16:23,Critical,False,Not Applicable,1.0
TRN-0000249,2026-09-30,Passenger,COR-03,SEC-05,Up,Increasing KM,2026-09-30 17:32,2026-09-30 18:21,High,False,Not Applicable,1.0
TRN-0000250,2026-09-30,Express,COR-03,SEC-05,Up,Increasing KM,2026-09-30 19:12,2026-09-30 19:41,High,False,Not Applicable,1.0
TRN-0000251,2026-09-30,Superfast,COR-03,SEC-06,Up,Increasing KM,2026-09-30 20:35,2026-09-30 21:23,Critical,False,Not Applicable,1.0
TRN-0000252,2026-09-30,Goods,COR-03,SEC-05,Up,Increasing KM,2026-09-30 22:10,2026-09-30 22:50,Medium,True,Scheduled,0.94
TRN-0000253,2026-09-30,Passenger,COR-03,SEC-06,Down,Decreasing KM,2026-09-30 05:20,2026-09-30 05:50,High,False,Not Applicable,1.0
TRN-0000254,2026-09-30,Goods,COR-03,SEC-05,Down,Decreasing KM,2026-09-30 06:50,2026-09-30 07:17,Medium,True,Forecasted,0.78
TRN-0000255,2026-09-30,Superfast,COR-03,SEC-05,Down,Decreasing KM,2026-09-30 08:42,2026-09-30 09:30,Critical,False,Not Applicable,1.0
TRN-0000256,2026-09-30,Goods,COR-03,SEC-05,Down,Decreasing KM,2026-09-30 10:02,2026-09-30 10:56,Medium,True,Forecasted,0.94
TRN-0000257,2026-09-30,Passenger,COR-03,SEC-06,Down,Decreasing KM,2026-09-30 11:29,2026-09-30 12:18,High,False,Not Applicable,1.0
TRN-0000258,2026-09-30,Passenger,COR-03,SEC-05,Down,Decreasing KM,2026-09-30 12:51,2026-09-30 13:25,High,False,Not Applicable,1.0
TRN-0000259,2026-09-30,Passenger,COR-03,SEC-06,Down,Decreasing KM,2026-09-30 14:25,2026-09-30 15:14,High,False,Not Applicable,1.0
TRN-0000260,2026-09-30,Passenger,COR-03,SEC-06,Down,Decreasing KM,2026-09-30 16:05,2026-09-30 16:35,High,False,Not Applicable,1.0
TRN-0000261,2026-09-30,Express,COR-03,SEC-05,Down,Decreasing KM,2026-09-30 17:38,2026-09-30 18:19,High,False,Not Applicable,1.0
TRN-0000262,2026-09-30,Express,COR-03,SEC-05,Down,Decreasing KM,2026-09-30 19:10,2026-09-30 19:46,High,False,Not Applicable,1.0
TRN-0000263,2026-09-30,Goods,COR-03,SEC-06,Down,Decreasing KM,2026-09-30 20:28,2026-09-30 21:28,Medium,True,Forecasted,0.87
TRN-0000264,2026-09-30,Superfast,COR-03,SEC-05,Down,Decreasing KM,2026-09-30 21:59,2026-09-30 22:25,Critical,False,Not Applicable,1.0
TRN-0000265,2026-09-30,Express,COR-04,SEC-07,Up,Increasing KM,2026-09-30 05:34,2026-09-30 06:32,High,False,Not Applicable,1.0
TRN-0000266,2026-09-30,Express,COR-04,SEC-08,Up,Increasing KM,2026-09-30 06:51,2026-09-30 07:17,High,False,Not Applicable,1.0
TRN-0000267,2026-09-30,Express,COR-04,SEC-08,Up,Increasing KM,2026-09-30 08:18,2026-09-30 08:55,High,False,Not Applicable,1.0
TRN-0000268,2026-09-30,Goods,COR-04,SEC-08,Up,Increasing KM,2026-09-30 09:50,2026-09-30 10:42,Medium,True,Forecasted,0.98
TRN-0000269,2026-09-30,Express,COR-04,SEC-08,Up,Increasing KM,2026-09-30 11:28,2026-09-30 12:04,High,False,Not Applicable,1.0
TRN-0000270,2026-09-30,Goods,COR-04,SEC-07,Up,Increasing KM,2026-09-30 12:51,2026-09-30 13:28,Medium,True,Forecasted,0.8
TRN-0000271,2026-09-30,Express,COR-04,SEC-07,Up,Increasing KM,2026-09-30 14:35,2026-09-30 15:15,High,False,Not Applicable,1.0
TRN-0000272,2026-09-30,Express,COR-04,SEC-07,Up,Increasing KM,2026-09-30 15:49,2026-09-30 16:44,High,False,Not Applicable,1.0
TRN-0000273,2026-09-30,MEMU,COR-04,SEC-08,Up,Increasing KM,2026-09-30 17:37,2026-09-30 18:29,Medium,False,Not Applicable,1.0
TRN-0000274,2026-09-30,Passenger,COR-04,SEC-08,Up,Increasing KM,2026-09-30 19:09,2026-09-30 20:00,High,False,Not Applicable,1.0
TRN-0000275,2026-09-30,MEMU,COR-04,SEC-07,Up,Increasing KM,2026-09-30 20:35,2026-09-30 21:00,Medium,False,Not Applicable,1.0
TRN-0000276,2026-09-30,Express,COR-04,SEC-08,Up,Increasing KM,2026-09-30 22:11,2026-09-30 22:52,High,False,Not Applicable,1.0
TRN-0000277,2026-09-30,Goods,COR-04,SEC-08,Down,Decreasing KM,2026-09-30 05:36,2026-09-30 06:07,Medium,True,Forecasted,0.91
TRN-0000278,2026-09-30,Express,COR-04,SEC-07,Down,Decreasing KM,2026-09-30 06:54,2026-09-30 07:36,High,False,Not Applicable,1.0
TRN-0000279,2026-09-30,Superfast,COR-04,SEC-07,Down,Decreasing KM,2026-09-30 08:28,2026-09-30 09:10,Critical,False,Not Applicable,1.0
TRN-0000280,2026-09-30,Goods,COR-04,SEC-07,Down,Decreasing KM,2026-09-30 10:06,2026-09-30 11:06,Medium,True,Forecasted,0.76
TRN-0000281,2026-09-30,MEMU,COR-04,SEC-08,Down,Decreasing KM,2026-09-30 11:37,2026-09-30 12:33,Medium,False,Not Applicable,1.0
TRN-0000282,2026-09-30,MEMU,COR-04,SEC-07,Down,Decreasing KM,2026-09-30 13:09,2026-09-30 13:47,Medium,False,Not Applicable,1.0
TRN-0000283,2026-09-30,Express,COR-04,SEC-08,Down,Decreasing KM,2026-09-30 14:28,2026-09-30 15:02,High,False,Not Applicable,1.0
TRN-0000284,2026-09-30,Goods,COR-04,SEC-07,Down,Decreasing KM,2026-09-30 15:57,2026-09-30 16:26,Medium,True,Forecasted,0.68
TRN-0000285,2026-09-30,Goods,COR-04,SEC-08,Down,Decreasing KM,2026-09-30 17:27,2026-09-30 18:10,Medium,True,Forecasted,0.76
TRN-0000286,2026-09-30,Goods,COR-04,SEC-07,Down,Decreasing KM,2026-09-30 19:04,2026-09-30 19:44,Medium,True,Forecasted,0.73
TRN-0000287,2026-09-30,Superfast,COR-04,SEC-07,Down,Decreasing KM,2026-09-30 20:28,2026-09-30 21:02,Critical,False,Not Applicable,1.0
TRN-0000288,2026-09-30,Passenger,COR-04,SEC-07,Down,Decreasing KM,2026-09-30 21:58,2026-09-30 22:45,High,False,Not Applicable,1.0
TRN-0000289,2026-10-01,Goods,COR-01,SEC-02,Up,Increasing KM,2026-10-01 05:28,2026-10-01 06:05,Medium,True,Forecasted,0.83
TRN-0000290,2026-10-01,Passenger,COR-01,SEC-02,Up,Increasing KM,2026-10-01 07:10,2026-10-01 07:40,High,False,Not Applicable,1.0
TRN-0000291,2026-10-01,Superfast,COR-01,SEC-02,Up,Increasing KM,2026-10-01 08:28,2026-10-01 09:19,Critical,False,Not Applicable,1.0
TRN-0000292,2026-10-01,Superfast,COR-01,SEC-02,Up,Increasing KM,2026-10-01 10:02,2026-10-01 10:36,Critical,False,Not Applicable,1.0
TRN-0000293,2026-10-01,Goods,COR-01,SEC-01,Up,Increasing KM,2026-10-01 11:19,2026-10-01 12:18,Medium,True,Forecasted,0.76
TRN-0000294,2026-10-01,Passenger,COR-01,SEC-01,Up,Increasing KM,2026-10-01 12:52,2026-10-01 13:39,High,False,Not Applicable,1.0
TRN-0000295,2026-10-01,Superfast,COR-01,SEC-02,Up,Increasing KM,2026-10-01 14:39,2026-10-01 15:29,Critical,False,Not Applicable,1.0
TRN-0000296,2026-10-01,Passenger,COR-01,SEC-01,Up,Increasing KM,2026-10-01 15:56,2026-10-01 16:49,High,False,Not Applicable,1.0
TRN-0000297,2026-10-01,Superfast,COR-01,SEC-02,Up,Increasing KM,2026-10-01 17:28,2026-10-01 18:02,Critical,False,Not Applicable,1.0
TRN-0000298,2026-10-01,MEMU,COR-01,SEC-02,Up,Increasing KM,2026-10-01 19:02,2026-10-01 19:36,Medium,False,Not Applicable,1.0
TRN-0000299,2026-10-01,MEMU,COR-01,SEC-02,Up,Increasing KM,2026-10-01 20:19,2026-10-01 20:46,Medium,False,Not Applicable,1.0
TRN-0000300,2026-10-01,Passenger,COR-01,SEC-01,Up,Increasing KM,2026-10-01 22:00,2026-10-01 22:46,High,False,Not Applicable,1.0
TRN-0000301,2026-10-01,Passenger,COR-01,SEC-01,Down,Decreasing KM,2026-10-01 05:37,2026-10-01 06:15,High,False,Not Applicable,1.0
TRN-0000302,2026-10-01,Express,COR-01,SEC-02,Down,Decreasing KM,2026-10-01 06:58,2026-10-01 07:49,High,False,Not Applicable,1.0
TRN-0000303,2026-10-01,Express,COR-01,SEC-01,Down,Decreasing KM,2026-10-01 08:22,2026-10-01 09:14,High,False,Not Applicable,1.0
TRN-0000304,2026-10-01,Express,COR-01,SEC-01,Down,Decreasing KM,2026-10-01 09:55,2026-10-01 10:44,High,False,Not Applicable,1.0
TRN-0000305,2026-10-01,Express,COR-01,SEC-02,Down,Decreasing KM,2026-10-01 11:28,2026-10-01 11:59,High,False,Not Applicable,1.0
TRN-0000306,2026-10-01,Express,COR-01,SEC-01,Down,Decreasing KM,2026-10-01 13:10,2026-10-01 13:36,High,False,Not Applicable,1.0
TRN-0000307,2026-10-01,Passenger,COR-01,SEC-01,Down,Decreasing KM,2026-10-01 14:21,2026-10-01 14:58,High,False,Not Applicable,1.0
TRN-0000308,2026-10-01,Express,COR-01,SEC-02,Down,Decreasing KM,2026-10-01 15:56,2026-10-01 16:25,High,False,Not Applicable,1.0
TRN-0000309,2026-10-01,Express,COR-01,SEC-01,Down,Decreasing KM,2026-10-01 17:33,2026-10-01 18:08,High,False,Not Applicable,1.0
TRN-0000310,2026-10-01,Superfast,COR-01,SEC-02,Down,Decreasing KM,2026-10-01 18:53,2026-10-01 19:40,Critical,False,Not Applicable,1.0
TRN-0000311,2026-10-01,Express,COR-01,SEC-02,Down,Decreasing KM,2026-10-01 20:40,2026-10-01 21:26,High,False,Not Applicable,1.0
TRN-0000312,2026-10-01,Goods,COR-01,SEC-02,Down,Decreasing KM,2026-10-01 22:10,2026-10-01 22:42,Medium,True,Forecasted,0.91
TRN-0000313,2026-10-01,Express,COR-02,SEC-04,Up,Increasing KM,2026-10-01 05:27,2026-10-01 06:25,High,False,Not Applicable,1.0
TRN-0000314,2026-10-01,Passenger,COR-02,SEC-03,Up,Increasing KM,2026-10-01 06:55,2026-10-01 07:23,High,False,Not Applicable,1.0
TRN-0000315,2026-10-01,Passenger,COR-02,SEC-04,Up,Increasing KM,2026-10-01 08:31,2026-10-01 09:29,High,False,Not Applicable,1.0
TRN-0000316,2026-10-01,Superfast,COR-02,SEC-03,Up,Increasing KM,2026-10-01 09:49,2026-10-01 10:21,Critical,False,Not Applicable,1.0
TRN-0000317,2026-10-01,MEMU,COR-02,SEC-03,Up,Increasing KM,2026-10-01 11:23,2026-10-01 11:56,Medium,False,Not Applicable,1.0
TRN-0000318,2026-10-01,Express,COR-02,SEC-03,Up,Increasing KM,2026-10-01 12:48,2026-10-01 13:32,High,False,Not Applicable,1.0
TRN-0000319,2026-10-01,Express,COR-02,SEC-04,Up,Increasing KM,2026-10-01 14:31,2026-10-01 14:57,High,False,Not Applicable,1.0
TRN-0000320,2026-10-01,MEMU,COR-02,SEC-03,Up,Increasing KM,2026-10-01 15:59,2026-10-01 16:37,Medium,False,Not Applicable,1.0
TRN-0000321,2026-10-01,Goods,COR-02,SEC-03,Up,Increasing KM,2026-10-01 17:32,2026-10-01 18:04,Medium,True,Scheduled,0.83
TRN-0000322,2026-10-01,Passenger,COR-02,SEC-04,Up,Increasing KM,2026-10-01 19:03,2026-10-01 19:45,High,False,Not Applicable,1.0
TRN-0000323,2026-10-01,Express,COR-02,SEC-03,Up,Increasing KM,2026-10-01 20:27,2026-10-01 21:09,High,False,Not Applicable,1.0
TRN-0000324,2026-10-01,Express,COR-02,SEC-04,Up,Increasing KM,2026-10-01 22:09,2026-10-01 22:48,High,False,Not Applicable,1.0
TRN-0000325,2026-10-01,Express,COR-02,SEC-03,Down,Decreasing KM,2026-10-01 05:33,2026-10-01 06:27,High,False,Not Applicable,1.0
TRN-0000326,2026-10-01,Passenger,COR-02,SEC-03,Down,Decreasing KM,2026-10-01 07:12,2026-10-01 07:55,High,False,Not Applicable,1.0
TRN-0000327,2026-10-01,Superfast,COR-02,SEC-03,Down,Decreasing KM,2026-10-01 08:28,2026-10-01 08:58,Critical,False,Not Applicable,1.0
TRN-0000328,2026-10-01,Express,COR-02,SEC-03,Down,Decreasing KM,2026-10-01 09:49,2026-10-01 10:29,High,False,Not Applicable,1.0
TRN-0000329,2026-10-01,Express,COR-02,SEC-04,Down,Decreasing KM,2026-10-01 11:40,2026-10-01 12:29,High,False,Not Applicable,1.0
TRN-0000330,2026-10-01,Goods,COR-02,SEC-04,Down,Decreasing KM,2026-10-01 13:11,2026-10-01 13:45,Medium,True,Forecasted,0.84
TRN-0000331,2026-10-01,Superfast,COR-02,SEC-04,Down,Decreasing KM,2026-10-01 14:26,2026-10-01 15:17,Critical,False,Not Applicable,1.0
TRN-0000332,2026-10-01,Superfast,COR-02,SEC-04,Down,Decreasing KM,2026-10-01 16:00,2026-10-01 16:32,Critical,False,Not Applicable,1.0
TRN-0000333,2026-10-01,Superfast,COR-02,SEC-04,Down,Decreasing KM,2026-10-01 17:39,2026-10-01 18:23,Critical,False,Not Applicable,1.0
TRN-0000334,2026-10-01,Express,COR-02,SEC-04,Down,Decreasing KM,2026-10-01 19:00,2026-10-01 19:50,High,False,Not Applicable,1.0
TRN-0000335,2026-10-01,Superfast,COR-02,SEC-04,Down,Decreasing KM,2026-10-01 20:30,2026-10-01 20:56,Critical,False,Not Applicable,1.0
TRN-0000336,2026-10-01,MEMU,COR-02,SEC-03,Down,Decreasing KM,2026-10-01 22:11,2026-10-01 22:59,Medium,False,Not Applicable,1.0
TRN-0000337,2026-10-01,Goods,COR-03,SEC-06,Up,Increasing KM,2026-10-01 05:24,2026-10-01 06:05,Medium,True,Forecasted,0.87
TRN-0000338,2026-10-01,Passenger,COR-03,SEC-06,Up,Increasing KM,2026-10-01 06:57,2026-10-01 07:24,High,False,Not Applicable,1.0
TRN-0000339,2026-10-01,Passenger,COR-03,SEC-06,Up,Increasing KM,2026-10-01 08:34,2026-10-01 09:18,High,False,Not Applicable,1.0
TRN-0000340,2026-10-01,Goods,COR-03,SEC-06,Up,Increasing KM,2026-10-01 09:48,2026-10-01 10:24,Medium,True,Scheduled,0.95
TRN-0000341,2026-10-01,Express,COR-03,SEC-05,Up,Increasing KM,2026-10-01 11:18,2026-10-01 11:50,High,False,Not Applicable,1.0
TRN-0000342,2026-10-01,Superfast,COR-03,SEC-06,Up,Increasing KM,2026-10-01 12:59,2026-10-01 13:45,Critical,False,Not Applicable,1.0
TRN-0000343,2026-10-01,Passenger,COR-03,SEC-05,Up,Increasing KM,2026-10-01 14:41,2026-10-01 15:20,High,False,Not Applicable,1.0
TRN-0000344,2026-10-01,Superfast,COR-03,SEC-06,Up,Increasing KM,2026-10-01 15:48,2026-10-01 16:47,Critical,False,Not Applicable,1.0
TRN-0000345,2026-10-01,Passenger,COR-03,SEC-05,Up,Increasing KM,2026-10-01 17:37,2026-10-01 18:36,High,False,Not Applicable,1.0
TRN-0000346,2026-10-01,Express,COR-03,SEC-06,Up,Increasing KM,2026-10-01 18:49,2026-10-01 19:45,High,False,Not Applicable,1.0
TRN-0000347,2026-10-01,Superfast,COR-03,SEC-06,Up,Increasing KM,2026-10-01 20:30,2026-10-01 21:00,Critical,False,Not Applicable,1.0
TRN-0000348,2026-10-01,MEMU,COR-03,SEC-06,Up,Increasing KM,2026-10-01 21:58,2026-10-01 22:34,Medium,False,Not Applicable,1.0
TRN-0000349,2026-10-01,Passenger,COR-03,SEC-06,Down,Decreasing KM,2026-10-01 05:35,2026-10-01 06:33,High,False,Not Applicable,1.0
TRN-0000350,2026-10-01,MEMU,COR-03,SEC-06,Down,Decreasing KM,2026-10-01 07:06,2026-10-01 08:05,Medium,False,Not Applicable,1.0
TRN-0000351,2026-10-01,Express,COR-03,SEC-06,Down,Decreasing KM,2026-10-01 08:26,2026-10-01 09:09,High,False,Not Applicable,1.0
TRN-0000352,2026-10-01,Express,COR-03,SEC-06,Down,Decreasing KM,2026-10-01 09:51,2026-10-01 10:27,High,False,Not Applicable,1.0
TRN-0000353,2026-10-01,Express,COR-03,SEC-05,Down,Decreasing KM,2026-10-01 11:21,2026-10-01 11:54,High,False,Not Applicable,1.0
TRN-0000354,2026-10-01,Superfast,COR-03,SEC-05,Down,Decreasing KM,2026-10-01 13:05,2026-10-01 13:36,Critical,False,Not Applicable,1.0
TRN-0000355,2026-10-01,Passenger,COR-03,SEC-06,Down,Decreasing KM,2026-10-01 14:29,2026-10-01 15:29,High,False,Not Applicable,1.0
TRN-0000356,2026-10-01,Passenger,COR-03,SEC-06,Down,Decreasing KM,2026-10-01 16:00,2026-10-01 16:31,High,False,Not Applicable,1.0
TRN-0000357,2026-10-01,Passenger,COR-03,SEC-06,Down,Decreasing KM,2026-10-01 17:38,2026-10-01 18:19,High,False,Not Applicable,1.0
TRN-0000358,2026-10-01,Superfast,COR-03,SEC-06,Down,Decreasing KM,2026-10-01 18:48,2026-10-01 19:30,Critical,False,Not Applicable,1.0
TRN-0000359,2026-10-01,Superfast,COR-03,SEC-05,Down,Decreasing KM,2026-10-01 20:36,2026-10-01 21:25,Critical,False,Not Applicable,1.0
TRN-0000360,2026-10-01,Superfast,COR-03,SEC-06,Down,Decreasing KM,2026-10-01 21:54,2026-10-01 22:49,Critical,False,Not Applicable,1.0
TRN-0000361,2026-10-01,Goods,COR-04,SEC-08,Up,Increasing KM,2026-10-01 05:31,2026-10-01 06:30,Medium,True,Forecasted,0.85
TRN-0000362,2026-10-01,Superfast,COR-04,SEC-07,Up,Increasing KM,2026-10-01 07:06,2026-10-01 07:57,Critical,False,Not Applicable,1.0
TRN-0000363,2026-10-01,Goods,COR-04,SEC-08,Up,Increasing KM,2026-10-01 08:32,2026-10-01 09:13,Medium,True,Forecasted,0.82
TRN-0000364,2026-10-01,Superfast,COR-04,SEC-08,Up,Increasing KM,2026-10-01 09:58,2026-10-01 10:38,Critical,False,Not Applicable,1.0
TRN-0000365,2026-10-01,Passenger,COR-04,SEC-07,Up,Increasing KM,2026-10-01 11:21,2026-10-01 11:53,High,False,Not Applicable,1.0
TRN-0000366,2026-10-01,Passenger,COR-04,SEC-07,Up,Increasing KM,2026-10-01 12:53,2026-10-01 13:42,High,False,Not Applicable,1.0
TRN-0000367,2026-10-01,Express,COR-04,SEC-08,Up,Increasing KM,2026-10-01 14:28,2026-10-01 15:24,High,False,Not Applicable,1.0
TRN-0000368,2026-10-01,Goods,COR-04,SEC-07,Up,Increasing KM,2026-10-01 15:49,2026-10-01 16:32,Medium,True,Scheduled,0.79
TRN-0000369,2026-10-01,Express,COR-04,SEC-07,Up,Increasing KM,2026-10-01 17:25,2026-10-01 17:51,High,False,Not Applicable,1.0
TRN-0000370,2026-10-01,Goods,COR-04,SEC-07,Up,Increasing KM,2026-10-01 18:59,2026-10-01 19:24,Medium,True,Forecasted,0.82
TRN-0000371,2026-10-01,Passenger,COR-04,SEC-08,Up,Increasing KM,2026-10-01 20:29,2026-10-01 21:29,High,False,Not Applicable,1.0
TRN-0000372,2026-10-01,Goods,COR-04,SEC-08,Up,Increasing KM,2026-10-01 22:08,2026-10-01 22:52,Medium,True,Forecasted,0.89
TRN-0000373,2026-10-01,Passenger,COR-04,SEC-07,Down,Decreasing KM,2026-10-01 05:29,2026-10-01 06:29,High,False,Not Applicable,1.0
TRN-0000374,2026-10-01,Goods,COR-04,SEC-07,Down,Decreasing KM,2026-10-01 06:54,2026-10-01 07:33,Medium,True,Forecasted,0.95
TRN-0000375,2026-10-01,Goods,COR-04,SEC-08,Down,Decreasing KM,2026-10-01 08:29,2026-10-01 09:00,Medium,True,Forecasted,0.88
TRN-0000376,2026-10-01,Superfast,COR-04,SEC-07,Down,Decreasing KM,2026-10-01 10:04,2026-10-01 10:50,Critical,False,Not Applicable,1.0
TRN-0000377,2026-10-01,Express,COR-04,SEC-08,Down,Decreasing KM,2026-10-01 11:27,2026-10-01 12:13,High,False,Not Applicable,1.0
TRN-0000378,2026-10-01,Passenger,COR-04,SEC-08,Down,Decreasing KM,2026-10-01 13:05,2026-10-01 13:56,High,False,Not Applicable,1.0
TRN-0000379,2026-10-01,MEMU,COR-04,SEC-07,Down,Decreasing KM,2026-10-01 14:42,2026-10-01 15:13,Medium,False,Not Applicable,1.0
TRN-0000380,2026-10-01,Passenger,COR-04,SEC-08,Down,Decreasing KM,2026-10-01 15:58,2026-10-01 16:34,High,False,Not Applicable,1.0
TRN-0000381,2026-10-01,MEMU,COR-04,SEC-08,Down,Decreasing KM,2026-10-01 17:25,2026-10-01 18:14,Medium,False,Not Applicable,1.0
TRN-0000382,2026-10-01,Goods,COR-04,SEC-07,Down,Decreasing KM,2026-10-01 18:58,2026-10-01 19:52,Medium,True,Forecasted,0.65
TRN-0000383,2026-10-01,Goods,COR-04,SEC-07,Down,Decreasing KM,2026-10-01 20:38,2026-10-01 21:32,Medium,True,Forecasted,0.94
TRN-0000384,2026-10-01,Passenger,COR-04,SEC-08,Down,Decreasing KM,2026-10-01 21:52,2026-10-01 22:21,High,False,Not Applicable,1.0
TRN-0000385,2026-10-02,Goods,COR-01,SEC-02,Up,Increasing KM,2026-10-02 05:28,2026-10-02 05:57,Medium,True,Forecasted,0.91
TRN-0000386,2026-10-02,Express,COR-01,SEC-02,Up,Increasing KM,2026-10-02 06:58,2026-10-02 07:46,High,False,Not Applicable,1.0
TRN-0000387,2026-10-02,Superfast,COR-01,SEC-02,Up,Increasing KM,2026-10-02 08:34,2026-10-02 09:00,Critical,False,Not Applicable,1.0
TRN-0000388,2026-10-02,Express,COR-01,SEC-01,Up,Increasing KM,2026-10-02 09:54,2026-10-02 10:26,High,False,Not Applicable,1.0
TRN-0000389,2026-10-02,Express,COR-01,SEC-02,Up,Increasing KM,2026-10-02 11:35,2026-10-02 12:13,High,False,Not Applicable,1.0
TRN-0000390,2026-10-02,Goods,COR-01,SEC-02,Up,Increasing KM,2026-10-02 12:58,2026-10-02 13:49,Medium,True,Scheduled,0.69
TRN-0000391,2026-10-02,Express,COR-01,SEC-02,Up,Increasing KM,2026-10-02 14:24,2026-10-02 15:20,High,False,Not Applicable,1.0
TRN-0000392,2026-10-02,Express,COR-01,SEC-01,Up,Increasing KM,2026-10-02 15:57,2026-10-02 16:25,High,False,Not Applicable,1.0
TRN-0000393,2026-10-02,Goods,COR-01,SEC-01,Up,Increasing KM,2026-10-02 17:18,2026-10-02 17:47,Medium,True,Forecasted,0.86
TRN-0000394,2026-10-02,Goods,COR-01,SEC-02,Up,Increasing KM,2026-10-02 18:55,2026-10-02 19:54,Medium,True,Forecasted,0.74
TRN-0000395,2026-10-02,Superfast,COR-01,SEC-02,Up,Increasing KM,2026-10-02 20:32,2026-10-02 21:26,Critical,False,Not Applicable,1.0
TRN-0000396,2026-10-02,Goods,COR-01,SEC-02,Up,Increasing KM,2026-10-02 21:51,2026-10-02 22:34,Medium,True,Scheduled,0.74
TRN-0000397,2026-10-02,Passenger,COR-01,SEC-02,Down,Decreasing KM,2026-10-02 05:41,2026-10-02 06:39,High,False,Not Applicable,1.0
TRN-0000398,2026-10-02,Goods,COR-01,SEC-02,Down,Decreasing KM,2026-10-02 07:07,2026-10-02 07:54,Medium,True,Forecasted,0.73
TRN-0000399,2026-10-02,Passenger,COR-01,SEC-02,Down,Decreasing KM,2026-10-02 08:39,2026-10-02 09:22,High,False,Not Applicable,1.0
TRN-0000400,2026-10-02,Express,COR-01,SEC-01,Down,Decreasing KM,2026-10-02 10:04,2026-10-02 10:54,High,False,Not Applicable,1.0
TRN-0000401,2026-10-02,Superfast,COR-01,SEC-02,Down,Decreasing KM,2026-10-02 11:40,2026-10-02 12:13,Critical,False,Not Applicable,1.0
TRN-0000402,2026-10-02,Goods,COR-01,SEC-01,Down,Decreasing KM,2026-10-02 12:50,2026-10-02 13:36,Medium,True,Forecasted,0.83
TRN-0000403,2026-10-02,Passenger,COR-01,SEC-02,Down,Decreasing KM,2026-10-02 14:32,2026-10-02 15:25,High,False,Not Applicable,1.0
TRN-0000404,2026-10-02,Passenger,COR-01,SEC-01,Down,Decreasing KM,2026-10-02 15:55,2026-10-02 16:27,High,False,Not Applicable,1.0
TRN-0000405,2026-10-02,Express,COR-01,SEC-01,Down,Decreasing KM,2026-10-02 17:27,2026-10-02 18:12,High,False,Not Applicable,1.0
TRN-0000406,2026-10-02,MEMU,COR-01,SEC-02,Down,Decreasing KM,2026-10-02 18:53,2026-10-02 19:42,Medium,False,Not Applicable,1.0
TRN-0000407,2026-10-02,Passenger,COR-01,SEC-01,Down,Decreasing KM,2026-10-02 20:23,2026-10-02 20:59,High,False,Not Applicable,1.0
TRN-0000408,2026-10-02,MEMU,COR-01,SEC-02,Down,Decreasing KM,2026-10-02 21:59,2026-10-02 22:37,Medium,False,Not Applicable,1.0
TRN-0000409,2026-10-02,Passenger,COR-02,SEC-04,Up,Increasing KM,2026-10-02 05:40,2026-10-02 06:09,High,False,Not Applicable,1.0
TRN-0000410,2026-10-02,Passenger,COR-02,SEC-04,Up,Increasing KM,2026-10-02 06:57,2026-10-02 07:52,High,False,Not Applicable,1.0
TRN-0000411,2026-10-02,Passenger,COR-02,SEC-04,Up,Increasing KM,2026-10-02 08:32,2026-10-02 09:26,High,False,Not Applicable,1.0
TRN-0000412,2026-10-02,Superfast,COR-02,SEC-03,Up,Increasing KM,2026-10-02 09:51,2026-10-02 10:19,Critical,False,Not Applicable,1.0
TRN-0000413,2026-10-02,Passenger,COR-02,SEC-04,Up,Increasing KM,2026-10-02 11:41,2026-10-02 12:09,High,False,Not Applicable,1.0
TRN-0000414,2026-10-02,Goods,COR-02,SEC-03,Up,Increasing KM,2026-10-02 13:02,2026-10-02 13:52,Medium,True,Forecasted,0.98
TRN-0000415,2026-10-02,Express,COR-02,SEC-03,Up,Increasing KM,2026-10-02 14:37,2026-10-02 15:13,High,False,Not Applicable,1.0
TRN-0000416,2026-10-02,Goods,COR-02,SEC-03,Up,Increasing KM,2026-10-02 16:03,2026-10-02 16:36,Medium,True,Forecasted,0.8
TRN-0000417,2026-10-02,Passenger,COR-02,SEC-03,Up,Increasing KM,2026-10-02 17:26,2026-10-02 18:09,High,False,Not Applicable,1.0
TRN-0000418,2026-10-02,Passenger,COR-02,SEC-03,Up,Increasing KM,2026-10-02 18:56,2026-10-02 19:30,High,False,Not Applicable,1.0
TRN-0000419,2026-10-02,Express,COR-02,SEC-04,Up,Increasing KM,2026-10-02 20:35,2026-10-02 21:24,High,False,Not Applicable,1.0
TRN-0000420,2026-10-02,Passenger,COR-02,SEC-04,Up,Increasing KM,2026-10-02 22:09,2026-10-02 22:58,High,False,Not Applicable,1.0
TRN-0000421,2026-10-02,Goods,COR-02,SEC-04,Down,Decreasing KM,2026-10-02 05:23,2026-10-02 06:10,Medium,True,Forecasted,0.94
TRN-0000422,2026-10-02,Goods,COR-02,SEC-04,Down,Decreasing KM,2026-10-02 07:00,2026-10-02 07:35,Medium,True,Forecasted,0.84
TRN-0000423,2026-10-02,Passenger,COR-02,SEC-04,Down,Decreasing KM,2026-10-02 08:19,2026-10-02 08:56,High,False,Not Applicable,1.0
TRN-0000424,2026-10-02,Passenger,COR-02,SEC-03,Down,Decreasing KM,2026-10-02 09:53,2026-10-02 10:49,High,False,Not Applicable,1.0
TRN-0000425,2026-10-02,Passenger,COR-02,SEC-04,Down,Decreasing KM,2026-10-02 11:42,2026-10-02 12:25,High,False,Not Applicable,1.0
TRN-0000426,2026-10-02,MEMU,COR-02,SEC-03,Down,Decreasing KM,2026-10-02 13:00,2026-10-02 13:29,Medium,False,Not Applicable,1.0
TRN-0000427,2026-10-02,Express,COR-02,SEC-03,Down,Decreasing KM,2026-10-02 14:33,2026-10-02 15:06,High,False,Not Applicable,1.0
TRN-0000428,2026-10-02,Superfast,COR-02,SEC-03,Down,Decreasing KM,2026-10-02 16:10,2026-10-02 16:59,Critical,False,Not Applicable,1.0
TRN-0000429,2026-10-02,Passenger,COR-02,SEC-03,Down,Decreasing KM,2026-10-02 17:35,2026-10-02 18:16,High,False,Not Applicable,1.0
TRN-0000430,2026-10-02,Superfast,COR-02,SEC-03,Down,Decreasing KM,2026-10-02 19:07,2026-10-02 19:39,Critical,False,Not Applicable,1.0
TRN-0000431,2026-10-02,Express,COR-02,SEC-03,Down,Decreasing KM,2026-10-02 20:35,2026-10-02 21:28,High,False,Not Applicable,1.0
TRN-0000432,2026-10-02,Superfast,COR-02,SEC-03,Down,Decreasing KM,2026-10-02 22:00,2026-10-02 22:29,Critical,False,Not Applicable,1.0
TRN-0000433,2026-10-02,MEMU,COR-03,SEC-06,Up,Increasing KM,2026-10-02 05:23,2026-10-02 05:52,Medium,False,Not Applicable,1.0
TRN-0000434,2026-10-02,Goods,COR-03,SEC-05,Up,Increasing KM,2026-10-02 06:59,2026-10-02 07:48,Medium,True,Scheduled,0.78
TRN-0000435,2026-10-02,MEMU,COR-03,SEC-05,Up,Increasing KM,2026-10-02 08:18,2026-10-02 09:18,Medium,False,Not Applicable,1.0
TRN-0000436,2026-10-02,Goods,COR-03,SEC-06,Up,Increasing KM,2026-10-02 09:57,2026-10-02 10:36,Medium,True,Forecasted,0.74
TRN-0000437,2026-10-02,Express,COR-03,SEC-06,Up,Increasing KM,2026-10-02 11:40,2026-10-02 12:25,High,False,Not Applicable,1.0
TRN-0000438,2026-10-02,Express,COR-03,SEC-05,Up,Increasing KM,2026-10-02 13:11,2026-10-02 14:07,High,False,Not Applicable,1.0
TRN-0000439,2026-10-02,Passenger,COR-03,SEC-05,Up,Increasing KM,2026-10-02 14:39,2026-10-02 15:27,High,False,Not Applicable,1.0
TRN-0000440,2026-10-02,Passenger,COR-03,SEC-06,Up,Increasing KM,2026-10-02 15:56,2026-10-02 16:38,High,False,Not Applicable,1.0
TRN-0000441,2026-10-02,Goods,COR-03,SEC-05,Up,Increasing KM,2026-10-02 17:19,2026-10-02 17:50,Medium,True,Forecasted,0.81
TRN-0000442,2026-10-02,Goods,COR-03,SEC-06,Up,Increasing KM,2026-10-02 19:08,2026-10-02 19:45,Medium,True,Forecasted,0.74
TRN-0000443,2026-10-02,Passenger,COR-03,SEC-05,Up,Increasing KM,2026-10-02 20:27,2026-10-02 21:11,High,False,Not Applicable,1.0
TRN-0000444,2026-10-02,Goods,COR-03,SEC-06,Up,Increasing KM,2026-10-02 22:06,2026-10-02 22:58,Medium,True,Forecasted,0.91
TRN-0000445,2026-10-02,Superfast,COR-03,SEC-05,Down,Decreasing KM,2026-10-02 05:24,2026-10-02 06:07,Critical,False,Not Applicable,1.0
TRN-0000446,2026-10-02,Express,COR-03,SEC-05,Down,Decreasing KM,2026-10-02 06:54,2026-10-02 07:25,High,False,Not Applicable,1.0
TRN-0000447,2026-10-02,Passenger,COR-03,SEC-05,Down,Decreasing KM,2026-10-02 08:30,2026-10-02 09:09,High,False,Not Applicable,1.0
TRN-0000448,2026-10-02,Superfast,COR-03,SEC-05,Down,Decreasing KM,2026-10-02 10:03,2026-10-02 10:58,Critical,False,Not Applicable,1.0
TRN-0000449,2026-10-02,MEMU,COR-03,SEC-06,Down,Decreasing KM,2026-10-02 11:34,2026-10-02 12:12,Medium,False,Not Applicable,1.0
TRN-0000450,2026-10-02,Passenger,COR-03,SEC-06,Down,Decreasing KM,2026-10-02 12:51,2026-10-02 13:17,High,False,Not Applicable,1.0
TRN-0000451,2026-10-02,Express,COR-03,SEC-05,Down,Decreasing KM,2026-10-02 14:37,2026-10-02 15:10,High,False,Not Applicable,1.0
TRN-0000452,2026-10-02,Goods,COR-03,SEC-05,Down,Decreasing KM,2026-10-02 15:57,2026-10-02 16:43,Medium,True,Scheduled,0.83
TRN-0000453,2026-10-02,Passenger,COR-03,SEC-05,Down,Decreasing KM,2026-10-02 17:39,2026-10-02 18:23,High,False,Not Applicable,1.0
TRN-0000454,2026-10-02,Passenger,COR-03,SEC-05,Down,Decreasing KM,2026-10-02 19:06,2026-10-02 19:59,High,False,Not Applicable,1.0
TRN-0000455,2026-10-02,Passenger,COR-03,SEC-05,Down,Decreasing KM,2026-10-02 20:42,2026-10-02 21:08,High,False,Not Applicable,1.0
TRN-0000456,2026-10-02,MEMU,COR-03,SEC-06,Down,Decreasing KM,2026-10-02 22:03,2026-10-02 22:49,Medium,False,Not Applicable,1.0
TRN-0000457,2026-10-02,Express,COR-04,SEC-08,Up,Increasing KM,2026-10-02 05:29,2026-10-02 06:25,High,False,Not Applicable,1.0
TRN-0000458,2026-10-02,Express,COR-04,SEC-08,Up,Increasing KM,2026-10-02 07:07,2026-10-02 08:07,High,False,Not Applicable,1.0
TRN-0000459,2026-10-02,Passenger,COR-04,SEC-07,Up,Increasing KM,2026-10-02 08:38,2026-10-02 09:25,High,False,Not Applicable,1.0
TRN-0000460,2026-10-02,Passenger,COR-04,SEC-08,Up,Increasing KM,2026-10-02 10:04,2026-10-02 10:37,High,False,Not Applicable,1.0
TRN-0000461,2026-10-02,Passenger,COR-04,SEC-07,Up,Increasing KM,2026-10-02 11:34,2026-10-02 12:32,High,False,Not Applicable,1.0
TRN-0000462,2026-10-02,MEMU,COR-04,SEC-07,Up,Increasing KM,2026-10-02 13:05,2026-10-02 13:38,Medium,False,Not Applicable,1.0
TRN-0000463,2026-10-02,Superfast,COR-04,SEC-08,Up,Increasing KM,2026-10-02 14:32,2026-10-02 15:12,Critical,False,Not Applicable,1.0
TRN-0000464,2026-10-02,Superfast,COR-04,SEC-07,Up,Increasing KM,2026-10-02 15:53,2026-10-02 16:48,Critical,False,Not Applicable,1.0
TRN-0000465,2026-10-02,Express,COR-04,SEC-08,Up,Increasing KM,2026-10-02 17:25,2026-10-02 18:08,High,False,Not Applicable,1.0
TRN-0000466,2026-10-02,Goods,COR-04,SEC-07,Up,Increasing KM,2026-10-02 19:06,2026-10-02 19:39,Medium,True,Forecasted,0.89
TRN-0000467,2026-10-02,Passenger,COR-04,SEC-07,Up,Increasing KM,2026-10-02 20:33,2026-10-02 21:06,High,False,Not Applicable,1.0
TRN-0000468,2026-10-02,MEMU,COR-04,SEC-07,Up,Increasing KM,2026-10-02 21:53,2026-10-02 22:23,Medium,False,Not Applicable,1.0
TRN-0000469,2026-10-02,Express,COR-04,SEC-07,Down,Decreasing KM,2026-10-02 05:35,2026-10-02 06:00,High,False,Not Applicable,1.0
TRN-0000470,2026-10-02,Express,COR-04,SEC-07,Down,Decreasing KM,2026-10-02 06:51,2026-10-02 07:27,High,False,Not Applicable,1.0
TRN-0000471,2026-10-02,Passenger,COR-04,SEC-07,Down,Decreasing KM,2026-10-02 08:19,2026-10-02 09:04,High,False,Not Applicable,1.0
TRN-0000472,2026-10-02,Goods,COR-04,SEC-07,Down,Decreasing KM,2026-10-02 10:00,2026-10-02 10:26,Medium,True,Forecasted,0.86
TRN-0000473,2026-10-02,Express,COR-04,SEC-08,Down,Decreasing KM,2026-10-02 11:32,2026-10-02 12:26,High,False,Not Applicable,1.0
TRN-0000474,2026-10-02,Superfast,COR-04,SEC-08,Down,Decreasing KM,2026-10-02 12:54,2026-10-02 13:21,Critical,False,Not Applicable,1.0
TRN-0000475,2026-10-02,Passenger,COR-04,SEC-07,Down,Decreasing KM,2026-10-02 14:23,2026-10-02 14:54,High,False,Not Applicable,1.0
TRN-0000476,2026-10-02,Goods,COR-04,SEC-08,Down,Decreasing KM,2026-10-02 15:53,2026-10-02 16:29,Medium,True,Scheduled,0.84
TRN-0000477,2026-10-02,Goods,COR-04,SEC-07,Down,Decreasing KM,2026-10-02 17:26,2026-10-02 18:05,Medium,True,Forecasted,0.72
TRN-0000478,2026-10-02,Goods,COR-04,SEC-07,Down,Decreasing KM,2026-10-02 18:48,2026-10-02 19:27,Medium,True,Scheduled,0.95
TRN-0000479,2026-10-02,Express,COR-04,SEC-08,Down,Decreasing KM,2026-10-02 20:18,2026-10-02 20:46,High,False,Not Applicable,1.0
TRN-0000480,2026-10-02,Passenger,COR-04,SEC-07,Down,Decreasing KM,2026-10-02 21:57,2026-10-02 22:54,High,False,Not Applicable,1.0
TRN-0000481,2026-10-03,Passenger,COR-01,SEC-01,Up,Increasing KM,2026-10-03 05:37,2026-10-03 06:21,High,False,Not Applicable,1.0
TRN-0000482,2026-10-03,Express,COR-01,SEC-02,Up,Increasing KM,2026-10-03 06:53,2026-10-03 07:24,High,False,Not Applicable,1.0
TRN-0000483,2026-10-03,Passenger,COR-01,SEC-01,Up,Increasing KM,2026-10-03 08:34,2026-10-03 09:06,High,False,Not Applicable,1.0
TRN-0000484,2026-10-03,Express,COR-01,SEC-02,Up,Increasing KM,2026-10-03 09:55,2026-10-03 10:53,High,False,Not Applicable,1.0
TRN-0000485,2026-10-03,Goods,COR-01,SEC-01,Up,Increasing KM,2026-10-03 11:37,2026-10-03 12:11,Medium,True,Forecasted,0.93
TRN-0000486,2026-10-03,Passenger,COR-01,SEC-01,Up,Increasing KM,2026-10-03 12:52,2026-10-03 13:20,High,False,Not Applicable,1.0
TRN-0000487,2026-10-03,Passenger,COR-01,SEC-01,Up,Increasing KM,2026-10-03 14:24,2026-10-03 14:58,High,False,Not Applicable,1.0
TRN-0000488,2026-10-03,Passenger,COR-01,SEC-02,Up,Increasing KM,2026-10-03 15:55,2026-10-03 16:45,High,False,Not Applicable,1.0
TRN-0000489,2026-10-03,Express,COR-01,SEC-01,Up,Increasing KM,2026-10-03 17:22,2026-10-03 18:04,High,False,Not Applicable,1.0
TRN-0000490,2026-10-03,Passenger,COR-01,SEC-01,Up,Increasing KM,2026-10-03 18:56,2026-10-03 19:33,High,False,Not Applicable,1.0
TRN-0000491,2026-10-03,Superfast,COR-01,SEC-02,Up,Increasing KM,2026-10-03 20:33,2026-10-03 21:21,Critical,False,Not Applicable,1.0
TRN-0000492,2026-10-03,Passenger,COR-01,SEC-01,Up,Increasing KM,2026-10-03 22:03,2026-10-03 22:49,High,False,Not Applicable,1.0
TRN-0000493,2026-10-03,Express,COR-01,SEC-02,Down,Decreasing KM,2026-10-03 05:25,2026-10-03 06:08,High,False,Not Applicable,1.0
TRN-0000494,2026-10-03,Passenger,COR-01,SEC-01,Down,Decreasing KM,2026-10-03 06:53,2026-10-03 07:41,High,False,Not Applicable,1.0
TRN-0000495,2026-10-03,Superfast,COR-01,SEC-01,Down,Decreasing KM,2026-10-03 08:40,2026-10-03 09:14,Critical,False,Not Applicable,1.0
TRN-0000496,2026-10-03,Express,COR-01,SEC-01,Down,Decreasing KM,2026-10-03 09:52,2026-10-03 10:44,High,False,Not Applicable,1.0
TRN-0000497,2026-10-03,Passenger,COR-01,SEC-01,Down,Decreasing KM,2026-10-03 11:41,2026-10-03 12:28,High,False,Not Applicable,1.0
TRN-0000498,2026-10-03,MEMU,COR-01,SEC-01,Down,Decreasing KM,2026-10-03 12:59,2026-10-03 13:29,Medium,False,Not Applicable,1.0
TRN-0000499,2026-10-03,MEMU,COR-01,SEC-02,Down,Decreasing KM,2026-10-03 14:42,2026-10-03 15:40,Medium,False,Not Applicable,1.0
TRN-0000500,2026-10-03,Goods,COR-01,SEC-02,Down,Decreasing KM,2026-10-03 15:56,2026-10-03 16:22,Medium,True,Forecasted,0.91
TRN-0000501,2026-10-03,Express,COR-01,SEC-02,Down,Decreasing KM,2026-10-03 17:32,2026-10-03 18:21,High,False,Not Applicable,1.0
TRN-0000502,2026-10-03,Passenger,COR-01,SEC-01,Down,Decreasing KM,2026-10-03 19:03,2026-10-03 19:51,High,False,Not Applicable,1.0
TRN-0000503,2026-10-03,Passenger,COR-01,SEC-02,Down,Decreasing KM,2026-10-03 20:26,2026-10-03 21:21,High,False,Not Applicable,1.0
TRN-0000504,2026-10-03,Goods,COR-01,SEC-01,Down,Decreasing KM,2026-10-03 21:53,2026-10-03 22:43,Medium,True,Forecasted,0.73
TRN-0000505,2026-10-03,Express,COR-02,SEC-04,Up,Increasing KM,2026-10-03 05:33,2026-10-03 06:26,High,False,Not Applicable,1.0
TRN-0000506,2026-10-03,MEMU,COR-02,SEC-03,Up,Increasing KM,2026-10-03 07:01,2026-10-03 07:43,Medium,False,Not Applicable,1.0
TRN-0000507,2026-10-03,Goods,COR-02,SEC-03,Up,Increasing KM,2026-10-03 08:19,2026-10-03 09:01,Medium,True,Forecasted,0.95
TRN-0000508,2026-10-03,Passenger,COR-02,SEC-04,Up,Increasing KM,2026-10-03 09:53,2026-10-03 10:39,High,False,Not Applicable,1.0
TRN-0000509,2026-10-03,Passenger,COR-02,SEC-04,Up,Increasing KM,2026-10-03 11:42,2026-10-03 12:20,High,False,Not Applicable,1.0
TRN-0000510,2026-10-03,Superfast,COR-02,SEC-03,Up,Increasing KM,2026-10-03 13:06,2026-10-03 14:01,Critical,False,Not Applicable,1.0
TRN-0000511,2026-10-03,MEMU,COR-02,SEC-03,Up,Increasing KM,2026-10-03 14:36,2026-10-03 15:20,Medium,False,Not Applicable,1.0
TRN-0000512,2026-10-03,Goods,COR-02,SEC-04,Up,Increasing KM,2026-10-03 15:52,2026-10-03 16:48,Medium,True,Forecasted,0.86
TRN-0000513,2026-10-03,Goods,COR-02,SEC-04,Up,Increasing KM,2026-10-03 17:19,2026-10-03 17:55,Medium,True,Forecasted,0.76
TRN-0000514,2026-10-03,Passenger,COR-02,SEC-03,Up,Increasing KM,2026-10-03 18:55,2026-10-03 19:41,High,False,Not Applicable,1.0
TRN-0000515,2026-10-03,Express,COR-02,SEC-03,Up,Increasing KM,2026-10-03 20:39,2026-10-03 21:30,High,False,Not Applicable,1.0
TRN-0000516,2026-10-03,MEMU,COR-02,SEC-03,Up,Increasing KM,2026-10-03 22:00,2026-10-03 22:46,Medium,False,Not Applicable,1.0
TRN-0000517,2026-10-03,Goods,COR-02,SEC-03,Down,Decreasing KM,2026-10-03 05:30,2026-10-03 06:03,Medium,True,Scheduled,0.71
TRN-0000518,2026-10-03,Passenger,COR-02,SEC-03,Down,Decreasing KM,2026-10-03 06:48,2026-10-03 07:20,High,False,Not Applicable,1.0
TRN-0000519,2026-10-03,MEMU,COR-02,SEC-04,Down,Decreasing KM,2026-10-03 08:20,2026-10-03 09:05,Medium,False,Not Applicable,1.0
TRN-0000520,2026-10-03,Goods,COR-02,SEC-04,Down,Decreasing KM,2026-10-03 09:48,2026-10-03 10:44,Medium,True,Forecasted,0.73
TRN-0000521,2026-10-03,Express,COR-02,SEC-03,Down,Decreasing KM,2026-10-03 11:39,2026-10-03 12:11,High,False,Not Applicable,1.0
TRN-0000522,2026-10-03,Superfast,COR-02,SEC-03,Down,Decreasing KM,2026-10-03 13:09,2026-10-03 13:39,Critical,False,Not Applicable,1.0
TRN-0000523,2026-10-03,Superfast,COR-02,SEC-04,Down,Decreasing KM,2026-10-03 14:19,2026-10-03 14:50,Critical,False,Not Applicable,1.0
TRN-0000524,2026-10-03,Passenger,COR-02,SEC-03,Down,Decreasing KM,2026-10-03 15:49,2026-10-03 16:25,High,False,Not Applicable,1.0
TRN-0000525,2026-10-03,Express,COR-02,SEC-03,Down,Decreasing KM,2026-10-03 17:37,2026-10-03 18:21,High,False,Not Applicable,1.0
TRN-0000526,2026-10-03,Passenger,COR-02,SEC-04,Down,Decreasing KM,2026-10-03 19:01,2026-10-03 19:40,High,False,Not Applicable,1.0
TRN-0000527,2026-10-03,Goods,COR-02,SEC-04,Down,Decreasing KM,2026-10-03 20:25,2026-10-03 21:05,Medium,True,Scheduled,0.73
TRN-0000528,2026-10-03,Goods,COR-02,SEC-04,Down,Decreasing KM,2026-10-03 22:03,2026-10-03 22:36,Medium,True,Scheduled,0.7
TRN-0000529,2026-10-03,Express,COR-03,SEC-06,Up,Increasing KM,2026-10-03 05:33,2026-10-03 06:17,High,False,Not Applicable,1.0
TRN-0000530,2026-10-03,Passenger,COR-03,SEC-05,Up,Increasing KM,2026-10-03 07:12,2026-10-03 07:46,High,False,Not Applicable,1.0
TRN-0000531,2026-10-03,Passenger,COR-03,SEC-05,Up,Increasing KM,2026-10-03 08:38,2026-10-03 09:05,High,False,Not Applicable,1.0
TRN-0000532,2026-10-03,Passenger,COR-03,SEC-05,Up,Increasing KM,2026-10-03 09:53,2026-10-03 10:37,High,False,Not Applicable,1.0
TRN-0000533,2026-10-03,Express,COR-03,SEC-06,Up,Increasing KM,2026-10-03 11:40,2026-10-03 12:30,High,False,Not Applicable,1.0
TRN-0000534,2026-10-03,Express,COR-03,SEC-06,Up,Increasing KM,2026-10-03 12:58,2026-10-03 13:42,High,False,Not Applicable,1.0
TRN-0000535,2026-10-03,MEMU,COR-03,SEC-05,Up,Increasing KM,2026-10-03 14:30,2026-10-03 15:30,Medium,False,Not Applicable,1.0
TRN-0000536,2026-10-03,Express,COR-03,SEC-06,Up,Increasing KM,2026-10-03 16:01,2026-10-03 16:47,High,False,Not Applicable,1.0
TRN-0000537,2026-10-03,Passenger,COR-03,SEC-05,Up,Increasing KM,2026-10-03 17:37,2026-10-03 18:20,High,False,Not Applicable,1.0
TRN-0000538,2026-10-03,Passenger,COR-03,SEC-06,Up,Increasing KM,2026-10-03 18:51,2026-10-03 19:17,High,False,Not Applicable,1.0
TRN-0000539,2026-10-03,Goods,COR-03,SEC-05,Up,Increasing KM,2026-10-03 20:31,2026-10-03 21:16,Medium,True,Forecasted,0.75
TRN-0000540,2026-10-03,Passenger,COR-03,SEC-06,Up,Increasing KM,2026-10-03 22:08,2026-10-03 22:39,High,False,Not Applicable,1.0
TRN-0000541,2026-10-03,Passenger,COR-03,SEC-05,Down,Decreasing KM,2026-10-03 05:28,2026-10-03 06:01,High,False,Not Applicable,1.0
TRN-0000542,2026-10-03,MEMU,COR-03,SEC-06,Down,Decreasing KM,2026-10-03 06:51,2026-10-03 07:34,Medium,False,Not Applicable,1.0
TRN-0000543,2026-10-03,Express,COR-03,SEC-06,Down,Decreasing KM,2026-10-03 08:23,2026-10-03 09:01,High,False,Not Applicable,1.0
TRN-0000544,2026-10-03,Passenger,COR-03,SEC-05,Down,Decreasing KM,2026-10-03 10:11,2026-10-03 10:46,High,False,Not Applicable,1.0
TRN-0000545,2026-10-03,Passenger,COR-03,SEC-06,Down,Decreasing KM,2026-10-03 11:25,2026-10-03 12:04,High,False,Not Applicable,1.0
TRN-0000546,2026-10-03,Goods,COR-03,SEC-05,Down,Decreasing KM,2026-10-03 13:00,2026-10-03 13:37,Medium,True,Forecasted,0.82
TRN-0000547,2026-10-03,Passenger,COR-03,SEC-05,Down,Decreasing KM,2026-10-03 14:42,2026-10-03 15:28,High,False,Not Applicable,1.0
TRN-0000548,2026-10-03,Goods,COR-03,SEC-05,Down,Decreasing KM,2026-10-03 16:03,2026-10-03 17:03,Medium,True,Forecasted,0.81
TRN-0000549,2026-10-03,Passenger,COR-03,SEC-05,Down,Decreasing KM,2026-10-03 17:19,2026-10-03 18:01,High,False,Not Applicable,1.0
TRN-0000550,2026-10-03,Goods,COR-03,SEC-05,Down,Decreasing KM,2026-10-03 18:56,2026-10-03 19:26,Medium,True,Forecasted,0.89
TRN-0000551,2026-10-03,Passenger,COR-03,SEC-06,Down,Decreasing KM,2026-10-03 20:27,2026-10-03 21:22,High,False,Not Applicable,1.0
TRN-0000552,2026-10-03,Express,COR-03,SEC-05,Down,Decreasing KM,2026-10-03 21:54,2026-10-03 22:25,High,False,Not Applicable,1.0
TRN-0000553,2026-10-03,Superfast,COR-04,SEC-08,Up,Increasing KM,2026-10-03 05:28,2026-10-03 06:28,Critical,False,Not Applicable,1.0
TRN-0000554,2026-10-03,MEMU,COR-04,SEC-07,Up,Increasing KM,2026-10-03 07:02,2026-10-03 07:41,Medium,False,Not Applicable,1.0
TRN-0000555,2026-10-03,Passenger,COR-04,SEC-07,Up,Increasing KM,2026-10-03 08:28,2026-10-03 09:19,High,False,Not Applicable,1.0
TRN-0000556,2026-10-03,Passenger,COR-04,SEC-08,Up,Increasing KM,2026-10-03 09:58,2026-10-03 10:56,High,False,Not Applicable,1.0
TRN-0000557,2026-10-03,Goods,COR-04,SEC-07,Up,Increasing KM,2026-10-03 11:26,2026-10-03 12:20,Medium,True,Forecasted,0.9
TRN-0000558,2026-10-03,MEMU,COR-04,SEC-08,Up,Increasing KM,2026-10-03 12:49,2026-10-03 13:24,Medium,False,Not Applicable,1.0
TRN-0000559,2026-10-03,Passenger,COR-04,SEC-08,Up,Increasing KM,2026-10-03 14:39,2026-10-03 15:34,High,False,Not Applicable,1.0
TRN-0000560,2026-10-03,Passenger,COR-04,SEC-08,Up,Increasing KM,2026-10-03 16:11,2026-10-03 16:48,High,False,Not Applicable,1.0
TRN-0000561,2026-10-03,Goods,COR-04,SEC-08,Up,Increasing KM,2026-10-03 17:20,2026-10-03 18:01,Medium,True,Scheduled,0.83
TRN-0000562,2026-10-03,Express,COR-04,SEC-08,Up,Increasing KM,2026-10-03 18:58,2026-10-03 19:36,High,False,Not Applicable,1.0
TRN-0000563,2026-10-03,Goods,COR-04,SEC-07,Up,Increasing KM,2026-10-03 20:30,2026-10-03 20:55,Medium,True,Forecasted,0.92
TRN-0000564,2026-10-03,Express,COR-04,SEC-07,Up,Increasing KM,2026-10-03 22:07,2026-10-03 22:56,High,False,Not Applicable,1.0
TRN-0000565,2026-10-03,Passenger,COR-04,SEC-08,Down,Decreasing KM,2026-10-03 05:42,2026-10-03 06:14,High,False,Not Applicable,1.0
TRN-0000566,2026-10-03,MEMU,COR-04,SEC-07,Down,Decreasing KM,2026-10-03 07:09,2026-10-03 07:50,Medium,False,Not Applicable,1.0
TRN-0000567,2026-10-03,Superfast,COR-04,SEC-07,Down,Decreasing KM,2026-10-03 08:23,2026-10-03 09:18,Critical,False,Not Applicable,1.0
TRN-0000568,2026-10-03,Superfast,COR-04,SEC-08,Down,Decreasing KM,2026-10-03 10:02,2026-10-03 10:32,Critical,False,Not Applicable,1.0
TRN-0000569,2026-10-03,Express,COR-04,SEC-08,Down,Decreasing KM,2026-10-03 11:38,2026-10-03 12:32,High,False,Not Applicable,1.0
TRN-0000570,2026-10-03,Passenger,COR-04,SEC-08,Down,Decreasing KM,2026-10-03 12:55,2026-10-03 13:30,High,False,Not Applicable,1.0
TRN-0000571,2026-10-03,Express,COR-04,SEC-08,Down,Decreasing KM,2026-10-03 14:34,2026-10-03 15:19,High,False,Not Applicable,1.0
TRN-0000572,2026-10-03,Passenger,COR-04,SEC-07,Down,Decreasing KM,2026-10-03 15:48,2026-10-03 16:31,High,False,Not Applicable,1.0
TRN-0000573,2026-10-03,Superfast,COR-04,SEC-07,Down,Decreasing KM,2026-10-03 17:39,2026-10-03 18:28,Critical,False,Not Applicable,1.0
TRN-0000574,2026-10-03,MEMU,COR-04,SEC-08,Down,Decreasing KM,2026-10-03 19:03,2026-10-03 19:58,Medium,False,Not Applicable,1.0
TRN-0000575,2026-10-03,Express,COR-04,SEC-08,Down,Decreasing KM,2026-10-03 20:36,2026-10-03 21:13,High,False,Not Applicable,1.0
TRN-0000576,2026-10-03,Express,COR-04,SEC-08,Down,Decreasing KM,2026-10-03 22:08,2026-10-03 22:39,High,False,Not Applicable,1.0
TRN-0000577,2026-10-04,Express,COR-01,SEC-01,Up,Increasing KM,2026-10-04 05:28,2026-10-04 06:22,High,False,Not Applicable,1.0
TRN-0000578,2026-10-04,Passenger,COR-01,SEC-01,Up,Increasing KM,2026-10-04 07:03,2026-10-04 07:55,High,False,Not Applicable,1.0
TRN-0000579,2026-10-04,Passenger,COR-01,SEC-02,Up,Increasing KM,2026-10-04 08:36,2026-10-04 09:35,High,False,Not Applicable,1.0
TRN-0000580,2026-10-04,Passenger,COR-01,SEC-02,Up,Increasing KM,2026-10-04 10:06,2026-10-04 10:32,High,False,Not Applicable,1.0
TRN-0000581,2026-10-04,Superfast,COR-01,SEC-01,Up,Increasing KM,2026-10-04 11:26,2026-10-04 12:05,Critical,False,Not Applicable,1.0
TRN-0000582,2026-10-04,MEMU,COR-01,SEC-01,Up,Increasing KM,2026-10-04 13:11,2026-10-04 13:54,Medium,False,Not Applicable,1.0
TRN-0000583,2026-10-04,Passenger,COR-01,SEC-01,Up,Increasing KM,2026-10-04 14:20,2026-10-04 15:10,High,False,Not Applicable,1.0
TRN-0000584,2026-10-04,Passenger,COR-01,SEC-01,Up,Increasing KM,2026-10-04 15:50,2026-10-04 16:37,High,False,Not Applicable,1.0
TRN-0000585,2026-10-04,Goods,COR-01,SEC-01,Up,Increasing KM,2026-10-04 17:18,2026-10-04 18:03,Medium,True,Forecasted,0.83
TRN-0000586,2026-10-04,Superfast,COR-01,SEC-02,Up,Increasing KM,2026-10-04 19:11,2026-10-04 19:47,Critical,False,Not Applicable,1.0
TRN-0000587,2026-10-04,Express,COR-01,SEC-01,Up,Increasing KM,2026-10-04 20:22,2026-10-04 21:15,High,False,Not Applicable,1.0
TRN-0000588,2026-10-04,Passenger,COR-01,SEC-02,Up,Increasing KM,2026-10-04 22:03,2026-10-04 22:47,High,False,Not Applicable,1.0
TRN-0000589,2026-10-04,Goods,COR-01,SEC-02,Down,Decreasing KM,2026-10-04 05:32,2026-10-04 06:30,Medium,True,Forecasted,0.81
TRN-0000590,2026-10-04,MEMU,COR-01,SEC-01,Down,Decreasing KM,2026-10-04 06:49,2026-10-04 07:20,Medium,False,Not Applicable,1.0
TRN-0000591,2026-10-04,Goods,COR-01,SEC-02,Down,Decreasing KM,2026-10-04 08:34,2026-10-04 09:11,Medium,True,Forecasted,0.67
TRN-0000592,2026-10-04,MEMU,COR-01,SEC-01,Down,Decreasing KM,2026-10-04 09:58,2026-10-04 10:54,Medium,False,Not Applicable,1.0
TRN-0000593,2026-10-04,Superfast,COR-01,SEC-01,Down,Decreasing KM,2026-10-04 11:21,2026-10-04 11:54,Critical,False,Not Applicable,1.0
TRN-0000594,2026-10-04,Goods,COR-01,SEC-02,Down,Decreasing KM,2026-10-04 12:53,2026-10-04 13:19,Medium,True,Forecasted,0.93
TRN-0000595,2026-10-04,Superfast,COR-01,SEC-01,Down,Decreasing KM,2026-10-04 14:37,2026-10-04 15:27,Critical,False,Not Applicable,1.0
TRN-0000596,2026-10-04,Express,COR-01,SEC-01,Down,Decreasing KM,2026-10-04 16:10,2026-10-04 16:57,High,False,Not Applicable,1.0
TRN-0000597,2026-10-04,Passenger,COR-01,SEC-01,Down,Decreasing KM,2026-10-04 17:30,2026-10-04 17:56,High,False,Not Applicable,1.0
TRN-0000598,2026-10-04,Passenger,COR-01,SEC-02,Down,Decreasing KM,2026-10-04 19:12,2026-10-04 19:57,High,False,Not Applicable,1.0
TRN-0000599,2026-10-04,Passenger,COR-01,SEC-01,Down,Decreasing KM,2026-10-04 20:22,2026-10-04 21:07,High,False,Not Applicable,1.0
TRN-0000600,2026-10-04,Goods,COR-01,SEC-02,Down,Decreasing KM,2026-10-04 21:55,2026-10-04 22:31,Medium,True,Scheduled,0.76
TRN-0000601,2026-10-04,Goods,COR-02,SEC-04,Up,Increasing KM,2026-10-04 05:26,2026-10-04 05:56,Medium,True,Forecasted,0.72
TRN-0000602,2026-10-04,Passenger,COR-02,SEC-03,Up,Increasing KM,2026-10-04 07:08,2026-10-04 07:36,High,False,Not Applicable,1.0
TRN-0000603,2026-10-04,Superfast,COR-02,SEC-03,Up,Increasing KM,2026-10-04 08:19,2026-10-04 08:47,Critical,False,Not Applicable,1.0
TRN-0000604,2026-10-04,Goods,COR-02,SEC-04,Up,Increasing KM,2026-10-04 10:10,2026-10-04 10:37,Medium,True,Forecasted,0.76
TRN-0000605,2026-10-04,MEMU,COR-02,SEC-04,Up,Increasing KM,2026-10-04 11:37,2026-10-04 12:20,Medium,False,Not Applicable,1.0
TRN-0000606,2026-10-04,Goods,COR-02,SEC-04,Up,Increasing KM,2026-10-04 13:00,2026-10-04 13:46,Medium,True,Forecasted,0.75
TRN-0000607,2026-10-04,Superfast,COR-02,SEC-04,Up,Increasing KM,2026-10-04 14:32,2026-10-04 15:32,Critical,False,Not Applicable,1.0
TRN-0000608,2026-10-04,Express,COR-02,SEC-03,Up,Increasing KM,2026-10-04 16:10,2026-10-04 17:10,High,False,Not Applicable,1.0
TRN-0000609,2026-10-04,MEMU,COR-02,SEC-04,Up,Increasing KM,2026-10-04 17:37,2026-10-04 18:19,Medium,False,Not Applicable,1.0
TRN-0000610,2026-10-04,Goods,COR-02,SEC-04,Up,Increasing KM,2026-10-04 18:54,2026-10-04 19:52,Medium,True,Forecasted,0.79
TRN-0000611,2026-10-04,Superfast,COR-02,SEC-03,Up,Increasing KM,2026-10-04 20:19,2026-10-04 21:06,Critical,False,Not Applicable,1.0
TRN-0000612,2026-10-04,Goods,COR-02,SEC-04,Up,Increasing KM,2026-10-04 22:04,2026-10-04 22:52,Medium,True,Forecasted,0.77
TRN-0000613,2026-10-04,Passenger,COR-02,SEC-03,Down,Decreasing KM,2026-10-04 05:25,2026-10-04 06:23,High,False,Not Applicable,1.0
TRN-0000614,2026-10-04,Express,COR-02,SEC-04,Down,Decreasing KM,2026-10-04 07:06,2026-10-04 07:32,High,False,Not Applicable,1.0
TRN-0000615,2026-10-04,Passenger,COR-02,SEC-03,Down,Decreasing KM,2026-10-04 08:24,2026-10-04 09:15,High,False,Not Applicable,1.0
TRN-0000616,2026-10-04,MEMU,COR-02,SEC-04,Down,Decreasing KM,2026-10-04 09:51,2026-10-04 10:22,Medium,False,Not Applicable,1.0
TRN-0000617,2026-10-04,Goods,COR-02,SEC-03,Down,Decreasing KM,2026-10-04 11:40,2026-10-04 12:37,Medium,True,Forecasted,0.65
TRN-0000618,2026-10-04,Passenger,COR-02,SEC-04,Down,Decreasing KM,2026-10-04 12:56,2026-10-04 13:22,High,False,Not Applicable,1.0
TRN-0000619,2026-10-04,MEMU,COR-02,SEC-03,Down,Decreasing KM,2026-10-04 14:34,2026-10-04 14:59,Medium,False,Not Applicable,1.0
TRN-0000620,2026-10-04,Superfast,COR-02,SEC-03,Down,Decreasing KM,2026-10-04 16:05,2026-10-04 16:48,Critical,False,Not Applicable,1.0
TRN-0000621,2026-10-04,MEMU,COR-02,SEC-03,Down,Decreasing KM,2026-10-04 17:38,2026-10-04 18:37,Medium,False,Not Applicable,1.0
TRN-0000622,2026-10-04,Express,COR-02,SEC-03,Down,Decreasing KM,2026-10-04 19:03,2026-10-04 19:47,High,False,Not Applicable,1.0
TRN-0000623,2026-10-04,Passenger,COR-02,SEC-04,Down,Decreasing KM,2026-10-04 20:35,2026-10-04 21:16,High,False,Not Applicable,1.0
TRN-0000624,2026-10-04,Passenger,COR-02,SEC-03,Down,Decreasing KM,2026-10-04 22:08,2026-10-04 22:56,High,False,Not Applicable,1.0
TRN-0000625,2026-10-04,Goods,COR-03,SEC-06,Up,Increasing KM,2026-10-04 05:31,2026-10-04 06:22,Medium,True,Scheduled,0.84
TRN-0000626,2026-10-04,Express,COR-03,SEC-06,Up,Increasing KM,2026-10-04 06:57,2026-10-04 07:41,High,False,Not Applicable,1.0
TRN-0000627,2026-10-04,Passenger,COR-03,SEC-05,Up,Increasing KM,2026-10-04 08:32,2026-10-04 09:23,High,False,Not Applicable,1.0
TRN-0000628,2026-10-04,Express,COR-03,SEC-05,Up,Increasing KM,2026-10-04 09:48,2026-10-04 10:34,High,False,Not Applicable,1.0
TRN-0000629,2026-10-04,Goods,COR-03,SEC-05,Up,Increasing KM,2026-10-04 11:24,2026-10-04 11:56,Medium,True,Forecasted,0.87
TRN-0000630,2026-10-04,Express,COR-03,SEC-06,Up,Increasing KM,2026-10-04 13:04,2026-10-04 13:53,High,False,Not Applicable,1.0
TRN-0000631,2026-10-04,MEMU,COR-03,SEC-06,Up,Increasing KM,2026-10-04 14:26,2026-10-04 14:55,Medium,False,Not Applicable,1.0
TRN-0000632,2026-10-04,Express,COR-03,SEC-06,Up,Increasing KM,2026-10-04 15:49,2026-10-04 16:45,High,False,Not Applicable,1.0
TRN-0000633,2026-10-04,Express,COR-03,SEC-06,Up,Increasing KM,2026-10-04 17:21,2026-10-04 17:49,High,False,Not Applicable,1.0
TRN-0000634,2026-10-04,Passenger,COR-03,SEC-06,Up,Increasing KM,2026-10-04 19:09,2026-10-04 20:09,High,False,Not Applicable,1.0
TRN-0000635,2026-10-04,Goods,COR-03,SEC-05,Up,Increasing KM,2026-10-04 20:26,2026-10-04 21:15,Medium,True,Forecasted,0.9
TRN-0000636,2026-10-04,Passenger,COR-03,SEC-05,Up,Increasing KM,2026-10-04 21:48,2026-10-04 22:28,High,False,Not Applicable,1.0
TRN-0000637,2026-10-04,Goods,COR-03,SEC-05,Down,Decreasing KM,2026-10-04 05:23,2026-10-04 06:11,Medium,True,Forecasted,0.96
TRN-0000638,2026-10-04,Passenger,COR-03,SEC-06,Down,Decreasing KM,2026-10-04 07:01,2026-10-04 07:26,High,False,Not Applicable,1.0
TRN-0000639,2026-10-04,Passenger,COR-03,SEC-05,Down,Decreasing KM,2026-10-04 08:42,2026-10-04 09:12,High,False,Not Applicable,1.0
TRN-0000640,2026-10-04,Passenger,COR-03,SEC-05,Down,Decreasing KM,2026-10-04 09:54,2026-10-04 10:21,High,False,Not Applicable,1.0
TRN-0000641,2026-10-04,MEMU,COR-03,SEC-05,Down,Decreasing KM,2026-10-04 11:35,2026-10-04 12:26,Medium,False,Not Applicable,1.0
TRN-0000642,2026-10-04,Goods,COR-03,SEC-05,Down,Decreasing KM,2026-10-04 12:52,2026-10-04 13:19,Medium,True,Forecasted,0.73
TRN-0000643,2026-10-04,Express,COR-03,SEC-06,Down,Decreasing KM,2026-10-04 14:38,2026-10-04 15:08,High,False,Not Applicable,1.0
TRN-0000644,2026-10-04,Goods,COR-03,SEC-06,Down,Decreasing KM,2026-10-04 15:52,2026-10-04 16:51,Medium,True,Scheduled,0.78
TRN-0000645,2026-10-04,MEMU,COR-03,SEC-05,Down,Decreasing KM,2026-10-04 17:25,2026-10-04 18:10,Medium,False,Not Applicable,1.0
TRN-0000646,2026-10-04,Superfast,COR-03,SEC-06,Down,Decreasing KM,2026-10-04 18:59,2026-10-04 19:40,Critical,False,Not Applicable,1.0
TRN-0000647,2026-10-04,Passenger,COR-03,SEC-05,Down,Decreasing KM,2026-10-04 20:27,2026-10-04 21:00,High,False,Not Applicable,1.0
TRN-0000648,2026-10-04,Express,COR-03,SEC-05,Down,Decreasing KM,2026-10-04 21:52,2026-10-04 22:30,High,False,Not Applicable,1.0
TRN-0000649,2026-10-04,Express,COR-04,SEC-08,Up,Increasing KM,2026-10-04 05:33,2026-10-04 06:13,High,False,Not Applicable,1.0
TRN-0000650,2026-10-04,Superfast,COR-04,SEC-08,Up,Increasing KM,2026-10-04 06:48,2026-10-04 07:16,Critical,False,Not Applicable,1.0
TRN-0000651,2026-10-04,Passenger,COR-04,SEC-07,Up,Increasing KM,2026-10-04 08:26,2026-10-04 09:06,High,False,Not Applicable,1.0
TRN-0000652,2026-10-04,Express,COR-04,SEC-08,Up,Increasing KM,2026-10-04 09:55,2026-10-04 10:37,High,False,Not Applicable,1.0
TRN-0000653,2026-10-04,Passenger,COR-04,SEC-08,Up,Increasing KM,2026-10-04 11:19,2026-10-04 12:12,High,False,Not Applicable,1.0
TRN-0000654,2026-10-04,Passenger,COR-04,SEC-07,Up,Increasing KM,2026-10-04 12:51,2026-10-04 13:31,High,False,Not Applicable,1.0
TRN-0000655,2026-10-04,Passenger,COR-04,SEC-08,Up,Increasing KM,2026-10-04 14:30,2026-10-04 15:28,High,False,Not Applicable,1.0
TRN-0000656,2026-10-04,Passenger,COR-04,SEC-07,Up,Increasing KM,2026-10-04 15:50,2026-10-04 16:19,High,False,Not Applicable,1.0
TRN-0000657,2026-10-04,Passenger,COR-04,SEC-08,Up,Increasing KM,2026-10-04 17:26,2026-10-04 17:52,High,False,Not Applicable,1.0
TRN-0000658,2026-10-04,MEMU,COR-04,SEC-08,Up,Increasing KM,2026-10-04 19:02,2026-10-04 19:27,Medium,False,Not Applicable,1.0
TRN-0000659,2026-10-04,Goods,COR-04,SEC-08,Up,Increasing KM,2026-10-04 20:39,2026-10-04 21:16,Medium,True,Forecasted,0.91
TRN-0000660,2026-10-04,Goods,COR-04,SEC-08,Up,Increasing KM,2026-10-04 21:50,2026-10-04 22:21,Medium,True,Scheduled,0.78
TRN-0000661,2026-10-04,Express,COR-04,SEC-08,Down,Decreasing KM,2026-10-04 05:26,2026-10-04 06:13,High,False,Not Applicable,1.0
TRN-0000662,2026-10-04,Passenger,COR-04,SEC-08,Down,Decreasing KM,2026-10-04 06:58,2026-10-04 07:43,High,False,Not Applicable,1.0
TRN-0000663,2026-10-04,Passenger,COR-04,SEC-08,Down,Decreasing KM,2026-10-04 08:37,2026-10-04 09:11,High,False,Not Applicable,1.0
TRN-0000664,2026-10-04,Express,COR-04,SEC-08,Down,Decreasing KM,2026-10-04 10:05,2026-10-04 10:34,High,False,Not Applicable,1.0
TRN-0000665,2026-10-04,Passenger,COR-04,SEC-08,Down,Decreasing KM,2026-10-04 11:32,2026-10-04 12:32,High,False,Not Applicable,1.0
TRN-0000666,2026-10-04,Express,COR-04,SEC-07,Down,Decreasing KM,2026-10-04 13:03,2026-10-04 13:38,High,False,Not Applicable,1.0
TRN-0000667,2026-10-04,Goods,COR-04,SEC-07,Down,Decreasing KM,2026-10-04 14:36,2026-10-04 15:04,Medium,True,Forecasted,0.8
TRN-0000668,2026-10-04,Passenger,COR-04,SEC-07,Down,Decreasing KM,2026-10-04 15:52,2026-10-04 16:28,High,False,Not Applicable,1.0
TRN-0000669,2026-10-04,Passenger,COR-04,SEC-08,Down,Decreasing KM,2026-10-04 17:27,2026-10-04 18:23,High,False,Not Applicable,1.0
TRN-0000670,2026-10-04,Goods,COR-04,SEC-08,Down,Decreasing KM,2026-10-04 18:50,2026-10-04 19:38,Medium,True,Forecasted,0.72
TRN-0000671,2026-10-04,MEMU,COR-04,SEC-07,Down,Decreasing KM,2026-10-04 20:35,2026-10-04 21:19,Medium,False,Not Applicable,1.0
TRN-0000672,2026-10-04,Superfast,COR-04,SEC-08,Down,Decreasing KM,2026-10-04 21:58,2026-10-04 22:26,Critical,False,Not Applicable,1.0
TRN-0000673,2026-10-05,Goods,COR-01,SEC-02,Up,Increasing KM,2026-10-05 05:35,2026-10-05 06:21,Medium,True,Forecasted,0.79
TRN-0000674,2026-10-05,MEMU,COR-01,SEC-02,Up,Increasing KM,2026-10-05 07:08,2026-10-05 08:04,Medium,False,Not Applicable,1.0
TRN-0000675,2026-10-05,Superfast,COR-01,SEC-01,Up,Increasing KM,2026-10-05 08:20,2026-10-05 09:14,Critical,False,Not Applicable,1.0
TRN-0000676,2026-10-05,Express,COR-01,SEC-01,Up,Increasing KM,2026-10-05 09:59,2026-10-05 10:39,High,False,Not Applicable,1.0
TRN-0000677,2026-10-05,Express,COR-01,SEC-01,Up,Increasing KM,2026-10-05 11:34,2026-10-05 12:17,High,False,Not Applicable,1.0
TRN-0000678,2026-10-05,Express,COR-01,SEC-01,Up,Increasing KM,2026-10-05 12:49,2026-10-05 13:20,High,False,Not Applicable,1.0
TRN-0000679,2026-10-05,Passenger,COR-01,SEC-02,Up,Increasing KM,2026-10-05 14:27,2026-10-05 15:27,High,False,Not Applicable,1.0
TRN-0000680,2026-10-05,Passenger,COR-01,SEC-01,Up,Increasing KM,2026-10-05 15:54,2026-10-05 16:42,High,False,Not Applicable,1.0
TRN-0000681,2026-10-05,MEMU,COR-01,SEC-01,Up,Increasing KM,2026-10-05 17:18,2026-10-05 17:54,Medium,False,Not Applicable,1.0
TRN-0000682,2026-10-05,Passenger,COR-01,SEC-02,Up,Increasing KM,2026-10-05 19:08,2026-10-05 19:54,High,False,Not Applicable,1.0
TRN-0000683,2026-10-05,Passenger,COR-01,SEC-02,Up,Increasing KM,2026-10-05 20:29,2026-10-05 21:08,High,False,Not Applicable,1.0
TRN-0000684,2026-10-05,Passenger,COR-01,SEC-01,Up,Increasing KM,2026-10-05 22:06,2026-10-05 22:36,High,False,Not Applicable,1.0
TRN-0000685,2026-10-05,Goods,COR-01,SEC-02,Down,Decreasing KM,2026-10-05 05:39,2026-10-05 06:09,Medium,True,Scheduled,0.94
TRN-0000686,2026-10-05,Express,COR-01,SEC-01,Down,Decreasing KM,2026-10-05 07:10,2026-10-05 07:52,High,False,Not Applicable,1.0
TRN-0000687,2026-10-05,Passenger,COR-01,SEC-02,Down,Decreasing KM,2026-10-05 08:38,2026-10-05 09:24,High,False,Not Applicable,1.0
TRN-0000688,2026-10-05,Superfast,COR-01,SEC-02,Down,Decreasing KM,2026-10-05 09:57,2026-10-05 10:51,Critical,False,Not Applicable,1.0
TRN-0000689,2026-10-05,Express,COR-01,SEC-01,Down,Decreasing KM,2026-10-05 11:24,2026-10-05 12:19,High,False,Not Applicable,1.0
TRN-0000690,2026-10-05,Goods,COR-01,SEC-02,Down,Decreasing KM,2026-10-05 12:49,2026-10-05 13:44,Medium,True,Forecasted,0.9
TRN-0000691,2026-10-05,Passenger,COR-01,SEC-01,Down,Decreasing KM,2026-10-05 14:36,2026-10-05 15:34,High,False,Not Applicable,1.0
TRN-0000692,2026-10-05,Passenger,COR-01,SEC-01,Down,Decreasing KM,2026-10-05 15:56,2026-10-05 16:41,High,False,Not Applicable,1.0
TRN-0000693,2026-10-05,MEMU,COR-01,SEC-01,Down,Decreasing KM,2026-10-05 17:40,2026-10-05 18:38,Medium,False,Not Applicable,1.0
TRN-0000694,2026-10-05,Goods,COR-01,SEC-02,Down,Decreasing KM,2026-10-05 19:09,2026-10-05 19:59,Medium,True,Forecasted,0.89
TRN-0000695,2026-10-05,MEMU,COR-01,SEC-02,Down,Decreasing KM,2026-10-05 20:21,2026-10-05 21:13,Medium,False,Not Applicable,1.0
TRN-0000696,2026-10-05,Express,COR-01,SEC-02,Down,Decreasing KM,2026-10-05 22:10,2026-10-05 23:09,High,False,Not Applicable,1.0
TRN-0000697,2026-10-05,Superfast,COR-02,SEC-04,Up,Increasing KM,2026-10-05 05:26,2026-10-05 06:12,Critical,False,Not Applicable,1.0
TRN-0000698,2026-10-05,Passenger,COR-02,SEC-04,Up,Increasing KM,2026-10-05 06:55,2026-10-05 07:39,High,False,Not Applicable,1.0
TRN-0000699,2026-10-05,Express,COR-02,SEC-04,Up,Increasing KM,2026-10-05 08:42,2026-10-05 09:37,High,False,Not Applicable,1.0
TRN-0000700,2026-10-05,Passenger,COR-02,SEC-04,Up,Increasing KM,2026-10-05 10:12,2026-10-05 10:48,High,False,Not Applicable,1.0
TRN-0000701,2026-10-05,Goods,COR-02,SEC-03,Up,Increasing KM,2026-10-05 11:22,2026-10-05 12:05,Medium,True,Forecasted,0.8
TRN-0000702,2026-10-05,Goods,COR-02,SEC-04,Up,Increasing KM,2026-10-05 12:57,2026-10-05 13:43,Medium,True,Scheduled,0.87
TRN-0000703,2026-10-05,MEMU,COR-02,SEC-03,Up,Increasing KM,2026-10-05 14:41,2026-10-05 15:39,Medium,False,Not Applicable,1.0
TRN-0000704,2026-10-05,Express,COR-02,SEC-04,Up,Increasing KM,2026-10-05 15:52,2026-10-05 16:44,High,False,Not Applicable,1.0
TRN-0000705,2026-10-05,Express,COR-02,SEC-04,Up,Increasing KM,2026-10-05 17:37,2026-10-05 18:37,High,False,Not Applicable,1.0
TRN-0000706,2026-10-05,Goods,COR-02,SEC-03,Up,Increasing KM,2026-10-05 18:50,2026-10-05 19:36,Medium,True,Scheduled,0.73
TRN-0000707,2026-10-05,MEMU,COR-02,SEC-03,Up,Increasing KM,2026-10-05 20:22,2026-10-05 20:58,Medium,False,Not Applicable,1.0
TRN-0000708,2026-10-05,Passenger,COR-02,SEC-04,Up,Increasing KM,2026-10-05 22:07,2026-10-05 22:41,High,False,Not Applicable,1.0
TRN-0000709,2026-10-05,Goods,COR-02,SEC-04,Down,Decreasing KM,2026-10-05 05:38,2026-10-05 06:15,Medium,True,Scheduled,0.75
TRN-0000710,2026-10-05,Passenger,COR-02,SEC-04,Down,Decreasing KM,2026-10-05 06:50,2026-10-05 07:37,High,False,Not Applicable,1.0
TRN-0000711,2026-10-05,Superfast,COR-02,SEC-03,Down,Decreasing KM,2026-10-05 08:36,2026-10-05 09:35,Critical,False,Not Applicable,1.0
TRN-0000712,2026-10-05,Passenger,COR-02,SEC-03,Down,Decreasing KM,2026-10-05 10:01,2026-10-05 10:32,High,False,Not Applicable,1.0
TRN-0000713,2026-10-05,MEMU,COR-02,SEC-04,Down,Decreasing KM,2026-10-05 11:19,2026-10-05 12:18,Medium,False,Not Applicable,1.0
TRN-0000714,2026-10-05,Goods,COR-02,SEC-04,Down,Decreasing KM,2026-10-05 13:03,2026-10-05 13:38,Medium,True,Forecasted,0.73
TRN-0000715,2026-10-05,Goods,COR-02,SEC-03,Down,Decreasing KM,2026-10-05 14:36,2026-10-05 15:36,Medium,True,Forecasted,0.76
TRN-0000716,2026-10-05,Passenger,COR-02,SEC-04,Down,Decreasing KM,2026-10-05 16:06,2026-10-05 16:43,High,False,Not Applicable,1.0
TRN-0000717,2026-10-05,Passenger,COR-02,SEC-03,Down,Decreasing KM,2026-10-05 17:31,2026-10-05 18:00,High,False,Not Applicable,1.0
TRN-0000718,2026-10-05,Passenger,COR-02,SEC-03,Down,Decreasing KM,2026-10-05 18:56,2026-10-05 19:35,High,False,Not Applicable,1.0
TRN-0000719,2026-10-05,Goods,COR-02,SEC-03,Down,Decreasing KM,2026-10-05 20:22,2026-10-05 21:06,Medium,True,Scheduled,0.78
TRN-0000720,2026-10-05,Passenger,COR-02,SEC-03,Down,Decreasing KM,2026-10-05 21:48,2026-10-05 22:14,High,False,Not Applicable,1.0
TRN-0000721,2026-10-05,MEMU,COR-03,SEC-05,Up,Increasing KM,2026-10-05 05:37,2026-10-05 06:21,Medium,False,Not Applicable,1.0
TRN-0000722,2026-10-05,Passenger,COR-03,SEC-06,Up,Increasing KM,2026-10-05 06:56,2026-10-05 07:26,High,False,Not Applicable,1.0
TRN-0000723,2026-10-05,Express,COR-03,SEC-05,Up,Increasing KM,2026-10-05 08:30,2026-10-05 09:28,High,False,Not Applicable,1.0
TRN-0000724,2026-10-05,Goods,COR-03,SEC-05,Up,Increasing KM,2026-10-05 09:50,2026-10-05 10:36,Medium,True,Scheduled,0.79
TRN-0000725,2026-10-05,Express,COR-03,SEC-06,Up,Increasing KM,2026-10-05 11:37,2026-10-05 12:07,High,False,Not Applicable,1.0
TRN-0000726,2026-10-05,Passenger,COR-03,SEC-06,Up,Increasing KM,2026-10-05 13:03,2026-10-05 13:40,High,False,Not Applicable,1.0
TRN-0000727,2026-10-05,Superfast,COR-03,SEC-06,Up,Increasing KM,2026-10-05 14:39,2026-10-05 15:25,Critical,False,Not Applicable,1.0
TRN-0000728,2026-10-05,Express,COR-03,SEC-06,Up,Increasing KM,2026-10-05 16:09,2026-10-05 17:01,High,False,Not Applicable,1.0
TRN-0000729,2026-10-05,Goods,COR-03,SEC-05,Up,Increasing KM,2026-10-05 17:26,2026-10-05 18:00,Medium,True,Forecasted,0.7
TRN-0000730,2026-10-05,Passenger,COR-03,SEC-06,Up,Increasing KM,2026-10-05 18:49,2026-10-05 19:40,High,False,Not Applicable,1.0
TRN-0000731,2026-10-05,Passenger,COR-03,SEC-05,Up,Increasing KM,2026-10-05 20:26,2026-10-05 21:05,High,False,Not Applicable,1.0
TRN-0000732,2026-10-05,Goods,COR-03,SEC-05,Up,Increasing KM,2026-10-05 21:51,2026-10-05 22:28,Medium,True,Forecasted,0.88
TRN-0000733,2026-10-05,Goods,COR-03,SEC-06,Down,Decreasing KM,2026-10-05 05:36,2026-10-05 06:26,Medium,True,Forecasted,0.67
TRN-0000734,2026-10-05,Superfast,COR-03,SEC-05,Down,Decreasing KM,2026-10-05 07:04,2026-10-05 07:49,Critical,False,Not Applicable,1.0
TRN-0000735,2026-10-05,Goods,COR-03,SEC-05,Down,Decreasing KM,2026-10-05 08:24,2026-10-05 09:14,Medium,True,Forecasted,0.87
TRN-0000736,2026-10-05,Express,COR-03,SEC-05,Down,Decreasing KM,2026-10-05 10:08,2026-10-05 10:59,High,False,Not Applicable,1.0
TRN-0000737,2026-10-05,Superfast,COR-03,SEC-05,Down,Decreasing KM,2026-10-05 11:23,2026-10-05 12:15,Critical,False,Not Applicable,1.0
TRN-0000738,2026-10-05,Passenger,COR-03,SEC-06,Down,Decreasing KM,2026-10-05 12:54,2026-10-05 13:26,High,False,Not Applicable,1.0
TRN-0000739,2026-10-05,Goods,COR-03,SEC-06,Down,Decreasing KM,2026-10-05 14:39,2026-10-05 15:21,Medium,True,Forecasted,0.87
TRN-0000740,2026-10-05,Express,COR-03,SEC-06,Down,Decreasing KM,2026-10-05 15:56,2026-10-05 16:53,High,False,Not Applicable,1.0
TRN-0000741,2026-10-05,Goods,COR-03,SEC-06,Down,Decreasing KM,2026-10-05 17:35,2026-10-05 18:22,Medium,True,Scheduled,0.96
TRN-0000742,2026-10-05,Passenger,COR-03,SEC-06,Down,Decreasing KM,2026-10-05 18:49,2026-10-05 19:37,High,False,Not Applicable,1.0
TRN-0000743,2026-10-05,Express,COR-03,SEC-06,Down,Decreasing KM,2026-10-05 20:33,2026-10-05 21:20,High,False,Not Applicable,1.0
TRN-0000744,2026-10-05,Superfast,COR-03,SEC-05,Down,Decreasing KM,2026-10-05 22:09,2026-10-05 22:55,Critical,False,Not Applicable,1.0
TRN-0000745,2026-10-05,Express,COR-04,SEC-08,Up,Increasing KM,2026-10-05 05:26,2026-10-05 06:19,High,False,Not Applicable,1.0
TRN-0000746,2026-10-05,Superfast,COR-04,SEC-08,Up,Increasing KM,2026-10-05 06:58,2026-10-05 07:55,Critical,False,Not Applicable,1.0
TRN-0000747,2026-10-05,Passenger,COR-04,SEC-07,Up,Increasing KM,2026-10-05 08:34,2026-10-05 09:16,High,False,Not Applicable,1.0
TRN-0000748,2026-10-05,Express,COR-04,SEC-08,Up,Increasing KM,2026-10-05 09:57,2026-10-05 10:53,High,False,Not Applicable,1.0
TRN-0000749,2026-10-05,MEMU,COR-04,SEC-08,Up,Increasing KM,2026-10-05 11:25,2026-10-05 12:05,Medium,False,Not Applicable,1.0
TRN-0000750,2026-10-05,Goods,COR-04,SEC-08,Up,Increasing KM,2026-10-05 13:08,2026-10-05 14:07,Medium,True,Forecasted,0.91
TRN-0000751,2026-10-05,Superfast,COR-04,SEC-08,Up,Increasing KM,2026-10-05 14:28,2026-10-05 14:54,Critical,False,Not Applicable,1.0
TRN-0000752,2026-10-05,Passenger,COR-04,SEC-07,Up,Increasing KM,2026-10-05 16:04,2026-10-05 16:58,High,False,Not Applicable,1.0
TRN-0000753,2026-10-05,MEMU,COR-04,SEC-08,Up,Increasing KM,2026-10-05 17:18,2026-10-05 17:43,Medium,False,Not Applicable,1.0
TRN-0000754,2026-10-05,Superfast,COR-04,SEC-07,Up,Increasing KM,2026-10-05 18:49,2026-10-05 19:25,Critical,False,Not Applicable,1.0
TRN-0000755,2026-10-05,Goods,COR-04,SEC-08,Up,Increasing KM,2026-10-05 20:39,2026-10-05 21:25,Medium,True,Scheduled,0.66
TRN-0000756,2026-10-05,MEMU,COR-04,SEC-08,Up,Increasing KM,2026-10-05 21:51,2026-10-05 22:21,Medium,False,Not Applicable,1.0
TRN-0000757,2026-10-05,MEMU,COR-04,SEC-08,Down,Decreasing KM,2026-10-05 05:32,2026-10-05 06:18,Medium,False,Not Applicable,1.0
TRN-0000758,2026-10-05,Express,COR-04,SEC-07,Down,Decreasing KM,2026-10-05 07:02,2026-10-05 07:56,High,False,Not Applicable,1.0
TRN-0000759,2026-10-05,Superfast,COR-04,SEC-07,Down,Decreasing KM,2026-10-05 08:19,2026-10-05 08:51,Critical,False,Not Applicable,1.0
TRN-0000760,2026-10-05,Express,COR-04,SEC-07,Down,Decreasing KM,2026-10-05 10:04,2026-10-05 10:36,High,False,Not Applicable,1.0
TRN-0000761,2026-10-05,Goods,COR-04,SEC-08,Down,Decreasing KM,2026-10-05 11:31,2026-10-05 12:25,Medium,True,Forecasted,0.71
TRN-0000762,2026-10-05,MEMU,COR-04,SEC-08,Down,Decreasing KM,2026-10-05 13:05,2026-10-05 13:55,Medium,False,Not Applicable,1.0
TRN-0000763,2026-10-05,Express,COR-04,SEC-07,Down,Decreasing KM,2026-10-05 14:25,2026-10-05 14:59,High,False,Not Applicable,1.0
TRN-0000764,2026-10-05,Goods,COR-04,SEC-07,Down,Decreasing KM,2026-10-05 15:54,2026-10-05 16:27,Medium,True,Forecasted,0.68
TRN-0000765,2026-10-05,Passenger,COR-04,SEC-08,Down,Decreasing KM,2026-10-05 17:36,2026-10-05 18:08,High,False,Not Applicable,1.0
TRN-0000766,2026-10-05,Passenger,COR-04,SEC-08,Down,Decreasing KM,2026-10-05 19:06,2026-10-05 19:37,High,False,Not Applicable,1.0
TRN-0000767,2026-10-05,Goods,COR-04,SEC-07,Down,Decreasing KM,2026-10-05 20:22,2026-10-05 21:01,Medium,True,Scheduled,0.84
TRN-0000768,2026-10-05,MEMU,COR-04,SEC-08,Down,Decreasing KM,2026-10-05 21:53,2026-10-05 22:34,Medium,False,Not Applicable,1.0
TRN-0000769,2026-10-06,Superfast,COR-01,SEC-01,Up,Increasing KM,2026-10-06 05:28,2026-10-06 06:03,Critical,False,Not Applicable,1.0
TRN-0000770,2026-10-06,Express,COR-01,SEC-02,Up,Increasing KM,2026-10-06 06:57,2026-10-06 07:33,High,False,Not Applicable,1.0
TRN-0000771,2026-10-06,Express,COR-01,SEC-02,Up,Increasing KM,2026-10-06 08:38,2026-10-06 09:16,High,False,Not Applicable,1.0
TRN-0000772,2026-10-06,Express,COR-01,SEC-02,Up,Increasing KM,2026-10-06 10:12,2026-10-06 11:01,High,False,Not Applicable,1.0
TRN-0000773,2026-10-06,Express,COR-01,SEC-01,Up,Increasing KM,2026-10-06 11:18,2026-10-06 11:46,High,False,Not Applicable,1.0
TRN-0000774,2026-10-06,Express,COR-01,SEC-01,Up,Increasing KM,2026-10-06 12:59,2026-10-06 13:25,High,False,Not Applicable,1.0
TRN-0000775,2026-10-06,Express,COR-01,SEC-01,Up,Increasing KM,2026-10-06 14:20,2026-10-06 15:03,High,False,Not Applicable,1.0
TRN-0000776,2026-10-06,Express,COR-01,SEC-02,Up,Increasing KM,2026-10-06 15:58,2026-10-06 16:47,High,False,Not Applicable,1.0
TRN-0000777,2026-10-06,Superfast,COR-01,SEC-02,Up,Increasing KM,2026-10-06 17:33,2026-10-06 18:07,Critical,False,Not Applicable,1.0
TRN-0000778,2026-10-06,Passenger,COR-01,SEC-01,Up,Increasing KM,2026-10-06 18:58,2026-10-06 19:30,High,False,Not Applicable,1.0
TRN-0000779,2026-10-06,Passenger,COR-01,SEC-01,Up,Increasing KM,2026-10-06 20:25,2026-10-06 21:12,High,False,Not Applicable,1.0
TRN-0000780,2026-10-06,Express,COR-01,SEC-02,Up,Increasing KM,2026-10-06 21:55,2026-10-06 22:33,High,False,Not Applicable,1.0
TRN-0000781,2026-10-06,Passenger,COR-01,SEC-01,Down,Decreasing KM,2026-10-06 05:36,2026-10-06 06:19,High,False,Not Applicable,1.0
TRN-0000782,2026-10-06,Goods,COR-01,SEC-02,Down,Decreasing KM,2026-10-06 06:51,2026-10-06 07:45,Medium,True,Forecasted,0.91
TRN-0000783,2026-10-06,Express,COR-01,SEC-01,Down,Decreasing KM,2026-10-06 08:21,2026-10-06 09:10,High,False,Not Applicable,1.0
TRN-0000784,2026-10-06,Express,COR-01,SEC-01,Down,Decreasing KM,2026-10-06 10:01,2026-10-06 10:37,High,False,Not Applicable,1.0
TRN-0000785,2026-10-06,Passenger,COR-01,SEC-02,Down,Decreasing KM,2026-10-06 11:27,2026-10-06 12:13,High,False,Not Applicable,1.0
TRN-0000786,2026-10-06,Passenger,COR-01,SEC-01,Down,Decreasing KM,2026-10-06 13:06,2026-10-06 13:37,High,False,Not Applicable,1.0
TRN-0000787,2026-10-06,Superfast,COR-01,SEC-01,Down,Decreasing KM,2026-10-06 14:30,2026-10-06 15:20,Critical,False,Not Applicable,1.0
TRN-0000788,2026-10-06,Express,COR-01,SEC-01,Down,Decreasing KM,2026-10-06 15:56,2026-10-06 16:47,High,False,Not Applicable,1.0
TRN-0000789,2026-10-06,Passenger,COR-01,SEC-02,Down,Decreasing KM,2026-10-06 17:21,2026-10-06 17:56,High,False,Not Applicable,1.0
TRN-0000790,2026-10-06,Superfast,COR-01,SEC-02,Down,Decreasing KM,2026-10-06 18:52,2026-10-06 19:33,Critical,False,Not Applicable,1.0
TRN-0000791,2026-10-06,Express,COR-01,SEC-02,Down,Decreasing KM,2026-10-06 20:36,2026-10-06 21:13,High,False,Not Applicable,1.0
TRN-0000792,2026-10-06,Express,COR-01,SEC-01,Down,Decreasing KM,2026-10-06 21:53,2026-10-06 22:19,High,False,Not Applicable,1.0
TRN-0000793,2026-10-06,Superfast,COR-02,SEC-04,Up,Increasing KM,2026-10-06 05:21,2026-10-06 05:47,Critical,False,Not Applicable,1.0
TRN-0000794,2026-10-06,MEMU,COR-02,SEC-04,Up,Increasing KM,2026-10-06 07:11,2026-10-06 07:36,Medium,False,Not Applicable,1.0
TRN-0000795,2026-10-06,Goods,COR-02,SEC-03,Up,Increasing KM,2026-10-06 08:29,2026-10-06 09:27,Medium,True,Forecasted,0.96
TRN-0000796,2026-10-06,Passenger,COR-02,SEC-03,Up,Increasing KM,2026-10-06 09:51,2026-10-06 10:49,High,False,Not Applicable,1.0
TRN-0000797,2026-10-06,Superfast,COR-02,SEC-03,Up,Increasing KM,2026-10-06 11:19,2026-10-06 11:54,Critical,False,Not Applicable,1.0
TRN-0000798,2026-10-06,Passenger,COR-02,SEC-04,Up,Increasing KM,2026-10-06 12:56,2026-10-06 13:50,High,False,Not Applicable,1.0
TRN-0000799,2026-10-06,Express,COR-02,SEC-03,Up,Increasing KM,2026-10-06 14:42,2026-10-06 15:30,High,False,Not Applicable,1.0
TRN-0000800,2026-10-06,Express,COR-02,SEC-04,Up,Increasing KM,2026-10-06 15:57,2026-10-06 16:55,High,False,Not Applicable,1.0
TRN-0000801,2026-10-06,Passenger,COR-02,SEC-03,Up,Increasing KM,2026-10-06 17:42,2026-10-06 18:12,High,False,Not Applicable,1.0
TRN-0000802,2026-10-06,Passenger,COR-02,SEC-04,Up,Increasing KM,2026-10-06 19:00,2026-10-06 19:46,High,False,Not Applicable,1.0
TRN-0000803,2026-10-06,Express,COR-02,SEC-04,Up,Increasing KM,2026-10-06 20:37,2026-10-06 21:02,High,False,Not Applicable,1.0
TRN-0000804,2026-10-06,Express,COR-02,SEC-03,Up,Increasing KM,2026-10-06 22:07,2026-10-06 22:44,High,False,Not Applicable,1.0
TRN-0000805,2026-10-06,Express,COR-02,SEC-04,Down,Decreasing KM,2026-10-06 05:18,2026-10-06 06:00,High,False,Not Applicable,1.0
TRN-0000806,2026-10-06,Express,COR-02,SEC-03,Down,Decreasing KM,2026-10-06 06:59,2026-10-06 07:31,High,False,Not Applicable,1.0
TRN-0000807,2026-10-06,Passenger,COR-02,SEC-04,Down,Decreasing KM,2026-10-06 08:38,2026-10-06 09:04,High,False,Not Applicable,1.0
TRN-0000808,2026-10-06,Passenger,COR-02,SEC-03,Down,Decreasing KM,2026-10-06 10:04,2026-10-06 11:02,High,False,Not Applicable,1.0
TRN-0000809,2026-10-06,Goods,COR-02,SEC-03,Down,Decreasing KM,2026-10-06 11:25,2026-10-06 12:17,Medium,True,Forecasted,0.92
TRN-0000810,2026-10-06,Passenger,COR-02,SEC-03,Down,Decreasing KM,2026-10-06 12:58,2026-10-06 13:28,High,False,Not Applicable,1.0
TRN-0000811,2026-10-06,Superfast,COR-02,SEC-03,Down,Decreasing KM,2026-10-06 14:27,2026-10-06 14:57,Critical,False,Not Applicable,1.0
TRN-0000812,2026-10-06,Passenger,COR-02,SEC-03,Down,Decreasing KM,2026-10-06 16:06,2026-10-06 17:00,High,False,Not Applicable,1.0
TRN-0000813,2026-10-06,Express,COR-02,SEC-04,Down,Decreasing KM,2026-10-06 17:24,2026-10-06 17:49,High,False,Not Applicable,1.0
TRN-0000814,2026-10-06,Goods,COR-02,SEC-03,Down,Decreasing KM,2026-10-06 18:50,2026-10-06 19:41,Medium,True,Scheduled,0.74
TRN-0000815,2026-10-06,Superfast,COR-02,SEC-03,Down,Decreasing KM,2026-10-06 20:30,2026-10-06 21:03,Critical,False,Not Applicable,1.0
TRN-0000816,2026-10-06,Superfast,COR-02,SEC-03,Down,Decreasing KM,2026-10-06 22:08,2026-10-06 23:02,Critical,False,Not Applicable,1.0
TRN-0000817,2026-10-06,Passenger,COR-03,SEC-05,Up,Increasing KM,2026-10-06 05:28,2026-10-06 06:25,High,False,Not Applicable,1.0
TRN-0000818,2026-10-06,Express,COR-03,SEC-06,Up,Increasing KM,2026-10-06 06:56,2026-10-06 07:27,High,False,Not Applicable,1.0
TRN-0000819,2026-10-06,Passenger,COR-03,SEC-06,Up,Increasing KM,2026-10-06 08:36,2026-10-06 09:35,High,False,Not Applicable,1.0
TRN-0000820,2026-10-06,Express,COR-03,SEC-05,Up,Increasing KM,2026-10-06 10:01,2026-10-06 10:59,High,False,Not Applicable,1.0
TRN-0000821,2026-10-06,Passenger,COR-03,SEC-05,Up,Increasing KM,2026-10-06 11:34,2026-10-06 12:21,High,False,Not Applicable,1.0
TRN-0000822,2026-10-06,Express,COR-03,SEC-05,Up,Increasing KM,2026-10-06 12:59,2026-10-06 13:43,High,False,Not Applicable,1.0
TRN-0000823,2026-10-06,Superfast,COR-03,SEC-06,Up,Increasing KM,2026-10-06 14:19,2026-10-06 14:50,Critical,False,Not Applicable,1.0
TRN-0000824,2026-10-06,Superfast,COR-03,SEC-05,Up,Increasing KM,2026-10-06 15:48,2026-10-06 16:19,Critical,False,Not Applicable,1.0
TRN-0000825,2026-10-06,Express,COR-03,SEC-05,Up,Increasing KM,2026-10-06 17:18,2026-10-06 17:43,High,False,Not Applicable,1.0
TRN-0000826,2026-10-06,Express,COR-03,SEC-05,Up,Increasing KM,2026-10-06 19:02,2026-10-06 19:50,High,False,Not Applicable,1.0
TRN-0000827,2026-10-06,Passenger,COR-03,SEC-05,Up,Increasing KM,2026-10-06 20:30,2026-10-06 21:10,High,False,Not Applicable,1.0
TRN-0000828,2026-10-06,Express,COR-03,SEC-05,Up,Increasing KM,2026-10-06 22:06,2026-10-06 22:37,High,False,Not Applicable,1.0
TRN-0000829,2026-10-06,Goods,COR-03,SEC-05,Down,Decreasing KM,2026-10-06 05:21,2026-10-06 05:57,Medium,True,Forecasted,0.7
TRN-0000830,2026-10-06,Express,COR-03,SEC-06,Down,Decreasing KM,2026-10-06 06:49,2026-10-06 07:43,High,False,Not Applicable,1.0
TRN-0000831,2026-10-06,Passenger,COR-03,SEC-05,Down,Decreasing KM,2026-10-06 08:34,2026-10-06 09:32,High,False,Not Applicable,1.0
TRN-0000832,2026-10-06,Superfast,COR-03,SEC-05,Down,Decreasing KM,2026-10-06 10:05,2026-10-06 10:48,Critical,False,Not Applicable,1.0
TRN-0000833,2026-10-06,Goods,COR-03,SEC-06,Down,Decreasing KM,2026-10-06 11:33,2026-10-06 12:22,Medium,True,Forecasted,0.67
TRN-0000834,2026-10-06,Express,COR-03,SEC-05,Down,Decreasing KM,2026-10-06 12:50,2026-10-06 13:18,High,False,Not Applicable,1.0
TRN-0000835,2026-10-06,Passenger,COR-03,SEC-05,Down,Decreasing KM,2026-10-06 14:19,2026-10-06 15:05,High,False,Not Applicable,1.0
TRN-0000836,2026-10-06,MEMU,COR-03,SEC-06,Down,Decreasing KM,2026-10-06 15:50,2026-10-06 16:49,Medium,False,Not Applicable,1.0
TRN-0000837,2026-10-06,Passenger,COR-03,SEC-05,Down,Decreasing KM,2026-10-06 17:36,2026-10-06 18:29,High,False,Not Applicable,1.0
TRN-0000838,2026-10-06,Goods,COR-03,SEC-05,Down,Decreasing KM,2026-10-06 19:06,2026-10-06 19:38,Medium,True,Forecasted,0.69
TRN-0000839,2026-10-06,Goods,COR-03,SEC-05,Down,Decreasing KM,2026-10-06 20:25,2026-10-06 21:23,Medium,True,Forecasted,0.84
TRN-0000840,2026-10-06,MEMU,COR-03,SEC-05,Down,Decreasing KM,2026-10-06 21:49,2026-10-06 22:21,Medium,False,Not Applicable,1.0
TRN-0000841,2026-10-06,Express,COR-04,SEC-08,Up,Increasing KM,2026-10-06 05:34,2026-10-06 06:08,High,False,Not Applicable,1.0
TRN-0000842,2026-10-06,Passenger,COR-04,SEC-07,Up,Increasing KM,2026-10-06 07:12,2026-10-06 08:09,High,False,Not Applicable,1.0
TRN-0000843,2026-10-06,Passenger,COR-04,SEC-07,Up,Increasing KM,2026-10-06 08:36,2026-10-06 09:28,High,False,Not Applicable,1.0
TRN-0000844,2026-10-06,MEMU,COR-04,SEC-08,Up,Increasing KM,2026-10-06 09:48,2026-10-06 10:44,Medium,False,Not Applicable,1.0
TRN-0000845,2026-10-06,Express,COR-04,SEC-08,Up,Increasing KM,2026-10-06 11:20,2026-10-06 12:14,High,False,Not Applicable,1.0
TRN-0000846,2026-10-06,Express,COR-04,SEC-07,Up,Increasing KM,2026-10-06 12:48,2026-10-06 13:18,High,False,Not Applicable,1.0
TRN-0000847,2026-10-06,Passenger,COR-04,SEC-07,Up,Increasing KM,2026-10-06 14:27,2026-10-06 15:14,High,False,Not Applicable,1.0
TRN-0000848,2026-10-06,Passenger,COR-04,SEC-07,Up,Increasing KM,2026-10-06 15:56,2026-10-06 16:35,High,False,Not Applicable,1.0
TRN-0000849,2026-10-06,Superfast,COR-04,SEC-07,Up,Increasing KM,2026-10-06 17:41,2026-10-06 18:28,Critical,False,Not Applicable,1.0
TRN-0000850,2026-10-06,Express,COR-04,SEC-08,Up,Increasing KM,2026-10-06 18:57,2026-10-06 19:48,High,False,Not Applicable,1.0
TRN-0000851,2026-10-06,MEMU,COR-04,SEC-08,Up,Increasing KM,2026-10-06 20:18,2026-10-06 21:01,Medium,False,Not Applicable,1.0
TRN-0000852,2026-10-06,MEMU,COR-04,SEC-07,Up,Increasing KM,2026-10-06 22:10,2026-10-06 22:46,Medium,False,Not Applicable,1.0
TRN-0000853,2026-10-06,Express,COR-04,SEC-08,Down,Decreasing KM,2026-10-06 05:40,2026-10-06 06:16,High,False,Not Applicable,1.0
TRN-0000854,2026-10-06,Passenger,COR-04,SEC-08,Down,Decreasing KM,2026-10-06 07:04,2026-10-06 07:40,High,False,Not Applicable,1.0
TRN-0000855,2026-10-06,Express,COR-04,SEC-08,Down,Decreasing KM,2026-10-06 08:40,2026-10-06 09:13,High,False,Not Applicable,1.0
TRN-0000856,2026-10-06,Passenger,COR-04,SEC-08,Down,Decreasing KM,2026-10-06 09:53,2026-10-06 10:18,High,False,Not Applicable,1.0
TRN-0000857,2026-10-06,Goods,COR-04,SEC-08,Down,Decreasing KM,2026-10-06 11:38,2026-10-06 12:22,Medium,True,Forecasted,0.82
TRN-0000858,2026-10-06,Goods,COR-04,SEC-07,Down,Decreasing KM,2026-10-06 12:56,2026-10-06 13:30,Medium,True,Forecasted,0.86
TRN-0000859,2026-10-06,Passenger,COR-04,SEC-07,Down,Decreasing KM,2026-10-06 14:29,2026-10-06 15:06,High,False,Not Applicable,1.0
TRN-0000860,2026-10-06,MEMU,COR-04,SEC-07,Down,Decreasing KM,2026-10-06 16:09,2026-10-06 17:05,Medium,False,Not Applicable,1.0
TRN-0000861,2026-10-06,Passenger,COR-04,SEC-08,Down,Decreasing KM,2026-10-06 17:26,2026-10-06 18:10,High,False,Not Applicable,1.0
TRN-0000862,2026-10-06,Goods,COR-04,SEC-08,Down,Decreasing KM,2026-10-06 18:54,2026-10-06 19:32,Medium,True,Forecasted,0.78
TRN-0000863,2026-10-06,Passenger,COR-04,SEC-08,Down,Decreasing KM,2026-10-06 20:40,2026-10-06 21:36,High,False,Not Applicable,1.0
TRN-0000864,2026-10-06,Goods,COR-04,SEC-07,Down,Decreasing KM,2026-10-06 22:12,2026-10-06 23:05,Medium,True,Forecasted,0.68
TRN-0000865,2026-10-07,Goods,COR-01,SEC-01,Up,Increasing KM,2026-10-07 05:34,2026-10-07 06:16,Medium,True,Forecasted,0.84
TRN-0000866,2026-10-07,Express,COR-01,SEC-02,Up,Increasing KM,2026-10-07 07:01,2026-10-07 07:32,High,False,Not Applicable,1.0
TRN-0000867,2026-10-07,Passenger,COR-01,SEC-02,Up,Increasing KM,2026-10-07 08:20,2026-10-07 09:07,High,False,Not Applicable,1.0
TRN-0000868,2026-10-07,Express,COR-01,SEC-01,Up,Increasing KM,2026-10-07 09:59,2026-10-07 10:39,High,False,Not Applicable,1.0
TRN-0000869,2026-10-07,Passenger,COR-01,SEC-02,Up,Increasing KM,2026-10-07 11:36,2026-10-07 12:11,High,False,Not Applicable,1.0
TRN-0000870,2026-10-07,Passenger,COR-01,SEC-01,Up,Increasing KM,2026-10-07 12:56,2026-10-07 13:29,High,False,Not Applicable,1.0
TRN-0000871,2026-10-07,MEMU,COR-01,SEC-02,Up,Increasing KM,2026-10-07 14:26,2026-10-07 14:58,Medium,False,Not Applicable,1.0
TRN-0000872,2026-10-07,Express,COR-01,SEC-01,Up,Increasing KM,2026-10-07 15:50,2026-10-07 16:30,High,False,Not Applicable,1.0
TRN-0000873,2026-10-07,Express,COR-01,SEC-01,Up,Increasing KM,2026-10-07 17:23,2026-10-07 18:04,High,False,Not Applicable,1.0
TRN-0000874,2026-10-07,Express,COR-01,SEC-02,Up,Increasing KM,2026-10-07 19:12,2026-10-07 20:01,High,False,Not Applicable,1.0
TRN-0000875,2026-10-07,Passenger,COR-01,SEC-01,Up,Increasing KM,2026-10-07 20:33,2026-10-07 20:59,High,False,Not Applicable,1.0
TRN-0000876,2026-10-07,Passenger,COR-01,SEC-01,Up,Increasing KM,2026-10-07 21:52,2026-10-07 22:27,High,False,Not Applicable,1.0
TRN-0000877,2026-10-07,Express,COR-01,SEC-02,Down,Decreasing KM,2026-10-07 05:39,2026-10-07 06:21,High,False,Not Applicable,1.0
TRN-0000878,2026-10-07,Goods,COR-01,SEC-01,Down,Decreasing KM,2026-10-07 07:10,2026-10-07 08:05,Medium,True,Forecasted,0.76
TRN-0000879,2026-10-07,Passenger,COR-01,SEC-02,Down,Decreasing KM,2026-10-07 08:41,2026-10-07 09:20,High,False,Not Applicable,1.0
TRN-0000880,2026-10-07,Express,COR-01,SEC-02,Down,Decreasing KM,2026-10-07 09:55,2026-10-07 10:50,High,False,Not Applicable,1.0
TRN-0000881,2026-10-07,MEMU,COR-01,SEC-01,Down,Decreasing KM,2026-10-07 11:21,2026-10-07 11:59,Medium,False,Not Applicable,1.0
TRN-0000882,2026-10-07,Express,COR-01,SEC-02,Down,Decreasing KM,2026-10-07 12:52,2026-10-07 13:44,High,False,Not Applicable,1.0
TRN-0000883,2026-10-07,Express,COR-01,SEC-01,Down,Decreasing KM,2026-10-07 14:21,2026-10-07 15:02,High,False,Not Applicable,1.0
TRN-0000884,2026-10-07,Passenger,COR-01,SEC-02,Down,Decreasing KM,2026-10-07 16:11,2026-10-07 16:46,High,False,Not Applicable,1.0
TRN-0000885,2026-10-07,Goods,COR-01,SEC-02,Down,Decreasing KM,2026-10-07 17:40,2026-10-07 18:12,Medium,True,Forecasted,0.65
TRN-0000886,2026-10-07,Passenger,COR-01,SEC-02,Down,Decreasing KM,2026-10-07 19:08,2026-10-07 19:54,High,False,Not Applicable,1.0
TRN-0000887,2026-10-07,Express,COR-01,SEC-01,Down,Decreasing KM,2026-10-07 20:36,2026-10-07 21:04,High,False,Not Applicable,1.0
TRN-0000888,2026-10-07,MEMU,COR-01,SEC-01,Down,Decreasing KM,2026-10-07 21:56,2026-10-07 22:55,Medium,False,Not Applicable,1.0
TRN-0000889,2026-10-07,Passenger,COR-02,SEC-04,Up,Increasing KM,2026-10-07 05:34,2026-10-07 06:24,High,False,Not Applicable,1.0
TRN-0000890,2026-10-07,Passenger,COR-02,SEC-03,Up,Increasing KM,2026-10-07 07:01,2026-10-07 07:48,High,False,Not Applicable,1.0
TRN-0000891,2026-10-07,Goods,COR-02,SEC-04,Up,Increasing KM,2026-10-07 08:18,2026-10-07 09:10,Medium,True,Forecasted,0.74
TRN-0000892,2026-10-07,MEMU,COR-02,SEC-03,Up,Increasing KM,2026-10-07 10:02,2026-10-07 10:51,Medium,False,Not Applicable,1.0
TRN-0000893,2026-10-07,Superfast,COR-02,SEC-04,Up,Increasing KM,2026-10-07 11:28,2026-10-07 12:27,Critical,False,Not Applicable,1.0
TRN-0000894,2026-10-07,MEMU,COR-02,SEC-04,Up,Increasing KM,2026-10-07 13:02,2026-10-07 13:29,Medium,False,Not Applicable,1.0
TRN-0000895,2026-10-07,Goods,COR-02,SEC-03,Up,Increasing KM,2026-10-07 14:19,2026-10-07 14:55,Medium,True,Forecasted,0.87
TRN-0000896,2026-10-07,Goods,COR-02,SEC-04,Up,Increasing KM,2026-10-07 16:01,2026-10-07 16:38,Medium,True,Scheduled,0.75
TRN-0000897,2026-10-07,Superfast,COR-02,SEC-04,Up,Increasing KM,2026-10-07 17:32,2026-10-07 18:17,Critical,False,Not Applicable,1.0
TRN-0000898,2026-10-07,Goods,COR-02,SEC-04,Up,Increasing KM,2026-10-07 18:55,2026-10-07 19:31,Medium,True,Forecasted,0.7
TRN-0000899,2026-10-07,Goods,COR-02,SEC-03,Up,Increasing KM,2026-10-07 20:19,2026-10-07 20:53,Medium,True,Forecasted,0.68
TRN-0000900,2026-10-07,Passenger,COR-02,SEC-03,Up,Increasing KM,2026-10-07 22:12,2026-10-07 23:10,High,False,Not Applicable,1.0
TRN-0000901,2026-10-07,Passenger,COR-02,SEC-04,Down,Decreasing KM,2026-10-07 05:24,2026-10-07 06:09,High,False,Not Applicable,1.0
TRN-0000902,2026-10-07,Goods,COR-02,SEC-04,Down,Decreasing KM,2026-10-07 06:52,2026-10-07 07:48,Medium,True,Forecasted,0.66
TRN-0000903,2026-10-07,Superfast,COR-02,SEC-04,Down,Decreasing KM,2026-10-07 08:41,2026-10-07 09:30,Critical,False,Not Applicable,1.0
TRN-0000904,2026-10-07,Goods,COR-02,SEC-03,Down,Decreasing KM,2026-10-07 10:11,2026-10-07 10:54,Medium,True,Scheduled,0.76
TRN-0000905,2026-10-07,MEMU,COR-02,SEC-04,Down,Decreasing KM,2026-10-07 11:36,2026-10-07 12:01,Medium,False,Not Applicable,1.0
TRN-0000906,2026-10-07,Passenger,COR-02,SEC-04,Down,Decreasing KM,2026-10-07 12:54,2026-10-07 13:23,High,False,Not Applicable,1.0
TRN-0000907,2026-10-07,Passenger,COR-02,SEC-03,Down,Decreasing KM,2026-10-07 14:33,2026-10-07 15:01,High,False,Not Applicable,1.0
TRN-0000908,2026-10-07,Passenger,COR-02,SEC-04,Down,Decreasing KM,2026-10-07 16:04,2026-10-07 17:04,High,False,Not Applicable,1.0
TRN-0000909,2026-10-07,Passenger,COR-02,SEC-03,Down,Decreasing KM,2026-10-07 17:39,2026-10-07 18:25,High,False,Not Applicable,1.0
TRN-0000910,2026-10-07,Goods,COR-02,SEC-03,Down,Decreasing KM,2026-10-07 18:51,2026-10-07 19:40,Medium,True,Scheduled,0.9
TRN-0000911,2026-10-07,Goods,COR-02,SEC-03,Down,Decreasing KM,2026-10-07 20:36,2026-10-07 21:17,Medium,True,Forecasted,0.76
TRN-0000912,2026-10-07,MEMU,COR-02,SEC-03,Down,Decreasing KM,2026-10-07 21:52,2026-10-07 22:42,Medium,False,Not Applicable,1.0
TRN-0000913,2026-10-07,Goods,COR-03,SEC-06,Up,Increasing KM,2026-10-07 05:41,2026-10-07 06:39,Medium,True,Forecasted,0.91
TRN-0000914,2026-10-07,Express,COR-03,SEC-05,Up,Increasing KM,2026-10-07 07:05,2026-10-07 07:52,High,False,Not Applicable,1.0
TRN-0000915,2026-10-07,MEMU,COR-03,SEC-05,Up,Increasing KM,2026-10-07 08:36,2026-10-07 09:10,Medium,False,Not Applicable,1.0
TRN-0000916,2026-10-07,Superfast,COR-03,SEC-05,Up,Increasing KM,2026-10-07 10:05,2026-10-07 10:51,Critical,False,Not Applicable,1.0
TRN-0000917,2026-10-07,Superfast,COR-03,SEC-06,Up,Increasing KM,2026-10-07 11:29,2026-10-07 12:14,Critical,False,Not Applicable,1.0
TRN-0000918,2026-10-07,Goods,COR-03,SEC-06,Up,Increasing KM,2026-10-07 13:11,2026-10-07 13:36,Medium,True,Forecasted,0.86
TRN-0000919,2026-10-07,MEMU,COR-03,SEC-05,Up,Increasing KM,2026-10-07 14:23,2026-10-07 15:12,Medium,False,Not Applicable,1.0
TRN-0000920,2026-10-07,Goods,COR-03,SEC-05,Up,Increasing KM,2026-10-07 16:02,2026-10-07 16:59,Medium,True,Forecasted,0.84
TRN-0000921,2026-10-07,Goods,COR-03,SEC-05,Up,Increasing KM,2026-10-07 17:19,2026-10-07 18:02,Medium,True,Forecasted,0.67
TRN-0000922,2026-10-07,Passenger,COR-03,SEC-06,Up,Increasing KM,2026-10-07 18:55,2026-10-07 19:37,High,False,Not Applicable,1.0
TRN-0000923,2026-10-07,Express,COR-03,SEC-06,Up,Increasing KM,2026-10-07 20:32,2026-10-07 21:07,High,False,Not Applicable,1.0
TRN-0000924,2026-10-07,Express,COR-03,SEC-05,Up,Increasing KM,2026-10-07 22:00,2026-10-07 22:57,High,False,Not Applicable,1.0
TRN-0000925,2026-10-07,Passenger,COR-03,SEC-06,Down,Decreasing KM,2026-10-07 05:29,2026-10-07 06:04,High,False,Not Applicable,1.0
TRN-0000926,2026-10-07,MEMU,COR-03,SEC-06,Down,Decreasing KM,2026-10-07 07:10,2026-10-07 08:00,Medium,False,Not Applicable,1.0
TRN-0000927,2026-10-07,Goods,COR-03,SEC-05,Down,Decreasing KM,2026-10-07 08:31,2026-10-07 09:17,Medium,True,Forecasted,0.74
TRN-0000928,2026-10-07,Express,COR-03,SEC-06,Down,Decreasing KM,2026-10-07 10:01,2026-10-07 10:27,High,False,Not Applicable,1.0
TRN-0000929,2026-10-07,Goods,COR-03,SEC-06,Down,Decreasing KM,2026-10-07 11:28,2026-10-07 12:26,Medium,True,Forecasted,0.72
TRN-0000930,2026-10-07,Goods,COR-03,SEC-05,Down,Decreasing KM,2026-10-07 13:01,2026-10-07 13:49,Medium,True,Forecasted,0.93
TRN-0000931,2026-10-07,Passenger,COR-03,SEC-06,Down,Decreasing KM,2026-10-07 14:19,2026-10-07 15:18,High,False,Not Applicable,1.0
TRN-0000932,2026-10-07,Goods,COR-03,SEC-05,Down,Decreasing KM,2026-10-07 15:49,2026-10-07 16:35,Medium,True,Forecasted,0.8
TRN-0000933,2026-10-07,MEMU,COR-03,SEC-05,Down,Decreasing KM,2026-10-07 17:29,2026-10-07 18:03,Medium,False,Not Applicable,1.0
TRN-0000934,2026-10-07,Express,COR-03,SEC-06,Down,Decreasing KM,2026-10-07 19:02,2026-10-07 19:38,High,False,Not Applicable,1.0
TRN-0000935,2026-10-07,Goods,COR-03,SEC-06,Down,Decreasing KM,2026-10-07 20:31,2026-10-07 21:15,Medium,True,Forecasted,0.65
TRN-0000936,2026-10-07,Superfast,COR-03,SEC-06,Down,Decreasing KM,2026-10-07 21:58,2026-10-07 22:46,Critical,False,Not Applicable,1.0
TRN-0000937,2026-10-07,Goods,COR-04,SEC-08,Up,Increasing KM,2026-10-07 05:39,2026-10-07 06:30,Medium,True,Forecasted,0.67
TRN-0000938,2026-10-07,MEMU,COR-04,SEC-08,Up,Increasing KM,2026-10-07 07:03,2026-10-07 07:34,Medium,False,Not Applicable,1.0
TRN-0000939,2026-10-07,Goods,COR-04,SEC-07,Up,Increasing KM,2026-10-07 08:26,2026-10-07 09:21,Medium,True,Forecasted,0.74
TRN-0000940,2026-10-07,Passenger,COR-04,SEC-07,Up,Increasing KM,2026-10-07 10:06,2026-10-07 10:35,High,False,Not Applicable,1.0
TRN-0000941,2026-10-07,Passenger,COR-04,SEC-07,Up,Increasing KM,2026-10-07 11:33,2026-10-07 12:01,High,False,Not Applicable,1.0
TRN-0000942,2026-10-07,Passenger,COR-04,SEC-07,Up,Increasing KM,2026-10-07 13:07,2026-10-07 13:57,High,False,Not Applicable,1.0
TRN-0000943,2026-10-07,MEMU,COR-04,SEC-08,Up,Increasing KM,2026-10-07 14:20,2026-10-07 15:02,Medium,False,Not Applicable,1.0
TRN-0000944,2026-10-07,Passenger,COR-04,SEC-07,Up,Increasing KM,2026-10-07 15:49,2026-10-07 16:15,High,False,Not Applicable,1.0
TRN-0000945,2026-10-07,Goods,COR-04,SEC-08,Up,Increasing KM,2026-10-07 17:34,2026-10-07 18:05,Medium,True,Forecasted,0.91
TRN-0000946,2026-10-07,Passenger,COR-04,SEC-07,Up,Increasing KM,2026-10-07 18:55,2026-10-07 19:40,High,False,Not Applicable,1.0
TRN-0000947,2026-10-07,Express,COR-04,SEC-08,Up,Increasing KM,2026-10-07 20:23,2026-10-07 21:10,High,False,Not Applicable,1.0
TRN-0000948,2026-10-07,Passenger,COR-04,SEC-07,Up,Increasing KM,2026-10-07 21:58,2026-10-07 22:51,High,False,Not Applicable,1.0
TRN-0000949,2026-10-07,Goods,COR-04,SEC-08,Down,Decreasing KM,2026-10-07 05:19,2026-10-07 05:54,Medium,True,Scheduled,0.8
TRN-0000950,2026-10-07,Passenger,COR-04,SEC-08,Down,Decreasing KM,2026-10-07 06:57,2026-10-07 07:28,High,False,Not Applicable,1.0
TRN-0000951,2026-10-07,Goods,COR-04,SEC-07,Down,Decreasing KM,2026-10-07 08:24,2026-10-07 09:15,Medium,True,Forecasted,0.75
TRN-0000952,2026-10-07,MEMU,COR-04,SEC-08,Down,Decreasing KM,2026-10-07 10:03,2026-10-07 10:49,Medium,False,Not Applicable,1.0
TRN-0000953,2026-10-07,Express,COR-04,SEC-08,Down,Decreasing KM,2026-10-07 11:38,2026-10-07 12:37,High,False,Not Applicable,1.0
TRN-0000954,2026-10-07,MEMU,COR-04,SEC-07,Down,Decreasing KM,2026-10-07 12:53,2026-10-07 13:25,Medium,False,Not Applicable,1.0
TRN-0000955,2026-10-07,Passenger,COR-04,SEC-08,Down,Decreasing KM,2026-10-07 14:37,2026-10-07 15:27,High,False,Not Applicable,1.0
TRN-0000956,2026-10-07,Passenger,COR-04,SEC-08,Down,Decreasing KM,2026-10-07 16:02,2026-10-07 16:59,High,False,Not Applicable,1.0
TRN-0000957,2026-10-07,Goods,COR-04,SEC-08,Down,Decreasing KM,2026-10-07 17:38,2026-10-07 18:31,Medium,True,Forecasted,0.9
TRN-0000958,2026-10-07,Goods,COR-04,SEC-07,Down,Decreasing KM,2026-10-07 18:50,2026-10-07 19:43,Medium,True,Forecasted,0.66
TRN-0000959,2026-10-07,Goods,COR-04,SEC-07,Down,Decreasing KM,2026-10-07 20:42,2026-10-07 21:17,Medium,True,Forecasted,0.72
TRN-0000960,2026-10-07,Passenger,COR-04,SEC-07,Down,Decreasing KM,2026-10-07 21:58,2026-10-07 22:42,High,False,Not Applicable,1.0
TRN-0000961,2026-10-08,MEMU,COR-01,SEC-01,Up,Increasing KM,2026-10-08 05:42,2026-10-08 06:27,Medium,False,Not Applicable,1.0
TRN-0000962,2026-10-08,Passenger,COR-01,SEC-01,Up,Increasing KM,2026-10-08 07:05,2026-10-08 08:01,High,False,Not Applicable,1.0
TRN-0000963,2026-10-08,Goods,COR-01,SEC-01,Up,Increasing KM,2026-10-08 08:41,2026-10-08 09:30,Medium,True,Forecasted,0.82
TRN-0000964,2026-10-08,Express,COR-01,SEC-02,Up,Increasing KM,2026-10-08 09:54,2026-10-08 10:32,High,False,Not Applicable,1.0
TRN-0000965,2026-10-08,Passenger,COR-01,SEC-02,Up,Increasing KM,2026-10-08 11:32,2026-10-08 12:19,High,False,Not Applicable,1.0
TRN-0000966,2026-10-08,Passenger,COR-01,SEC-02,Up,Increasing KM,2026-10-08 13:10,2026-10-08 14:07,High,False,Not Applicable,1.0
TRN-0000967,2026-10-08,Passenger,COR-01,SEC-02,Up,Increasing KM,2026-10-08 14:26,2026-10-08 15:11,High,False,Not Applicable,1.0
TRN-0000968,2026-10-08,Goods,COR-01,SEC-01,Up,Increasing KM,2026-10-08 16:04,2026-10-08 16:34,Medium,True,Forecasted,0.9
TRN-0000969,2026-10-08,Passenger,COR-01,SEC-02,Up,Increasing KM,2026-10-08 17:35,2026-10-08 18:13,High,False,Not Applicable,1.0
TRN-0000970,2026-10-08,Superfast,COR-01,SEC-02,Up,Increasing KM,2026-10-08 19:08,2026-10-08 19:46,Critical,False,Not Applicable,1.0
TRN-0000971,2026-10-08,Express,COR-01,SEC-02,Up,Increasing KM,2026-10-08 20:42,2026-10-08 21:37,High,False,Not Applicable,1.0
TRN-0000972,2026-10-08,Passenger,COR-01,SEC-02,Up,Increasing KM,2026-10-08 22:03,2026-10-08 22:59,High,False,Not Applicable,1.0
TRN-0000973,2026-10-08,Superfast,COR-01,SEC-01,Down,Decreasing KM,2026-10-08 05:31,2026-10-08 06:19,Critical,False,Not Applicable,1.0
TRN-0000974,2026-10-08,Superfast,COR-01,SEC-01,Down,Decreasing KM,2026-10-08 06:57,2026-10-08 07:29,Critical,False,Not Applicable,1.0
TRN-0000975,2026-10-08,Express,COR-01,SEC-02,Down,Decreasing KM,2026-10-08 08:39,2026-10-08 09:38,High,False,Not Applicable,1.0
TRN-0000976,2026-10-08,Passenger,COR-01,SEC-01,Down,Decreasing KM,2026-10-08 09:52,2026-10-08 10:44,High,False,Not Applicable,1.0
TRN-0000977,2026-10-08,MEMU,COR-01,SEC-02,Down,Decreasing KM,2026-10-08 11:36,2026-10-08 12:04,Medium,False,Not Applicable,1.0
TRN-0000978,2026-10-08,Express,COR-01,SEC-02,Down,Decreasing KM,2026-10-08 13:02,2026-10-08 13:59,High,False,Not Applicable,1.0
TRN-0000979,2026-10-08,Passenger,COR-01,SEC-02,Down,Decreasing KM,2026-10-08 14:39,2026-10-08 15:13,High,False,Not Applicable,1.0
TRN-0000980,2026-10-08,MEMU,COR-01,SEC-01,Down,Decreasing KM,2026-10-08 15:58,2026-10-08 16:42,Medium,False,Not Applicable,1.0
TRN-0000981,2026-10-08,Passenger,COR-01,SEC-02,Down,Decreasing KM,2026-10-08 17:38,2026-10-08 18:06,High,False,Not Applicable,1.0
TRN-0000982,2026-10-08,Express,COR-01,SEC-01,Down,Decreasing KM,2026-10-08 18:48,2026-10-08 19:16,High,False,Not Applicable,1.0
TRN-0000983,2026-10-08,MEMU,COR-01,SEC-02,Down,Decreasing KM,2026-10-08 20:36,2026-10-08 21:09,Medium,False,Not Applicable,1.0
TRN-0000984,2026-10-08,Express,COR-01,SEC-01,Down,Decreasing KM,2026-10-08 21:49,2026-10-08 22:33,High,False,Not Applicable,1.0
TRN-0000985,2026-10-08,Express,COR-02,SEC-04,Up,Increasing KM,2026-10-08 05:31,2026-10-08 06:17,High,False,Not Applicable,1.0
TRN-0000986,2026-10-08,Passenger,COR-02,SEC-04,Up,Increasing KM,2026-10-08 07:09,2026-10-08 07:35,High,False,Not Applicable,1.0
TRN-0000987,2026-10-08,Express,COR-02,SEC-04,Up,Increasing KM,2026-10-08 08:22,2026-10-08 08:59,High,False,Not Applicable,1.0
TRN-0000988,2026-10-08,Express,COR-02,SEC-04,Up,Increasing KM,2026-10-08 10:06,2026-10-08 11:00,High,False,Not Applicable,1.0
TRN-0000989,2026-10-08,MEMU,COR-02,SEC-03,Up,Increasing KM,2026-10-08 11:18,2026-10-08 11:44,Medium,False,Not Applicable,1.0
TRN-0000990,2026-10-08,Express,COR-02,SEC-03,Up,Increasing KM,2026-10-08 12:55,2026-10-08 13:23,High,False,Not Applicable,1.0
TRN-0000991,2026-10-08,MEMU,COR-02,SEC-03,Up,Increasing KM,2026-10-08 14:22,2026-10-08 15:17,Medium,False,Not Applicable,1.0
TRN-0000992,2026-10-08,MEMU,COR-02,SEC-03,Up,Increasing KM,2026-10-08 15:51,2026-10-08 16:18,Medium,False,Not Applicable,1.0
TRN-0000993,2026-10-08,Superfast,COR-02,SEC-03,Up,Increasing KM,2026-10-08 17:32,2026-10-08 18:31,Critical,False,Not Applicable,1.0
TRN-0000994,2026-10-08,Goods,COR-02,SEC-03,Up,Increasing KM,2026-10-08 19:10,2026-10-08 20:02,Medium,True,Forecasted,0.79
TRN-0000995,2026-10-08,Goods,COR-02,SEC-04,Up,Increasing KM,2026-10-08 20:34,2026-10-08 21:28,Medium,True,Scheduled,0.67
TRN-0000996,2026-10-08,Goods,COR-02,SEC-03,Up,Increasing KM,2026-10-08 22:09,2026-10-08 23:06,Medium,True,Forecasted,0.9
TRN-0000997,2026-10-08,Superfast,COR-02,SEC-04,Down,Decreasing KM,2026-10-08 05:40,2026-10-08 06:13,Critical,False,Not Applicable,1.0
TRN-0000998,2026-10-08,Superfast,COR-02,SEC-03,Down,Decreasing KM,2026-10-08 07:01,2026-10-08 08:01,Critical,False,Not Applicable,1.0
TRN-0000999,2026-10-08,Goods,COR-02,SEC-03,Down,Decreasing KM,2026-10-08 08:26,2026-10-08 08:55,Medium,True,Forecasted,0.9
TRN-0001000,2026-10-08,Passenger,COR-02,SEC-04,Down,Decreasing KM,2026-10-08 10:12,2026-10-08 10:40,High,False,Not Applicable,1.0
TRN-0001001,2026-10-08,Passenger,COR-02,SEC-03,Down,Decreasing KM,2026-10-08 11:42,2026-10-08 12:18,High,False,Not Applicable,1.0
TRN-0001002,2026-10-08,Passenger,COR-02,SEC-04,Down,Decreasing KM,2026-10-08 13:05,2026-10-08 13:32,High,False,Not Applicable,1.0
TRN-0001003,2026-10-08,Superfast,COR-02,SEC-03,Down,Decreasing KM,2026-10-08 14:34,2026-10-08 15:10,Critical,False,Not Applicable,1.0
TRN-0001004,2026-10-08,MEMU,COR-02,SEC-04,Down,Decreasing KM,2026-10-08 15:50,2026-10-08 16:17,Medium,False,Not Applicable,1.0
TRN-0001005,2026-10-08,Express,COR-02,SEC-04,Down,Decreasing KM,2026-10-08 17:28,2026-10-08 18:17,High,False,Not Applicable,1.0
TRN-0001006,2026-10-08,Express,COR-02,SEC-03,Down,Decreasing KM,2026-10-08 18:52,2026-10-08 19:48,High,False,Not Applicable,1.0
TRN-0001007,2026-10-08,Express,COR-02,SEC-03,Down,Decreasing KM,2026-10-08 20:30,2026-10-08 21:30,High,False,Not Applicable,1.0
TRN-0001008,2026-10-08,Superfast,COR-02,SEC-03,Down,Decreasing KM,2026-10-08 22:08,2026-10-08 23:01,Critical,False,Not Applicable,1.0
TRN-0001009,2026-10-08,Goods,COR-03,SEC-05,Up,Increasing KM,2026-10-08 05:37,2026-10-08 06:23,Medium,True,Forecasted,0.95
TRN-0001010,2026-10-08,Goods,COR-03,SEC-05,Up,Increasing KM,2026-10-08 07:10,2026-10-08 08:06,Medium,True,Forecasted,0.96
TRN-0001011,2026-10-08,Express,COR-03,SEC-05,Up,Increasing KM,2026-10-08 08:37,2026-10-08 09:34,High,False,Not Applicable,1.0
TRN-0001012,2026-10-08,Passenger,COR-03,SEC-06,Up,Increasing KM,2026-10-08 10:04,2026-10-08 10:51,High,False,Not Applicable,1.0
TRN-0001013,2026-10-08,Superfast,COR-03,SEC-06,Up,Increasing KM,2026-10-08 11:42,2026-10-08 12:41,Critical,False,Not Applicable,1.0
TRN-0001014,2026-10-08,Goods,COR-03,SEC-06,Up,Increasing KM,2026-10-08 12:56,2026-10-08 13:45,Medium,True,Scheduled,0.78
TRN-0001015,2026-10-08,Express,COR-03,SEC-05,Up,Increasing KM,2026-10-08 14:28,2026-10-08 15:01,High,False,Not Applicable,1.0
TRN-0001016,2026-10-08,Express,COR-03,SEC-05,Up,Increasing KM,2026-10-08 16:10,2026-10-08 17:00,High,False,Not Applicable,1.0
TRN-0001017,2026-10-08,Passenger,COR-03,SEC-06,Up,Increasing KM,2026-10-08 17:25,2026-10-08 17:51,High,False,Not Applicable,1.0
TRN-0001018,2026-10-08,Goods,COR-03,SEC-06,Up,Increasing KM,2026-10-08 18:55,2026-10-08 19:43,Medium,True,Forecasted,0.95
TRN-0001019,2026-10-08,MEMU,COR-03,SEC-05,Up,Increasing KM,2026-10-08 20:21,2026-10-08 20:59,Medium,False,Not Applicable,1.0
TRN-0001020,2026-10-08,Passenger,COR-03,SEC-06,Up,Increasing KM,2026-10-08 21:54,2026-10-08 22:43,High,False,Not Applicable,1.0
TRN-0001021,2026-10-08,MEMU,COR-03,SEC-05,Down,Decreasing KM,2026-10-08 05:30,2026-10-08 06:22,Medium,False,Not Applicable,1.0
TRN-0001022,2026-10-08,Superfast,COR-03,SEC-05,Down,Decreasing KM,2026-10-08 06:49,2026-10-08 07:27,Critical,False,Not Applicable,1.0
TRN-0001023,2026-10-08,Passenger,COR-03,SEC-05,Down,Decreasing KM,2026-10-08 08:18,2026-10-08 08:53,High,False,Not Applicable,1.0
TRN-0001024,2026-10-08,Superfast,COR-03,SEC-06,Down,Decreasing KM,2026-10-08 09:52,2026-10-08 10:44,Critical,False,Not Applicable,1.0
TRN-0001025,2026-10-08,Superfast,COR-03,SEC-05,Down,Decreasing KM,2026-10-08 11:41,2026-10-08 12:17,Critical,False,Not Applicable,1.0
TRN-0001026,2026-10-08,Express,COR-03,SEC-06,Down,Decreasing KM,2026-10-08 13:11,2026-10-08 14:03,High,False,Not Applicable,1.0
TRN-0001027,2026-10-08,Passenger,COR-03,SEC-05,Down,Decreasing KM,2026-10-08 14:28,2026-10-08 15:00,High,False,Not Applicable,1.0
TRN-0001028,2026-10-08,Passenger,COR-03,SEC-05,Down,Decreasing KM,2026-10-08 16:12,2026-10-08 16:40,High,False,Not Applicable,1.0
TRN-0001029,2026-10-08,Superfast,COR-03,SEC-06,Down,Decreasing KM,2026-10-08 17:19,2026-10-08 17:55,Critical,False,Not Applicable,1.0
TRN-0001030,2026-10-08,Passenger,COR-03,SEC-05,Down,Decreasing KM,2026-10-08 19:12,2026-10-08 19:58,High,False,Not Applicable,1.0
TRN-0001031,2026-10-08,Goods,COR-03,SEC-05,Down,Decreasing KM,2026-10-08 20:23,2026-10-08 20:56,Medium,True,Forecasted,0.73
TRN-0001032,2026-10-08,Goods,COR-03,SEC-06,Down,Decreasing KM,2026-10-08 21:48,2026-10-08 22:18,Medium,True,Forecasted,0.68
TRN-0001033,2026-10-08,Superfast,COR-04,SEC-07,Up,Increasing KM,2026-10-08 05:24,2026-10-08 06:19,Critical,False,Not Applicable,1.0
TRN-0001034,2026-10-08,Passenger,COR-04,SEC-07,Up,Increasing KM,2026-10-08 07:10,2026-10-08 07:57,High,False,Not Applicable,1.0
TRN-0001035,2026-10-08,Passenger,COR-04,SEC-07,Up,Increasing KM,2026-10-08 08:26,2026-10-08 09:14,High,False,Not Applicable,1.0
TRN-0001036,2026-10-08,Goods,COR-04,SEC-08,Up,Increasing KM,2026-10-08 10:06,2026-10-08 10:43,Medium,True,Forecasted,0.91
TRN-0001037,2026-10-08,MEMU,COR-04,SEC-08,Up,Increasing KM,2026-10-08 11:26,2026-10-08 11:56,Medium,False,Not Applicable,1.0
TRN-0001038,2026-10-08,Passenger,COR-04,SEC-07,Up,Increasing KM,2026-10-08 13:11,2026-10-08 14:07,High,False,Not Applicable,1.0
TRN-0001039,2026-10-08,Passenger,COR-04,SEC-07,Up,Increasing KM,2026-10-08 14:38,2026-10-08 15:33,High,False,Not Applicable,1.0
TRN-0001040,2026-10-08,MEMU,COR-04,SEC-08,Up,Increasing KM,2026-10-08 15:59,2026-10-08 16:32,Medium,False,Not Applicable,1.0
TRN-0001041,2026-10-08,Express,COR-04,SEC-08,Up,Increasing KM,2026-10-08 17:35,2026-10-08 18:35,High,False,Not Applicable,1.0
TRN-0001042,2026-10-08,Superfast,COR-04,SEC-08,Up,Increasing KM,2026-10-08 18:58,2026-10-08 19:41,Critical,False,Not Applicable,1.0
TRN-0001043,2026-10-08,Goods,COR-04,SEC-07,Up,Increasing KM,2026-10-08 20:41,2026-10-08 21:17,Medium,True,Forecasted,0.88
TRN-0001044,2026-10-08,Superfast,COR-04,SEC-08,Up,Increasing KM,2026-10-08 21:56,2026-10-08 22:29,Critical,False,Not Applicable,1.0
TRN-0001045,2026-10-08,Goods,COR-04,SEC-08,Down,Decreasing KM,2026-10-08 05:34,2026-10-08 06:03,Medium,True,Forecasted,0.89
TRN-0001046,2026-10-08,Passenger,COR-04,SEC-08,Down,Decreasing KM,2026-10-08 07:01,2026-10-08 07:57,High,False,Not Applicable,1.0
TRN-0001047,2026-10-08,Passenger,COR-04,SEC-07,Down,Decreasing KM,2026-10-08 08:27,2026-10-08 09:21,High,False,Not Applicable,1.0
TRN-0001048,2026-10-08,Goods,COR-04,SEC-08,Down,Decreasing KM,2026-10-08 10:06,2026-10-08 11:02,Medium,True,Scheduled,0.92
TRN-0001049,2026-10-08,Passenger,COR-04,SEC-08,Down,Decreasing KM,2026-10-08 11:39,2026-10-08 12:39,High,False,Not Applicable,1.0
TRN-0001050,2026-10-08,Passenger,COR-04,SEC-08,Down,Decreasing KM,2026-10-08 12:50,2026-10-08 13:31,High,False,Not Applicable,1.0
TRN-0001051,2026-10-08,MEMU,COR-04,SEC-08,Down,Decreasing KM,2026-10-08 14:27,2026-10-08 15:19,Medium,False,Not Applicable,1.0
TRN-0001052,2026-10-08,Express,COR-04,SEC-08,Down,Decreasing KM,2026-10-08 16:12,2026-10-08 17:06,High,False,Not Applicable,1.0
TRN-0001053,2026-10-08,Express,COR-04,SEC-07,Down,Decreasing KM,2026-10-08 17:39,2026-10-08 18:08,High,False,Not Applicable,1.0
TRN-0001054,2026-10-08,Passenger,COR-04,SEC-07,Down,Decreasing KM,2026-10-08 19:12,2026-10-08 20:01,High,False,Not Applicable,1.0
TRN-0001055,2026-10-08,Goods,COR-04,SEC-07,Down,Decreasing KM,2026-10-08 20:22,2026-10-08 20:59,Medium,True,Forecasted,0.9
TRN-0001056,2026-10-08,MEMU,COR-04,SEC-07,Down,Decreasing KM,2026-10-08 21:59,2026-10-08 22:28,Medium,False,Not Applicable,1.0
TRN-0001057,2026-10-09,Passenger,COR-01,SEC-01,Up,Increasing KM,2026-10-09 05:20,2026-10-09 06:13,High,False,Not Applicable,1.0
TRN-0001058,2026-10-09,Goods,COR-01,SEC-01,Up,Increasing KM,2026-10-09 07:03,2026-10-09 07:49,Medium,True,Forecasted,0.84
TRN-0001059,2026-10-09,Goods,COR-01,SEC-01,Up,Increasing KM,2026-10-09 08:34,2026-10-09 09:21,Medium,True,Forecasted,0.88
TRN-0001060,2026-10-09,Goods,COR-01,SEC-02,Up,Increasing KM,2026-10-09 10:00,2026-10-09 10:43,Medium,True,Scheduled,0.67
TRN-0001061,2026-10-09,Goods,COR-01,SEC-01,Up,Increasing KM,2026-10-09 11:33,2026-10-09 12:10,Medium,True,Forecasted,0.67
TRN-0001062,2026-10-09,MEMU,COR-01,SEC-02,Up,Increasing KM,2026-10-09 13:10,2026-10-09 14:02,Medium,False,Not Applicable,1.0
TRN-0001063,2026-10-09,Superfast,COR-01,SEC-02,Up,Increasing KM,2026-10-09 14:30,2026-10-09 15:18,Critical,False,Not Applicable,1.0
TRN-0001064,2026-10-09,Superfast,COR-01,SEC-01,Up,Increasing KM,2026-10-09 16:04,2026-10-09 16:53,Critical,False,Not Applicable,1.0
TRN-0001065,2026-10-09,Express,COR-01,SEC-01,Up,Increasing KM,2026-10-09 17:32,2026-10-09 18:15,High,False,Not Applicable,1.0
TRN-0001066,2026-10-09,MEMU,COR-01,SEC-02,Up,Increasing KM,2026-10-09 18:57,2026-10-09 19:47,Medium,False,Not Applicable,1.0
TRN-0001067,2026-10-09,Passenger,COR-01,SEC-01,Up,Increasing KM,2026-10-09 20:40,2026-10-09 21:22,High,False,Not Applicable,1.0
TRN-0001068,2026-10-09,Express,COR-01,SEC-01,Up,Increasing KM,2026-10-09 21:58,2026-10-09 22:41,High,False,Not Applicable,1.0
TRN-0001069,2026-10-09,Superfast,COR-01,SEC-01,Down,Decreasing KM,2026-10-09 05:33,2026-10-09 06:08,Critical,False,Not Applicable,1.0
TRN-0001070,2026-10-09,Goods,COR-01,SEC-01,Down,Decreasing KM,2026-10-09 07:07,2026-10-09 08:02,Medium,True,Forecasted,0.71
TRN-0001071,2026-10-09,Express,COR-01,SEC-01,Down,Decreasing KM,2026-10-09 08:24,2026-10-09 09:05,High,False,Not Applicable,1.0
TRN-0001072,2026-10-09,Superfast,COR-01,SEC-01,Down,Decreasing KM,2026-10-09 09:55,2026-10-09 10:33,Critical,False,Not Applicable,1.0
TRN-0001073,2026-10-09,Goods,COR-01,SEC-02,Down,Decreasing KM,2026-10-09 11:28,2026-10-09 12:10,Medium,True,Forecasted,0.73
TRN-0001074,2026-10-09,MEMU,COR-01,SEC-01,Down,Decreasing KM,2026-10-09 12:53,2026-10-09 13:23,Medium,False,Not Applicable,1.0
TRN-0001075,2026-10-09,Passenger,COR-01,SEC-02,Down,Decreasing KM,2026-10-09 14:26,2026-10-09 15:03,High,False,Not Applicable,1.0
TRN-0001076,2026-10-09,Passenger,COR-01,SEC-02,Down,Decreasing KM,2026-10-09 15:56,2026-10-09 16:39,High,False,Not Applicable,1.0
TRN-0001077,2026-10-09,Express,COR-01,SEC-01,Down,Decreasing KM,2026-10-09 17:25,2026-10-09 18:08,High,False,Not Applicable,1.0
TRN-0001078,2026-10-09,Superfast,COR-01,SEC-02,Down,Decreasing KM,2026-10-09 18:58,2026-10-09 19:51,Critical,False,Not Applicable,1.0
TRN-0001079,2026-10-09,Express,COR-01,SEC-02,Down,Decreasing KM,2026-10-09 20:30,2026-10-09 21:09,High,False,Not Applicable,1.0
TRN-0001080,2026-10-09,MEMU,COR-01,SEC-01,Down,Decreasing KM,2026-10-09 22:05,2026-10-09 22:54,Medium,False,Not Applicable,1.0
TRN-0001081,2026-10-09,MEMU,COR-02,SEC-04,Up,Increasing KM,2026-10-09 05:40,2026-10-09 06:36,Medium,False,Not Applicable,1.0
TRN-0001082,2026-10-09,Passenger,COR-02,SEC-04,Up,Increasing KM,2026-10-09 06:55,2026-10-09 07:38,High,False,Not Applicable,1.0
TRN-0001083,2026-10-09,Goods,COR-02,SEC-04,Up,Increasing KM,2026-10-09 08:38,2026-10-09 09:34,Medium,True,Forecasted,0.77
TRN-0001084,2026-10-09,Superfast,COR-02,SEC-03,Up,Increasing KM,2026-10-09 09:56,2026-10-09 10:38,Critical,False,Not Applicable,1.0
TRN-0001085,2026-10-09,Express,COR-02,SEC-04,Up,Increasing KM,2026-10-09 11:26,2026-10-09 12:24,High,False,Not Applicable,1.0
TRN-0001086,2026-10-09,Express,COR-02,SEC-03,Up,Increasing KM,2026-10-09 13:04,2026-10-09 13:40,High,False,Not Applicable,1.0
TRN-0001087,2026-10-09,Express,COR-02,SEC-04,Up,Increasing KM,2026-10-09 14:33,2026-10-09 15:20,High,False,Not Applicable,1.0
TRN-0001088,2026-10-09,MEMU,COR-02,SEC-03,Up,Increasing KM,2026-10-09 16:01,2026-10-09 16:35,Medium,False,Not Applicable,1.0
TRN-0001089,2026-10-09,Express,COR-02,SEC-04,Up,Increasing KM,2026-10-09 17:23,2026-10-09 18:11,High,False,Not Applicable,1.0
TRN-0001090,2026-10-09,Goods,COR-02,SEC-04,Up,Increasing KM,2026-10-09 18:50,2026-10-09 19:35,Medium,True,Forecasted,0.94
TRN-0001091,2026-10-09,Express,COR-02,SEC-04,Up,Increasing KM,2026-10-09 20:40,2026-10-09 21:30,High,False,Not Applicable,1.0
TRN-0001092,2026-10-09,MEMU,COR-02,SEC-03,Up,Increasing KM,2026-10-09 22:09,2026-10-09 23:07,Medium,False,Not Applicable,1.0
TRN-0001093,2026-10-09,Express,COR-02,SEC-03,Down,Decreasing KM,2026-10-09 05:39,2026-10-09 06:38,High,False,Not Applicable,1.0
TRN-0001094,2026-10-09,Express,COR-02,SEC-03,Down,Decreasing KM,2026-10-09 06:53,2026-10-09 07:27,High,False,Not Applicable,1.0
TRN-0001095,2026-10-09,Passenger,COR-02,SEC-04,Down,Decreasing KM,2026-10-09 08:35,2026-10-09 09:15,High,False,Not Applicable,1.0
TRN-0001096,2026-10-09,Passenger,COR-02,SEC-03,Down,Decreasing KM,2026-10-09 09:50,2026-10-09 10:16,High,False,Not Applicable,1.0
TRN-0001097,2026-10-09,Passenger,COR-02,SEC-03,Down,Decreasing KM,2026-10-09 11:42,2026-10-09 12:29,High,False,Not Applicable,1.0
TRN-0001098,2026-10-09,Superfast,COR-02,SEC-04,Down,Decreasing KM,2026-10-09 13:07,2026-10-09 14:01,Critical,False,Not Applicable,1.0
TRN-0001099,2026-10-09,Goods,COR-02,SEC-03,Down,Decreasing KM,2026-10-09 14:35,2026-10-09 15:30,Medium,True,Forecasted,0.83
TRN-0001100,2026-10-09,Express,COR-02,SEC-04,Down,Decreasing KM,2026-10-09 16:12,2026-10-09 16:57,High,False,Not Applicable,1.0
TRN-0001101,2026-10-09,Express,COR-02,SEC-03,Down,Decreasing KM,2026-10-09 17:39,2026-10-09 18:37,High,False,Not Applicable,1.0
TRN-0001102,2026-10-09,Superfast,COR-02,SEC-04,Down,Decreasing KM,2026-10-09 19:09,2026-10-09 19:43,Critical,False,Not Applicable,1.0
TRN-0001103,2026-10-09,Passenger,COR-02,SEC-03,Down,Decreasing KM,2026-10-09 20:20,2026-10-09 21:01,High,False,Not Applicable,1.0
TRN-0001104,2026-10-09,Passenger,COR-02,SEC-03,Down,Decreasing KM,2026-10-09 21:48,2026-10-09 22:34,High,False,Not Applicable,1.0
TRN-0001105,2026-10-09,Passenger,COR-03,SEC-05,Up,Increasing KM,2026-10-09 05:32,2026-10-09 06:13,High,False,Not Applicable,1.0
TRN-0001106,2026-10-09,MEMU,COR-03,SEC-05,Up,Increasing KM,2026-10-09 06:48,2026-10-09 07:38,Medium,False,Not Applicable,1.0
TRN-0001107,2026-10-09,Passenger,COR-03,SEC-06,Up,Increasing KM,2026-10-09 08:25,2026-10-09 08:54,High,False,Not Applicable,1.0
TRN-0001108,2026-10-09,MEMU,COR-03,SEC-06,Up,Increasing KM,2026-10-09 10:04,2026-10-09 10:33,Medium,False,Not Applicable,1.0
TRN-0001109,2026-10-09,Superfast,COR-03,SEC-05,Up,Increasing KM,2026-10-09 11:35,2026-10-09 12:07,Critical,False,Not Applicable,1.0
TRN-0001110,2026-10-09,MEMU,COR-03,SEC-06,Up,Increasing KM,2026-10-09 13:06,2026-10-09 13:38,Medium,False,Not Applicable,1.0
TRN-0001111,2026-10-09,MEMU,COR-03,SEC-05,Up,Increasing KM,2026-10-09 14:42,2026-10-09 15:28,Medium,False,Not Applicable,1.0
TRN-0001112,2026-10-09,Express,COR-03,SEC-06,Up,Increasing KM,2026-10-09 16:04,2026-10-09 16:51,High,False,Not Applicable,1.0
TRN-0001113,2026-10-09,Goods,COR-03,SEC-05,Up,Increasing KM,2026-10-09 17:32,2026-10-09 18:17,Medium,True,Forecasted,0.7
TRN-0001114,2026-10-09,Passenger,COR-03,SEC-06,Up,Increasing KM,2026-10-09 18:56,2026-10-09 19:31,High,False,Not Applicable,1.0
TRN-0001115,2026-10-09,Superfast,COR-03,SEC-05,Up,Increasing KM,2026-10-09 20:27,2026-10-09 20:54,Critical,False,Not Applicable,1.0
TRN-0001116,2026-10-09,Superfast,COR-03,SEC-06,Up,Increasing KM,2026-10-09 22:08,2026-10-09 22:38,Critical,False,Not Applicable,1.0
TRN-0001117,2026-10-09,Passenger,COR-03,SEC-06,Down,Decreasing KM,2026-10-09 05:20,2026-10-09 05:52,High,False,Not Applicable,1.0
TRN-0001118,2026-10-09,MEMU,COR-03,SEC-05,Down,Decreasing KM,2026-10-09 06:59,2026-10-09 07:32,Medium,False,Not Applicable,1.0
TRN-0001119,2026-10-09,Passenger,COR-03,SEC-06,Down,Decreasing KM,2026-10-09 08:31,2026-10-09 09:13,High,False,Not Applicable,1.0
TRN-0001120,2026-10-09,Passenger,COR-03,SEC-05,Down,Decreasing KM,2026-10-09 10:03,2026-10-09 10:56,High,False,Not Applicable,1.0
TRN-0001121,2026-10-09,Passenger,COR-03,SEC-06,Down,Decreasing KM,2026-10-09 11:28,2026-10-09 12:18,High,False,Not Applicable,1.0
TRN-0001122,2026-10-09,Goods,COR-03,SEC-05,Down,Decreasing KM,2026-10-09 12:52,2026-10-09 13:51,Medium,True,Forecasted,0.66
TRN-0001123,2026-10-09,Passenger,COR-03,SEC-05,Down,Decreasing KM,2026-10-09 14:18,2026-10-09 14:56,High,False,Not Applicable,1.0
TRN-0001124,2026-10-09,MEMU,COR-03,SEC-05,Down,Decreasing KM,2026-10-09 16:05,2026-10-09 16:39,Medium,False,Not Applicable,1.0
TRN-0001125,2026-10-09,Passenger,COR-03,SEC-05,Down,Decreasing KM,2026-10-09 17:42,2026-10-09 18:24,High,False,Not Applicable,1.0
TRN-0001126,2026-10-09,MEMU,COR-03,SEC-05,Down,Decreasing KM,2026-10-09 18:55,2026-10-09 19:25,Medium,False,Not Applicable,1.0
TRN-0001127,2026-10-09,MEMU,COR-03,SEC-06,Down,Decreasing KM,2026-10-09 20:23,2026-10-09 21:14,Medium,False,Not Applicable,1.0
TRN-0001128,2026-10-09,Superfast,COR-03,SEC-06,Down,Decreasing KM,2026-10-09 21:55,2026-10-09 22:50,Critical,False,Not Applicable,1.0
TRN-0001129,2026-10-09,MEMU,COR-04,SEC-08,Up,Increasing KM,2026-10-09 05:42,2026-10-09 06:32,Medium,False,Not Applicable,1.0
TRN-0001130,2026-10-09,Passenger,COR-04,SEC-08,Up,Increasing KM,2026-10-09 06:50,2026-10-09 07:42,High,False,Not Applicable,1.0
TRN-0001131,2026-10-09,Goods,COR-04,SEC-08,Up,Increasing KM,2026-10-09 08:20,2026-10-09 08:55,Medium,True,Scheduled,0.82
TRN-0001132,2026-10-09,Express,COR-04,SEC-07,Up,Increasing KM,2026-10-09 10:12,2026-10-09 10:41,High,False,Not Applicable,1.0
TRN-0001133,2026-10-09,Express,COR-04,SEC-08,Up,Increasing KM,2026-10-09 11:39,2026-10-09 12:38,High,False,Not Applicable,1.0
TRN-0001134,2026-10-09,Express,COR-04,SEC-07,Up,Increasing KM,2026-10-09 13:02,2026-10-09 13:29,High,False,Not Applicable,1.0
TRN-0001135,2026-10-09,MEMU,COR-04,SEC-07,Up,Increasing KM,2026-10-09 14:26,2026-10-09 14:58,Medium,False,Not Applicable,1.0
TRN-0001136,2026-10-09,Passenger,COR-04,SEC-08,Up,Increasing KM,2026-10-09 16:00,2026-10-09 16:54,High,False,Not Applicable,1.0
TRN-0001137,2026-10-09,Passenger,COR-04,SEC-07,Up,Increasing KM,2026-10-09 17:31,2026-10-09 18:15,High,False,Not Applicable,1.0
TRN-0001138,2026-10-09,Goods,COR-04,SEC-07,Up,Increasing KM,2026-10-09 19:09,2026-10-09 19:34,Medium,True,Forecasted,0.91
TRN-0001139,2026-10-09,Superfast,COR-04,SEC-07,Up,Increasing KM,2026-10-09 20:31,2026-10-09 21:25,Critical,False,Not Applicable,1.0
TRN-0001140,2026-10-09,Express,COR-04,SEC-08,Up,Increasing KM,2026-10-09 21:48,2026-10-09 22:29,High,False,Not Applicable,1.0
TRN-0001141,2026-10-09,Superfast,COR-04,SEC-08,Down,Decreasing KM,2026-10-09 05:24,2026-10-09 06:09,Critical,False,Not Applicable,1.0
TRN-0001142,2026-10-09,Express,COR-04,SEC-07,Down,Decreasing KM,2026-10-09 07:10,2026-10-09 07:38,High,False,Not Applicable,1.0
TRN-0001143,2026-10-09,Passenger,COR-04,SEC-08,Down,Decreasing KM,2026-10-09 08:31,2026-10-09 09:15,High,False,Not Applicable,1.0
TRN-0001144,2026-10-09,Passenger,COR-04,SEC-08,Down,Decreasing KM,2026-10-09 10:03,2026-10-09 10:47,High,False,Not Applicable,1.0
TRN-0001145,2026-10-09,Superfast,COR-04,SEC-08,Down,Decreasing KM,2026-10-09 11:21,2026-10-09 12:05,Critical,False,Not Applicable,1.0
TRN-0001146,2026-10-09,MEMU,COR-04,SEC-08,Down,Decreasing KM,2026-10-09 13:03,2026-10-09 13:37,Medium,False,Not Applicable,1.0
TRN-0001147,2026-10-09,Goods,COR-04,SEC-08,Down,Decreasing KM,2026-10-09 14:32,2026-10-09 15:19,Medium,True,Forecasted,0.91
TRN-0001148,2026-10-09,Superfast,COR-04,SEC-08,Down,Decreasing KM,2026-10-09 15:55,2026-10-09 16:29,Critical,False,Not Applicable,1.0
TRN-0001149,2026-10-09,Passenger,COR-04,SEC-08,Down,Decreasing KM,2026-10-09 17:37,2026-10-09 18:33,High,False,Not Applicable,1.0
TRN-0001150,2026-10-09,Passenger,COR-04,SEC-08,Down,Decreasing KM,2026-10-09 18:51,2026-10-09 19:43,High,False,Not Applicable,1.0
TRN-0001151,2026-10-09,Superfast,COR-04,SEC-08,Down,Decreasing KM,2026-10-09 20:35,2026-10-09 21:28,Critical,False,Not Applicable,1.0
TRN-0001152,2026-10-09,Goods,COR-04,SEC-07,Down,Decreasing KM,2026-10-09 22:12,2026-10-09 23:08,Medium,True,Forecasted,0.8
TRN-0001153,2026-10-10,Goods,COR-01,SEC-02,Up,Increasing KM,2026-10-10 05:35,2026-10-10 06:26,Medium,True,Scheduled,0.67
TRN-0001154,2026-10-10,Goods,COR-01,SEC-01,Up,Increasing KM,2026-10-10 06:48,2026-10-10 07:42,Medium,True,Scheduled,0.73
TRN-0001155,2026-10-10,Passenger,COR-01,SEC-02,Up,Increasing KM,2026-10-10 08:21,2026-10-10 09:16,High,False,Not Applicable,1.0
TRN-0001156,2026-10-10,Goods,COR-01,SEC-01,Up,Increasing KM,2026-10-10 10:06,2026-10-10 10:42,Medium,True,Forecasted,0.74
TRN-0001157,2026-10-10,Passenger,COR-01,SEC-01,Up,Increasing KM,2026-10-10 11:38,2026-10-10 12:11,High,False,Not Applicable,1.0
TRN-0001158,2026-10-10,Goods,COR-01,SEC-01,Up,Increasing KM,2026-10-10 12:55,2026-10-10 13:39,Medium,True,Forecasted,0.78
TRN-0001159,2026-10-10,Express,COR-01,SEC-02,Up,Increasing KM,2026-10-10 14:25,2026-10-10 15:12,High,False,Not Applicable,1.0
TRN-0001160,2026-10-10,Passenger,COR-01,SEC-02,Up,Increasing KM,2026-10-10 16:02,2026-10-10 16:50,High,False,Not Applicable,1.0
TRN-0001161,2026-10-10,Passenger,COR-01,SEC-01,Up,Increasing KM,2026-10-10 17:29,2026-10-10 18:28,High,False,Not Applicable,1.0
TRN-0001162,2026-10-10,Superfast,COR-01,SEC-02,Up,Increasing KM,2026-10-10 18:52,2026-10-10 19:47,Critical,False,Not Applicable,1.0
TRN-0001163,2026-10-10,MEMU,COR-01,SEC-02,Up,Increasing KM,2026-10-10 20:30,2026-10-10 21:03,Medium,False,Not Applicable,1.0
TRN-0001164,2026-10-10,Superfast,COR-01,SEC-02,Up,Increasing KM,2026-10-10 22:08,2026-10-10 22:57,Critical,False,Not Applicable,1.0
TRN-0001165,2026-10-10,Goods,COR-01,SEC-01,Down,Decreasing KM,2026-10-10 05:33,2026-10-10 06:17,Medium,True,Forecasted,0.87
TRN-0001166,2026-10-10,MEMU,COR-01,SEC-01,Down,Decreasing KM,2026-10-10 07:02,2026-10-10 07:51,Medium,False,Not Applicable,1.0
TRN-0001167,2026-10-10,Superfast,COR-01,SEC-02,Down,Decreasing KM,2026-10-10 08:37,2026-10-10 09:34,Critical,False,Not Applicable,1.0
TRN-0001168,2026-10-10,Passenger,COR-01,SEC-02,Down,Decreasing KM,2026-10-10 09:51,2026-10-10 10:28,High,False,Not Applicable,1.0
TRN-0001169,2026-10-10,Passenger,COR-01,SEC-01,Down,Decreasing KM,2026-10-10 11:27,2026-10-10 12:00,High,False,Not Applicable,1.0
TRN-0001170,2026-10-10,Superfast,COR-01,SEC-01,Down,Decreasing KM,2026-10-10 13:08,2026-10-10 13:49,Critical,False,Not Applicable,1.0
TRN-0001171,2026-10-10,Express,COR-01,SEC-01,Down,Decreasing KM,2026-10-10 14:40,2026-10-10 15:23,High,False,Not Applicable,1.0
TRN-0001172,2026-10-10,MEMU,COR-01,SEC-01,Down,Decreasing KM,2026-10-10 15:48,2026-10-10 16:29,Medium,False,Not Applicable,1.0
TRN-0001173,2026-10-10,MEMU,COR-01,SEC-02,Down,Decreasing KM,2026-10-10 17:29,2026-10-10 18:23,Medium,False,Not Applicable,1.0
TRN-0001174,2026-10-10,Express,COR-01,SEC-02,Down,Decreasing KM,2026-10-10 18:54,2026-10-10 19:20,High,False,Not Applicable,1.0
TRN-0001175,2026-10-10,Express,COR-01,SEC-01,Down,Decreasing KM,2026-10-10 20:22,2026-10-10 21:05,High,False,Not Applicable,1.0
TRN-0001176,2026-10-10,Express,COR-01,SEC-01,Down,Decreasing KM,2026-10-10 21:49,2026-10-10 22:29,High,False,Not Applicable,1.0
TRN-0001177,2026-10-10,MEMU,COR-02,SEC-04,Up,Increasing KM,2026-10-10 05:23,2026-10-10 05:50,Medium,False,Not Applicable,1.0
TRN-0001178,2026-10-10,Goods,COR-02,SEC-04,Up,Increasing KM,2026-10-10 07:04,2026-10-10 07:34,Medium,True,Forecasted,0.75
TRN-0001179,2026-10-10,Express,COR-02,SEC-04,Up,Increasing KM,2026-10-10 08:38,2026-10-10 09:37,High,False,Not Applicable,1.0
TRN-0001180,2026-10-10,Passenger,COR-02,SEC-03,Up,Increasing KM,2026-10-10 10:01,2026-10-10 10:50,High,False,Not Applicable,1.0
TRN-0001181,2026-10-10,Express,COR-02,SEC-04,Up,Increasing KM,2026-10-10 11:20,2026-10-10 11:53,High,False,Not Applicable,1.0
TRN-0001182,2026-10-10,Superfast,COR-02,SEC-04,Up,Increasing KM,2026-10-10 12:49,2026-10-10 13:22,Critical,False,Not Applicable,1.0
TRN-0001183,2026-10-10,Passenger,COR-02,SEC-03,Up,Increasing KM,2026-10-10 14:28,2026-10-10 14:55,High,False,Not Applicable,1.0
TRN-0001184,2026-10-10,Superfast,COR-02,SEC-04,Up,Increasing KM,2026-10-10 16:04,2026-10-10 16:56,Critical,False,Not Applicable,1.0
TRN-0001185,2026-10-10,Express,COR-02,SEC-03,Up,Increasing KM,2026-10-10 17:25,2026-10-10 17:54,High,False,Not Applicable,1.0
TRN-0001186,2026-10-10,Goods,COR-02,SEC-04,Up,Increasing KM,2026-10-10 18:55,2026-10-10 19:30,Medium,True,Forecasted,0.91
TRN-0001187,2026-10-10,MEMU,COR-02,SEC-04,Up,Increasing KM,2026-10-10 20:39,2026-10-10 21:14,Medium,False,Not Applicable,1.0
TRN-0001188,2026-10-10,Goods,COR-02,SEC-04,Up,Increasing KM,2026-10-10 21:48,2026-10-10 22:26,Medium,True,Forecasted,0.83
TRN-0001189,2026-10-10,Superfast,COR-02,SEC-03,Down,Decreasing KM,2026-10-10 05:29,2026-10-10 05:54,Critical,False,Not Applicable,1.0
TRN-0001190,2026-10-10,Goods,COR-02,SEC-04,Down,Decreasing KM,2026-10-10 07:12,2026-10-10 08:00,Medium,True,Forecasted,0.83
TRN-0001191,2026-10-10,Goods,COR-02,SEC-03,Down,Decreasing KM,2026-10-10 08:22,2026-10-10 08:56,Medium,True,Forecasted,0.87
TRN-0001192,2026-10-10,Express,COR-02,SEC-04,Down,Decreasing KM,2026-10-10 10:12,2026-10-10 11:06,High,False,Not Applicable,1.0
TRN-0001193,2026-10-10,Passenger,COR-02,SEC-03,Down,Decreasing KM,2026-10-10 11:35,2026-10-10 12:24,High,False,Not Applicable,1.0
TRN-0001194,2026-10-10,Goods,COR-02,SEC-03,Down,Decreasing KM,2026-10-10 12:53,2026-10-10 13:31,Medium,True,Forecasted,0.77
TRN-0001195,2026-10-10,Goods,COR-02,SEC-04,Down,Decreasing KM,2026-10-10 14:34,2026-10-10 15:18,Medium,True,Forecasted,0.69
TRN-0001196,2026-10-10,MEMU,COR-02,SEC-03,Down,Decreasing KM,2026-10-10 16:06,2026-10-10 17:05,Medium,False,Not Applicable,1.0
TRN-0001197,2026-10-10,Goods,COR-02,SEC-04,Down,Decreasing KM,2026-10-10 17:27,2026-10-10 18:09,Medium,True,Scheduled,0.95
TRN-0001198,2026-10-10,Passenger,COR-02,SEC-03,Down,Decreasing KM,2026-10-10 18:56,2026-10-10 19:45,High,False,Not Applicable,1.0
TRN-0001199,2026-10-10,Express,COR-02,SEC-04,Down,Decreasing KM,2026-10-10 20:38,2026-10-10 21:38,High,False,Not Applicable,1.0
TRN-0001200,2026-10-10,Passenger,COR-02,SEC-03,Down,Decreasing KM,2026-10-10 21:52,2026-10-10 22:37,High,False,Not Applicable,1.0
TRN-0001201,2026-10-10,Express,COR-03,SEC-06,Up,Increasing KM,2026-10-10 05:20,2026-10-10 05:47,High,False,Not Applicable,1.0
TRN-0001202,2026-10-10,Passenger,COR-03,SEC-06,Up,Increasing KM,2026-10-10 06:57,2026-10-10 07:26,High,False,Not Applicable,1.0
TRN-0001203,2026-10-10,Passenger,COR-03,SEC-05,Up,Increasing KM,2026-10-10 08:37,2026-10-10 09:23,High,False,Not Applicable,1.0
TRN-0001204,2026-10-10,Express,COR-03,SEC-05,Up,Increasing KM,2026-10-10 10:02,2026-10-10 10:47,High,False,Not Applicable,1.0
TRN-0001205,2026-10-10,Passenger,COR-03,SEC-05,Up,Increasing KM,2026-10-10 11:41,2026-10-10 12:25,High,False,Not Applicable,1.0
TRN-0001206,2026-10-10,MEMU,COR-03,SEC-05,Up,Increasing KM,2026-10-10 13:08,2026-10-10 13:38,Medium,False,Not Applicable,1.0
TRN-0001207,2026-10-10,Passenger,COR-03,SEC-05,Up,Increasing KM,2026-10-10 14:19,2026-10-10 15:02,High,False,Not Applicable,1.0
TRN-0001208,2026-10-10,Goods,COR-03,SEC-06,Up,Increasing KM,2026-10-10 16:09,2026-10-10 16:36,Medium,True,Forecasted,0.87
TRN-0001209,2026-10-10,Passenger,COR-03,SEC-05,Up,Increasing KM,2026-10-10 17:26,2026-10-10 18:26,High,False,Not Applicable,1.0
TRN-0001210,2026-10-10,Passenger,COR-03,SEC-05,Up,Increasing KM,2026-10-10 19:08,2026-10-10 20:03,High,False,Not Applicable,1.0
TRN-0001211,2026-10-10,Goods,COR-03,SEC-06,Up,Increasing KM,2026-10-10 20:30,2026-10-10 21:08,Medium,True,Scheduled,0.9
TRN-0001212,2026-10-10,Superfast,COR-03,SEC-05,Up,Increasing KM,2026-10-10 21:59,2026-10-10 22:52,Critical,False,Not Applicable,1.0
TRN-0001213,2026-10-10,Goods,COR-03,SEC-06,Down,Decreasing KM,2026-10-10 05:42,2026-10-10 06:23,Medium,True,Forecasted,0.96
TRN-0001214,2026-10-10,Superfast,COR-03,SEC-06,Down,Decreasing KM,2026-10-10 07:05,2026-10-10 07:59,Critical,False,Not Applicable,1.0
TRN-0001215,2026-10-10,MEMU,COR-03,SEC-06,Down,Decreasing KM,2026-10-10 08:41,2026-10-10 09:22,Medium,False,Not Applicable,1.0
TRN-0001216,2026-10-10,Express,COR-03,SEC-06,Down,Decreasing KM,2026-10-10 09:48,2026-10-10 10:48,High,False,Not Applicable,1.0
TRN-0001217,2026-10-10,Express,COR-03,SEC-05,Down,Decreasing KM,2026-10-10 11:22,2026-10-10 12:05,High,False,Not Applicable,1.0
TRN-0001218,2026-10-10,Passenger,COR-03,SEC-06,Down,Decreasing KM,2026-10-10 13:03,2026-10-10 14:00,High,False,Not Applicable,1.0
TRN-0001219,2026-10-10,Express,COR-03,SEC-05,Down,Decreasing KM,2026-10-10 14:31,2026-10-10 15:22,High,False,Not Applicable,1.0
TRN-0001220,2026-10-10,Express,COR-03,SEC-06,Down,Decreasing KM,2026-10-10 15:51,2026-10-10 16:20,High,False,Not Applicable,1.0
TRN-0001221,2026-10-10,Goods,COR-03,SEC-05,Down,Decreasing KM,2026-10-10 17:35,2026-10-10 18:23,Medium,True,Scheduled,0.94
TRN-0001222,2026-10-10,Express,COR-03,SEC-05,Down,Decreasing KM,2026-10-10 18:49,2026-10-10 19:45,High,False,Not Applicable,1.0
TRN-0001223,2026-10-10,Goods,COR-03,SEC-06,Down,Decreasing KM,2026-10-10 20:42,2026-10-10 21:35,Medium,True,Forecasted,0.95
TRN-0001224,2026-10-10,Express,COR-03,SEC-05,Down,Decreasing KM,2026-10-10 21:51,2026-10-10 22:21,High,False,Not Applicable,1.0
TRN-0001225,2026-10-10,Passenger,COR-04,SEC-07,Up,Increasing KM,2026-10-10 05:23,2026-10-10 06:01,High,False,Not Applicable,1.0
TRN-0001226,2026-10-10,Express,COR-04,SEC-07,Up,Increasing KM,2026-10-10 06:52,2026-10-10 07:48,High,False,Not Applicable,1.0
TRN-0001227,2026-10-10,Express,COR-04,SEC-08,Up,Increasing KM,2026-10-10 08:28,2026-10-10 09:09,High,False,Not Applicable,1.0
TRN-0001228,2026-10-10,Passenger,COR-04,SEC-08,Up,Increasing KM,2026-10-10 09:57,2026-10-10 10:54,High,False,Not Applicable,1.0
TRN-0001229,2026-10-10,Passenger,COR-04,SEC-08,Up,Increasing KM,2026-10-10 11:19,2026-10-10 11:50,High,False,Not Applicable,1.0
TRN-0001230,2026-10-10,MEMU,COR-04,SEC-08,Up,Increasing KM,2026-10-10 12:59,2026-10-10 13:34,Medium,False,Not Applicable,1.0
TRN-0001231,2026-10-10,Express,COR-04,SEC-08,Up,Increasing KM,2026-10-10 14:24,2026-10-10 15:15,High,False,Not Applicable,1.0
TRN-0001232,2026-10-10,Express,COR-04,SEC-08,Up,Increasing KM,2026-10-10 15:51,2026-10-10 16:23,High,False,Not Applicable,1.0
TRN-0001233,2026-10-10,Goods,COR-04,SEC-08,Up,Increasing KM,2026-10-10 17:24,2026-10-10 18:18,Medium,True,Forecasted,0.65
TRN-0001234,2026-10-10,Express,COR-04,SEC-08,Up,Increasing KM,2026-10-10 18:48,2026-10-10 19:28,High,False,Not Applicable,1.0
TRN-0001235,2026-10-10,Passenger,COR-04,SEC-07,Up,Increasing KM,2026-10-10 20:40,2026-10-10 21:32,High,False,Not Applicable,1.0
TRN-0001236,2026-10-10,Superfast,COR-04,SEC-07,Up,Increasing KM,2026-10-10 22:12,2026-10-10 23:05,Critical,False,Not Applicable,1.0
TRN-0001237,2026-10-10,Goods,COR-04,SEC-08,Down,Decreasing KM,2026-10-10 05:38,2026-10-10 06:18,Medium,True,Forecasted,0.83
TRN-0001238,2026-10-10,Goods,COR-04,SEC-08,Down,Decreasing KM,2026-10-10 07:12,2026-10-10 07:55,Medium,True,Scheduled,0.72
TRN-0001239,2026-10-10,Goods,COR-04,SEC-07,Down,Decreasing KM,2026-10-10 08:37,2026-10-10 09:11,Medium,True,Forecasted,0.69
TRN-0001240,2026-10-10,Passenger,COR-04,SEC-07,Down,Decreasing KM,2026-10-10 10:01,2026-10-10 10:26,High,False,Not Applicable,1.0
TRN-0001241,2026-10-10,Express,COR-04,SEC-07,Down,Decreasing KM,2026-10-10 11:29,2026-10-10 12:17,High,False,Not Applicable,1.0
TRN-0001242,2026-10-10,Passenger,COR-04,SEC-08,Down,Decreasing KM,2026-10-10 12:57,2026-10-10 13:42,High,False,Not Applicable,1.0
TRN-0001243,2026-10-10,Passenger,COR-04,SEC-08,Down,Decreasing KM,2026-10-10 14:38,2026-10-10 15:11,High,False,Not Applicable,1.0
TRN-0001244,2026-10-10,Goods,COR-04,SEC-08,Down,Decreasing KM,2026-10-10 15:57,2026-10-10 16:51,Medium,True,Scheduled,0.86
TRN-0001245,2026-10-10,Passenger,COR-04,SEC-07,Down,Decreasing KM,2026-10-10 17:32,2026-10-10 18:28,High,False,Not Applicable,1.0
TRN-0001246,2026-10-10,Express,COR-04,SEC-07,Down,Decreasing KM,2026-10-10 18:50,2026-10-10 19:29,High,False,Not Applicable,1.0
TRN-0001247,2026-10-10,Passenger,COR-04,SEC-08,Down,Decreasing KM,2026-10-10 20:25,2026-10-10 21:00,High,False,Not Applicable,1.0
TRN-0001248,2026-10-10,Express,COR-04,SEC-07,Down,Decreasing KM,2026-10-10 21:54,2026-10-10 22:24,High,False,Not Applicable,1.0
TRN-0001249,2026-10-11,Express,COR-01,SEC-02,Up,Increasing KM,2026-10-11 05:41,2026-10-11 06:27,High,False,Not Applicable,1.0
TRN-0001250,2026-10-11,Passenger,COR-01,SEC-02,Up,Increasing KM,2026-10-11 06:58,2026-10-11 07:27,High,False,Not Applicable,1.0
TRN-0001251,2026-10-11,Superfast,COR-01,SEC-02,Up,Increasing KM,2026-10-11 08:38,2026-10-11 09:15,Critical,False,Not Applicable,1.0
TRN-0001252,2026-10-11,Express,COR-01,SEC-02,Up,Increasing KM,2026-10-11 09:56,2026-10-11 10:54,High,False,Not Applicable,1.0
TRN-0001253,2026-10-11,Passenger,COR-01,SEC-01,Up,Increasing KM,2026-10-11 11:41,2026-10-11 12:08,High,False,Not Applicable,1.0
TRN-0001254,2026-10-11,Superfast,COR-01,SEC-01,Up,Increasing KM,2026-10-11 13:09,2026-10-11 13:35,Critical,False,Not Applicable,1.0
TRN-0001255,2026-10-11,MEMU,COR-01,SEC-02,Up,Increasing KM,2026-10-11 14:25,2026-10-11 15:05,Medium,False,Not Applicable,1.0
TRN-0001256,2026-10-11,Express,COR-01,SEC-02,Up,Increasing KM,2026-10-11 16:00,2026-10-11 16:25,High,False,Not Applicable,1.0
TRN-0001257,2026-10-11,Goods,COR-01,SEC-02,Up,Increasing KM,2026-10-11 17:37,2026-10-11 18:03,Medium,True,Scheduled,0.82
TRN-0001258,2026-10-11,MEMU,COR-01,SEC-02,Up,Increasing KM,2026-10-11 18:53,2026-10-11 19:24,Medium,False,Not Applicable,1.0
TRN-0001259,2026-10-11,Superfast,COR-01,SEC-02,Up,Increasing KM,2026-10-11 20:18,2026-10-11 21:08,Critical,False,Not Applicable,1.0
TRN-0001260,2026-10-11,Superfast,COR-01,SEC-01,Up,Increasing KM,2026-10-11 21:55,2026-10-11 22:42,Critical,False,Not Applicable,1.0
TRN-0001261,2026-10-11,Goods,COR-01,SEC-02,Down,Decreasing KM,2026-10-11 05:34,2026-10-11 06:22,Medium,True,Forecasted,0.91
TRN-0001262,2026-10-11,Express,COR-01,SEC-02,Down,Decreasing KM,2026-10-11 06:56,2026-10-11 07:23,High,False,Not Applicable,1.0
TRN-0001263,2026-10-11,Goods,COR-01,SEC-01,Down,Decreasing KM,2026-10-11 08:40,2026-10-11 09:23,Medium,True,Forecasted,0.77
TRN-0001264,2026-10-11,Passenger,COR-01,SEC-02,Down,Decreasing KM,2026-10-11 09:49,2026-10-11 10:31,High,False,Not Applicable,1.0
TRN-0001265,2026-10-11,Passenger,COR-01,SEC-02,Down,Decreasing KM,2026-10-11 11:20,2026-10-11 11:46,High,False,Not Applicable,1.0
TRN-0001266,2026-10-11,Superfast,COR-01,SEC-02,Down,Decreasing KM,2026-10-11 13:09,2026-10-11 14:00,Critical,False,Not Applicable,1.0
TRN-0001267,2026-10-11,Superfast,COR-01,SEC-02,Down,Decreasing KM,2026-10-11 14:19,2026-10-11 15:08,Critical,False,Not Applicable,1.0
TRN-0001268,2026-10-11,Passenger,COR-01,SEC-02,Down,Decreasing KM,2026-10-11 15:52,2026-10-11 16:19,High,False,Not Applicable,1.0
TRN-0001269,2026-10-11,Goods,COR-01,SEC-02,Down,Decreasing KM,2026-10-11 17:22,2026-10-11 17:48,Medium,True,Forecasted,0.85
TRN-0001270,2026-10-11,Goods,COR-01,SEC-02,Down,Decreasing KM,2026-10-11 18:48,2026-10-11 19:17,Medium,True,Scheduled,0.77
TRN-0001271,2026-10-11,Express,COR-01,SEC-01,Down,Decreasing KM,2026-10-11 20:20,2026-10-11 21:00,High,False,Not Applicable,1.0
TRN-0001272,2026-10-11,Goods,COR-01,SEC-01,Down,Decreasing KM,2026-10-11 22:02,2026-10-11 22:29,Medium,True,Forecasted,0.86
TRN-0001273,2026-10-11,Goods,COR-02,SEC-04,Up,Increasing KM,2026-10-11 05:27,2026-10-11 06:23,Medium,True,Scheduled,0.69
TRN-0001274,2026-10-11,MEMU,COR-02,SEC-03,Up,Increasing KM,2026-10-11 06:51,2026-10-11 07:50,Medium,False,Not Applicable,1.0
TRN-0001275,2026-10-11,Passenger,COR-02,SEC-04,Up,Increasing KM,2026-10-11 08:31,2026-10-11 08:57,High,False,Not Applicable,1.0
TRN-0001276,2026-10-11,Passenger,COR-02,SEC-03,Up,Increasing KM,2026-10-11 10:01,2026-10-11 10:39,High,False,Not Applicable,1.0
TRN-0001277,2026-10-11,MEMU,COR-02,SEC-04,Up,Increasing KM,2026-10-11 11:36,2026-10-11 12:34,Medium,False,Not Applicable,1.0
TRN-0001278,2026-10-11,Superfast,COR-02,SEC-03,Up,Increasing KM,2026-10-11 12:52,2026-10-11 13:38,Critical,False,Not Applicable,1.0
TRN-0001279,2026-10-11,Goods,COR-02,SEC-03,Up,Increasing KM,2026-10-11 14:31,2026-10-11 15:18,Medium,True,Forecasted,0.74
TRN-0001280,2026-10-11,Passenger,COR-02,SEC-03,Up,Increasing KM,2026-10-11 16:09,2026-10-11 16:37,High,False,Not Applicable,1.0
TRN-0001281,2026-10-11,Passenger,COR-02,SEC-04,Up,Increasing KM,2026-10-11 17:24,2026-10-11 17:56,High,False,Not Applicable,1.0
TRN-0001282,2026-10-11,Express,COR-02,SEC-03,Up,Increasing KM,2026-10-11 19:08,2026-10-11 20:07,High,False,Not Applicable,1.0
TRN-0001283,2026-10-11,Goods,COR-02,SEC-04,Up,Increasing KM,2026-10-11 20:36,2026-10-11 21:21,Medium,True,Forecasted,0.78
TRN-0001284,2026-10-11,Superfast,COR-02,SEC-03,Up,Increasing KM,2026-10-11 21:58,2026-10-11 22:37,Critical,False,Not Applicable,1.0
TRN-0001285,2026-10-11,Superfast,COR-02,SEC-03,Down,Decreasing KM,2026-10-11 05:34,2026-10-11 06:05,Critical,False,Not Applicable,1.0
TRN-0001286,2026-10-11,Passenger,COR-02,SEC-04,Down,Decreasing KM,2026-10-11 06:51,2026-10-11 07:28,High,False,Not Applicable,1.0
TRN-0001287,2026-10-11,Goods,COR-02,SEC-04,Down,Decreasing KM,2026-10-11 08:31,2026-10-11 09:31,Medium,True,Forecasted,0.73
TRN-0001288,2026-10-11,Goods,COR-02,SEC-04,Down,Decreasing KM,2026-10-11 10:09,2026-10-11 10:36,Medium,True,Forecasted,0.83
TRN-0001289,2026-10-11,MEMU,COR-02,SEC-04,Down,Decreasing KM,2026-10-11 11:29,2026-10-11 11:55,Medium,False,Not Applicable,1.0
TRN-0001290,2026-10-11,Superfast,COR-02,SEC-03,Down,Decreasing KM,2026-10-11 12:48,2026-10-11 13:17,Critical,False,Not Applicable,1.0
TRN-0001291,2026-10-11,MEMU,COR-02,SEC-03,Down,Decreasing KM,2026-10-11 14:23,2026-10-11 14:51,Medium,False,Not Applicable,1.0
TRN-0001292,2026-10-11,Superfast,COR-02,SEC-04,Down,Decreasing KM,2026-10-11 15:49,2026-10-11 16:24,Critical,False,Not Applicable,1.0
TRN-0001293,2026-10-11,Superfast,COR-02,SEC-04,Down,Decreasing KM,2026-10-11 17:30,2026-10-11 18:06,Critical,False,Not Applicable,1.0
TRN-0001294,2026-10-11,Superfast,COR-02,SEC-04,Down,Decreasing KM,2026-10-11 18:57,2026-10-11 19:45,Critical,False,Not Applicable,1.0
TRN-0001295,2026-10-11,MEMU,COR-02,SEC-04,Down,Decreasing KM,2026-10-11 20:21,2026-10-11 20:57,Medium,False,Not Applicable,1.0
TRN-0001296,2026-10-11,Superfast,COR-02,SEC-03,Down,Decreasing KM,2026-10-11 22:05,2026-10-11 22:56,Critical,False,Not Applicable,1.0
TRN-0001297,2026-10-11,Express,COR-03,SEC-06,Up,Increasing KM,2026-10-11 05:25,2026-10-11 05:55,High,False,Not Applicable,1.0
TRN-0001298,2026-10-11,Express,COR-03,SEC-05,Up,Increasing KM,2026-10-11 06:54,2026-10-11 07:35,High,False,Not Applicable,1.0
TRN-0001299,2026-10-11,Express,COR-03,SEC-05,Up,Increasing KM,2026-10-11 08:24,2026-10-11 09:13,High,False,Not Applicable,1.0
TRN-0001300,2026-10-11,Superfast,COR-03,SEC-05,Up,Increasing KM,2026-10-11 09:56,2026-10-11 10:27,Critical,False,Not Applicable,1.0
TRN-0001301,2026-10-11,Express,COR-03,SEC-06,Up,Increasing KM,2026-10-11 11:38,2026-10-11 12:30,High,False,Not Applicable,1.0
TRN-0001302,2026-10-11,Superfast,COR-03,SEC-06,Up,Increasing KM,2026-10-11 12:54,2026-10-11 13:24,Critical,False,Not Applicable,1.0
TRN-0001303,2026-10-11,MEMU,COR-03,SEC-06,Up,Increasing KM,2026-10-11 14:24,2026-10-11 15:17,Medium,False,Not Applicable,1.0
TRN-0001304,2026-10-11,Passenger,COR-03,SEC-06,Up,Increasing KM,2026-10-11 16:11,2026-10-11 16:39,High,False,Not Applicable,1.0
TRN-0001305,2026-10-11,Goods,COR-03,SEC-05,Up,Increasing KM,2026-10-11 17:34,2026-10-11 18:15,Medium,True,Forecasted,0.86
TRN-0001306,2026-10-11,Goods,COR-03,SEC-06,Up,Increasing KM,2026-10-11 18:52,2026-10-11 19:40,Medium,True,Forecasted,0.76
TRN-0001307,2026-10-11,Passenger,COR-03,SEC-06,Up,Increasing KM,2026-10-11 20:39,2026-10-11 21:30,High,False,Not Applicable,1.0
TRN-0001308,2026-10-11,Express,COR-03,SEC-05,Up,Increasing KM,2026-10-11 21:52,2026-10-11 22:50,High,False,Not Applicable,1.0
TRN-0001309,2026-10-11,Goods,COR-03,SEC-06,Down,Decreasing KM,2026-10-11 05:38,2026-10-11 06:10,Medium,True,Forecasted,0.66
TRN-0001310,2026-10-11,Goods,COR-03,SEC-05,Down,Decreasing KM,2026-10-11 07:06,2026-10-11 07:34,Medium,True,Forecasted,0.96
TRN-0001311,2026-10-11,Passenger,COR-03,SEC-06,Down,Decreasing KM,2026-10-11 08:37,2026-10-11 09:07,High,False,Not Applicable,1.0
TRN-0001312,2026-10-11,Superfast,COR-03,SEC-06,Down,Decreasing KM,2026-10-11 10:08,2026-10-11 10:57,Critical,False,Not Applicable,1.0
TRN-0001313,2026-10-11,Passenger,COR-03,SEC-06,Down,Decreasing KM,2026-10-11 11:25,2026-10-11 11:50,High,False,Not Applicable,1.0
TRN-0001314,2026-10-11,Express,COR-03,SEC-05,Down,Decreasing KM,2026-10-11 13:06,2026-10-11 13:51,High,False,Not Applicable,1.0
TRN-0001315,2026-10-11,Passenger,COR-03,SEC-06,Down,Decreasing KM,2026-10-11 14:22,2026-10-11 15:20,High,False,Not Applicable,1.0
TRN-0001316,2026-10-11,Passenger,COR-03,SEC-06,Down,Decreasing KM,2026-10-11 15:56,2026-10-11 16:33,High,False,Not Applicable,1.0
TRN-0001317,2026-10-11,Superfast,COR-03,SEC-06,Down,Decreasing KM,2026-10-11 17:41,2026-10-11 18:13,Critical,False,Not Applicable,1.0
TRN-0001318,2026-10-11,Goods,COR-03,SEC-06,Down,Decreasing KM,2026-10-11 18:55,2026-10-11 19:40,Medium,True,Scheduled,0.87
TRN-0001319,2026-10-11,Passenger,COR-03,SEC-05,Down,Decreasing KM,2026-10-11 20:39,2026-10-11 21:27,High,False,Not Applicable,1.0
TRN-0001320,2026-10-11,Passenger,COR-03,SEC-05,Down,Decreasing KM,2026-10-11 21:58,2026-10-11 22:44,High,False,Not Applicable,1.0
TRN-0001321,2026-10-11,Passenger,COR-04,SEC-07,Up,Increasing KM,2026-10-11 05:36,2026-10-11 06:29,High,False,Not Applicable,1.0
TRN-0001322,2026-10-11,Passenger,COR-04,SEC-07,Up,Increasing KM,2026-10-11 06:59,2026-10-11 07:39,High,False,Not Applicable,1.0
TRN-0001323,2026-10-11,Goods,COR-04,SEC-07,Up,Increasing KM,2026-10-11 08:42,2026-10-11 09:35,Medium,True,Scheduled,0.88
TRN-0001324,2026-10-11,Passenger,COR-04,SEC-07,Up,Increasing KM,2026-10-11 09:56,2026-10-11 10:36,High,False,Not Applicable,1.0
TRN-0001325,2026-10-11,Passenger,COR-04,SEC-07,Up,Increasing KM,2026-10-11 11:18,2026-10-11 12:04,High,False,Not Applicable,1.0
TRN-0001326,2026-10-11,Express,COR-04,SEC-08,Up,Increasing KM,2026-10-11 13:05,2026-10-11 13:42,High,False,Not Applicable,1.0
TRN-0001327,2026-10-11,Goods,COR-04,SEC-08,Up,Increasing KM,2026-10-11 14:34,2026-10-11 15:33,Medium,True,Forecasted,0.66
TRN-0001328,2026-10-11,MEMU,COR-04,SEC-08,Up,Increasing KM,2026-10-11 16:12,2026-10-11 16:50,Medium,False,Not Applicable,1.0
TRN-0001329,2026-10-11,Goods,COR-04,SEC-07,Up,Increasing KM,2026-10-11 17:27,2026-10-11 18:27,Medium,True,Scheduled,0.87
TRN-0001330,2026-10-11,Express,COR-04,SEC-07,Up,Increasing KM,2026-10-11 18:58,2026-10-11 19:42,High,False,Not Applicable,1.0
TRN-0001331,2026-10-11,Passenger,COR-04,SEC-08,Up,Increasing KM,2026-10-11 20:32,2026-10-11 21:21,High,False,Not Applicable,1.0
TRN-0001332,2026-10-11,Passenger,COR-04,SEC-08,Up,Increasing KM,2026-10-11 21:57,2026-10-11 22:29,High,False,Not Applicable,1.0
TRN-0001333,2026-10-11,Passenger,COR-04,SEC-08,Down,Decreasing KM,2026-10-11 05:20,2026-10-11 05:52,High,False,Not Applicable,1.0
TRN-0001334,2026-10-11,Goods,COR-04,SEC-07,Down,Decreasing KM,2026-10-11 07:06,2026-10-11 07:35,Medium,True,Forecasted,0.81
TRN-0001335,2026-10-11,Passenger,COR-04,SEC-07,Down,Decreasing KM,2026-10-11 08:18,2026-10-11 09:10,High,False,Not Applicable,1.0
TRN-0001336,2026-10-11,Express,COR-04,SEC-08,Down,Decreasing KM,2026-10-11 10:05,2026-10-11 10:31,High,False,Not Applicable,1.0
TRN-0001337,2026-10-11,Passenger,COR-04,SEC-07,Down,Decreasing KM,2026-10-11 11:21,2026-10-11 11:49,High,False,Not Applicable,1.0
TRN-0001338,2026-10-11,Passenger,COR-04,SEC-07,Down,Decreasing KM,2026-10-11 12:54,2026-10-11 13:33,High,False,Not Applicable,1.0
TRN-0001339,2026-10-11,Superfast,COR-04,SEC-07,Down,Decreasing KM,2026-10-11 14:35,2026-10-11 15:17,Critical,False,Not Applicable,1.0
TRN-0001340,2026-10-11,Express,COR-04,SEC-08,Down,Decreasing KM,2026-10-11 16:03,2026-10-11 16:56,High,False,Not Applicable,1.0
TRN-0001341,2026-10-11,MEMU,COR-04,SEC-07,Down,Decreasing KM,2026-10-11 17:37,2026-10-11 18:23,Medium,False,Not Applicable,1.0
TRN-0001342,2026-10-11,Superfast,COR-04,SEC-07,Down,Decreasing KM,2026-10-11 19:03,2026-10-11 19:33,Critical,False,Not Applicable,1.0
TRN-0001343,2026-10-11,Goods,COR-04,SEC-07,Down,Decreasing KM,2026-10-11 20:19,2026-10-11 21:19,Medium,True,Scheduled,0.82
TRN-0001344,2026-10-11,Passenger,COR-04,SEC-08,Down,Decreasing KM,2026-10-11 22:08,2026-10-11 22:49,High,False,Not Applicable,1.0
TRN-0001345,2026-10-12,Passenger,COR-01,SEC-01,Up,Increasing KM,2026-10-12 05:28,2026-10-12 05:55,High,False,Not Applicable,1.0
TRN-0001346,2026-10-12,Goods,COR-01,SEC-01,Up,Increasing KM,2026-10-12 07:00,2026-10-12 07:35,Medium,True,Forecasted,0.93
TRN-0001347,2026-10-12,MEMU,COR-01,SEC-01,Up,Increasing KM,2026-10-12 08:25,2026-10-12 09:08,Medium,False,Not Applicable,1.0
TRN-0001348,2026-10-12,Superfast,COR-01,SEC-02,Up,Increasing KM,2026-10-12 10:01,2026-10-12 10:27,Critical,False,Not Applicable,1.0
TRN-0001349,2026-10-12,Passenger,COR-01,SEC-02,Up,Increasing KM,2026-10-12 11:30,2026-10-12 12:12,High,False,Not Applicable,1.0
TRN-0001350,2026-10-12,Superfast,COR-01,SEC-02,Up,Increasing KM,2026-10-12 12:52,2026-10-12 13:43,Critical,False,Not Applicable,1.0
TRN-0001351,2026-10-12,Goods,COR-01,SEC-01,Up,Increasing KM,2026-10-12 14:25,2026-10-12 15:02,Medium,True,Forecasted,0.73
TRN-0001352,2026-10-12,MEMU,COR-01,SEC-02,Up,Increasing KM,2026-10-12 15:51,2026-10-12 16:29,Medium,False,Not Applicable,1.0
TRN-0001353,2026-10-12,Goods,COR-01,SEC-01,Up,Increasing KM,2026-10-12 17:39,2026-10-12 18:13,Medium,True,Forecasted,0.88
TRN-0001354,2026-10-12,Express,COR-01,SEC-01,Up,Increasing KM,2026-10-12 19:04,2026-10-12 19:34,High,False,Not Applicable,1.0
TRN-0001355,2026-10-12,Passenger,COR-01,SEC-02,Up,Increasing KM,2026-10-12 20:27,2026-10-12 21:05,High,False,Not Applicable,1.0
TRN-0001356,2026-10-12,Passenger,COR-01,SEC-02,Up,Increasing KM,2026-10-12 21:57,2026-10-12 22:29,High,False,Not Applicable,1.0
TRN-0001357,2026-10-12,MEMU,COR-01,SEC-01,Down,Decreasing KM,2026-10-12 05:31,2026-10-12 06:19,Medium,False,Not Applicable,1.0
TRN-0001358,2026-10-12,Passenger,COR-01,SEC-01,Down,Decreasing KM,2026-10-12 06:58,2026-10-12 07:27,High,False,Not Applicable,1.0
TRN-0001359,2026-10-12,Goods,COR-01,SEC-01,Down,Decreasing KM,2026-10-12 08:28,2026-10-12 09:23,Medium,True,Forecasted,0.8
TRN-0001360,2026-10-12,Passenger,COR-01,SEC-01,Down,Decreasing KM,2026-10-12 09:59,2026-10-12 10:41,High,False,Not Applicable,1.0
TRN-0001361,2026-10-12,Express,COR-01,SEC-02,Down,Decreasing KM,2026-10-12 11:40,2026-10-12 12:21,High,False,Not Applicable,1.0
TRN-0001362,2026-10-12,Goods,COR-01,SEC-02,Down,Decreasing KM,2026-10-12 12:53,2026-10-12 13:33,Medium,True,Scheduled,0.81
TRN-0001363,2026-10-12,Goods,COR-01,SEC-01,Down,Decreasing KM,2026-10-12 14:24,2026-10-12 15:23,Medium,True,Forecasted,0.77
TRN-0001364,2026-10-12,Goods,COR-01,SEC-02,Down,Decreasing KM,2026-10-12 16:02,2026-10-12 16:56,Medium,True,Forecasted,0.79
TRN-0001365,2026-10-12,Goods,COR-01,SEC-02,Down,Decreasing KM,2026-10-12 17:19,2026-10-12 18:13,Medium,True,Scheduled,0.84
TRN-0001366,2026-10-12,MEMU,COR-01,SEC-02,Down,Decreasing KM,2026-10-12 18:51,2026-10-12 19:40,Medium,False,Not Applicable,1.0
TRN-0001367,2026-10-12,Goods,COR-01,SEC-02,Down,Decreasing KM,2026-10-12 20:32,2026-10-12 21:31,Medium,True,Forecasted,0.66
TRN-0001368,2026-10-12,Superfast,COR-01,SEC-02,Down,Decreasing KM,2026-10-12 22:00,2026-10-12 22:48,Critical,False,Not Applicable,1.0
TRN-0001369,2026-10-12,Passenger,COR-02,SEC-03,Up,Increasing KM,2026-10-12 05:22,2026-10-12 05:55,High,False,Not Applicable,1.0
TRN-0001370,2026-10-12,Superfast,COR-02,SEC-04,Up,Increasing KM,2026-10-12 07:07,2026-10-12 07:45,Critical,False,Not Applicable,1.0
TRN-0001371,2026-10-12,Goods,COR-02,SEC-04,Up,Increasing KM,2026-10-12 08:21,2026-10-12 08:52,Medium,True,Forecasted,0.79
TRN-0001372,2026-10-12,Goods,COR-02,SEC-03,Up,Increasing KM,2026-10-12 09:52,2026-10-12 10:46,Medium,True,Forecasted,0.95
TRN-0001373,2026-10-12,Passenger,COR-02,SEC-03,Up,Increasing KM,2026-10-12 11:30,2026-10-12 12:15,High,False,Not Applicable,1.0
TRN-0001374,2026-10-12,Express,COR-02,SEC-04,Up,Increasing KM,2026-10-12 12:50,2026-10-12 13:48,High,False,Not Applicable,1.0
TRN-0001375,2026-10-12,Superfast,COR-02,SEC-04,Up,Increasing KM,2026-10-12 14:24,2026-10-12 15:24,Critical,False,Not Applicable,1.0
TRN-0001376,2026-10-12,Passenger,COR-02,SEC-04,Up,Increasing KM,2026-10-12 16:11,2026-10-12 16:59,High,False,Not Applicable,1.0
TRN-0001377,2026-10-12,Goods,COR-02,SEC-03,Up,Increasing KM,2026-10-12 17:33,2026-10-12 18:27,Medium,True,Forecasted,0.73
TRN-0001378,2026-10-12,Superfast,COR-02,SEC-04,Up,Increasing KM,2026-10-12 19:12,2026-10-12 19:40,Critical,False,Not Applicable,1.0
TRN-0001379,2026-10-12,Goods,COR-02,SEC-03,Up,Increasing KM,2026-10-12 20:26,2026-10-12 20:54,Medium,True,Forecasted,0.67
TRN-0001380,2026-10-12,Express,COR-02,SEC-03,Up,Increasing KM,2026-10-12 22:03,2026-10-12 22:59,High,False,Not Applicable,1.0
TRN-0001381,2026-10-12,Superfast,COR-02,SEC-04,Down,Decreasing KM,2026-10-12 05:29,2026-10-12 06:00,Critical,False,Not Applicable,1.0
TRN-0001382,2026-10-12,Passenger,COR-02,SEC-04,Down,Decreasing KM,2026-10-12 07:05,2026-10-12 07:31,High,False,Not Applicable,1.0
TRN-0001383,2026-10-12,Goods,COR-02,SEC-03,Down,Decreasing KM,2026-10-12 08:36,2026-10-12 09:30,Medium,True,Forecasted,0.85
TRN-0001384,2026-10-12,Superfast,COR-02,SEC-04,Down,Decreasing KM,2026-10-12 09:59,2026-10-12 10:40,Critical,False,Not Applicable,1.0
TRN-0001385,2026-10-12,Express,COR-02,SEC-04,Down,Decreasing KM,2026-10-12 11:27,2026-10-12 12:21,High,False,Not Applicable,1.0
TRN-0001386,2026-10-12,Passenger,COR-02,SEC-03,Down,Decreasing KM,2026-10-12 13:08,2026-10-12 13:33,High,False,Not Applicable,1.0
TRN-0001387,2026-10-12,Passenger,COR-02,SEC-03,Down,Decreasing KM,2026-10-12 14:22,2026-10-12 14:49,High,False,Not Applicable,1.0
TRN-0001388,2026-10-12,Passenger,COR-02,SEC-03,Down,Decreasing KM,2026-10-12 15:49,2026-10-12 16:15,High,False,Not Applicable,1.0
TRN-0001389,2026-10-12,Passenger,COR-02,SEC-04,Down,Decreasing KM,2026-10-12 17:21,2026-10-12 18:00,High,False,Not Applicable,1.0
TRN-0001390,2026-10-12,Passenger,COR-02,SEC-03,Down,Decreasing KM,2026-10-12 19:08,2026-10-12 19:59,High,False,Not Applicable,1.0
TRN-0001391,2026-10-12,Superfast,COR-02,SEC-04,Down,Decreasing KM,2026-10-12 20:29,2026-10-12 21:17,Critical,False,Not Applicable,1.0
TRN-0001392,2026-10-12,Superfast,COR-02,SEC-04,Down,Decreasing KM,2026-10-12 21:48,2026-10-12 22:20,Critical,False,Not Applicable,1.0
TRN-0001393,2026-10-12,Passenger,COR-03,SEC-05,Up,Increasing KM,2026-10-12 05:34,2026-10-12 06:15,High,False,Not Applicable,1.0
TRN-0001394,2026-10-12,Superfast,COR-03,SEC-05,Up,Increasing KM,2026-10-12 07:04,2026-10-12 07:32,Critical,False,Not Applicable,1.0
TRN-0001395,2026-10-12,Passenger,COR-03,SEC-05,Up,Increasing KM,2026-10-12 08:22,2026-10-12 09:22,High,False,Not Applicable,1.0
TRN-0001396,2026-10-12,Superfast,COR-03,SEC-05,Up,Increasing KM,2026-10-12 10:06,2026-10-12 11:01,Critical,False,Not Applicable,1.0
TRN-0001397,2026-10-12,Express,COR-03,SEC-05,Up,Increasing KM,2026-10-12 11:28,2026-10-12 12:00,High,False,Not Applicable,1.0
TRN-0001398,2026-10-12,Express,COR-03,SEC-06,Up,Increasing KM,2026-10-12 12:49,2026-10-12 13:34,High,False,Not Applicable,1.0
TRN-0001399,2026-10-12,Goods,COR-03,SEC-05,Up,Increasing KM,2026-10-12 14:27,2026-10-12 15:20,Medium,True,Scheduled,0.76
TRN-0001400,2026-10-12,Goods,COR-03,SEC-06,Up,Increasing KM,2026-10-12 16:07,2026-10-12 16:50,Medium,True,Scheduled,0.89
TRN-0001401,2026-10-12,Superfast,COR-03,SEC-05,Up,Increasing KM,2026-10-12 17:35,2026-10-12 18:32,Critical,False,Not Applicable,1.0
TRN-0001402,2026-10-12,Goods,COR-03,SEC-05,Up,Increasing KM,2026-10-12 18:54,2026-10-12 19:52,Medium,True,Scheduled,0.98
TRN-0001403,2026-10-12,MEMU,COR-03,SEC-05,Up,Increasing KM,2026-10-12 20:36,2026-10-12 21:24,Medium,False,Not Applicable,1.0
TRN-0001404,2026-10-12,Passenger,COR-03,SEC-05,Up,Increasing KM,2026-10-12 21:57,2026-10-12 22:26,High,False,Not Applicable,1.0
TRN-0001405,2026-10-12,Superfast,COR-03,SEC-05,Down,Decreasing KM,2026-10-12 05:20,2026-10-12 06:18,Critical,False,Not Applicable,1.0
TRN-0001406,2026-10-12,Passenger,COR-03,SEC-05,Down,Decreasing KM,2026-10-12 07:07,2026-10-12 07:49,High,False,Not Applicable,1.0
TRN-0001407,2026-10-12,Superfast,COR-03,SEC-05,Down,Decreasing KM,2026-10-12 08:25,2026-10-12 09:20,Critical,False,Not Applicable,1.0
TRN-0001408,2026-10-12,Superfast,COR-03,SEC-06,Down,Decreasing KM,2026-10-12 10:08,2026-10-12 10:51,Critical,False,Not Applicable,1.0
TRN-0001409,2026-10-12,Goods,COR-03,SEC-06,Down,Decreasing KM,2026-10-12 11:41,2026-10-12 12:27,Medium,True,Forecasted,0.68
TRN-0001410,2026-10-12,Goods,COR-03,SEC-06,Down,Decreasing KM,2026-10-12 13:04,2026-10-12 13:34,Medium,True,Forecasted,0.93
TRN-0001411,2026-10-12,MEMU,COR-03,SEC-05,Down,Decreasing KM,2026-10-12 14:37,2026-10-12 15:04,Medium,False,Not Applicable,1.0
TRN-0001412,2026-10-12,Goods,COR-03,SEC-06,Down,Decreasing KM,2026-10-12 15:54,2026-10-12 16:31,Medium,True,Forecasted,0.7
TRN-0001413,2026-10-12,Express,COR-03,SEC-05,Down,Decreasing KM,2026-10-12 17:28,2026-10-12 18:04,High,False,Not Applicable,1.0
TRN-0001414,2026-10-12,Superfast,COR-03,SEC-06,Down,Decreasing KM,2026-10-12 19:12,2026-10-12 20:07,Critical,False,Not Applicable,1.0
TRN-0001415,2026-10-12,MEMU,COR-03,SEC-06,Down,Decreasing KM,2026-10-12 20:38,2026-10-12 21:04,Medium,False,Not Applicable,1.0
TRN-0001416,2026-10-12,Superfast,COR-03,SEC-06,Down,Decreasing KM,2026-10-12 21:53,2026-10-12 22:52,Critical,False,Not Applicable,1.0
TRN-0001417,2026-10-12,Goods,COR-04,SEC-08,Up,Increasing KM,2026-10-12 05:40,2026-10-12 06:28,Medium,True,Forecasted,0.77
TRN-0001418,2026-10-12,Goods,COR-04,SEC-08,Up,Increasing KM,2026-10-12 06:51,2026-10-12 07:37,Medium,True,Scheduled,0.69
TRN-0001419,2026-10-12,Goods,COR-04,SEC-08,Up,Increasing KM,2026-10-12 08:21,2026-10-12 09:07,Medium,True,Forecasted,0.93
TRN-0001420,2026-10-12,Superfast,COR-04,SEC-07,Up,Increasing KM,2026-10-12 10:05,2026-10-12 10:51,Critical,False,Not Applicable,1.0
TRN-0001421,2026-10-12,Express,COR-04,SEC-08,Up,Increasing KM,2026-10-12 11:18,2026-10-12 12:09,High,False,Not Applicable,1.0
TRN-0001422,2026-10-12,Express,COR-04,SEC-08,Up,Increasing KM,2026-10-12 13:00,2026-10-12 13:45,High,False,Not Applicable,1.0
TRN-0001423,2026-10-12,Express,COR-04,SEC-08,Up,Increasing KM,2026-10-12 14:19,2026-10-12 14:53,High,False,Not Applicable,1.0
TRN-0001424,2026-10-12,Passenger,COR-04,SEC-07,Up,Increasing KM,2026-10-12 16:01,2026-10-12 16:40,High,False,Not Applicable,1.0
TRN-0001425,2026-10-12,MEMU,COR-04,SEC-07,Up,Increasing KM,2026-10-12 17:26,2026-10-12 17:53,Medium,False,Not Applicable,1.0
TRN-0001426,2026-10-12,Express,COR-04,SEC-08,Up,Increasing KM,2026-10-12 19:05,2026-10-12 19:38,High,False,Not Applicable,1.0
TRN-0001427,2026-10-12,Passenger,COR-04,SEC-07,Up,Increasing KM,2026-10-12 20:40,2026-10-12 21:21,High,False,Not Applicable,1.0
TRN-0001428,2026-10-12,Passenger,COR-04,SEC-08,Up,Increasing KM,2026-10-12 22:00,2026-10-12 22:40,High,False,Not Applicable,1.0
TRN-0001429,2026-10-12,Passenger,COR-04,SEC-08,Down,Decreasing KM,2026-10-12 05:20,2026-10-12 06:05,High,False,Not Applicable,1.0
TRN-0001430,2026-10-12,MEMU,COR-04,SEC-07,Down,Decreasing KM,2026-10-12 07:11,2026-10-12 07:48,Medium,False,Not Applicable,1.0
TRN-0001431,2026-10-12,Passenger,COR-04,SEC-08,Down,Decreasing KM,2026-10-12 08:24,2026-10-12 09:05,High,False,Not Applicable,1.0
TRN-0001432,2026-10-12,Express,COR-04,SEC-07,Down,Decreasing KM,2026-10-12 10:00,2026-10-12 10:30,High,False,Not Applicable,1.0
TRN-0001433,2026-10-12,Passenger,COR-04,SEC-07,Down,Decreasing KM,2026-10-12 11:29,2026-10-12 12:15,High,False,Not Applicable,1.0
TRN-0001434,2026-10-12,Passenger,COR-04,SEC-08,Down,Decreasing KM,2026-10-12 12:59,2026-10-12 13:49,High,False,Not Applicable,1.0
TRN-0001435,2026-10-12,Passenger,COR-04,SEC-08,Down,Decreasing KM,2026-10-12 14:39,2026-10-12 15:22,High,False,Not Applicable,1.0
TRN-0001436,2026-10-12,Superfast,COR-04,SEC-07,Down,Decreasing KM,2026-10-12 16:06,2026-10-12 17:02,Critical,False,Not Applicable,1.0
TRN-0001437,2026-10-12,Goods,COR-04,SEC-08,Down,Decreasing KM,2026-10-12 17:39,2026-10-12 18:39,Medium,True,Scheduled,0.8
TRN-0001438,2026-10-12,Goods,COR-04,SEC-07,Down,Decreasing KM,2026-10-12 18:57,2026-10-12 19:54,Medium,True,Forecasted,0.86
TRN-0001439,2026-10-12,Express,COR-04,SEC-07,Down,Decreasing KM,2026-10-12 20:24,2026-10-12 21:23,High,False,Not Applicable,1.0
TRN-0001440,2026-10-12,Superfast,COR-04,SEC-08,Down,Decreasing KM,2026-10-12 21:58,2026-10-12 22:57,Critical,False,Not Applicable,1.0
TRN-0001441,2026-10-13,Passenger,COR-01,SEC-02,Up,Increasing KM,2026-10-13 05:28,2026-10-13 06:07,High,False,Not Applicable,1.0
TRN-0001442,2026-10-13,Passenger,COR-01,SEC-01,Up,Increasing KM,2026-10-13 07:06,2026-10-13 07:46,High,False,Not Applicable,1.0
TRN-0001443,2026-10-13,MEMU,COR-01,SEC-02,Up,Increasing KM,2026-10-13 08:30,2026-10-13 09:23,Medium,False,Not Applicable,1.0
TRN-0001444,2026-10-13,Express,COR-01,SEC-02,Up,Increasing KM,2026-10-13 10:00,2026-10-13 10:34,High,False,Not Applicable,1.0
TRN-0001445,2026-10-13,Express,COR-01,SEC-01,Up,Increasing KM,2026-10-13 11:36,2026-10-13 12:32,High,False,Not Applicable,1.0
TRN-0001446,2026-10-13,Goods,COR-01,SEC-01,Up,Increasing KM,2026-10-13 13:05,2026-10-13 13:47,Medium,True,Forecasted,0.96
TRN-0001447,2026-10-13,Goods,COR-01,SEC-01,Up,Increasing KM,2026-10-13 14:40,2026-10-13 15:08,Medium,True,Forecasted,0.76
TRN-0001448,2026-10-13,Superfast,COR-01,SEC-02,Up,Increasing KM,2026-10-13 16:07,2026-10-13 16:50,Critical,False,Not Applicable,1.0
TRN-0001449,2026-10-13,Passenger,COR-01,SEC-01,Up,Increasing KM,2026-10-13 17:33,2026-10-13 18:02,High,False,Not Applicable,1.0
TRN-0001450,2026-10-13,Express,COR-01,SEC-01,Up,Increasing KM,2026-10-13 19:10,2026-10-13 19:58,High,False,Not Applicable,1.0
TRN-0001451,2026-10-13,Express,COR-01,SEC-01,Up,Increasing KM,2026-10-13 20:20,2026-10-13 21:18,High,False,Not Applicable,1.0
TRN-0001452,2026-10-13,Passenger,COR-01,SEC-02,Up,Increasing KM,2026-10-13 22:07,2026-10-13 22:50,High,False,Not Applicable,1.0
TRN-0001453,2026-10-13,MEMU,COR-01,SEC-01,Down,Decreasing KM,2026-10-13 05:28,2026-10-13 05:57,Medium,False,Not Applicable,1.0
TRN-0001454,2026-10-13,Passenger,COR-01,SEC-02,Down,Decreasing KM,2026-10-13 06:51,2026-10-13 07:41,High,False,Not Applicable,1.0
TRN-0001455,2026-10-13,Goods,COR-01,SEC-01,Down,Decreasing KM,2026-10-13 08:41,2026-10-13 09:22,Medium,True,Forecasted,0.97
TRN-0001456,2026-10-13,Passenger,COR-01,SEC-01,Down,Decreasing KM,2026-10-13 10:09,2026-10-13 11:05,High,False,Not Applicable,1.0
TRN-0001457,2026-10-13,Express,COR-01,SEC-01,Down,Decreasing KM,2026-10-13 11:40,2026-10-13 12:16,High,False,Not Applicable,1.0
TRN-0001458,2026-10-13,Superfast,COR-01,SEC-02,Down,Decreasing KM,2026-10-13 12:56,2026-10-13 13:46,Critical,False,Not Applicable,1.0
TRN-0001459,2026-10-13,Passenger,COR-01,SEC-02,Down,Decreasing KM,2026-10-13 14:33,2026-10-13 15:28,High,False,Not Applicable,1.0
TRN-0001460,2026-10-13,Goods,COR-01,SEC-01,Down,Decreasing KM,2026-10-13 15:58,2026-10-13 16:33,Medium,True,Forecasted,0.75
TRN-0001461,2026-10-13,Goods,COR-01,SEC-02,Down,Decreasing KM,2026-10-13 17:23,2026-10-13 18:12,Medium,True,Forecasted,0.8
TRN-0001462,2026-10-13,Superfast,COR-01,SEC-02,Down,Decreasing KM,2026-10-13 18:53,2026-10-13 19:49,Critical,False,Not Applicable,1.0
TRN-0001463,2026-10-13,Express,COR-01,SEC-01,Down,Decreasing KM,2026-10-13 20:27,2026-10-13 21:10,High,False,Not Applicable,1.0
TRN-0001464,2026-10-13,Superfast,COR-01,SEC-01,Down,Decreasing KM,2026-10-13 22:01,2026-10-13 22:51,Critical,False,Not Applicable,1.0
TRN-0001465,2026-10-13,Passenger,COR-02,SEC-04,Up,Increasing KM,2026-10-13 05:21,2026-10-13 05:51,High,False,Not Applicable,1.0
TRN-0001466,2026-10-13,Goods,COR-02,SEC-04,Up,Increasing KM,2026-10-13 07:09,2026-10-13 07:38,Medium,True,Scheduled,0.72
TRN-0001467,2026-10-13,Goods,COR-02,SEC-03,Up,Increasing KM,2026-10-13 08:27,2026-10-13 09:07,Medium,True,Forecasted,0.76
TRN-0001468,2026-10-13,Passenger,COR-02,SEC-04,Up,Increasing KM,2026-10-13 10:04,2026-10-13 10:33,High,False,Not Applicable,1.0
TRN-0001469,2026-10-13,Express,COR-02,SEC-04,Up,Increasing KM,2026-10-13 11:28,2026-10-13 12:00,High,False,Not Applicable,1.0
TRN-0001470,2026-10-13,Passenger,COR-02,SEC-04,Up,Increasing KM,2026-10-13 13:06,2026-10-13 13:35,High,False,Not Applicable,1.0
TRN-0001471,2026-10-13,Superfast,COR-02,SEC-03,Up,Increasing KM,2026-10-13 14:33,2026-10-13 15:11,Critical,False,Not Applicable,1.0
TRN-0001472,2026-10-13,Goods,COR-02,SEC-03,Up,Increasing KM,2026-10-13 15:52,2026-10-13 16:38,Medium,True,Forecasted,0.91
TRN-0001473,2026-10-13,MEMU,COR-02,SEC-04,Up,Increasing KM,2026-10-13 17:22,2026-10-13 18:03,Medium,False,Not Applicable,1.0
TRN-0001474,2026-10-13,Superfast,COR-02,SEC-04,Up,Increasing KM,2026-10-13 19:09,2026-10-13 19:39,Critical,False,Not Applicable,1.0
TRN-0001475,2026-10-13,Passenger,COR-02,SEC-03,Up,Increasing KM,2026-10-13 20:30,2026-10-13 20:55,High,False,Not Applicable,1.0
TRN-0001476,2026-10-13,Passenger,COR-02,SEC-04,Up,Increasing KM,2026-10-13 21:54,2026-10-13 22:39,High,False,Not Applicable,1.0
TRN-0001477,2026-10-13,Passenger,COR-02,SEC-03,Down,Decreasing KM,2026-10-13 05:31,2026-10-13 06:00,High,False,Not Applicable,1.0
TRN-0001478,2026-10-13,Passenger,COR-02,SEC-03,Down,Decreasing KM,2026-10-13 07:08,2026-10-13 07:59,High,False,Not Applicable,1.0
TRN-0001479,2026-10-13,Passenger,COR-02,SEC-03,Down,Decreasing KM,2026-10-13 08:39,2026-10-13 09:26,High,False,Not Applicable,1.0
TRN-0001480,2026-10-13,Goods,COR-02,SEC-04,Down,Decreasing KM,2026-10-13 09:52,2026-10-13 10:51,Medium,True,Forecasted,0.86
TRN-0001481,2026-10-13,Passenger,COR-02,SEC-03,Down,Decreasing KM,2026-10-13 11:25,2026-10-13 11:54,High,False,Not Applicable,1.0
TRN-0001482,2026-10-13,Express,COR-02,SEC-04,Down,Decreasing KM,2026-10-13 12:53,2026-10-13 13:25,High,False,Not Applicable,1.0
TRN-0001483,2026-10-13,Passenger,COR-02,SEC-03,Down,Decreasing KM,2026-10-13 14:20,2026-10-13 15:00,High,False,Not Applicable,1.0
TRN-0001484,2026-10-13,Goods,COR-02,SEC-03,Down,Decreasing KM,2026-10-13 15:48,2026-10-13 16:13,Medium,True,Forecasted,0.79
TRN-0001485,2026-10-13,Passenger,COR-02,SEC-04,Down,Decreasing KM,2026-10-13 17:20,2026-10-13 18:02,High,False,Not Applicable,1.0
TRN-0001486,2026-10-13,Superfast,COR-02,SEC-03,Down,Decreasing KM,2026-10-13 19:01,2026-10-13 20:00,Critical,False,Not Applicable,1.0
TRN-0001487,2026-10-13,Goods,COR-02,SEC-03,Down,Decreasing KM,2026-10-13 20:21,2026-10-13 21:04,Medium,True,Forecasted,0.8
TRN-0001488,2026-10-13,Express,COR-02,SEC-03,Down,Decreasing KM,2026-10-13 21:52,2026-10-13 22:36,High,False,Not Applicable,1.0
TRN-0001489,2026-10-13,Passenger,COR-03,SEC-05,Up,Increasing KM,2026-10-13 05:25,2026-10-13 06:04,High,False,Not Applicable,1.0
TRN-0001490,2026-10-13,Passenger,COR-03,SEC-06,Up,Increasing KM,2026-10-13 06:53,2026-10-13 07:46,High,False,Not Applicable,1.0
TRN-0001491,2026-10-13,Passenger,COR-03,SEC-05,Up,Increasing KM,2026-10-13 08:20,2026-10-13 08:54,High,False,Not Applicable,1.0
TRN-0001492,2026-10-13,Passenger,COR-03,SEC-06,Up,Increasing KM,2026-10-13 10:09,2026-10-13 10:36,High,False,Not Applicable,1.0
TRN-0001493,2026-10-13,Superfast,COR-03,SEC-06,Up,Increasing KM,2026-10-13 11:33,2026-10-13 12:30,Critical,False,Not Applicable,1.0
TRN-0001494,2026-10-13,Goods,COR-03,SEC-05,Up,Increasing KM,2026-10-13 13:05,2026-10-13 13:30,Medium,True,Forecasted,0.78
TRN-0001495,2026-10-13,Passenger,COR-03,SEC-06,Up,Increasing KM,2026-10-13 14:20,2026-10-13 14:49,High,False,Not Applicable,1.0
TRN-0001496,2026-10-13,Passenger,COR-03,SEC-06,Up,Increasing KM,2026-10-13 15:56,2026-10-13 16:37,High,False,Not Applicable,1.0
TRN-0001497,2026-10-13,Express,COR-03,SEC-05,Up,Increasing KM,2026-10-13 17:33,2026-10-13 18:31,High,False,Not Applicable,1.0
TRN-0001498,2026-10-13,MEMU,COR-03,SEC-06,Up,Increasing KM,2026-10-13 19:01,2026-10-13 19:30,Medium,False,Not Applicable,1.0
TRN-0001499,2026-10-13,Goods,COR-03,SEC-05,Up,Increasing KM,2026-10-13 20:35,2026-10-13 21:33,Medium,True,Forecasted,0.69
TRN-0001500,2026-10-13,Passenger,COR-03,SEC-06,Up,Increasing KM,2026-10-13 22:04,2026-10-13 22:43,High,False,Not Applicable,1.0
TRN-0001501,2026-10-13,Superfast,COR-03,SEC-05,Down,Decreasing KM,2026-10-13 05:32,2026-10-13 06:05,Critical,False,Not Applicable,1.0
TRN-0001502,2026-10-13,Passenger,COR-03,SEC-06,Down,Decreasing KM,2026-10-13 07:10,2026-10-13 07:55,High,False,Not Applicable,1.0
TRN-0001503,2026-10-13,Express,COR-03,SEC-06,Down,Decreasing KM,2026-10-13 08:31,2026-10-13 09:22,High,False,Not Applicable,1.0
TRN-0001504,2026-10-13,Goods,COR-03,SEC-05,Down,Decreasing KM,2026-10-13 10:02,2026-10-13 10:44,Medium,True,Scheduled,0.93
TRN-0001505,2026-10-13,Express,COR-03,SEC-06,Down,Decreasing KM,2026-10-13 11:34,2026-10-13 12:27,High,False,Not Applicable,1.0
TRN-0001506,2026-10-13,Express,COR-03,SEC-06,Down,Decreasing KM,2026-10-13 12:57,2026-10-13 13:51,High,False,Not Applicable,1.0
TRN-0001507,2026-10-13,Passenger,COR-03,SEC-06,Down,Decreasing KM,2026-10-13 14:21,2026-10-13 15:16,High,False,Not Applicable,1.0
TRN-0001508,2026-10-13,Goods,COR-03,SEC-06,Down,Decreasing KM,2026-10-13 16:00,2026-10-13 16:33,Medium,True,Forecasted,0.88
TRN-0001509,2026-10-13,MEMU,COR-03,SEC-05,Down,Decreasing KM,2026-10-13 17:39,2026-10-13 18:22,Medium,False,Not Applicable,1.0
TRN-0001510,2026-10-13,MEMU,COR-03,SEC-06,Down,Decreasing KM,2026-10-13 18:55,2026-10-13 19:36,Medium,False,Not Applicable,1.0
TRN-0001511,2026-10-13,Passenger,COR-03,SEC-06,Down,Decreasing KM,2026-10-13 20:39,2026-10-13 21:04,High,False,Not Applicable,1.0
TRN-0001512,2026-10-13,MEMU,COR-03,SEC-05,Down,Decreasing KM,2026-10-13 22:09,2026-10-13 22:58,Medium,False,Not Applicable,1.0
TRN-0001513,2026-10-13,Passenger,COR-04,SEC-08,Up,Increasing KM,2026-10-13 05:27,2026-10-13 06:27,High,False,Not Applicable,1.0
TRN-0001514,2026-10-13,Superfast,COR-04,SEC-07,Up,Increasing KM,2026-10-13 07:07,2026-10-13 07:58,Critical,False,Not Applicable,1.0
TRN-0001515,2026-10-13,Express,COR-04,SEC-07,Up,Increasing KM,2026-10-13 08:20,2026-10-13 09:11,High,False,Not Applicable,1.0
TRN-0001516,2026-10-13,Express,COR-04,SEC-08,Up,Increasing KM,2026-10-13 09:55,2026-10-13 10:36,High,False,Not Applicable,1.0
TRN-0001517,2026-10-13,MEMU,COR-04,SEC-08,Up,Increasing KM,2026-10-13 11:19,2026-10-13 11:47,Medium,False,Not Applicable,1.0
TRN-0001518,2026-10-13,Express,COR-04,SEC-07,Up,Increasing KM,2026-10-13 12:55,2026-10-13 13:46,High,False,Not Applicable,1.0
TRN-0001519,2026-10-13,Passenger,COR-04,SEC-07,Up,Increasing KM,2026-10-13 14:41,2026-10-13 15:35,High,False,Not Applicable,1.0
TRN-0001520,2026-10-13,Superfast,COR-04,SEC-07,Up,Increasing KM,2026-10-13 16:00,2026-10-13 16:43,Critical,False,Not Applicable,1.0
TRN-0001521,2026-10-13,Goods,COR-04,SEC-08,Up,Increasing KM,2026-10-13 17:28,2026-10-13 17:56,Medium,True,Forecasted,0.89
TRN-0001522,2026-10-13,Goods,COR-04,SEC-07,Up,Increasing KM,2026-10-13 18:54,2026-10-13 19:44,Medium,True,Forecasted,0.74
TRN-0001523,2026-10-13,Express,COR-04,SEC-07,Up,Increasing KM,2026-10-13 20:24,2026-10-13 20:50,High,False,Not Applicable,1.0
TRN-0001524,2026-10-13,Superfast,COR-04,SEC-07,Up,Increasing KM,2026-10-13 22:04,2026-10-13 22:49,Critical,False,Not Applicable,1.0
TRN-0001525,2026-10-13,Express,COR-04,SEC-07,Down,Decreasing KM,2026-10-13 05:28,2026-10-13 05:55,High,False,Not Applicable,1.0
TRN-0001526,2026-10-13,Passenger,COR-04,SEC-07,Down,Decreasing KM,2026-10-13 07:09,2026-10-13 07:55,High,False,Not Applicable,1.0
TRN-0001527,2026-10-13,Goods,COR-04,SEC-08,Down,Decreasing KM,2026-10-13 08:26,2026-10-13 09:18,Medium,True,Forecasted,0.69
TRN-0001528,2026-10-13,MEMU,COR-04,SEC-08,Down,Decreasing KM,2026-10-13 09:54,2026-10-13 10:54,Medium,False,Not Applicable,1.0
TRN-0001529,2026-10-13,MEMU,COR-04,SEC-08,Down,Decreasing KM,2026-10-13 11:39,2026-10-13 12:04,Medium,False,Not Applicable,1.0
TRN-0001530,2026-10-13,Express,COR-04,SEC-08,Down,Decreasing KM,2026-10-13 13:06,2026-10-13 13:32,High,False,Not Applicable,1.0
TRN-0001531,2026-10-13,Passenger,COR-04,SEC-07,Down,Decreasing KM,2026-10-13 14:33,2026-10-13 15:30,High,False,Not Applicable,1.0
TRN-0001532,2026-10-13,Passenger,COR-04,SEC-07,Down,Decreasing KM,2026-10-13 16:11,2026-10-13 17:04,High,False,Not Applicable,1.0
TRN-0001533,2026-10-13,Passenger,COR-04,SEC-08,Down,Decreasing KM,2026-10-13 17:37,2026-10-13 18:11,High,False,Not Applicable,1.0
TRN-0001534,2026-10-13,Superfast,COR-04,SEC-07,Down,Decreasing KM,2026-10-13 19:09,2026-10-13 19:49,Critical,False,Not Applicable,1.0
TRN-0001535,2026-10-13,Superfast,COR-04,SEC-07,Down,Decreasing KM,2026-10-13 20:37,2026-10-13 21:19,Critical,False,Not Applicable,1.0
TRN-0001536,2026-10-13,Goods,COR-04,SEC-08,Down,Decreasing KM,2026-10-13 21:58,2026-10-13 22:31,Medium,True,Forecasted,0.9
TRN-0001537,2026-10-14,Passenger,COR-01,SEC-02,Up,Increasing KM,2026-10-14 05:20,2026-10-14 05:45,High,False,Not Applicable,1.0
TRN-0001538,2026-10-14,Passenger,COR-01,SEC-02,Up,Increasing KM,2026-10-14 06:59,2026-10-14 07:47,High,False,Not Applicable,1.0
TRN-0001539,2026-10-14,Goods,COR-01,SEC-02,Up,Increasing KM,2026-10-14 08:42,2026-10-14 09:23,Medium,True,Scheduled,0.74
TRN-0001540,2026-10-14,Passenger,COR-01,SEC-02,Up,Increasing KM,2026-10-14 10:09,2026-10-14 10:34,High,False,Not Applicable,1.0
TRN-0001541,2026-10-14,Express,COR-01,SEC-01,Up,Increasing KM,2026-10-14 11:37,2026-10-14 12:25,High,False,Not Applicable,1.0
TRN-0001542,2026-10-14,Passenger,COR-01,SEC-01,Up,Increasing KM,2026-10-14 13:06,2026-10-14 13:54,High,False,Not Applicable,1.0
TRN-0001543,2026-10-14,Passenger,COR-01,SEC-01,Up,Increasing KM,2026-10-14 14:18,2026-10-14 14:54,High,False,Not Applicable,1.0
TRN-0001544,2026-10-14,MEMU,COR-01,SEC-02,Up,Increasing KM,2026-10-14 16:12,2026-10-14 17:07,Medium,False,Not Applicable,1.0
TRN-0001545,2026-10-14,Passenger,COR-01,SEC-01,Up,Increasing KM,2026-10-14 17:36,2026-10-14 18:21,High,False,Not Applicable,1.0
TRN-0001546,2026-10-14,Goods,COR-01,SEC-01,Up,Increasing KM,2026-10-14 19:10,2026-10-14 19:40,Medium,True,Scheduled,0.65
TRN-0001547,2026-10-14,Passenger,COR-01,SEC-02,Up,Increasing KM,2026-10-14 20:40,2026-10-14 21:28,High,False,Not Applicable,1.0
TRN-0001548,2026-10-14,Goods,COR-01,SEC-02,Up,Increasing KM,2026-10-14 21:54,2026-10-14 22:34,Medium,True,Forecasted,0.77
TRN-0001549,2026-10-14,Goods,COR-01,SEC-02,Down,Decreasing KM,2026-10-14 05:23,2026-10-14 05:55,Medium,True,Scheduled,0.67
TRN-0001550,2026-10-14,MEMU,COR-01,SEC-02,Down,Decreasing KM,2026-10-14 07:02,2026-10-14 07:28,Medium,False,Not Applicable,1.0
TRN-0001551,2026-10-14,Express,COR-01,SEC-01,Down,Decreasing KM,2026-10-14 08:34,2026-10-14 09:23,High,False,Not Applicable,1.0
TRN-0001552,2026-10-14,Superfast,COR-01,SEC-02,Down,Decreasing KM,2026-10-14 10:10,2026-10-14 10:56,Critical,False,Not Applicable,1.0
TRN-0001553,2026-10-14,Goods,COR-01,SEC-02,Down,Decreasing KM,2026-10-14 11:19,2026-10-14 12:15,Medium,True,Forecasted,0.7
TRN-0001554,2026-10-14,Superfast,COR-01,SEC-01,Down,Decreasing KM,2026-10-14 12:56,2026-10-14 13:41,Critical,False,Not Applicable,1.0
TRN-0001555,2026-10-14,Superfast,COR-01,SEC-02,Down,Decreasing KM,2026-10-14 14:24,2026-10-14 15:17,Critical,False,Not Applicable,1.0
TRN-0001556,2026-10-14,Express,COR-01,SEC-01,Down,Decreasing KM,2026-10-14 16:02,2026-10-14 16:33,High,False,Not Applicable,1.0
TRN-0001557,2026-10-14,MEMU,COR-01,SEC-01,Down,Decreasing KM,2026-10-14 17:31,2026-10-14 18:03,Medium,False,Not Applicable,1.0
TRN-0001558,2026-10-14,Express,COR-01,SEC-02,Down,Decreasing KM,2026-10-14 19:09,2026-10-14 20:01,High,False,Not Applicable,1.0
TRN-0001559,2026-10-14,MEMU,COR-01,SEC-01,Down,Decreasing KM,2026-10-14 20:40,2026-10-14 21:12,Medium,False,Not Applicable,1.0
TRN-0001560,2026-10-14,Superfast,COR-01,SEC-01,Down,Decreasing KM,2026-10-14 22:07,2026-10-14 22:37,Critical,False,Not Applicable,1.0
TRN-0001561,2026-10-14,Passenger,COR-02,SEC-04,Up,Increasing KM,2026-10-14 05:18,2026-10-14 05:51,High,False,Not Applicable,1.0
TRN-0001562,2026-10-14,Express,COR-02,SEC-04,Up,Increasing KM,2026-10-14 06:59,2026-10-14 07:40,High,False,Not Applicable,1.0
TRN-0001563,2026-10-14,Goods,COR-02,SEC-04,Up,Increasing KM,2026-10-14 08:33,2026-10-14 09:10,Medium,True,Forecasted,0.76
TRN-0001564,2026-10-14,Express,COR-02,SEC-04,Up,Increasing KM,2026-10-14 10:06,2026-10-14 10:32,High,False,Not Applicable,1.0
TRN-0001565,2026-10-14,Passenger,COR-02,SEC-03,Up,Increasing KM,2026-10-14 11:40,2026-10-14 12:10,High,False,Not Applicable,1.0
TRN-0001566,2026-10-14,Goods,COR-02,SEC-03,Up,Increasing KM,2026-10-14 13:04,2026-10-14 14:04,Medium,True,Forecasted,0.66
TRN-0001567,2026-10-14,Express,COR-02,SEC-04,Up,Increasing KM,2026-10-14 14:36,2026-10-14 15:01,High,False,Not Applicable,1.0
TRN-0001568,2026-10-14,Passenger,COR-02,SEC-03,Up,Increasing KM,2026-10-14 15:53,2026-10-14 16:36,High,False,Not Applicable,1.0
TRN-0001569,2026-10-14,Passenger,COR-02,SEC-03,Up,Increasing KM,2026-10-14 17:26,2026-10-14 17:59,High,False,Not Applicable,1.0
TRN-0001570,2026-10-14,Express,COR-02,SEC-04,Up,Increasing KM,2026-10-14 18:55,2026-10-14 19:23,High,False,Not Applicable,1.0
TRN-0001571,2026-10-14,Express,COR-02,SEC-03,Up,Increasing KM,2026-10-14 20:19,2026-10-14 20:54,High,False,Not Applicable,1.0
TRN-0001572,2026-10-14,Express,COR-02,SEC-03,Up,Increasing KM,2026-10-14 22:12,2026-10-14 22:46,High,False,Not Applicable,1.0
TRN-0001573,2026-10-14,MEMU,COR-02,SEC-03,Down,Decreasing KM,2026-10-14 05:28,2026-10-14 06:27,Medium,False,Not Applicable,1.0
TRN-0001574,2026-10-14,Passenger,COR-02,SEC-03,Down,Decreasing KM,2026-10-14 07:12,2026-10-14 07:58,High,False,Not Applicable,1.0
TRN-0001575,2026-10-14,Goods,COR-02,SEC-03,Down,Decreasing KM,2026-10-14 08:25,2026-10-14 08:51,Medium,True,Forecasted,0.94
TRN-0001576,2026-10-14,Passenger,COR-02,SEC-04,Down,Decreasing KM,2026-10-14 10:05,2026-10-14 10:48,High,False,Not Applicable,1.0
TRN-0001577,2026-10-14,Superfast,COR-02,SEC-03,Down,Decreasing KM,2026-10-14 11:37,2026-10-14 12:08,Critical,False,Not Applicable,1.0
TRN-0001578,2026-10-14,Superfast,COR-02,SEC-04,Down,Decreasing KM,2026-10-14 12:49,2026-10-14 13:22,Critical,False,Not Applicable,1.0
TRN-0001579,2026-10-14,Goods,COR-02,SEC-03,Down,Decreasing KM,2026-10-14 14:30,2026-10-14 15:00,Medium,True,Forecasted,0.74
TRN-0001580,2026-10-14,Express,COR-02,SEC-04,Down,Decreasing KM,2026-10-14 15:59,2026-10-14 16:57,High,False,Not Applicable,1.0
TRN-0001581,2026-10-14,Passenger,COR-02,SEC-03,Down,Decreasing KM,2026-10-14 17:30,2026-10-14 17:57,High,False,Not Applicable,1.0
TRN-0001582,2026-10-14,MEMU,COR-02,SEC-03,Down,Decreasing KM,2026-10-14 18:52,2026-10-14 19:47,Medium,False,Not Applicable,1.0
TRN-0001583,2026-10-14,Passenger,COR-02,SEC-03,Down,Decreasing KM,2026-10-14 20:29,2026-10-14 21:28,High,False,Not Applicable,1.0
TRN-0001584,2026-10-14,Passenger,COR-02,SEC-03,Down,Decreasing KM,2026-10-14 21:51,2026-10-14 22:17,High,False,Not Applicable,1.0
TRN-0001585,2026-10-14,Express,COR-03,SEC-06,Up,Increasing KM,2026-10-14 05:19,2026-10-14 06:17,High,False,Not Applicable,1.0
TRN-0001586,2026-10-14,Goods,COR-03,SEC-06,Up,Increasing KM,2026-10-14 07:01,2026-10-14 07:28,Medium,True,Forecasted,0.78
TRN-0001587,2026-10-14,Passenger,COR-03,SEC-05,Up,Increasing KM,2026-10-14 08:19,2026-10-14 08:59,High,False,Not Applicable,1.0
TRN-0001588,2026-10-14,Passenger,COR-03,SEC-05,Up,Increasing KM,2026-10-14 10:06,2026-10-14 11:01,High,False,Not Applicable,1.0
TRN-0001589,2026-10-14,MEMU,COR-03,SEC-05,Up,Increasing KM,2026-10-14 11:41,2026-10-14 12:31,Medium,False,Not Applicable,1.0
TRN-0001590,2026-10-14,Superfast,COR-03,SEC-06,Up,Increasing KM,2026-10-14 12:54,2026-10-14 13:24,Critical,False,Not Applicable,1.0
TRN-0001591,2026-10-14,Passenger,COR-03,SEC-06,Up,Increasing KM,2026-10-14 14:25,2026-10-14 15:11,High,False,Not Applicable,1.0
TRN-0001592,2026-10-14,Goods,COR-03,SEC-05,Up,Increasing KM,2026-10-14 16:09,2026-10-14 17:05,Medium,True,Forecasted,0.8
TRN-0001593,2026-10-14,Superfast,COR-03,SEC-06,Up,Increasing KM,2026-10-14 17:26,2026-10-14 18:07,Critical,False,Not Applicable,1.0
TRN-0001594,2026-10-14,Passenger,COR-03,SEC-06,Up,Increasing KM,2026-10-14 18:54,2026-10-14 19:31,High,False,Not Applicable,1.0
TRN-0001595,2026-10-14,Express,COR-03,SEC-06,Up,Increasing KM,2026-10-14 20:20,2026-10-14 20:48,High,False,Not Applicable,1.0
TRN-0001596,2026-10-14,Passenger,COR-03,SEC-05,Up,Increasing KM,2026-10-14 22:08,2026-10-14 22:37,High,False,Not Applicable,1.0
TRN-0001597,2026-10-14,Passenger,COR-03,SEC-06,Down,Decreasing KM,2026-10-14 05:31,2026-10-14 06:23,High,False,Not Applicable,1.0
TRN-0001598,2026-10-14,Superfast,COR-03,SEC-05,Down,Decreasing KM,2026-10-14 07:11,2026-10-14 08:08,Critical,False,Not Applicable,1.0
TRN-0001599,2026-10-14,Passenger,COR-03,SEC-05,Down,Decreasing KM,2026-10-14 08:32,2026-10-14 09:07,High,False,Not Applicable,1.0
TRN-0001600,2026-10-14,Passenger,COR-03,SEC-06,Down,Decreasing KM,2026-10-14 09:58,2026-10-14 10:48,High,False,Not Applicable,1.0
TRN-0001601,2026-10-14,Passenger,COR-03,SEC-05,Down,Decreasing KM,2026-10-14 11:41,2026-10-14 12:07,High,False,Not Applicable,1.0
TRN-0001602,2026-10-14,Superfast,COR-03,SEC-06,Down,Decreasing KM,2026-10-14 13:05,2026-10-14 13:49,Critical,False,Not Applicable,1.0
TRN-0001603,2026-10-14,Express,COR-03,SEC-05,Down,Decreasing KM,2026-10-14 14:35,2026-10-14 15:32,High,False,Not Applicable,1.0
TRN-0001604,2026-10-14,Passenger,COR-03,SEC-06,Down,Decreasing KM,2026-10-14 16:02,2026-10-14 16:50,High,False,Not Applicable,1.0
TRN-0001605,2026-10-14,MEMU,COR-03,SEC-05,Down,Decreasing KM,2026-10-14 17:37,2026-10-14 18:11,Medium,False,Not Applicable,1.0
TRN-0001606,2026-10-14,Goods,COR-03,SEC-05,Down,Decreasing KM,2026-10-14 19:00,2026-10-14 19:46,Medium,True,Forecasted,0.86
TRN-0001607,2026-10-14,MEMU,COR-03,SEC-06,Down,Decreasing KM,2026-10-14 20:33,2026-10-14 21:05,Medium,False,Not Applicable,1.0
TRN-0001608,2026-10-14,MEMU,COR-03,SEC-05,Down,Decreasing KM,2026-10-14 22:03,2026-10-14 22:43,Medium,False,Not Applicable,1.0
TRN-0001609,2026-10-14,Goods,COR-04,SEC-08,Up,Increasing KM,2026-10-14 05:41,2026-10-14 06:14,Medium,True,Forecasted,0.73
TRN-0001610,2026-10-14,Express,COR-04,SEC-08,Up,Increasing KM,2026-10-14 07:06,2026-10-14 07:37,High,False,Not Applicable,1.0
TRN-0001611,2026-10-14,Goods,COR-04,SEC-08,Up,Increasing KM,2026-10-14 08:28,2026-10-14 09:13,Medium,True,Scheduled,0.94
TRN-0001612,2026-10-14,Goods,COR-04,SEC-07,Up,Increasing KM,2026-10-14 10:12,2026-10-14 10:37,Medium,True,Forecasted,0.73
TRN-0001613,2026-10-14,Passenger,COR-04,SEC-07,Up,Increasing KM,2026-10-14 11:18,2026-10-14 12:09,High,False,Not Applicable,1.0
TRN-0001614,2026-10-14,Passenger,COR-04,SEC-08,Up,Increasing KM,2026-10-14 13:11,2026-10-14 14:00,High,False,Not Applicable,1.0
TRN-0001615,2026-10-14,Express,COR-04,SEC-08,Up,Increasing KM,2026-10-14 14:26,2026-10-14 15:05,High,False,Not Applicable,1.0
TRN-0001616,2026-10-14,Superfast,COR-04,SEC-07,Up,Increasing KM,2026-10-14 16:08,2026-10-14 16:48,Critical,False,Not Applicable,1.0
TRN-0001617,2026-10-14,Superfast,COR-04,SEC-07,Up,Increasing KM,2026-10-14 17:41,2026-10-14 18:17,Critical,False,Not Applicable,1.0
TRN-0001618,2026-10-14,Superfast,COR-04,SEC-07,Up,Increasing KM,2026-10-14 19:03,2026-10-14 19:56,Critical,False,Not Applicable,1.0
TRN-0001619,2026-10-14,Express,COR-04,SEC-08,Up,Increasing KM,2026-10-14 20:33,2026-10-14 21:33,High,False,Not Applicable,1.0
TRN-0001620,2026-10-14,Express,COR-04,SEC-08,Up,Increasing KM,2026-10-14 22:06,2026-10-14 23:06,High,False,Not Applicable,1.0
TRN-0001621,2026-10-14,Passenger,COR-04,SEC-08,Down,Decreasing KM,2026-10-14 05:37,2026-10-14 06:32,High,False,Not Applicable,1.0
TRN-0001622,2026-10-14,MEMU,COR-04,SEC-08,Down,Decreasing KM,2026-10-14 06:56,2026-10-14 07:25,Medium,False,Not Applicable,1.0
TRN-0001623,2026-10-14,Express,COR-04,SEC-08,Down,Decreasing KM,2026-10-14 08:37,2026-10-14 09:37,High,False,Not Applicable,1.0
TRN-0001624,2026-10-14,Express,COR-04,SEC-07,Down,Decreasing KM,2026-10-14 09:54,2026-10-14 10:28,High,False,Not Applicable,1.0
TRN-0001625,2026-10-14,MEMU,COR-04,SEC-07,Down,Decreasing KM,2026-10-14 11:40,2026-10-14 12:18,Medium,False,Not Applicable,1.0
TRN-0001626,2026-10-14,Goods,COR-04,SEC-07,Down,Decreasing KM,2026-10-14 12:54,2026-10-14 13:24,Medium,True,Forecasted,0.68
TRN-0001627,2026-10-14,Passenger,COR-04,SEC-07,Down,Decreasing KM,2026-10-14 14:28,2026-10-14 15:14,High,False,Not Applicable,1.0
TRN-0001628,2026-10-14,Express,COR-04,SEC-07,Down,Decreasing KM,2026-10-14 15:50,2026-10-14 16:46,High,False,Not Applicable,1.0
TRN-0001629,2026-10-14,Goods,COR-04,SEC-07,Down,Decreasing KM,2026-10-14 17:20,2026-10-14 17:48,Medium,True,Forecasted,0.65
TRN-0001630,2026-10-14,Goods,COR-04,SEC-08,Down,Decreasing KM,2026-10-14 18:57,2026-10-14 19:29,Medium,True,Forecasted,0.73
TRN-0001631,2026-10-14,Express,COR-04,SEC-08,Down,Decreasing KM,2026-10-14 20:31,2026-10-14 21:11,High,False,Not Applicable,1.0
TRN-0001632,2026-10-14,Express,COR-04,SEC-07,Down,Decreasing KM,2026-10-14 21:48,2026-10-14 22:31,High,False,Not Applicable,1.0
TRN-0001633,2026-10-15,Passenger,COR-01,SEC-01,Up,Increasing KM,2026-10-15 05:22,2026-10-15 05:47,High,False,Not Applicable,1.0
TRN-0001634,2026-10-15,Goods,COR-01,SEC-02,Up,Increasing KM,2026-10-15 06:50,2026-10-15 07:24,Medium,True,Scheduled,0.74
TRN-0001635,2026-10-15,Goods,COR-01,SEC-02,Up,Increasing KM,2026-10-15 08:22,2026-10-15 08:55,Medium,True,Forecasted,0.65
TRN-0001636,2026-10-15,Express,COR-01,SEC-02,Up,Increasing KM,2026-10-15 10:12,2026-10-15 10:37,High,False,Not Applicable,1.0
TRN-0001637,2026-10-15,Goods,COR-01,SEC-01,Up,Increasing KM,2026-10-15 11:36,2026-10-15 12:08,Medium,True,Forecasted,0.84
TRN-0001638,2026-10-15,Goods,COR-01,SEC-02,Up,Increasing KM,2026-10-15 12:51,2026-10-15 13:48,Medium,True,Forecasted,0.88
TRN-0001639,2026-10-15,Express,COR-01,SEC-01,Up,Increasing KM,2026-10-15 14:25,2026-10-15 15:13,High,False,Not Applicable,1.0
TRN-0001640,2026-10-15,Goods,COR-01,SEC-01,Up,Increasing KM,2026-10-15 15:58,2026-10-15 16:47,Medium,True,Forecasted,0.94
TRN-0001641,2026-10-15,Express,COR-01,SEC-02,Up,Increasing KM,2026-10-15 17:22,2026-10-15 18:10,High,False,Not Applicable,1.0
TRN-0001642,2026-10-15,MEMU,COR-01,SEC-02,Up,Increasing KM,2026-10-15 19:09,2026-10-15 19:54,Medium,False,Not Applicable,1.0
TRN-0001643,2026-10-15,MEMU,COR-01,SEC-01,Up,Increasing KM,2026-10-15 20:41,2026-10-15 21:14,Medium,False,Not Applicable,1.0
TRN-0001644,2026-10-15,Superfast,COR-01,SEC-02,Up,Increasing KM,2026-10-15 21:54,2026-10-15 22:47,Critical,False,Not Applicable,1.0
TRN-0001645,2026-10-15,Passenger,COR-01,SEC-02,Down,Decreasing KM,2026-10-15 05:29,2026-10-15 06:19,High,False,Not Applicable,1.0
TRN-0001646,2026-10-15,MEMU,COR-01,SEC-02,Down,Decreasing KM,2026-10-15 06:54,2026-10-15 07:48,Medium,False,Not Applicable,1.0
TRN-0001647,2026-10-15,Express,COR-01,SEC-02,Down,Decreasing KM,2026-10-15 08:30,2026-10-15 09:16,High,False,Not Applicable,1.0
TRN-0001648,2026-10-15,MEMU,COR-01,SEC-01,Down,Decreasing KM,2026-10-15 09:51,2026-10-15 10:23,Medium,False,Not Applicable,1.0
TRN-0001649,2026-10-15,Goods,COR-01,SEC-02,Down,Decreasing KM,2026-10-15 11:41,2026-10-15 12:32,Medium,True,Forecasted,0.68
TRN-0001650,2026-10-15,Superfast,COR-01,SEC-02,Down,Decreasing KM,2026-10-15 13:05,2026-10-15 13:42,Critical,False,Not Applicable,1.0
TRN-0001651,2026-10-15,Superfast,COR-01,SEC-01,Down,Decreasing KM,2026-10-15 14:26,2026-10-15 14:51,Critical,False,Not Applicable,1.0
TRN-0001652,2026-10-15,Passenger,COR-01,SEC-02,Down,Decreasing KM,2026-10-15 16:07,2026-10-15 16:34,High,False,Not Applicable,1.0
TRN-0001653,2026-10-15,Goods,COR-01,SEC-02,Down,Decreasing KM,2026-10-15 17:19,2026-10-15 17:54,Medium,True,Scheduled,0.75
TRN-0001654,2026-10-15,Passenger,COR-01,SEC-01,Down,Decreasing KM,2026-10-15 18:57,2026-10-15 19:22,High,False,Not Applicable,1.0
TRN-0001655,2026-10-15,Passenger,COR-01,SEC-01,Down,Decreasing KM,2026-10-15 20:34,2026-10-15 21:25,High,False,Not Applicable,1.0
TRN-0001656,2026-10-15,Express,COR-01,SEC-02,Down,Decreasing KM,2026-10-15 21:48,2026-10-15 22:36,High,False,Not Applicable,1.0
TRN-0001657,2026-10-15,Superfast,COR-02,SEC-03,Up,Increasing KM,2026-10-15 05:32,2026-10-15 06:25,Critical,False,Not Applicable,1.0
TRN-0001658,2026-10-15,Superfast,COR-02,SEC-04,Up,Increasing KM,2026-10-15 07:12,2026-10-15 08:11,Critical,False,Not Applicable,1.0
TRN-0001659,2026-10-15,Passenger,COR-02,SEC-03,Up,Increasing KM,2026-10-15 08:33,2026-10-15 09:17,High,False,Not Applicable,1.0
TRN-0001660,2026-10-15,Goods,COR-02,SEC-04,Up,Increasing KM,2026-10-15 10:04,2026-10-15 10:57,Medium,True,Forecasted,0.76
TRN-0001661,2026-10-15,Goods,COR-02,SEC-04,Up,Increasing KM,2026-10-15 11:30,2026-10-15 12:20,Medium,True,Forecasted,0.93
TRN-0001662,2026-10-15,Goods,COR-02,SEC-04,Up,Increasing KM,2026-10-15 13:01,2026-10-15 13:57,Medium,True,Forecasted,0.89
TRN-0001663,2026-10-15,Express,COR-02,SEC-04,Up,Increasing KM,2026-10-15 14:25,2026-10-15 15:18,High,False,Not Applicable,1.0
TRN-0001664,2026-10-15,MEMU,COR-02,SEC-04,Up,Increasing KM,2026-10-15 16:01,2026-10-15 16:55,Medium,False,Not Applicable,1.0
TRN-0001665,2026-10-15,Express,COR-02,SEC-04,Up,Increasing KM,2026-10-15 17:40,2026-10-15 18:39,High,False,Not Applicable,1.0
TRN-0001666,2026-10-15,Passenger,COR-02,SEC-04,Up,Increasing KM,2026-10-15 18:57,2026-10-15 19:39,High,False,Not Applicable,1.0
TRN-0001667,2026-10-15,Passenger,COR-02,SEC-04,Up,Increasing KM,2026-10-15 20:21,2026-10-15 20:48,High,False,Not Applicable,1.0
TRN-0001668,2026-10-15,Goods,COR-02,SEC-03,Up,Increasing KM,2026-10-15 22:02,2026-10-15 22:33,Medium,True,Scheduled,0.77
TRN-0001669,2026-10-15,MEMU,COR-02,SEC-04,Down,Decreasing KM,2026-10-15 05:24,2026-10-15 06:24,Medium,False,Not Applicable,1.0
TRN-0001670,2026-10-15,Express,COR-02,SEC-04,Down,Decreasing KM,2026-10-15 06:56,2026-10-15 07:53,High,False,Not Applicable,1.0
TRN-0001671,2026-10-15,MEMU,COR-02,SEC-03,Down,Decreasing KM,2026-10-15 08:33,2026-10-15 09:21,Medium,False,Not Applicable,1.0
TRN-0001672,2026-10-15,Passenger,COR-02,SEC-04,Down,Decreasing KM,2026-10-15 10:00,2026-10-15 10:26,High,False,Not Applicable,1.0
TRN-0001673,2026-10-15,Goods,COR-02,SEC-04,Down,Decreasing KM,2026-10-15 11:30,2026-10-15 11:58,Medium,True,Forecasted,0.94
TRN-0001674,2026-10-15,Goods,COR-02,SEC-03,Down,Decreasing KM,2026-10-15 12:58,2026-10-15 13:39,Medium,True,Forecasted,0.92
TRN-0001675,2026-10-15,Goods,COR-02,SEC-03,Down,Decreasing KM,2026-10-15 14:34,2026-10-15 15:18,Medium,True,Forecasted,0.96
TRN-0001676,2026-10-15,Goods,COR-02,SEC-03,Down,Decreasing KM,2026-10-15 16:05,2026-10-15 16:38,Medium,True,Scheduled,0.83
TRN-0001677,2026-10-15,Passenger,COR-02,SEC-03,Down,Decreasing KM,2026-10-15 17:19,2026-10-15 18:00,High,False,Not Applicable,1.0
TRN-0001678,2026-10-15,Express,COR-02,SEC-03,Down,Decreasing KM,2026-10-15 18:51,2026-10-15 19:33,High,False,Not Applicable,1.0
TRN-0001679,2026-10-15,Passenger,COR-02,SEC-03,Down,Decreasing KM,2026-10-15 20:26,2026-10-15 21:12,High,False,Not Applicable,1.0
TRN-0001680,2026-10-15,Goods,COR-02,SEC-03,Down,Decreasing KM,2026-10-15 21:58,2026-10-15 22:39,Medium,True,Forecasted,0.94
TRN-0001681,2026-10-15,Express,COR-03,SEC-05,Up,Increasing KM,2026-10-15 05:40,2026-10-15 06:25,High,False,Not Applicable,1.0
TRN-0001682,2026-10-15,Passenger,COR-03,SEC-06,Up,Increasing KM,2026-10-15 07:08,2026-10-15 07:53,High,False,Not Applicable,1.0
TRN-0001683,2026-10-15,Passenger,COR-03,SEC-06,Up,Increasing KM,2026-10-15 08:27,2026-10-15 09:24,High,False,Not Applicable,1.0
TRN-0001684,2026-10-15,Superfast,COR-03,SEC-05,Up,Increasing KM,2026-10-15 09:59,2026-10-15 10:32,Critical,False,Not Applicable,1.0
TRN-0001685,2026-10-15,Express,COR-03,SEC-05,Up,Increasing KM,2026-10-15 11:18,2026-10-15 11:53,High,False,Not Applicable,1.0
TRN-0001686,2026-10-15,Passenger,COR-03,SEC-06,Up,Increasing KM,2026-10-15 12:54,2026-10-15 13:41,High,False,Not Applicable,1.0
TRN-0001687,2026-10-15,Goods,COR-03,SEC-05,Up,Increasing KM,2026-10-15 14:36,2026-10-15 15:18,Medium,True,Forecasted,0.8
TRN-0001688,2026-10-15,Passenger,COR-03,SEC-05,Up,Increasing KM,2026-10-15 15:56,2026-10-15 16:56,High,False,Not Applicable,1.0
TRN-0001689,2026-10-15,Passenger,COR-03,SEC-05,Up,Increasing KM,2026-10-15 17:30,2026-10-15 18:27,High,False,Not Applicable,1.0
TRN-0001690,2026-10-15,MEMU,COR-03,SEC-05,Up,Increasing KM,2026-10-15 18:51,2026-10-15 19:33,Medium,False,Not Applicable,1.0
TRN-0001691,2026-10-15,Passenger,COR-03,SEC-06,Up,Increasing KM,2026-10-15 20:30,2026-10-15 21:10,High,False,Not Applicable,1.0
TRN-0001692,2026-10-15,Superfast,COR-03,SEC-06,Up,Increasing KM,2026-10-15 22:06,2026-10-15 22:37,Critical,False,Not Applicable,1.0
TRN-0001693,2026-10-15,Passenger,COR-03,SEC-06,Down,Decreasing KM,2026-10-15 05:28,2026-10-15 05:55,High,False,Not Applicable,1.0
TRN-0001694,2026-10-15,Superfast,COR-03,SEC-05,Down,Decreasing KM,2026-10-15 07:01,2026-10-15 07:48,Critical,False,Not Applicable,1.0
TRN-0001695,2026-10-15,Passenger,COR-03,SEC-06,Down,Decreasing KM,2026-10-15 08:32,2026-10-15 08:58,High,False,Not Applicable,1.0
TRN-0001696,2026-10-15,Superfast,COR-03,SEC-05,Down,Decreasing KM,2026-10-15 10:03,2026-10-15 10:50,Critical,False,Not Applicable,1.0
TRN-0001697,2026-10-15,Passenger,COR-03,SEC-06,Down,Decreasing KM,2026-10-15 11:28,2026-10-15 12:06,High,False,Not Applicable,1.0
TRN-0001698,2026-10-15,MEMU,COR-03,SEC-05,Down,Decreasing KM,2026-10-15 12:51,2026-10-15 13:46,Medium,False,Not Applicable,1.0
TRN-0001699,2026-10-15,Passenger,COR-03,SEC-05,Down,Decreasing KM,2026-10-15 14:21,2026-10-15 15:08,High,False,Not Applicable,1.0
TRN-0001700,2026-10-15,Passenger,COR-03,SEC-06,Down,Decreasing KM,2026-10-15 15:51,2026-10-15 16:42,High,False,Not Applicable,1.0
TRN-0001701,2026-10-15,Passenger,COR-03,SEC-06,Down,Decreasing KM,2026-10-15 17:33,2026-10-15 18:12,High,False,Not Applicable,1.0
TRN-0001702,2026-10-15,Superfast,COR-03,SEC-06,Down,Decreasing KM,2026-10-15 19:09,2026-10-15 20:04,Critical,False,Not Applicable,1.0
TRN-0001703,2026-10-15,Express,COR-03,SEC-05,Down,Decreasing KM,2026-10-15 20:40,2026-10-15 21:23,High,False,Not Applicable,1.0
TRN-0001704,2026-10-15,Goods,COR-03,SEC-05,Down,Decreasing KM,2026-10-15 21:55,2026-10-15 22:42,Medium,True,Forecasted,0.78
TRN-0001705,2026-10-15,MEMU,COR-04,SEC-08,Up,Increasing KM,2026-10-15 05:18,2026-10-15 05:52,Medium,False,Not Applicable,1.0
TRN-0001706,2026-10-15,Superfast,COR-04,SEC-07,Up,Increasing KM,2026-10-15 06:57,2026-10-15 07:31,Critical,False,Not Applicable,1.0
TRN-0001707,2026-10-15,Goods,COR-04,SEC-08,Up,Increasing KM,2026-10-15 08:27,2026-10-15 08:57,Medium,True,Forecasted,0.92
TRN-0001708,2026-10-15,Passenger,COR-04,SEC-08,Up,Increasing KM,2026-10-15 09:58,2026-10-15 10:50,High,False,Not Applicable,1.0
TRN-0001709,2026-10-15,Goods,COR-04,SEC-08,Up,Increasing KM,2026-10-15 11:19,2026-10-15 12:03,Medium,True,Scheduled,0.91
TRN-0001710,2026-10-15,Express,COR-04,SEC-07,Up,Increasing KM,2026-10-15 12:51,2026-10-15 13:35,High,False,Not Applicable,1.0
TRN-0001711,2026-10-15,Passenger,COR-04,SEC-08,Up,Increasing KM,2026-10-15 14:26,2026-10-15 15:07,High,False,Not Applicable,1.0
TRN-0001712,2026-10-15,MEMU,COR-04,SEC-08,Up,Increasing KM,2026-10-15 15:58,2026-10-15 16:26,Medium,False,Not Applicable,1.0
TRN-0001713,2026-10-15,Passenger,COR-04,SEC-08,Up,Increasing KM,2026-10-15 17:18,2026-10-15 18:05,High,False,Not Applicable,1.0
TRN-0001714,2026-10-15,Goods,COR-04,SEC-08,Up,Increasing KM,2026-10-15 18:57,2026-10-15 19:57,Medium,True,Forecasted,0.85
TRN-0001715,2026-10-15,Express,COR-04,SEC-07,Up,Increasing KM,2026-10-15 20:26,2026-10-15 20:58,High,False,Not Applicable,1.0
TRN-0001716,2026-10-15,Passenger,COR-04,SEC-07,Up,Increasing KM,2026-10-15 21:48,2026-10-15 22:41,High,False,Not Applicable,1.0
TRN-0001717,2026-10-15,Express,COR-04,SEC-08,Down,Decreasing KM,2026-10-15 05:27,2026-10-15 06:04,High,False,Not Applicable,1.0
TRN-0001718,2026-10-15,Goods,COR-04,SEC-08,Down,Decreasing KM,2026-10-15 06:56,2026-10-15 07:24,Medium,True,Forecasted,0.82
TRN-0001719,2026-10-15,Goods,COR-04,SEC-07,Down,Decreasing KM,2026-10-15 08:25,2026-10-15 09:17,Medium,True,Forecasted,0.66
TRN-0001720,2026-10-15,Express,COR-04,SEC-08,Down,Decreasing KM,2026-10-15 10:02,2026-10-15 10:43,High,False,Not Applicable,1.0
TRN-0001721,2026-10-15,Goods,COR-04,SEC-07,Down,Decreasing KM,2026-10-15 11:21,2026-10-15 12:01,Medium,True,Forecasted,0.95
TRN-0001722,2026-10-15,Express,COR-04,SEC-07,Down,Decreasing KM,2026-10-15 12:57,2026-10-15 13:31,High,False,Not Applicable,1.0
TRN-0001723,2026-10-15,Goods,COR-04,SEC-08,Down,Decreasing KM,2026-10-15 14:25,2026-10-15 15:07,Medium,True,Forecasted,0.91
TRN-0001724,2026-10-15,Express,COR-04,SEC-08,Down,Decreasing KM,2026-10-15 15:49,2026-10-15 16:29,High,False,Not Applicable,1.0
TRN-0001725,2026-10-15,Passenger,COR-04,SEC-07,Down,Decreasing KM,2026-10-15 17:37,2026-10-15 18:12,High,False,Not Applicable,1.0
TRN-0001726,2026-10-15,Superfast,COR-04,SEC-08,Down,Decreasing KM,2026-10-15 18:48,2026-10-15 19:44,Critical,False,Not Applicable,1.0
TRN-0001727,2026-10-15,Express,COR-04,SEC-08,Down,Decreasing KM,2026-10-15 20:41,2026-10-15 21:16,High,False,Not Applicable,1.0
TRN-0001728,2026-10-15,Passenger,COR-04,SEC-08,Down,Decreasing KM,2026-10-15 21:50,2026-10-15 22:29,High,False,Not Applicable,1.0
TRN-0001729,2026-10-16,Goods,COR-01,SEC-02,Up,Increasing KM,2026-10-16 05:40,2026-10-16 06:34,Medium,True,Scheduled,0.81
TRN-0001730,2026-10-16,Superfast,COR-01,SEC-02,Up,Increasing KM,2026-10-16 06:54,2026-10-16 07:42,Critical,False,Not Applicable,1.0
TRN-0001731,2026-10-16,Superfast,COR-01,SEC-01,Up,Increasing KM,2026-10-16 08:42,2026-10-16 09:24,Critical,False,Not Applicable,1.0
TRN-0001732,2026-10-16,Passenger,COR-01,SEC-01,Up,Increasing KM,2026-10-16 09:49,2026-10-16 10:43,High,False,Not Applicable,1.0
TRN-0001733,2026-10-16,Goods,COR-01,SEC-02,Up,Increasing KM,2026-10-16 11:24,2026-10-16 11:58,Medium,True,Forecasted,0.84
TRN-0001734,2026-10-16,Passenger,COR-01,SEC-02,Up,Increasing KM,2026-10-16 13:02,2026-10-16 13:41,High,False,Not Applicable,1.0
TRN-0001735,2026-10-16,Express,COR-01,SEC-01,Up,Increasing KM,2026-10-16 14:32,2026-10-16 15:29,High,False,Not Applicable,1.0
TRN-0001736,2026-10-16,Goods,COR-01,SEC-01,Up,Increasing KM,2026-10-16 16:10,2026-10-16 16:51,Medium,True,Scheduled,0.82
TRN-0001737,2026-10-16,Express,COR-01,SEC-02,Up,Increasing KM,2026-10-16 17:41,2026-10-16 18:25,High,False,Not Applicable,1.0
TRN-0001738,2026-10-16,Passenger,COR-01,SEC-01,Up,Increasing KM,2026-10-16 19:04,2026-10-16 19:42,High,False,Not Applicable,1.0
TRN-0001739,2026-10-16,Goods,COR-01,SEC-02,Up,Increasing KM,2026-10-16 20:34,2026-10-16 21:28,Medium,True,Forecasted,0.77
TRN-0001740,2026-10-16,Express,COR-01,SEC-01,Up,Increasing KM,2026-10-16 21:55,2026-10-16 22:34,High,False,Not Applicable,1.0
TRN-0001741,2026-10-16,Passenger,COR-01,SEC-01,Down,Decreasing KM,2026-10-16 05:30,2026-10-16 05:58,High,False,Not Applicable,1.0
TRN-0001742,2026-10-16,MEMU,COR-01,SEC-01,Down,Decreasing KM,2026-10-16 07:06,2026-10-16 07:49,Medium,False,Not Applicable,1.0
TRN-0001743,2026-10-16,Goods,COR-01,SEC-01,Down,Decreasing KM,2026-10-16 08:24,2026-10-16 08:52,Medium,True,Forecasted,0.9
TRN-0001744,2026-10-16,Express,COR-01,SEC-02,Down,Decreasing KM,2026-10-16 09:57,2026-10-16 10:38,High,False,Not Applicable,1.0
TRN-0001745,2026-10-16,Express,COR-01,SEC-02,Down,Decreasing KM,2026-10-16 11:19,2026-10-16 11:52,High,False,Not Applicable,1.0
TRN-0001746,2026-10-16,Passenger,COR-01,SEC-02,Down,Decreasing KM,2026-10-16 12:57,2026-10-16 13:52,High,False,Not Applicable,1.0
TRN-0001747,2026-10-16,Passenger,COR-01,SEC-02,Down,Decreasing KM,2026-10-16 14:32,2026-10-16 15:09,High,False,Not Applicable,1.0
TRN-0001748,2026-10-16,MEMU,COR-01,SEC-02,Down,Decreasing KM,2026-10-16 16:03,2026-10-16 16:41,Medium,False,Not Applicable,1.0
TRN-0001749,2026-10-16,Goods,COR-01,SEC-02,Down,Decreasing KM,2026-10-16 17:25,2026-10-16 18:18,Medium,True,Forecasted,0.84
TRN-0001750,2026-10-16,MEMU,COR-01,SEC-01,Down,Decreasing KM,2026-10-16 18:49,2026-10-16 19:25,Medium,False,Not Applicable,1.0
TRN-0001751,2026-10-16,Superfast,COR-01,SEC-02,Down,Decreasing KM,2026-10-16 20:32,2026-10-16 21:02,Critical,False,Not Applicable,1.0
TRN-0001752,2026-10-16,Goods,COR-01,SEC-02,Down,Decreasing KM,2026-10-16 22:04,2026-10-16 22:51,Medium,True,Forecasted,0.9
TRN-0001753,2026-10-16,Passenger,COR-02,SEC-03,Up,Increasing KM,2026-10-16 05:42,2026-10-16 06:37,High,False,Not Applicable,1.0
TRN-0001754,2026-10-16,Passenger,COR-02,SEC-04,Up,Increasing KM,2026-10-16 06:52,2026-10-16 07:30,High,False,Not Applicable,1.0
TRN-0001755,2026-10-16,Passenger,COR-02,SEC-04,Up,Increasing KM,2026-10-16 08:20,2026-10-16 08:45,High,False,Not Applicable,1.0
TRN-0001756,2026-10-16,Goods,COR-02,SEC-03,Up,Increasing KM,2026-10-16 10:01,2026-10-16 10:57,Medium,True,Forecasted,0.82
TRN-0001757,2026-10-16,Express,COR-02,SEC-04,Up,Increasing KM,2026-10-16 11:41,2026-10-16 12:09,High,False,Not Applicable,1.0
TRN-0001758,2026-10-16,Superfast,COR-02,SEC-04,Up,Increasing KM,2026-10-16 12:51,2026-10-16 13:50,Critical,False,Not Applicable,1.0
TRN-0001759,2026-10-16,Express,COR-02,SEC-04,Up,Increasing KM,2026-10-16 14:30,2026-10-16 15:19,High,False,Not Applicable,1.0
TRN-0001760,2026-10-16,Superfast,COR-02,SEC-03,Up,Increasing KM,2026-10-16 15:58,2026-10-16 16:38,Critical,False,Not Applicable,1.0
TRN-0001761,2026-10-16,Express,COR-02,SEC-03,Up,Increasing KM,2026-10-16 17:25,2026-10-16 18:20,High,False,Not Applicable,1.0
TRN-0001762,2026-10-16,Superfast,COR-02,SEC-04,Up,Increasing KM,2026-10-16 19:04,2026-10-16 19:57,Critical,False,Not Applicable,1.0
TRN-0001763,2026-10-16,Goods,COR-02,SEC-03,Up,Increasing KM,2026-10-16 20:25,2026-10-16 21:17,Medium,True,Forecasted,0.76
TRN-0001764,2026-10-16,Passenger,COR-02,SEC-03,Up,Increasing KM,2026-10-16 22:00,2026-10-16 22:31,High,False,Not Applicable,1.0
TRN-0001765,2026-10-16,Passenger,COR-02,SEC-03,Down,Decreasing KM,2026-10-16 05:20,2026-10-16 05:45,High,False,Not Applicable,1.0
TRN-0001766,2026-10-16,Superfast,COR-02,SEC-03,Down,Decreasing KM,2026-10-16 06:50,2026-10-16 07:49,Critical,False,Not Applicable,1.0
TRN-0001767,2026-10-16,Goods,COR-02,SEC-04,Down,Decreasing KM,2026-10-16 08:36,2026-10-16 09:14,Medium,True,Scheduled,0.81
TRN-0001768,2026-10-16,Superfast,COR-02,SEC-03,Down,Decreasing KM,2026-10-16 10:00,2026-10-16 10:48,Critical,False,Not Applicable,1.0
TRN-0001769,2026-10-16,Passenger,COR-02,SEC-04,Down,Decreasing KM,2026-10-16 11:27,2026-10-16 12:08,High,False,Not Applicable,1.0
TRN-0001770,2026-10-16,Goods,COR-02,SEC-04,Down,Decreasing KM,2026-10-16 12:52,2026-10-16 13:18,Medium,True,Forecasted,0.83
TRN-0001771,2026-10-16,Superfast,COR-02,SEC-04,Down,Decreasing KM,2026-10-16 14:37,2026-10-16 15:28,Critical,False,Not Applicable,1.0
TRN-0001772,2026-10-16,Express,COR-02,SEC-04,Down,Decreasing KM,2026-10-16 16:03,2026-10-16 16:28,High,False,Not Applicable,1.0
TRN-0001773,2026-10-16,Express,COR-02,SEC-03,Down,Decreasing KM,2026-10-16 17:32,2026-10-16 18:20,High,False,Not Applicable,1.0
TRN-0001774,2026-10-16,Passenger,COR-02,SEC-03,Down,Decreasing KM,2026-10-16 18:52,2026-10-16 19:48,High,False,Not Applicable,1.0
TRN-0001775,2026-10-16,Superfast,COR-02,SEC-03,Down,Decreasing KM,2026-10-16 20:21,2026-10-16 21:12,Critical,False,Not Applicable,1.0
TRN-0001776,2026-10-16,Goods,COR-02,SEC-04,Down,Decreasing KM,2026-10-16 21:51,2026-10-16 22:38,Medium,True,Forecasted,0.81
TRN-0001777,2026-10-16,Express,COR-03,SEC-06,Up,Increasing KM,2026-10-16 05:32,2026-10-16 06:05,High,False,Not Applicable,1.0
TRN-0001778,2026-10-16,Passenger,COR-03,SEC-05,Up,Increasing KM,2026-10-16 07:03,2026-10-16 07:50,High,False,Not Applicable,1.0
TRN-0001779,2026-10-16,Superfast,COR-03,SEC-06,Up,Increasing KM,2026-10-16 08:21,2026-10-16 08:58,Critical,False,Not Applicable,1.0
TRN-0001780,2026-10-16,Passenger,COR-03,SEC-06,Up,Increasing KM,2026-10-16 09:54,2026-10-16 10:54,High,False,Not Applicable,1.0
TRN-0001781,2026-10-16,MEMU,COR-03,SEC-05,Up,Increasing KM,2026-10-16 11:37,2026-10-16 12:34,Medium,False,Not Applicable,1.0
TRN-0001782,2026-10-16,Passenger,COR-03,SEC-06,Up,Increasing KM,2026-10-16 13:12,2026-10-16 14:09,High,False,Not Applicable,1.0
TRN-0001783,2026-10-16,Express,COR-03,SEC-05,Up,Increasing KM,2026-10-16 14:24,2026-10-16 15:15,High,False,Not Applicable,1.0
TRN-0001784,2026-10-16,Superfast,COR-03,SEC-05,Up,Increasing KM,2026-10-16 15:58,2026-10-16 16:48,Critical,False,Not Applicable,1.0
TRN-0001785,2026-10-16,Passenger,COR-03,SEC-05,Up,Increasing KM,2026-10-16 17:40,2026-10-16 18:23,High,False,Not Applicable,1.0
TRN-0001786,2026-10-16,Goods,COR-03,SEC-06,Up,Increasing KM,2026-10-16 18:52,2026-10-16 19:52,Medium,True,Forecasted,0.76
TRN-0001787,2026-10-16,Superfast,COR-03,SEC-06,Up,Increasing KM,2026-10-16 20:24,2026-10-16 20:58,Critical,False,Not Applicable,1.0
TRN-0001788,2026-10-16,Superfast,COR-03,SEC-05,Up,Increasing KM,2026-10-16 21:49,2026-10-16 22:35,Critical,False,Not Applicable,1.0
TRN-0001789,2026-10-16,Express,COR-03,SEC-06,Down,Decreasing KM,2026-10-16 05:37,2026-10-16 06:32,High,False,Not Applicable,1.0
TRN-0001790,2026-10-16,Superfast,COR-03,SEC-06,Down,Decreasing KM,2026-10-16 06:49,2026-10-16 07:27,Critical,False,Not Applicable,1.0
TRN-0001791,2026-10-16,Express,COR-03,SEC-06,Down,Decreasing KM,2026-10-16 08:33,2026-10-16 09:18,High,False,Not Applicable,1.0
TRN-0001792,2026-10-16,Passenger,COR-03,SEC-05,Down,Decreasing KM,2026-10-16 09:53,2026-10-16 10:43,High,False,Not Applicable,1.0
TRN-0001793,2026-10-16,Goods,COR-03,SEC-06,Down,Decreasing KM,2026-10-16 11:19,2026-10-16 12:00,Medium,True,Forecasted,0.76
TRN-0001794,2026-10-16,Goods,COR-03,SEC-06,Down,Decreasing KM,2026-10-16 12:58,2026-10-16 13:37,Medium,True,Forecasted,0.76
TRN-0001795,2026-10-16,Passenger,COR-03,SEC-06,Down,Decreasing KM,2026-10-16 14:32,2026-10-16 15:18,High,False,Not Applicable,1.0
TRN-0001796,2026-10-16,Superfast,COR-03,SEC-05,Down,Decreasing KM,2026-10-16 15:53,2026-10-16 16:25,Critical,False,Not Applicable,1.0
TRN-0001797,2026-10-16,Superfast,COR-03,SEC-06,Down,Decreasing KM,2026-10-16 17:27,2026-10-16 17:59,Critical,False,Not Applicable,1.0
TRN-0001798,2026-10-16,Goods,COR-03,SEC-05,Down,Decreasing KM,2026-10-16 19:11,2026-10-16 19:40,Medium,True,Forecasted,0.95
TRN-0001799,2026-10-16,Passenger,COR-03,SEC-05,Down,Decreasing KM,2026-10-16 20:26,2026-10-16 21:04,High,False,Not Applicable,1.0
TRN-0001800,2026-10-16,Passenger,COR-03,SEC-05,Down,Decreasing KM,2026-10-16 22:12,2026-10-16 22:40,High,False,Not Applicable,1.0
TRN-0001801,2026-10-16,Goods,COR-04,SEC-08,Up,Increasing KM,2026-10-16 05:20,2026-10-16 06:09,Medium,True,Forecasted,0.84
TRN-0001802,2026-10-16,Passenger,COR-04,SEC-08,Up,Increasing KM,2026-10-16 06:56,2026-10-16 07:41,High,False,Not Applicable,1.0
TRN-0001803,2026-10-16,Passenger,COR-04,SEC-08,Up,Increasing KM,2026-10-16 08:29,2026-10-16 09:05,High,False,Not Applicable,1.0
TRN-0001804,2026-10-16,Passenger,COR-04,SEC-07,Up,Increasing KM,2026-10-16 10:01,2026-10-16 10:41,High,False,Not Applicable,1.0
TRN-0001805,2026-10-16,Superfast,COR-04,SEC-07,Up,Increasing KM,2026-10-16 11:25,2026-10-16 11:54,Critical,False,Not Applicable,1.0
TRN-0001806,2026-10-16,Superfast,COR-04,SEC-08,Up,Increasing KM,2026-10-16 12:56,2026-10-16 13:33,Critical,False,Not Applicable,1.0
TRN-0001807,2026-10-16,Goods,COR-04,SEC-08,Up,Increasing KM,2026-10-16 14:25,2026-10-16 14:55,Medium,True,Forecasted,0.66
TRN-0001808,2026-10-16,Goods,COR-04,SEC-07,Up,Increasing KM,2026-10-16 16:00,2026-10-16 16:33,Medium,True,Forecasted,0.87
TRN-0001809,2026-10-16,Express,COR-04,SEC-07,Up,Increasing KM,2026-10-16 17:35,2026-10-16 18:34,High,False,Not Applicable,1.0
TRN-0001810,2026-10-16,Express,COR-04,SEC-07,Up,Increasing KM,2026-10-16 18:49,2026-10-16 19:17,High,False,Not Applicable,1.0
TRN-0001811,2026-10-16,MEMU,COR-04,SEC-07,Up,Increasing KM,2026-10-16 20:29,2026-10-16 21:28,Medium,False,Not Applicable,1.0
TRN-0001812,2026-10-16,Goods,COR-04,SEC-08,Up,Increasing KM,2026-10-16 22:04,2026-10-16 22:31,Medium,True,Forecasted,0.78
TRN-0001813,2026-10-16,Goods,COR-04,SEC-07,Down,Decreasing KM,2026-10-16 05:20,2026-10-16 06:00,Medium,True,Forecasted,0.76
TRN-0001814,2026-10-16,Superfast,COR-04,SEC-07,Down,Decreasing KM,2026-10-16 07:08,2026-10-16 07:55,Critical,False,Not Applicable,1.0
TRN-0001815,2026-10-16,Passenger,COR-04,SEC-08,Down,Decreasing KM,2026-10-16 08:36,2026-10-16 09:36,High,False,Not Applicable,1.0
TRN-0001816,2026-10-16,Passenger,COR-04,SEC-08,Down,Decreasing KM,2026-10-16 10:11,2026-10-16 10:38,High,False,Not Applicable,1.0
TRN-0001817,2026-10-16,Goods,COR-04,SEC-07,Down,Decreasing KM,2026-10-16 11:36,2026-10-16 12:28,Medium,True,Forecasted,0.69
TRN-0001818,2026-10-16,Passenger,COR-04,SEC-08,Down,Decreasing KM,2026-10-16 13:11,2026-10-16 13:43,High,False,Not Applicable,1.0
TRN-0001819,2026-10-16,Express,COR-04,SEC-08,Down,Decreasing KM,2026-10-16 14:40,2026-10-16 15:34,High,False,Not Applicable,1.0
TRN-0001820,2026-10-16,Express,COR-04,SEC-07,Down,Decreasing KM,2026-10-16 15:58,2026-10-16 16:56,High,False,Not Applicable,1.0
TRN-0001821,2026-10-16,Express,COR-04,SEC-08,Down,Decreasing KM,2026-10-16 17:35,2026-10-16 18:21,High,False,Not Applicable,1.0
TRN-0001822,2026-10-16,Express,COR-04,SEC-07,Down,Decreasing KM,2026-10-16 18:54,2026-10-16 19:19,High,False,Not Applicable,1.0
TRN-0001823,2026-10-16,Superfast,COR-04,SEC-08,Down,Decreasing KM,2026-10-16 20:37,2026-10-16 21:33,Critical,False,Not Applicable,1.0
TRN-0001824,2026-10-16,Passenger,COR-04,SEC-08,Down,Decreasing KM,2026-10-16 22:03,2026-10-16 22:49,High,False,Not Applicable,1.0
TRN-0001825,2026-10-17,Express,COR-01,SEC-02,Up,Increasing KM,2026-10-17 05:31,2026-10-17 06:19,High,False,Not Applicable,1.0
TRN-0001826,2026-10-17,MEMU,COR-01,SEC-01,Up,Increasing KM,2026-10-17 07:11,2026-10-17 08:05,Medium,False,Not Applicable,1.0
TRN-0001827,2026-10-17,Passenger,COR-01,SEC-02,Up,Increasing KM,2026-10-17 08:28,2026-10-17 09:02,High,False,Not Applicable,1.0
TRN-0001828,2026-10-17,MEMU,COR-01,SEC-02,Up,Increasing KM,2026-10-17 09:57,2026-10-17 10:48,Medium,False,Not Applicable,1.0
TRN-0001829,2026-10-17,Superfast,COR-01,SEC-02,Up,Increasing KM,2026-10-17 11:37,2026-10-17 12:31,Critical,False,Not Applicable,1.0
TRN-0001830,2026-10-17,Express,COR-01,SEC-02,Up,Increasing KM,2026-10-17 13:01,2026-10-17 13:55,High,False,Not Applicable,1.0
TRN-0001831,2026-10-17,Goods,COR-01,SEC-02,Up,Increasing KM,2026-10-17 14:35,2026-10-17 15:29,Medium,True,Forecasted,0.9
TRN-0001832,2026-10-17,Superfast,COR-01,SEC-02,Up,Increasing KM,2026-10-17 16:05,2026-10-17 17:05,Critical,False,Not Applicable,1.0
TRN-0001833,2026-10-17,Express,COR-01,SEC-01,Up,Increasing KM,2026-10-17 17:38,2026-10-17 18:11,High,False,Not Applicable,1.0
TRN-0001834,2026-10-17,Goods,COR-01,SEC-01,Up,Increasing KM,2026-10-17 18:55,2026-10-17 19:41,Medium,True,Forecasted,0.89
TRN-0001835,2026-10-17,Express,COR-01,SEC-01,Up,Increasing KM,2026-10-17 20:19,2026-10-17 20:46,High,False,Not Applicable,1.0
TRN-0001836,2026-10-17,Express,COR-01,SEC-01,Up,Increasing KM,2026-10-17 21:59,2026-10-17 22:50,High,False,Not Applicable,1.0
TRN-0001837,2026-10-17,Goods,COR-01,SEC-01,Down,Decreasing KM,2026-10-17 05:38,2026-10-17 06:08,Medium,True,Forecasted,0.82
TRN-0001838,2026-10-17,Passenger,COR-01,SEC-01,Down,Decreasing KM,2026-10-17 07:10,2026-10-17 08:03,High,False,Not Applicable,1.0
TRN-0001839,2026-10-17,Superfast,COR-01,SEC-02,Down,Decreasing KM,2026-10-17 08:41,2026-10-17 09:25,Critical,False,Not Applicable,1.0
TRN-0001840,2026-10-17,Express,COR-01,SEC-02,Down,Decreasing KM,2026-10-17 09:56,2026-10-17 10:33,High,False,Not Applicable,1.0
TRN-0001841,2026-10-17,Passenger,COR-01,SEC-01,Down,Decreasing KM,2026-10-17 11:19,2026-10-17 11:52,High,False,Not Applicable,1.0
TRN-0001842,2026-10-17,Passenger,COR-01,SEC-01,Down,Decreasing KM,2026-10-17 13:04,2026-10-17 13:35,High,False,Not Applicable,1.0
TRN-0001843,2026-10-17,Passenger,COR-01,SEC-01,Down,Decreasing KM,2026-10-17 14:20,2026-10-17 14:57,High,False,Not Applicable,1.0
TRN-0001844,2026-10-17,MEMU,COR-01,SEC-01,Down,Decreasing KM,2026-10-17 15:55,2026-10-17 16:29,Medium,False,Not Applicable,1.0
TRN-0001845,2026-10-17,Goods,COR-01,SEC-01,Down,Decreasing KM,2026-10-17 17:35,2026-10-17 18:18,Medium,True,Forecasted,0.97
TRN-0001846,2026-10-17,Passenger,COR-01,SEC-01,Down,Decreasing KM,2026-10-17 19:02,2026-10-17 19:59,High,False,Not Applicable,1.0
TRN-0001847,2026-10-17,Express,COR-01,SEC-01,Down,Decreasing KM,2026-10-17 20:33,2026-10-17 21:23,High,False,Not Applicable,1.0
TRN-0001848,2026-10-17,MEMU,COR-01,SEC-01,Down,Decreasing KM,2026-10-17 22:06,2026-10-17 22:39,Medium,False,Not Applicable,1.0
TRN-0001849,2026-10-17,Passenger,COR-02,SEC-04,Up,Increasing KM,2026-10-17 05:28,2026-10-17 06:24,High,False,Not Applicable,1.0
TRN-0001850,2026-10-17,Superfast,COR-02,SEC-03,Up,Increasing KM,2026-10-17 07:06,2026-10-17 07:51,Critical,False,Not Applicable,1.0
TRN-0001851,2026-10-17,Superfast,COR-02,SEC-04,Up,Increasing KM,2026-10-17 08:41,2026-10-17 09:29,Critical,False,Not Applicable,1.0
TRN-0001852,2026-10-17,Goods,COR-02,SEC-04,Up,Increasing KM,2026-10-17 10:02,2026-10-17 10:29,Medium,True,Forecasted,0.88
TRN-0001853,2026-10-17,Passenger,COR-02,SEC-03,Up,Increasing KM,2026-10-17 11:24,2026-10-17 12:22,High,False,Not Applicable,1.0
TRN-0001854,2026-10-17,Passenger,COR-02,SEC-03,Up,Increasing KM,2026-10-17 13:05,2026-10-17 13:47,High,False,Not Applicable,1.0
TRN-0001855,2026-10-17,Express,COR-02,SEC-04,Up,Increasing KM,2026-10-17 14:35,2026-10-17 15:18,High,False,Not Applicable,1.0
TRN-0001856,2026-10-17,MEMU,COR-02,SEC-04,Up,Increasing KM,2026-10-17 16:04,2026-10-17 16:48,Medium,False,Not Applicable,1.0
TRN-0001857,2026-10-17,MEMU,COR-02,SEC-04,Up,Increasing KM,2026-10-17 17:19,2026-10-17 17:54,Medium,False,Not Applicable,1.0
TRN-0001858,2026-10-17,Passenger,COR-02,SEC-03,Up,Increasing KM,2026-10-17 19:05,2026-10-17 19:51,High,False,Not Applicable,1.0
TRN-0001859,2026-10-17,Express,COR-02,SEC-03,Up,Increasing KM,2026-10-17 20:18,2026-10-17 21:17,High,False,Not Applicable,1.0
TRN-0001860,2026-10-17,Superfast,COR-02,SEC-03,Up,Increasing KM,2026-10-17 22:10,2026-10-17 22:48,Critical,False,Not Applicable,1.0
TRN-0001861,2026-10-17,Superfast,COR-02,SEC-03,Down,Decreasing KM,2026-10-17 05:37,2026-10-17 06:27,Critical,False,Not Applicable,1.0
TRN-0001862,2026-10-17,Passenger,COR-02,SEC-04,Down,Decreasing KM,2026-10-17 07:07,2026-10-17 08:06,High,False,Not Applicable,1.0
TRN-0001863,2026-10-17,Passenger,COR-02,SEC-03,Down,Decreasing KM,2026-10-17 08:39,2026-10-17 09:17,High,False,Not Applicable,1.0
TRN-0001864,2026-10-17,MEMU,COR-02,SEC-04,Down,Decreasing KM,2026-10-17 10:06,2026-10-17 10:35,Medium,False,Not Applicable,1.0
TRN-0001865,2026-10-17,Passenger,COR-02,SEC-03,Down,Decreasing KM,2026-10-17 11:41,2026-10-17 12:37,High,False,Not Applicable,1.0
TRN-0001866,2026-10-17,Passenger,COR-02,SEC-04,Down,Decreasing KM,2026-10-17 13:05,2026-10-17 13:52,High,False,Not Applicable,1.0
TRN-0001867,2026-10-17,Goods,COR-02,SEC-03,Down,Decreasing KM,2026-10-17 14:42,2026-10-17 15:22,Medium,True,Forecasted,0.75
TRN-0001868,2026-10-17,MEMU,COR-02,SEC-03,Down,Decreasing KM,2026-10-17 16:05,2026-10-17 16:55,Medium,False,Not Applicable,1.0
TRN-0001869,2026-10-17,Superfast,COR-02,SEC-03,Down,Decreasing KM,2026-10-17 17:38,2026-10-17 18:37,Critical,False,Not Applicable,1.0
TRN-0001870,2026-10-17,MEMU,COR-02,SEC-04,Down,Decreasing KM,2026-10-17 19:10,2026-10-17 19:54,Medium,False,Not Applicable,1.0
TRN-0001871,2026-10-17,Passenger,COR-02,SEC-04,Down,Decreasing KM,2026-10-17 20:42,2026-10-17 21:12,High,False,Not Applicable,1.0
TRN-0001872,2026-10-17,MEMU,COR-02,SEC-03,Down,Decreasing KM,2026-10-17 22:02,2026-10-17 22:40,Medium,False,Not Applicable,1.0
TRN-0001873,2026-10-17,Express,COR-03,SEC-06,Up,Increasing KM,2026-10-17 05:24,2026-10-17 06:22,High,False,Not Applicable,1.0
TRN-0001874,2026-10-17,Express,COR-03,SEC-06,Up,Increasing KM,2026-10-17 07:10,2026-10-17 07:55,High,False,Not Applicable,1.0
TRN-0001875,2026-10-17,Goods,COR-03,SEC-05,Up,Increasing KM,2026-10-17 08:25,2026-10-17 08:58,Medium,True,Forecasted,0.85
TRN-0001876,2026-10-17,Superfast,COR-03,SEC-05,Up,Increasing KM,2026-10-17 09:56,2026-10-17 10:40,Critical,False,Not Applicable,1.0
TRN-0001877,2026-10-17,Express,COR-03,SEC-06,Up,Increasing KM,2026-10-17 11:26,2026-10-17 12:20,High,False,Not Applicable,1.0
TRN-0001878,2026-10-17,Passenger,COR-03,SEC-06,Up,Increasing KM,2026-10-17 12:52,2026-10-17 13:37,High,False,Not Applicable,1.0
TRN-0001879,2026-10-17,Express,COR-03,SEC-06,Up,Increasing KM,2026-10-17 14:37,2026-10-17 15:28,High,False,Not Applicable,1.0
TRN-0001880,2026-10-17,Express,COR-03,SEC-05,Up,Increasing KM,2026-10-17 16:02,2026-10-17 16:54,High,False,Not Applicable,1.0
TRN-0001881,2026-10-17,Express,COR-03,SEC-06,Up,Increasing KM,2026-10-17 17:28,2026-10-17 18:25,High,False,Not Applicable,1.0
TRN-0001882,2026-10-17,Passenger,COR-03,SEC-06,Up,Increasing KM,2026-10-17 18:57,2026-10-17 19:35,High,False,Not Applicable,1.0
TRN-0001883,2026-10-17,Goods,COR-03,SEC-06,Up,Increasing KM,2026-10-17 20:34,2026-10-17 21:24,Medium,True,Scheduled,0.84
TRN-0001884,2026-10-17,Superfast,COR-03,SEC-05,Up,Increasing KM,2026-10-17 21:50,2026-10-17 22:23,Critical,False,Not Applicable,1.0
TRN-0001885,2026-10-17,Superfast,COR-03,SEC-06,Down,Decreasing KM,2026-10-17 05:38,2026-10-17 06:04,Critical,False,Not Applicable,1.0
TRN-0001886,2026-10-17,Superfast,COR-03,SEC-06,Down,Decreasing KM,2026-10-17 06:48,2026-10-17 07:47,Critical,False,Not Applicable,1.0
TRN-0001887,2026-10-17,Goods,COR-03,SEC-05,Down,Decreasing KM,2026-10-17 08:35,2026-10-17 09:20,Medium,True,Forecasted,0.75
TRN-0001888,2026-10-17,Superfast,COR-03,SEC-06,Down,Decreasing KM,2026-10-17 10:08,2026-10-17 10:42,Critical,False,Not Applicable,1.0
TRN-0001889,2026-10-17,Express,COR-03,SEC-06,Down,Decreasing KM,2026-10-17 11:39,2026-10-17 12:39,High,False,Not Applicable,1.0
TRN-0001890,2026-10-17,Goods,COR-03,SEC-05,Down,Decreasing KM,2026-10-17 12:52,2026-10-17 13:39,Medium,True,Forecasted,0.67
TRN-0001891,2026-10-17,Passenger,COR-03,SEC-05,Down,Decreasing KM,2026-10-17 14:36,2026-10-17 15:03,High,False,Not Applicable,1.0
TRN-0001892,2026-10-17,Goods,COR-03,SEC-05,Down,Decreasing KM,2026-10-17 16:07,2026-10-17 16:32,Medium,True,Forecasted,0.69
TRN-0001893,2026-10-17,Express,COR-03,SEC-05,Down,Decreasing KM,2026-10-17 17:18,2026-10-17 17:45,High,False,Not Applicable,1.0
TRN-0001894,2026-10-17,Goods,COR-03,SEC-06,Down,Decreasing KM,2026-10-17 19:05,2026-10-17 19:39,Medium,True,Scheduled,0.82
TRN-0001895,2026-10-17,Express,COR-03,SEC-06,Down,Decreasing KM,2026-10-17 20:33,2026-10-17 21:25,High,False,Not Applicable,1.0
TRN-0001896,2026-10-17,MEMU,COR-03,SEC-05,Down,Decreasing KM,2026-10-17 22:12,2026-10-17 23:05,Medium,False,Not Applicable,1.0
TRN-0001897,2026-10-17,Passenger,COR-04,SEC-07,Up,Increasing KM,2026-10-17 05:21,2026-10-17 05:49,High,False,Not Applicable,1.0
TRN-0001898,2026-10-17,Express,COR-04,SEC-07,Up,Increasing KM,2026-10-17 07:08,2026-10-17 08:05,High,False,Not Applicable,1.0
TRN-0001899,2026-10-17,Express,COR-04,SEC-07,Up,Increasing KM,2026-10-17 08:39,2026-10-17 09:22,High,False,Not Applicable,1.0
TRN-0001900,2026-10-17,Goods,COR-04,SEC-08,Up,Increasing KM,2026-10-17 10:06,2026-10-17 10:52,Medium,True,Forecasted,0.94
TRN-0001901,2026-10-17,MEMU,COR-04,SEC-07,Up,Increasing KM,2026-10-17 11:31,2026-10-17 12:22,Medium,False,Not Applicable,1.0
TRN-0001902,2026-10-17,Goods,COR-04,SEC-07,Up,Increasing KM,2026-10-17 12:57,2026-10-17 13:38,Medium,True,Scheduled,0.67
TRN-0001903,2026-10-17,MEMU,COR-04,SEC-07,Up,Increasing KM,2026-10-17 14:40,2026-10-17 15:14,Medium,False,Not Applicable,1.0
TRN-0001904,2026-10-17,Goods,COR-04,SEC-08,Up,Increasing KM,2026-10-17 16:09,2026-10-17 16:34,Medium,True,Forecasted,0.67
TRN-0001905,2026-10-17,Superfast,COR-04,SEC-08,Up,Increasing KM,2026-10-17 17:30,2026-10-17 18:28,Critical,False,Not Applicable,1.0
TRN-0001906,2026-10-17,MEMU,COR-04,SEC-07,Up,Increasing KM,2026-10-17 19:06,2026-10-17 20:06,Medium,False,Not Applicable,1.0
TRN-0001907,2026-10-17,Passenger,COR-04,SEC-07,Up,Increasing KM,2026-10-17 20:27,2026-10-17 21:13,High,False,Not Applicable,1.0
TRN-0001908,2026-10-17,Passenger,COR-04,SEC-07,Up,Increasing KM,2026-10-17 22:06,2026-10-17 22:31,High,False,Not Applicable,1.0
TRN-0001909,2026-10-17,MEMU,COR-04,SEC-07,Down,Decreasing KM,2026-10-17 05:27,2026-10-17 05:53,Medium,False,Not Applicable,1.0
TRN-0001910,2026-10-17,Express,COR-04,SEC-07,Down,Decreasing KM,2026-10-17 07:05,2026-10-17 07:49,High,False,Not Applicable,1.0
TRN-0001911,2026-10-17,Goods,COR-04,SEC-07,Down,Decreasing KM,2026-10-17 08:36,2026-10-17 09:19,Medium,True,Scheduled,0.76
TRN-0001912,2026-10-17,Goods,COR-04,SEC-07,Down,Decreasing KM,2026-10-17 09:54,2026-10-17 10:54,Medium,True,Forecasted,0.68
TRN-0001913,2026-10-17,Passenger,COR-04,SEC-07,Down,Decreasing KM,2026-10-17 11:38,2026-10-17 12:10,High,False,Not Applicable,1.0
TRN-0001914,2026-10-17,Passenger,COR-04,SEC-07,Down,Decreasing KM,2026-10-17 13:12,2026-10-17 13:55,High,False,Not Applicable,1.0
TRN-0001915,2026-10-17,Express,COR-04,SEC-08,Down,Decreasing KM,2026-10-17 14:30,2026-10-17 15:04,High,False,Not Applicable,1.0
TRN-0001916,2026-10-17,Express,COR-04,SEC-07,Down,Decreasing KM,2026-10-17 15:57,2026-10-17 16:43,High,False,Not Applicable,1.0
TRN-0001917,2026-10-17,Express,COR-04,SEC-07,Down,Decreasing KM,2026-10-17 17:31,2026-10-17 17:58,High,False,Not Applicable,1.0
TRN-0001918,2026-10-17,Goods,COR-04,SEC-07,Down,Decreasing KM,2026-10-17 18:48,2026-10-17 19:22,Medium,True,Forecasted,0.95
TRN-0001919,2026-10-17,Express,COR-04,SEC-07,Down,Decreasing KM,2026-10-17 20:31,2026-10-17 21:25,High,False,Not Applicable,1.0
TRN-0001920,2026-10-17,Passenger,COR-04,SEC-08,Down,Decreasing KM,2026-10-17 21:48,2026-10-17 22:13,High,False,Not Applicable,1.0
TRN-0001921,2026-10-18,Passenger,COR-01,SEC-02,Up,Increasing KM,2026-10-18 05:33,2026-10-18 06:27,High,False,Not Applicable,1.0
TRN-0001922,2026-10-18,Superfast,COR-01,SEC-02,Up,Increasing KM,2026-10-18 06:53,2026-10-18 07:44,Critical,False,Not Applicable,1.0
TRN-0001923,2026-10-18,Passenger,COR-01,SEC-01,Up,Increasing KM,2026-10-18 08:24,2026-10-18 08:58,High,False,Not Applicable,1.0
TRN-0001924,2026-10-18,Passenger,COR-01,SEC-02,Up,Increasing KM,2026-10-18 09:53,2026-10-18 10:49,High,False,Not Applicable,1.0
TRN-0001925,2026-10-18,Goods,COR-01,SEC-01,Up,Increasing KM,2026-10-18 11:29,2026-10-18 12:01,Medium,True,Forecasted,0.72
TRN-0001926,2026-10-18,MEMU,COR-01,SEC-01,Up,Increasing KM,2026-10-18 12:51,2026-10-18 13:49,Medium,False,Not Applicable,1.0
TRN-0001927,2026-10-18,Passenger,COR-01,SEC-01,Up,Increasing KM,2026-10-18 14:31,2026-10-18 15:10,High,False,Not Applicable,1.0
TRN-0001928,2026-10-18,MEMU,COR-01,SEC-02,Up,Increasing KM,2026-10-18 15:52,2026-10-18 16:20,Medium,False,Not Applicable,1.0
TRN-0001929,2026-10-18,Express,COR-01,SEC-02,Up,Increasing KM,2026-10-18 17:30,2026-10-18 18:11,High,False,Not Applicable,1.0
TRN-0001930,2026-10-18,Goods,COR-01,SEC-01,Up,Increasing KM,2026-10-18 19:03,2026-10-18 19:36,Medium,True,Scheduled,0.97
TRN-0001931,2026-10-18,Passenger,COR-01,SEC-02,Up,Increasing KM,2026-10-18 20:22,2026-10-18 20:52,High,False,Not Applicable,1.0
TRN-0001932,2026-10-18,Superfast,COR-01,SEC-02,Up,Increasing KM,2026-10-18 21:50,2026-10-18 22:28,Critical,False,Not Applicable,1.0
TRN-0001933,2026-10-18,Passenger,COR-01,SEC-01,Down,Decreasing KM,2026-10-18 05:26,2026-10-18 06:26,High,False,Not Applicable,1.0
TRN-0001934,2026-10-18,Superfast,COR-01,SEC-01,Down,Decreasing KM,2026-10-18 06:56,2026-10-18 07:36,Critical,False,Not Applicable,1.0
TRN-0001935,2026-10-18,Superfast,COR-01,SEC-02,Down,Decreasing KM,2026-10-18 08:28,2026-10-18 08:54,Critical,False,Not Applicable,1.0
TRN-0001936,2026-10-18,Superfast,COR-01,SEC-01,Down,Decreasing KM,2026-10-18 10:00,2026-10-18 10:29,Critical,False,Not Applicable,1.0
TRN-0001937,2026-10-18,Superfast,COR-01,SEC-02,Down,Decreasing KM,2026-10-18 11:30,2026-10-18 11:57,Critical,False,Not Applicable,1.0
TRN-0001938,2026-10-18,Express,COR-01,SEC-01,Down,Decreasing KM,2026-10-18 12:55,2026-10-18 13:33,High,False,Not Applicable,1.0
TRN-0001939,2026-10-18,Superfast,COR-01,SEC-01,Down,Decreasing KM,2026-10-18 14:42,2026-10-18 15:18,Critical,False,Not Applicable,1.0
TRN-0001940,2026-10-18,Passenger,COR-01,SEC-01,Down,Decreasing KM,2026-10-18 16:12,2026-10-18 17:07,High,False,Not Applicable,1.0
TRN-0001941,2026-10-18,Superfast,COR-01,SEC-01,Down,Decreasing KM,2026-10-18 17:26,2026-10-18 18:23,Critical,False,Not Applicable,1.0
TRN-0001942,2026-10-18,Express,COR-01,SEC-01,Down,Decreasing KM,2026-10-18 18:53,2026-10-18 19:23,High,False,Not Applicable,1.0
TRN-0001943,2026-10-18,Passenger,COR-01,SEC-01,Down,Decreasing KM,2026-10-18 20:31,2026-10-18 21:30,High,False,Not Applicable,1.0
TRN-0001944,2026-10-18,Passenger,COR-01,SEC-01,Down,Decreasing KM,2026-10-18 21:57,2026-10-18 22:43,High,False,Not Applicable,1.0
TRN-0001945,2026-10-18,Goods,COR-02,SEC-04,Up,Increasing KM,2026-10-18 05:25,2026-10-18 05:54,Medium,True,Forecasted,0.96
TRN-0001946,2026-10-18,Express,COR-02,SEC-03,Up,Increasing KM,2026-10-18 06:58,2026-10-18 07:52,High,False,Not Applicable,1.0
TRN-0001947,2026-10-18,Goods,COR-02,SEC-03,Up,Increasing KM,2026-10-18 08:29,2026-10-18 09:06,Medium,True,Forecasted,0.87
TRN-0001948,2026-10-18,Passenger,COR-02,SEC-04,Up,Increasing KM,2026-10-18 09:52,2026-10-18 10:32,High,False,Not Applicable,1.0
TRN-0001949,2026-10-18,Passenger,COR-02,SEC-04,Up,Increasing KM,2026-10-18 11:39,2026-10-18 12:32,High,False,Not Applicable,1.0
TRN-0001950,2026-10-18,Passenger,COR-02,SEC-04,Up,Increasing KM,2026-10-18 12:48,2026-10-18 13:20,High,False,Not Applicable,1.0
TRN-0001951,2026-10-18,Passenger,COR-02,SEC-03,Up,Increasing KM,2026-10-18 14:19,2026-10-18 15:06,High,False,Not Applicable,1.0
TRN-0001952,2026-10-18,MEMU,COR-02,SEC-03,Up,Increasing KM,2026-10-18 15:54,2026-10-18 16:29,Medium,False,Not Applicable,1.0
TRN-0001953,2026-10-18,Passenger,COR-02,SEC-03,Up,Increasing KM,2026-10-18 17:21,2026-10-18 18:00,High,False,Not Applicable,1.0
TRN-0001954,2026-10-18,Express,COR-02,SEC-03,Up,Increasing KM,2026-10-18 18:49,2026-10-18 19:33,High,False,Not Applicable,1.0
TRN-0001955,2026-10-18,Passenger,COR-02,SEC-03,Up,Increasing KM,2026-10-18 20:27,2026-10-18 21:00,High,False,Not Applicable,1.0
TRN-0001956,2026-10-18,Goods,COR-02,SEC-04,Up,Increasing KM,2026-10-18 21:57,2026-10-18 22:50,Medium,True,Forecasted,0.73
TRN-0001957,2026-10-18,Express,COR-02,SEC-04,Down,Decreasing KM,2026-10-18 05:29,2026-10-18 06:25,High,False,Not Applicable,1.0
TRN-0001958,2026-10-18,Passenger,COR-02,SEC-03,Down,Decreasing KM,2026-10-18 07:12,2026-10-18 07:44,High,False,Not Applicable,1.0
TRN-0001959,2026-10-18,Express,COR-02,SEC-03,Down,Decreasing KM,2026-10-18 08:27,2026-10-18 09:25,High,False,Not Applicable,1.0
TRN-0001960,2026-10-18,Passenger,COR-02,SEC-04,Down,Decreasing KM,2026-10-18 09:50,2026-10-18 10:37,High,False,Not Applicable,1.0
TRN-0001961,2026-10-18,Goods,COR-02,SEC-04,Down,Decreasing KM,2026-10-18 11:25,2026-10-18 12:16,Medium,True,Forecasted,0.74
TRN-0001962,2026-10-18,MEMU,COR-02,SEC-03,Down,Decreasing KM,2026-10-18 13:11,2026-10-18 14:03,Medium,False,Not Applicable,1.0
TRN-0001963,2026-10-18,Express,COR-02,SEC-04,Down,Decreasing KM,2026-10-18 14:36,2026-10-18 15:05,High,False,Not Applicable,1.0
TRN-0001964,2026-10-18,Passenger,COR-02,SEC-04,Down,Decreasing KM,2026-10-18 16:08,2026-10-18 16:39,High,False,Not Applicable,1.0
TRN-0001965,2026-10-18,Passenger,COR-02,SEC-04,Down,Decreasing KM,2026-10-18 17:24,2026-10-18 18:24,High,False,Not Applicable,1.0
TRN-0001966,2026-10-18,Passenger,COR-02,SEC-04,Down,Decreasing KM,2026-10-18 19:08,2026-10-18 19:44,High,False,Not Applicable,1.0
TRN-0001967,2026-10-18,Passenger,COR-02,SEC-03,Down,Decreasing KM,2026-10-18 20:27,2026-10-18 21:05,High,False,Not Applicable,1.0
TRN-0001968,2026-10-18,Superfast,COR-02,SEC-04,Down,Decreasing KM,2026-10-18 22:07,2026-10-18 22:49,Critical,False,Not Applicable,1.0
TRN-0001969,2026-10-18,Passenger,COR-03,SEC-05,Up,Increasing KM,2026-10-18 05:35,2026-10-18 06:10,High,False,Not Applicable,1.0
TRN-0001970,2026-10-18,Passenger,COR-03,SEC-05,Up,Increasing KM,2026-10-18 07:02,2026-10-18 07:39,High,False,Not Applicable,1.0
TRN-0001971,2026-10-18,Passenger,COR-03,SEC-05,Up,Increasing KM,2026-10-18 08:31,2026-10-18 08:58,High,False,Not Applicable,1.0
TRN-0001972,2026-10-18,Goods,COR-03,SEC-06,Up,Increasing KM,2026-10-18 10:08,2026-10-18 10:41,Medium,True,Forecasted,0.76
TRN-0001973,2026-10-18,Express,COR-03,SEC-06,Up,Increasing KM,2026-10-18 11:30,2026-10-18 12:24,High,False,Not Applicable,1.0
TRN-0001974,2026-10-18,Passenger,COR-03,SEC-06,Up,Increasing KM,2026-10-18 13:07,2026-10-18 13:41,High,False,Not Applicable,1.0
TRN-0001975,2026-10-18,Superfast,COR-03,SEC-05,Up,Increasing KM,2026-10-18 14:40,2026-10-18 15:34,Critical,False,Not Applicable,1.0
TRN-0001976,2026-10-18,Superfast,COR-03,SEC-05,Up,Increasing KM,2026-10-18 16:04,2026-10-18 16:49,Critical,False,Not Applicable,1.0
TRN-0001977,2026-10-18,Passenger,COR-03,SEC-06,Up,Increasing KM,2026-10-18 17:18,2026-10-18 18:13,High,False,Not Applicable,1.0
TRN-0001978,2026-10-18,Goods,COR-03,SEC-05,Up,Increasing KM,2026-10-18 18:54,2026-10-18 19:21,Medium,True,Forecasted,0.66
TRN-0001979,2026-10-18,Superfast,COR-03,SEC-06,Up,Increasing KM,2026-10-18 20:33,2026-10-18 21:32,Critical,False,Not Applicable,1.0
TRN-0001980,2026-10-18,Passenger,COR-03,SEC-06,Up,Increasing KM,2026-10-18 21:59,2026-10-18 22:47,High,False,Not Applicable,1.0
TRN-0001981,2026-10-18,Goods,COR-03,SEC-05,Down,Decreasing KM,2026-10-18 05:42,2026-10-18 06:09,Medium,True,Scheduled,0.95
TRN-0001982,2026-10-18,Passenger,COR-03,SEC-06,Down,Decreasing KM,2026-10-18 07:02,2026-10-18 07:46,High,False,Not Applicable,1.0
TRN-0001983,2026-10-18,Superfast,COR-03,SEC-05,Down,Decreasing KM,2026-10-18 08:21,2026-10-18 09:07,Critical,False,Not Applicable,1.0
TRN-0001984,2026-10-18,MEMU,COR-03,SEC-05,Down,Decreasing KM,2026-10-18 09:56,2026-10-18 10:34,Medium,False,Not Applicable,1.0
TRN-0001985,2026-10-18,Express,COR-03,SEC-05,Down,Decreasing KM,2026-10-18 11:28,2026-10-18 12:08,High,False,Not Applicable,1.0
TRN-0001986,2026-10-18,Passenger,COR-03,SEC-06,Down,Decreasing KM,2026-10-18 12:51,2026-10-18 13:40,High,False,Not Applicable,1.0
TRN-0001987,2026-10-18,Goods,COR-03,SEC-05,Down,Decreasing KM,2026-10-18 14:41,2026-10-18 15:37,Medium,True,Forecasted,0.78
TRN-0001988,2026-10-18,Express,COR-03,SEC-06,Down,Decreasing KM,2026-10-18 16:11,2026-10-18 16:44,High,False,Not Applicable,1.0
TRN-0001989,2026-10-18,Express,COR-03,SEC-05,Down,Decreasing KM,2026-10-18 17:32,2026-10-18 18:20,High,False,Not Applicable,1.0
TRN-0001990,2026-10-18,Express,COR-03,SEC-05,Down,Decreasing KM,2026-10-18 19:02,2026-10-18 19:27,High,False,Not Applicable,1.0
TRN-0001991,2026-10-18,Passenger,COR-03,SEC-05,Down,Decreasing KM,2026-10-18 20:35,2026-10-18 21:10,High,False,Not Applicable,1.0
TRN-0001992,2026-10-18,Goods,COR-03,SEC-06,Down,Decreasing KM,2026-10-18 22:04,2026-10-18 23:03,Medium,True,Scheduled,0.75
TRN-0001993,2026-10-18,MEMU,COR-04,SEC-07,Up,Increasing KM,2026-10-18 05:42,2026-10-18 06:22,Medium,False,Not Applicable,1.0
TRN-0001994,2026-10-18,Express,COR-04,SEC-07,Up,Increasing KM,2026-10-18 07:12,2026-10-18 08:00,High,False,Not Applicable,1.0
TRN-0001995,2026-10-18,Superfast,COR-04,SEC-07,Up,Increasing KM,2026-10-18 08:39,2026-10-18 09:37,Critical,False,Not Applicable,1.0
TRN-0001996,2026-10-18,Passenger,COR-04,SEC-08,Up,Increasing KM,2026-10-18 09:55,2026-10-18 10:24,High,False,Not Applicable,1.0
TRN-0001997,2026-10-18,Passenger,COR-04,SEC-08,Up,Increasing KM,2026-10-18 11:38,2026-10-18 12:38,High,False,Not Applicable,1.0
TRN-0001998,2026-10-18,Goods,COR-04,SEC-07,Up,Increasing KM,2026-10-18 12:59,2026-10-18 13:39,Medium,True,Forecasted,0.87
TRN-0001999,2026-10-18,MEMU,COR-04,SEC-08,Up,Increasing KM,2026-10-18 14:39,2026-10-18 15:24,Medium,False,Not Applicable,1.0
TRN-0002000,2026-10-18,Goods,COR-04,SEC-08,Up,Increasing KM,2026-10-18 16:09,2026-10-18 16:38,Medium,True,Forecasted,0.88
TRN-0002001,2026-10-18,Passenger,COR-04,SEC-08,Up,Increasing KM,2026-10-18 17:28,2026-10-18 18:21,High,False,Not Applicable,1.0
TRN-0002002,2026-10-18,Superfast,COR-04,SEC-07,Up,Increasing KM,2026-10-18 18:55,2026-10-18 19:25,Critical,False,Not Applicable,1.0
TRN-0002003,2026-10-18,Goods,COR-04,SEC-07,Up,Increasing KM,2026-10-18 20:42,2026-10-18 21:28,Medium,True,Forecasted,0.9
TRN-0002004,2026-10-18,Express,COR-04,SEC-08,Up,Increasing KM,2026-10-18 21:59,2026-10-18 22:39,High,False,Not Applicable,1.0
TRN-0002005,2026-10-18,Superfast,COR-04,SEC-08,Down,Decreasing KM,2026-10-18 05:28,2026-10-18 06:04,Critical,False,Not Applicable,1.0
TRN-0002006,2026-10-18,Express,COR-04,SEC-08,Down,Decreasing KM,2026-10-18 06:50,2026-10-18 07:36,High,False,Not Applicable,1.0
TRN-0002007,2026-10-18,Goods,COR-04,SEC-07,Down,Decreasing KM,2026-10-18 08:37,2026-10-18 09:09,Medium,True,Forecasted,0.98
TRN-0002008,2026-10-18,Goods,COR-04,SEC-07,Down,Decreasing KM,2026-10-18 10:09,2026-10-18 10:54,Medium,True,Forecasted,0.92
TRN-0002009,2026-10-18,Superfast,COR-04,SEC-08,Down,Decreasing KM,2026-10-18 11:32,2026-10-18 12:02,Critical,False,Not Applicable,1.0
TRN-0002010,2026-10-18,Goods,COR-04,SEC-07,Down,Decreasing KM,2026-10-18 13:06,2026-10-18 13:57,Medium,True,Scheduled,0.96
TRN-0002011,2026-10-18,Express,COR-04,SEC-08,Down,Decreasing KM,2026-10-18 14:21,2026-10-18 15:02,High,False,Not Applicable,1.0
TRN-0002012,2026-10-18,MEMU,COR-04,SEC-07,Down,Decreasing KM,2026-10-18 15:56,2026-10-18 16:27,Medium,False,Not Applicable,1.0
TRN-0002013,2026-10-18,Express,COR-04,SEC-08,Down,Decreasing KM,2026-10-18 17:26,2026-10-18 17:55,High,False,Not Applicable,1.0
TRN-0002014,2026-10-18,Superfast,COR-04,SEC-08,Down,Decreasing KM,2026-10-18 19:07,2026-10-18 19:37,Critical,False,Not Applicable,1.0
TRN-0002015,2026-10-18,Express,COR-04,SEC-07,Down,Decreasing KM,2026-10-18 20:26,2026-10-18 21:26,High,False,Not Applicable,1.0
TRN-0002016,2026-10-18,Superfast,COR-04,SEC-07,Down,Decreasing KM,2026-10-18 22:06,2026-10-18 22:52,Critical,False,Not Applicable,1.0
TRN-0002017,2026-10-19,Passenger,COR-01,SEC-02,Up,Increasing KM,2026-10-19 05:26,2026-10-19 06:14,High,False,Not Applicable,1.0
TRN-0002018,2026-10-19,Passenger,COR-01,SEC-01,Up,Increasing KM,2026-10-19 06:59,2026-10-19 07:31,High,False,Not Applicable,1.0
TRN-0002019,2026-10-19,Superfast,COR-01,SEC-01,Up,Increasing KM,2026-10-19 08:22,2026-10-19 09:04,Critical,False,Not Applicable,1.0
TRN-0002020,2026-10-19,Goods,COR-01,SEC-01,Up,Increasing KM,2026-10-19 10:02,2026-10-19 10:46,Medium,True,Forecasted,0.82
TRN-0002021,2026-10-19,Express,COR-01,SEC-02,Up,Increasing KM,2026-10-19 11:28,2026-10-19 12:02,High,False,Not Applicable,1.0
TRN-0002022,2026-10-19,Express,COR-01,SEC-02,Up,Increasing KM,2026-10-19 13:07,2026-10-19 13:51,High,False,Not Applicable,1.0
TRN-0002023,2026-10-19,Passenger,COR-01,SEC-01,Up,Increasing KM,2026-10-19 14:18,2026-10-19 14:48,High,False,Not Applicable,1.0
TRN-0002024,2026-10-19,Express,COR-01,SEC-02,Up,Increasing KM,2026-10-19 16:11,2026-10-19 17:02,High,False,Not Applicable,1.0
TRN-0002025,2026-10-19,Express,COR-01,SEC-01,Up,Increasing KM,2026-10-19 17:19,2026-10-19 17:50,High,False,Not Applicable,1.0
TRN-0002026,2026-10-19,Express,COR-01,SEC-02,Up,Increasing KM,2026-10-19 18:58,2026-10-19 19:46,High,False,Not Applicable,1.0
TRN-0002027,2026-10-19,Express,COR-01,SEC-02,Up,Increasing KM,2026-10-19 20:26,2026-10-19 21:21,High,False,Not Applicable,1.0
TRN-0002028,2026-10-19,Goods,COR-01,SEC-01,Up,Increasing KM,2026-10-19 22:05,2026-10-19 22:42,Medium,True,Forecasted,0.69
TRN-0002029,2026-10-19,Passenger,COR-01,SEC-02,Down,Decreasing KM,2026-10-19 05:40,2026-10-19 06:18,High,False,Not Applicable,1.0
TRN-0002030,2026-10-19,Passenger,COR-01,SEC-02,Down,Decreasing KM,2026-10-19 07:12,2026-10-19 07:49,High,False,Not Applicable,1.0
TRN-0002031,2026-10-19,MEMU,COR-01,SEC-02,Down,Decreasing KM,2026-10-19 08:42,2026-10-19 09:15,Medium,False,Not Applicable,1.0
TRN-0002032,2026-10-19,MEMU,COR-01,SEC-01,Down,Decreasing KM,2026-10-19 10:11,2026-10-19 10:38,Medium,False,Not Applicable,1.0
TRN-0002033,2026-10-19,Passenger,COR-01,SEC-02,Down,Decreasing KM,2026-10-19 11:32,2026-10-19 11:58,High,False,Not Applicable,1.0
TRN-0002034,2026-10-19,Passenger,COR-01,SEC-01,Down,Decreasing KM,2026-10-19 12:56,2026-10-19 13:35,High,False,Not Applicable,1.0
TRN-0002035,2026-10-19,Express,COR-01,SEC-01,Down,Decreasing KM,2026-10-19 14:29,2026-10-19 15:29,High,False,Not Applicable,1.0
TRN-0002036,2026-10-19,Superfast,COR-01,SEC-01,Down,Decreasing KM,2026-10-19 15:54,2026-10-19 16:28,Critical,False,Not Applicable,1.0
TRN-0002037,2026-10-19,Passenger,COR-01,SEC-01,Down,Decreasing KM,2026-10-19 17:39,2026-10-19 18:27,High,False,Not Applicable,1.0
TRN-0002038,2026-10-19,Express,COR-01,SEC-02,Down,Decreasing KM,2026-10-19 18:58,2026-10-19 19:34,High,False,Not Applicable,1.0
TRN-0002039,2026-10-19,Express,COR-01,SEC-01,Down,Decreasing KM,2026-10-19 20:27,2026-10-19 21:02,High,False,Not Applicable,1.0
TRN-0002040,2026-10-19,Passenger,COR-01,SEC-01,Down,Decreasing KM,2026-10-19 22:05,2026-10-19 22:35,High,False,Not Applicable,1.0
TRN-0002041,2026-10-19,Passenger,COR-02,SEC-03,Up,Increasing KM,2026-10-19 05:32,2026-10-19 06:08,High,False,Not Applicable,1.0
TRN-0002042,2026-10-19,Goods,COR-02,SEC-04,Up,Increasing KM,2026-10-19 07:04,2026-10-19 08:03,Medium,True,Forecasted,0.94
TRN-0002043,2026-10-19,Express,COR-02,SEC-04,Up,Increasing KM,2026-10-19 08:26,2026-10-19 09:00,High,False,Not Applicable,1.0
TRN-0002044,2026-10-19,Superfast,COR-02,SEC-04,Up,Increasing KM,2026-10-19 10:01,2026-10-19 10:51,Critical,False,Not Applicable,1.0
TRN-0002045,2026-10-19,Express,COR-02,SEC-04,Up,Increasing KM,2026-10-19 11:29,2026-10-19 12:22,High,False,Not Applicable,1.0
TRN-0002046,2026-10-19,Express,COR-02,SEC-03,Up,Increasing KM,2026-10-19 12:54,2026-10-19 13:43,High,False,Not Applicable,1.0
TRN-0002047,2026-10-19,MEMU,COR-02,SEC-04,Up,Increasing KM,2026-10-19 14:35,2026-10-19 15:03,Medium,False,Not Applicable,1.0
TRN-0002048,2026-10-19,Passenger,COR-02,SEC-04,Up,Increasing KM,2026-10-19 16:01,2026-10-19 16:39,High,False,Not Applicable,1.0
TRN-0002049,2026-10-19,Passenger,COR-02,SEC-04,Up,Increasing KM,2026-10-19 17:19,2026-10-19 17:56,High,False,Not Applicable,1.0
TRN-0002050,2026-10-19,MEMU,COR-02,SEC-03,Up,Increasing KM,2026-10-19 19:00,2026-10-19 19:37,Medium,False,Not Applicable,1.0
TRN-0002051,2026-10-19,Passenger,COR-02,SEC-04,Up,Increasing KM,2026-10-19 20:27,2026-10-19 21:23,High,False,Not Applicable,1.0
TRN-0002052,2026-10-19,Express,COR-02,SEC-03,Up,Increasing KM,2026-10-19 22:07,2026-10-19 22:32,High,False,Not Applicable,1.0
TRN-0002053,2026-10-19,Superfast,COR-02,SEC-03,Down,Decreasing KM,2026-10-19 05:31,2026-10-19 06:08,Critical,False,Not Applicable,1.0
TRN-0002054,2026-10-19,Goods,COR-02,SEC-04,Down,Decreasing KM,2026-10-19 07:12,2026-10-19 07:59,Medium,True,Forecasted,0.91
TRN-0002055,2026-10-19,Passenger,COR-02,SEC-03,Down,Decreasing KM,2026-10-19 08:39,2026-10-19 09:37,High,False,Not Applicable,1.0
TRN-0002056,2026-10-19,Goods,COR-02,SEC-03,Down,Decreasing KM,2026-10-19 10:03,2026-10-19 10:51,Medium,True,Forecasted,0.92
TRN-0002057,2026-10-19,Passenger,COR-02,SEC-03,Down,Decreasing KM,2026-10-19 11:42,2026-10-19 12:38,High,False,Not Applicable,1.0
TRN-0002058,2026-10-19,Passenger,COR-02,SEC-04,Down,Decreasing KM,2026-10-19 12:58,2026-10-19 13:25,High,False,Not Applicable,1.0
TRN-0002059,2026-10-19,Superfast,COR-02,SEC-04,Down,Decreasing KM,2026-10-19 14:33,2026-10-19 15:30,Critical,False,Not Applicable,1.0
TRN-0002060,2026-10-19,Passenger,COR-02,SEC-03,Down,Decreasing KM,2026-10-19 16:01,2026-10-19 16:50,High,False,Not Applicable,1.0
TRN-0002061,2026-10-19,Passenger,COR-02,SEC-03,Down,Decreasing KM,2026-10-19 17:19,2026-10-19 18:16,High,False,Not Applicable,1.0
TRN-0002062,2026-10-19,Superfast,COR-02,SEC-04,Down,Decreasing KM,2026-10-19 18:49,2026-10-19 19:39,Critical,False,Not Applicable,1.0
TRN-0002063,2026-10-19,Passenger,COR-02,SEC-04,Down,Decreasing KM,2026-10-19 20:40,2026-10-19 21:38,High,False,Not Applicable,1.0
TRN-0002064,2026-10-19,Superfast,COR-02,SEC-03,Down,Decreasing KM,2026-10-19 21:52,2026-10-19 22:26,Critical,False,Not Applicable,1.0
TRN-0002065,2026-10-19,Superfast,COR-03,SEC-05,Up,Increasing KM,2026-10-19 05:22,2026-10-19 06:12,Critical,False,Not Applicable,1.0
TRN-0002066,2026-10-19,MEMU,COR-03,SEC-06,Up,Increasing KM,2026-10-19 06:52,2026-10-19 07:20,Medium,False,Not Applicable,1.0
TRN-0002067,2026-10-19,MEMU,COR-03,SEC-05,Up,Increasing KM,2026-10-19 08:24,2026-10-19 09:15,Medium,False,Not Applicable,1.0
TRN-0002068,2026-10-19,MEMU,COR-03,SEC-06,Up,Increasing KM,2026-10-19 09:53,2026-10-19 10:18,Medium,False,Not Applicable,1.0
TRN-0002069,2026-10-19,Passenger,COR-03,SEC-06,Up,Increasing KM,2026-10-19 11:29,2026-10-19 12:02,High,False,Not Applicable,1.0
TRN-0002070,2026-10-19,Superfast,COR-03,SEC-06,Up,Increasing KM,2026-10-19 12:52,2026-10-19 13:28,Critical,False,Not Applicable,1.0
TRN-0002071,2026-10-19,Express,COR-03,SEC-06,Up,Increasing KM,2026-10-19 14:21,2026-10-19 15:16,High,False,Not Applicable,1.0
TRN-0002072,2026-10-19,MEMU,COR-03,SEC-05,Up,Increasing KM,2026-10-19 16:01,2026-10-19 16:32,Medium,False,Not Applicable,1.0
TRN-0002073,2026-10-19,Goods,COR-03,SEC-06,Up,Increasing KM,2026-10-19 17:37,2026-10-19 18:30,Medium,True,Forecasted,0.72
TRN-0002074,2026-10-19,Express,COR-03,SEC-05,Up,Increasing KM,2026-10-19 18:51,2026-10-19 19:51,High,False,Not Applicable,1.0
TRN-0002075,2026-10-19,Goods,COR-03,SEC-05,Up,Increasing KM,2026-10-19 20:30,2026-10-19 21:22,Medium,True,Forecasted,0.85
TRN-0002076,2026-10-19,Passenger,COR-03,SEC-05,Up,Increasing KM,2026-10-19 22:04,2026-10-19 22:36,High,False,Not Applicable,1.0
TRN-0002077,2026-10-19,Express,COR-03,SEC-06,Down,Decreasing KM,2026-10-19 05:32,2026-10-19 06:00,High,False,Not Applicable,1.0
TRN-0002078,2026-10-19,Superfast,COR-03,SEC-05,Down,Decreasing KM,2026-10-19 07:07,2026-10-19 07:42,Critical,False,Not Applicable,1.0
TRN-0002079,2026-10-19,Express,COR-03,SEC-05,Down,Decreasing KM,2026-10-19 08:41,2026-10-19 09:22,High,False,Not Applicable,1.0
TRN-0002080,2026-10-19,Express,COR-03,SEC-05,Down,Decreasing KM,2026-10-19 09:57,2026-10-19 10:47,High,False,Not Applicable,1.0
TRN-0002081,2026-10-19,Superfast,COR-03,SEC-05,Down,Decreasing KM,2026-10-19 11:31,2026-10-19 12:20,Critical,False,Not Applicable,1.0
TRN-0002082,2026-10-19,Goods,COR-03,SEC-06,Down,Decreasing KM,2026-10-19 13:03,2026-10-19 13:57,Medium,True,Forecasted,0.98
TRN-0002083,2026-10-19,Passenger,COR-03,SEC-05,Down,Decreasing KM,2026-10-19 14:38,2026-10-19 15:08,High,False,Not Applicable,1.0
TRN-0002084,2026-10-19,Superfast,COR-03,SEC-06,Down,Decreasing KM,2026-10-19 16:00,2026-10-19 16:56,Critical,False,Not Applicable,1.0
TRN-0002085,2026-10-19,Goods,COR-03,SEC-05,Down,Decreasing KM,2026-10-19 17:27,2026-10-19 17:52,Medium,True,Forecasted,0.85
TRN-0002086,2026-10-19,MEMU,COR-03,SEC-06,Down,Decreasing KM,2026-10-19 19:09,2026-10-19 19:41,Medium,False,Not Applicable,1.0
TRN-0002087,2026-10-19,Passenger,COR-03,SEC-06,Down,Decreasing KM,2026-10-19 20:41,2026-10-19 21:28,High,False,Not Applicable,1.0
TRN-0002088,2026-10-19,Superfast,COR-03,SEC-05,Down,Decreasing KM,2026-10-19 22:02,2026-10-19 22:46,Critical,False,Not Applicable,1.0
TRN-0002089,2026-10-19,MEMU,COR-04,SEC-08,Up,Increasing KM,2026-10-19 05:30,2026-10-19 06:09,Medium,False,Not Applicable,1.0
TRN-0002090,2026-10-19,Express,COR-04,SEC-08,Up,Increasing KM,2026-10-19 07:00,2026-10-19 07:57,High,False,Not Applicable,1.0
TRN-0002091,2026-10-19,Express,COR-04,SEC-08,Up,Increasing KM,2026-10-19 08:25,2026-10-19 09:22,High,False,Not Applicable,1.0
TRN-0002092,2026-10-19,Passenger,COR-04,SEC-08,Up,Increasing KM,2026-10-19 10:09,2026-10-19 10:59,High,False,Not Applicable,1.0
TRN-0002093,2026-10-19,Express,COR-04,SEC-08,Up,Increasing KM,2026-10-19 11:26,2026-10-19 12:03,High,False,Not Applicable,1.0
TRN-0002094,2026-10-19,MEMU,COR-04,SEC-07,Up,Increasing KM,2026-10-19 13:03,2026-10-19 13:29,Medium,False,Not Applicable,1.0
TRN-0002095,2026-10-19,Passenger,COR-04,SEC-08,Up,Increasing KM,2026-10-19 14:34,2026-10-19 15:26,High,False,Not Applicable,1.0
TRN-0002096,2026-10-19,Goods,COR-04,SEC-08,Up,Increasing KM,2026-10-19 16:01,2026-10-19 16:57,Medium,True,Scheduled,0.83
TRN-0002097,2026-10-19,Goods,COR-04,SEC-08,Up,Increasing KM,2026-10-19 17:33,2026-10-19 18:05,Medium,True,Forecasted,0.67
TRN-0002098,2026-10-19,Passenger,COR-04,SEC-08,Up,Increasing KM,2026-10-19 18:49,2026-10-19 19:14,High,False,Not Applicable,1.0
TRN-0002099,2026-10-19,Goods,COR-04,SEC-08,Up,Increasing KM,2026-10-19 20:25,2026-10-19 21:24,Medium,True,Forecasted,0.95
TRN-0002100,2026-10-19,Passenger,COR-04,SEC-07,Up,Increasing KM,2026-10-19 21:59,2026-10-19 22:35,High,False,Not Applicable,1.0
TRN-0002101,2026-10-19,Passenger,COR-04,SEC-08,Down,Decreasing KM,2026-10-19 05:35,2026-10-19 06:08,High,False,Not Applicable,1.0
TRN-0002102,2026-10-19,Express,COR-04,SEC-08,Down,Decreasing KM,2026-10-19 06:56,2026-10-19 07:48,High,False,Not Applicable,1.0
TRN-0002103,2026-10-19,Passenger,COR-04,SEC-08,Down,Decreasing KM,2026-10-19 08:24,2026-10-19 08:51,High,False,Not Applicable,1.0
TRN-0002104,2026-10-19,Passenger,COR-04,SEC-08,Down,Decreasing KM,2026-10-19 10:09,2026-10-19 10:48,High,False,Not Applicable,1.0
TRN-0002105,2026-10-19,Superfast,COR-04,SEC-08,Down,Decreasing KM,2026-10-19 11:32,2026-10-19 12:09,Critical,False,Not Applicable,1.0
TRN-0002106,2026-10-19,Express,COR-04,SEC-08,Down,Decreasing KM,2026-10-19 13:10,2026-10-19 13:58,High,False,Not Applicable,1.0
TRN-0002107,2026-10-19,Goods,COR-04,SEC-07,Down,Decreasing KM,2026-10-19 14:26,2026-10-19 15:10,Medium,True,Forecasted,0.89
TRN-0002108,2026-10-19,Passenger,COR-04,SEC-08,Down,Decreasing KM,2026-10-19 15:48,2026-10-19 16:35,High,False,Not Applicable,1.0
TRN-0002109,2026-10-19,Passenger,COR-04,SEC-08,Down,Decreasing KM,2026-10-19 17:40,2026-10-19 18:06,High,False,Not Applicable,1.0
TRN-0002110,2026-10-19,Passenger,COR-04,SEC-08,Down,Decreasing KM,2026-10-19 18:53,2026-10-19 19:21,High,False,Not Applicable,1.0
TRN-0002111,2026-10-19,Goods,COR-04,SEC-08,Down,Decreasing KM,2026-10-19 20:39,2026-10-19 21:30,Medium,True,Forecasted,0.96
TRN-0002112,2026-10-19,Express,COR-04,SEC-08,Down,Decreasing KM,2026-10-19 22:05,2026-10-19 22:35,High,False,Not Applicable,1.0
TRN-0002113,2026-10-20,Passenger,COR-01,SEC-01,Up,Increasing KM,2026-10-20 05:22,2026-10-20 05:54,High,False,Not Applicable,1.0
TRN-0002114,2026-10-20,Passenger,COR-01,SEC-02,Up,Increasing KM,2026-10-20 07:10,2026-10-20 07:44,High,False,Not Applicable,1.0
TRN-0002115,2026-10-20,MEMU,COR-01,SEC-02,Up,Increasing KM,2026-10-20 08:26,2026-10-20 08:55,Medium,False,Not Applicable,1.0
TRN-0002116,2026-10-20,Passenger,COR-01,SEC-02,Up,Increasing KM,2026-10-20 10:07,2026-10-20 11:01,High,False,Not Applicable,1.0
TRN-0002117,2026-10-20,Express,COR-01,SEC-02,Up,Increasing KM,2026-10-20 11:41,2026-10-20 12:34,High,False,Not Applicable,1.0
TRN-0002118,2026-10-20,MEMU,COR-01,SEC-01,Up,Increasing KM,2026-10-20 12:50,2026-10-20 13:20,Medium,False,Not Applicable,1.0
TRN-0002119,2026-10-20,Passenger,COR-01,SEC-02,Up,Increasing KM,2026-10-20 14:26,2026-10-20 15:10,High,False,Not Applicable,1.0
TRN-0002120,2026-10-20,Express,COR-01,SEC-01,Up,Increasing KM,2026-10-20 16:02,2026-10-20 16:50,High,False,Not Applicable,1.0
TRN-0002121,2026-10-20,Superfast,COR-01,SEC-02,Up,Increasing KM,2026-10-20 17:39,2026-10-20 18:26,Critical,False,Not Applicable,1.0
TRN-0002122,2026-10-20,Superfast,COR-01,SEC-02,Up,Increasing KM,2026-10-20 18:52,2026-10-20 19:52,Critical,False,Not Applicable,1.0
TRN-0002123,2026-10-20,Goods,COR-01,SEC-02,Up,Increasing KM,2026-10-20 20:22,2026-10-20 21:10,Medium,True,Forecasted,0.95
TRN-0002124,2026-10-20,MEMU,COR-01,SEC-01,Up,Increasing KM,2026-10-20 21:57,2026-10-20 22:46,Medium,False,Not Applicable,1.0
TRN-0002125,2026-10-20,Express,COR-01,SEC-01,Down,Decreasing KM,2026-10-20 05:27,2026-10-20 06:20,High,False,Not Applicable,1.0
TRN-0002126,2026-10-20,Goods,COR-01,SEC-01,Down,Decreasing KM,2026-10-20 07:04,2026-10-20 07:45,Medium,True,Forecasted,0.91
TRN-0002127,2026-10-20,Superfast,COR-01,SEC-01,Down,Decreasing KM,2026-10-20 08:23,2026-10-20 09:15,Critical,False,Not Applicable,1.0
TRN-0002128,2026-10-20,Express,COR-01,SEC-01,Down,Decreasing KM,2026-10-20 09:59,2026-10-20 10:28,High,False,Not Applicable,1.0
TRN-0002129,2026-10-20,Express,COR-01,SEC-01,Down,Decreasing KM,2026-10-20 11:36,2026-10-20 12:07,High,False,Not Applicable,1.0
TRN-0002130,2026-10-20,Passenger,COR-01,SEC-02,Down,Decreasing KM,2026-10-20 13:04,2026-10-20 13:43,High,False,Not Applicable,1.0
TRN-0002131,2026-10-20,Superfast,COR-01,SEC-02,Down,Decreasing KM,2026-10-20 14:20,2026-10-20 14:53,Critical,False,Not Applicable,1.0
TRN-0002132,2026-10-20,Passenger,COR-01,SEC-02,Down,Decreasing KM,2026-10-20 16:09,2026-10-20 16:47,High,False,Not Applicable,1.0
TRN-0002133,2026-10-20,Superfast,COR-01,SEC-01,Down,Decreasing KM,2026-10-20 17:41,2026-10-20 18:26,Critical,False,Not Applicable,1.0
TRN-0002134,2026-10-20,Express,COR-01,SEC-01,Down,Decreasing KM,2026-10-20 18:59,2026-10-20 19:34,High,False,Not Applicable,1.0
TRN-0002135,2026-10-20,Goods,COR-01,SEC-01,Down,Decreasing KM,2026-10-20 20:26,2026-10-20 20:55,Medium,True,Forecasted,0.75
TRN-0002136,2026-10-20,Superfast,COR-01,SEC-02,Down,Decreasing KM,2026-10-20 22:01,2026-10-20 22:40,Critical,False,Not Applicable,1.0
TRN-0002137,2026-10-20,Goods,COR-02,SEC-04,Up,Increasing KM,2026-10-20 05:32,2026-10-20 06:23,Medium,True,Forecasted,0.96
TRN-0002138,2026-10-20,Passenger,COR-02,SEC-04,Up,Increasing KM,2026-10-20 06:52,2026-10-20 07:18,High,False,Not Applicable,1.0
TRN-0002139,2026-10-20,Passenger,COR-02,SEC-04,Up,Increasing KM,2026-10-20 08:38,2026-10-20 09:32,High,False,Not Applicable,1.0
TRN-0002140,2026-10-20,Goods,COR-02,SEC-03,Up,Increasing KM,2026-10-20 10:09,2026-10-20 11:00,Medium,True,Forecasted,0.97
TRN-0002141,2026-10-20,Passenger,COR-02,SEC-04,Up,Increasing KM,2026-10-20 11:18,2026-10-20 11:56,High,False,Not Applicable,1.0
TRN-0002142,2026-10-20,Express,COR-02,SEC-04,Up,Increasing KM,2026-10-20 13:12,2026-10-20 13:52,High,False,Not Applicable,1.0
TRN-0002143,2026-10-20,Express,COR-02,SEC-03,Up,Increasing KM,2026-10-20 14:18,2026-10-20 14:48,High,False,Not Applicable,1.0
TRN-0002144,2026-10-20,Passenger,COR-02,SEC-03,Up,Increasing KM,2026-10-20 15:59,2026-10-20 16:33,High,False,Not Applicable,1.0
TRN-0002145,2026-10-20,Express,COR-02,SEC-03,Up,Increasing KM,2026-10-20 17:34,2026-10-20 18:21,High,False,Not Applicable,1.0
TRN-0002146,2026-10-20,Goods,COR-02,SEC-03,Up,Increasing KM,2026-10-20 18:56,2026-10-20 19:36,Medium,True,Forecasted,0.94
TRN-0002147,2026-10-20,Express,COR-02,SEC-03,Up,Increasing KM,2026-10-20 20:23,2026-10-20 21:03,High,False,Not Applicable,1.0
TRN-0002148,2026-10-20,Passenger,COR-02,SEC-03,Up,Increasing KM,2026-10-20 21:49,2026-10-20 22:27,High,False,Not Applicable,1.0
TRN-0002149,2026-10-20,MEMU,COR-02,SEC-04,Down,Decreasing KM,2026-10-20 05:25,2026-10-20 06:14,Medium,False,Not Applicable,1.0
TRN-0002150,2026-10-20,Express,COR-02,SEC-04,Down,Decreasing KM,2026-10-20 07:04,2026-10-20 08:01,High,False,Not Applicable,1.0
TRN-0002151,2026-10-20,Passenger,COR-02,SEC-04,Down,Decreasing KM,2026-10-20 08:32,2026-10-20 09:01,High,False,Not Applicable,1.0
TRN-0002152,2026-10-20,MEMU,COR-02,SEC-04,Down,Decreasing KM,2026-10-20 09:57,2026-10-20 10:41,Medium,False,Not Applicable,1.0
TRN-0002153,2026-10-20,Passenger,COR-02,SEC-04,Down,Decreasing KM,2026-10-20 11:41,2026-10-20 12:23,High,False,Not Applicable,1.0
TRN-0002154,2026-10-20,Passenger,COR-02,SEC-03,Down,Decreasing KM,2026-10-20 13:10,2026-10-20 13:45,High,False,Not Applicable,1.0
TRN-0002155,2026-10-20,Passenger,COR-02,SEC-03,Down,Decreasing KM,2026-10-20 14:22,2026-10-20 15:09,High,False,Not Applicable,1.0
TRN-0002156,2026-10-20,Goods,COR-02,SEC-04,Down,Decreasing KM,2026-10-20 16:04,2026-10-20 17:00,Medium,True,Forecasted,0.75
TRN-0002157,2026-10-20,Passenger,COR-02,SEC-03,Down,Decreasing KM,2026-10-20 17:42,2026-10-20 18:33,High,False,Not Applicable,1.0
TRN-0002158,2026-10-20,MEMU,COR-02,SEC-04,Down,Decreasing KM,2026-10-20 19:00,2026-10-20 19:44,Medium,False,Not Applicable,1.0
TRN-0002159,2026-10-20,Goods,COR-02,SEC-03,Down,Decreasing KM,2026-10-20 20:18,2026-10-20 20:43,Medium,True,Forecasted,0.74
TRN-0002160,2026-10-20,Passenger,COR-02,SEC-04,Down,Decreasing KM,2026-10-20 21:51,2026-10-20 22:28,High,False,Not Applicable,1.0
TRN-0002161,2026-10-20,Goods,COR-03,SEC-05,Up,Increasing KM,2026-10-20 05:25,2026-10-20 06:22,Medium,True,Forecasted,0.7
TRN-0002162,2026-10-20,Passenger,COR-03,SEC-05,Up,Increasing KM,2026-10-20 06:51,2026-10-20 07:29,High,False,Not Applicable,1.0
TRN-0002163,2026-10-20,Goods,COR-03,SEC-05,Up,Increasing KM,2026-10-20 08:20,2026-10-20 08:45,Medium,True,Forecasted,0.81
TRN-0002164,2026-10-20,Express,COR-03,SEC-06,Up,Increasing KM,2026-10-20 09:48,2026-10-20 10:22,High,False,Not Applicable,1.0
TRN-0002165,2026-10-20,Passenger,COR-03,SEC-06,Up,Increasing KM,2026-10-20 11:33,2026-10-20 12:24,High,False,Not Applicable,1.0
TRN-0002166,2026-10-20,Superfast,COR-03,SEC-05,Up,Increasing KM,2026-10-20 12:51,2026-10-20 13:43,Critical,False,Not Applicable,1.0
TRN-0002167,2026-10-20,Goods,COR-03,SEC-05,Up,Increasing KM,2026-10-20 14:32,2026-10-20 15:22,Medium,True,Scheduled,0.71
TRN-0002168,2026-10-20,Superfast,COR-03,SEC-05,Up,Increasing KM,2026-10-20 16:11,2026-10-20 17:08,Critical,False,Not Applicable,1.0
TRN-0002169,2026-10-20,Passenger,COR-03,SEC-06,Up,Increasing KM,2026-10-20 17:35,2026-10-20 18:05,High,False,Not Applicable,1.0
TRN-0002170,2026-10-20,Passenger,COR-03,SEC-05,Up,Increasing KM,2026-10-20 19:02,2026-10-20 19:30,High,False,Not Applicable,1.0
TRN-0002171,2026-10-20,Goods,COR-03,SEC-06,Up,Increasing KM,2026-10-20 20:20,2026-10-20 21:19,Medium,True,Forecasted,0.95
TRN-0002172,2026-10-20,MEMU,COR-03,SEC-06,Up,Increasing KM,2026-10-20 22:00,2026-10-20 22:31,Medium,False,Not Applicable,1.0
TRN-0002173,2026-10-20,Express,COR-03,SEC-05,Down,Decreasing KM,2026-10-20 05:40,2026-10-20 06:28,High,False,Not Applicable,1.0
TRN-0002174,2026-10-20,Express,COR-03,SEC-05,Down,Decreasing KM,2026-10-20 07:11,2026-10-20 07:41,High,False,Not Applicable,1.0
TRN-0002175,2026-10-20,Passenger,COR-03,SEC-05,Down,Decreasing KM,2026-10-20 08:30,2026-10-20 08:57,High,False,Not Applicable,1.0
TRN-0002176,2026-10-20,Superfast,COR-03,SEC-05,Down,Decreasing KM,2026-10-20 09:55,2026-10-20 10:22,Critical,False,Not Applicable,1.0
TRN-0002177,2026-10-20,MEMU,COR-03,SEC-05,Down,Decreasing KM,2026-10-20 11:19,2026-10-20 12:18,Medium,False,Not Applicable,1.0
TRN-0002178,2026-10-20,MEMU,COR-03,SEC-05,Down,Decreasing KM,2026-10-20 13:09,2026-10-20 14:08,Medium,False,Not Applicable,1.0
TRN-0002179,2026-10-20,MEMU,COR-03,SEC-05,Down,Decreasing KM,2026-10-20 14:39,2026-10-20 15:19,Medium,False,Not Applicable,1.0
TRN-0002180,2026-10-20,MEMU,COR-03,SEC-06,Down,Decreasing KM,2026-10-20 16:01,2026-10-20 16:41,Medium,False,Not Applicable,1.0
TRN-0002181,2026-10-20,Express,COR-03,SEC-05,Down,Decreasing KM,2026-10-20 17:19,2026-10-20 17:58,High,False,Not Applicable,1.0
TRN-0002182,2026-10-20,Express,COR-03,SEC-05,Down,Decreasing KM,2026-10-20 19:08,2026-10-20 19:45,High,False,Not Applicable,1.0
TRN-0002183,2026-10-20,Passenger,COR-03,SEC-06,Down,Decreasing KM,2026-10-20 20:25,2026-10-20 21:09,High,False,Not Applicable,1.0
TRN-0002184,2026-10-20,MEMU,COR-03,SEC-06,Down,Decreasing KM,2026-10-20 22:01,2026-10-20 22:38,Medium,False,Not Applicable,1.0
TRN-0002185,2026-10-20,Passenger,COR-04,SEC-07,Up,Increasing KM,2026-10-20 05:33,2026-10-20 06:25,High,False,Not Applicable,1.0
TRN-0002186,2026-10-20,Express,COR-04,SEC-08,Up,Increasing KM,2026-10-20 06:57,2026-10-20 07:26,High,False,Not Applicable,1.0
TRN-0002187,2026-10-20,Passenger,COR-04,SEC-07,Up,Increasing KM,2026-10-20 08:33,2026-10-20 09:15,High,False,Not Applicable,1.0
TRN-0002188,2026-10-20,Express,COR-04,SEC-08,Up,Increasing KM,2026-10-20 10:11,2026-10-20 10:37,High,False,Not Applicable,1.0
TRN-0002189,2026-10-20,Goods,COR-04,SEC-08,Up,Increasing KM,2026-10-20 11:23,2026-10-20 12:05,Medium,True,Forecasted,0.65
TRN-0002190,2026-10-20,Superfast,COR-04,SEC-07,Up,Increasing KM,2026-10-20 12:49,2026-10-20 13:22,Critical,False,Not Applicable,1.0
TRN-0002191,2026-10-20,Passenger,COR-04,SEC-08,Up,Increasing KM,2026-10-20 14:31,2026-10-20 15:00,High,False,Not Applicable,1.0
TRN-0002192,2026-10-20,Passenger,COR-04,SEC-08,Up,Increasing KM,2026-10-20 15:50,2026-10-20 16:22,High,False,Not Applicable,1.0
TRN-0002193,2026-10-20,Express,COR-04,SEC-08,Up,Increasing KM,2026-10-20 17:23,2026-10-20 17:56,High,False,Not Applicable,1.0
TRN-0002194,2026-10-20,Goods,COR-04,SEC-08,Up,Increasing KM,2026-10-20 19:07,2026-10-20 19:58,Medium,True,Scheduled,0.95
TRN-0002195,2026-10-20,Passenger,COR-04,SEC-08,Up,Increasing KM,2026-10-20 20:28,2026-10-20 21:09,High,False,Not Applicable,1.0
TRN-0002196,2026-10-20,Passenger,COR-04,SEC-08,Up,Increasing KM,2026-10-20 22:01,2026-10-20 22:40,High,False,Not Applicable,1.0
TRN-0002197,2026-10-20,Passenger,COR-04,SEC-07,Down,Decreasing KM,2026-10-20 05:34,2026-10-20 06:25,High,False,Not Applicable,1.0
TRN-0002198,2026-10-20,MEMU,COR-04,SEC-08,Down,Decreasing KM,2026-10-20 06:55,2026-10-20 07:38,Medium,False,Not Applicable,1.0
TRN-0002199,2026-10-20,MEMU,COR-04,SEC-08,Down,Decreasing KM,2026-10-20 08:33,2026-10-20 09:05,Medium,False,Not Applicable,1.0
TRN-0002200,2026-10-20,Passenger,COR-04,SEC-08,Down,Decreasing KM,2026-10-20 10:12,2026-10-20 10:56,High,False,Not Applicable,1.0
TRN-0002201,2026-10-20,Goods,COR-04,SEC-08,Down,Decreasing KM,2026-10-20 11:22,2026-10-20 12:16,Medium,True,Scheduled,0.84
TRN-0002202,2026-10-20,Express,COR-04,SEC-07,Down,Decreasing KM,2026-10-20 13:07,2026-10-20 13:32,High,False,Not Applicable,1.0
TRN-0002203,2026-10-20,Passenger,COR-04,SEC-08,Down,Decreasing KM,2026-10-20 14:41,2026-10-20 15:38,High,False,Not Applicable,1.0
TRN-0002204,2026-10-20,Express,COR-04,SEC-07,Down,Decreasing KM,2026-10-20 16:01,2026-10-20 16:47,High,False,Not Applicable,1.0
TRN-0002205,2026-10-20,Goods,COR-04,SEC-07,Down,Decreasing KM,2026-10-20 17:26,2026-10-20 18:09,Medium,True,Forecasted,0.89
TRN-0002206,2026-10-20,Passenger,COR-04,SEC-07,Down,Decreasing KM,2026-10-20 18:54,2026-10-20 19:26,High,False,Not Applicable,1.0
TRN-0002207,2026-10-20,Express,COR-04,SEC-08,Down,Decreasing KM,2026-10-20 20:22,2026-10-20 21:13,High,False,Not Applicable,1.0
TRN-0002208,2026-10-20,Passenger,COR-04,SEC-08,Down,Decreasing KM,2026-10-20 21:56,2026-10-20 22:24,High,False,Not Applicable,1.0
TRN-0002209,2026-10-21,Goods,COR-01,SEC-02,Up,Increasing KM,2026-10-21 05:22,2026-10-21 05:54,Medium,True,Forecasted,0.72
TRN-0002210,2026-10-21,Goods,COR-01,SEC-02,Up,Increasing KM,2026-10-21 07:02,2026-10-21 07:30,Medium,True,Forecasted,0.81
TRN-0002211,2026-10-21,Goods,COR-01,SEC-02,Up,Increasing KM,2026-10-21 08:33,2026-10-21 09:03,Medium,True,Forecasted,0.98
TRN-0002212,2026-10-21,Express,COR-01,SEC-02,Up,Increasing KM,2026-10-21 10:04,2026-10-21 10:55,High,False,Not Applicable,1.0
TRN-0002213,2026-10-21,MEMU,COR-01,SEC-02,Up,Increasing KM,2026-10-21 11:27,2026-10-21 12:11,Medium,False,Not Applicable,1.0
TRN-0002214,2026-10-21,Passenger,COR-01,SEC-02,Up,Increasing KM,2026-10-21 13:08,2026-10-21 13:38,High,False,Not Applicable,1.0
TRN-0002215,2026-10-21,Passenger,COR-01,SEC-02,Up,Increasing KM,2026-10-21 14:29,2026-10-21 15:05,High,False,Not Applicable,1.0
TRN-0002216,2026-10-21,Express,COR-01,SEC-01,Up,Increasing KM,2026-10-21 15:53,2026-10-21 16:39,High,False,Not Applicable,1.0
TRN-0002217,2026-10-21,Superfast,COR-01,SEC-01,Up,Increasing KM,2026-10-21 17:20,2026-10-21 18:20,Critical,False,Not Applicable,1.0
TRN-0002218,2026-10-21,Passenger,COR-01,SEC-01,Up,Increasing KM,2026-10-21 19:09,2026-10-21 20:07,High,False,Not Applicable,1.0
TRN-0002219,2026-10-21,Goods,COR-01,SEC-02,Up,Increasing KM,2026-10-21 20:35,2026-10-21 21:33,Medium,True,Forecasted,0.89
TRN-0002220,2026-10-21,Goods,COR-01,SEC-01,Up,Increasing KM,2026-10-21 21:59,2026-10-21 22:53,Medium,True,Forecasted,0.65
TRN-0002221,2026-10-21,Express,COR-01,SEC-02,Down,Decreasing KM,2026-10-21 05:28,2026-10-21 06:19,High,False,Not Applicable,1.0
TRN-0002222,2026-10-21,Passenger,COR-01,SEC-01,Down,Decreasing KM,2026-10-21 06:58,2026-10-21 07:52,High,False,Not Applicable,1.0
TRN-0002223,2026-10-21,Goods,COR-01,SEC-02,Down,Decreasing KM,2026-10-21 08:42,2026-10-21 09:37,Medium,True,Forecasted,0.67
TRN-0002224,2026-10-21,Goods,COR-01,SEC-01,Down,Decreasing KM,2026-10-21 09:50,2026-10-21 10:40,Medium,True,Forecasted,0.86
TRN-0002225,2026-10-21,Passenger,COR-01,SEC-02,Down,Decreasing KM,2026-10-21 11:29,2026-10-21 12:07,High,False,Not Applicable,1.0
TRN-0002226,2026-10-21,Express,COR-01,SEC-02,Down,Decreasing KM,2026-10-21 12:56,2026-10-21 13:34,High,False,Not Applicable,1.0
TRN-0002227,2026-10-21,Superfast,COR-01,SEC-01,Down,Decreasing KM,2026-10-21 14:20,2026-10-21 15:06,Critical,False,Not Applicable,1.0
TRN-0002228,2026-10-21,MEMU,COR-01,SEC-01,Down,Decreasing KM,2026-10-21 15:53,2026-10-21 16:35,Medium,False,Not Applicable,1.0
TRN-0002229,2026-10-21,MEMU,COR-01,SEC-01,Down,Decreasing KM,2026-10-21 17:28,2026-10-21 18:05,Medium,False,Not Applicable,1.0
TRN-0002230,2026-10-21,Express,COR-01,SEC-02,Down,Decreasing KM,2026-10-21 19:10,2026-10-21 19:52,High,False,Not Applicable,1.0
TRN-0002231,2026-10-21,Goods,COR-01,SEC-02,Down,Decreasing KM,2026-10-21 20:27,2026-10-21 21:11,Medium,True,Forecasted,0.79
TRN-0002232,2026-10-21,Express,COR-01,SEC-01,Down,Decreasing KM,2026-10-21 22:10,2026-10-21 22:43,High,False,Not Applicable,1.0
TRN-0002233,2026-10-21,Passenger,COR-02,SEC-04,Up,Increasing KM,2026-10-21 05:20,2026-10-21 05:57,High,False,Not Applicable,1.0
TRN-0002234,2026-10-21,MEMU,COR-02,SEC-03,Up,Increasing KM,2026-10-21 07:03,2026-10-21 07:51,Medium,False,Not Applicable,1.0
TRN-0002235,2026-10-21,Express,COR-02,SEC-03,Up,Increasing KM,2026-10-21 08:36,2026-10-21 09:20,High,False,Not Applicable,1.0
TRN-0002236,2026-10-21,Express,COR-02,SEC-04,Up,Increasing KM,2026-10-21 10:11,2026-10-21 10:53,High,False,Not Applicable,1.0
TRN-0002237,2026-10-21,Express,COR-02,SEC-03,Up,Increasing KM,2026-10-21 11:25,2026-10-21 11:56,High,False,Not Applicable,1.0
TRN-0002238,2026-10-21,Superfast,COR-02,SEC-04,Up,Increasing KM,2026-10-21 13:01,2026-10-21 13:46,Critical,False,Not Applicable,1.0
TRN-0002239,2026-10-21,Superfast,COR-02,SEC-04,Up,Increasing KM,2026-10-21 14:30,2026-10-21 15:21,Critical,False,Not Applicable,1.0
TRN-0002240,2026-10-21,Express,COR-02,SEC-03,Up,Increasing KM,2026-10-21 16:06,2026-10-21 16:32,High,False,Not Applicable,1.0
TRN-0002241,2026-10-21,Express,COR-02,SEC-04,Up,Increasing KM,2026-10-21 17:33,2026-10-21 18:19,High,False,Not Applicable,1.0
TRN-0002242,2026-10-21,Passenger,COR-02,SEC-04,Up,Increasing KM,2026-10-21 19:08,2026-10-21 20:05,High,False,Not Applicable,1.0
TRN-0002243,2026-10-21,Superfast,COR-02,SEC-04,Up,Increasing KM,2026-10-21 20:39,2026-10-21 21:24,Critical,False,Not Applicable,1.0
TRN-0002244,2026-10-21,Goods,COR-02,SEC-04,Up,Increasing KM,2026-10-21 21:50,2026-10-21 22:49,Medium,True,Forecasted,0.72
TRN-0002245,2026-10-21,Express,COR-02,SEC-03,Down,Decreasing KM,2026-10-21 05:18,2026-10-21 06:12,High,False,Not Applicable,1.0
TRN-0002246,2026-10-21,Superfast,COR-02,SEC-03,Down,Decreasing KM,2026-10-21 06:52,2026-10-21 07:33,Critical,False,Not Applicable,1.0
TRN-0002247,2026-10-21,Goods,COR-02,SEC-04,Down,Decreasing KM,2026-10-21 08:41,2026-10-21 09:19,Medium,True,Forecasted,0.81
TRN-0002248,2026-10-21,Goods,COR-02,SEC-03,Down,Decreasing KM,2026-10-21 10:07,2026-10-21 10:45,Medium,True,Forecasted,0.79
TRN-0002249,2026-10-21,Goods,COR-02,SEC-04,Down,Decreasing KM,2026-10-21 11:24,2026-10-21 12:02,Medium,True,Forecasted,0.95
TRN-0002250,2026-10-21,Express,COR-02,SEC-04,Down,Decreasing KM,2026-10-21 13:02,2026-10-21 13:59,High,False,Not Applicable,1.0
TRN-0002251,2026-10-21,Express,COR-02,SEC-04,Down,Decreasing KM,2026-10-21 14:26,2026-10-21 14:51,High,False,Not Applicable,1.0
TRN-0002252,2026-10-21,Express,COR-02,SEC-03,Down,Decreasing KM,2026-10-21 15:52,2026-10-21 16:36,High,False,Not Applicable,1.0
TRN-0002253,2026-10-21,Superfast,COR-02,SEC-03,Down,Decreasing KM,2026-10-21 17:42,2026-10-21 18:13,Critical,False,Not Applicable,1.0
TRN-0002254,2026-10-21,Passenger,COR-02,SEC-04,Down,Decreasing KM,2026-10-21 19:08,2026-10-21 20:00,High,False,Not Applicable,1.0
TRN-0002255,2026-10-21,Superfast,COR-02,SEC-03,Down,Decreasing KM,2026-10-21 20:27,2026-10-21 21:05,Critical,False,Not Applicable,1.0
TRN-0002256,2026-10-21,Goods,COR-02,SEC-03,Down,Decreasing KM,2026-10-21 21:56,2026-10-21 22:31,Medium,True,Forecasted,0.74
TRN-0002257,2026-10-21,Express,COR-03,SEC-05,Up,Increasing KM,2026-10-21 05:39,2026-10-21 06:07,High,False,Not Applicable,1.0
TRN-0002258,2026-10-21,Superfast,COR-03,SEC-05,Up,Increasing KM,2026-10-21 06:48,2026-10-21 07:16,Critical,False,Not Applicable,1.0
TRN-0002259,2026-10-21,Express,COR-03,SEC-06,Up,Increasing KM,2026-10-21 08:29,2026-10-21 08:54,High,False,Not Applicable,1.0
TRN-0002260,2026-10-21,Superfast,COR-03,SEC-06,Up,Increasing KM,2026-10-21 09:52,2026-10-21 10:49,Critical,False,Not Applicable,1.0
TRN-0002261,2026-10-21,Passenger,COR-03,SEC-06,Up,Increasing KM,2026-10-21 11:21,2026-10-21 12:10,High,False,Not Applicable,1.0
TRN-0002262,2026-10-21,Superfast,COR-03,SEC-06,Up,Increasing KM,2026-10-21 12:48,2026-10-21 13:39,Critical,False,Not Applicable,1.0
TRN-0002263,2026-10-21,Express,COR-03,SEC-06,Up,Increasing KM,2026-10-21 14:22,2026-10-21 15:20,High,False,Not Applicable,1.0
TRN-0002264,2026-10-21,Express,COR-03,SEC-05,Up,Increasing KM,2026-10-21 16:11,2026-10-21 16:47,High,False,Not Applicable,1.0
TRN-0002265,2026-10-21,Goods,COR-03,SEC-05,Up,Increasing KM,2026-10-21 17:29,2026-10-21 18:20,Medium,True,Forecasted,0.66
TRN-0002266,2026-10-21,Goods,COR-03,SEC-05,Up,Increasing KM,2026-10-21 19:12,2026-10-21 19:55,Medium,True,Forecasted,0.89
TRN-0002267,2026-10-21,Express,COR-03,SEC-06,Up,Increasing KM,2026-10-21 20:24,2026-10-21 21:09,High,False,Not Applicable,1.0
TRN-0002268,2026-10-21,Passenger,COR-03,SEC-06,Up,Increasing KM,2026-10-21 22:07,2026-10-21 22:38,High,False,Not Applicable,1.0
TRN-0002269,2026-10-21,Express,COR-03,SEC-06,Down,Decreasing KM,2026-10-21 05:27,2026-10-21 05:53,High,False,Not Applicable,1.0
TRN-0002270,2026-10-21,Passenger,COR-03,SEC-05,Down,Decreasing KM,2026-10-21 06:59,2026-10-21 07:45,High,False,Not Applicable,1.0
TRN-0002271,2026-10-21,Goods,COR-03,SEC-05,Down,Decreasing KM,2026-10-21 08:42,2026-10-21 09:11,Medium,True,Forecasted,0.67
TRN-0002272,2026-10-21,Passenger,COR-03,SEC-05,Down,Decreasing KM,2026-10-21 10:01,2026-10-21 10:47,High,False,Not Applicable,1.0
TRN-0002273,2026-10-21,Passenger,COR-03,SEC-06,Down,Decreasing KM,2026-10-21 11:33,2026-10-21 12:22,High,False,Not Applicable,1.0
TRN-0002274,2026-10-21,Goods,COR-03,SEC-05,Down,Decreasing KM,2026-10-21 13:06,2026-10-21 13:56,Medium,True,Forecasted,0.82
TRN-0002275,2026-10-21,Goods,COR-03,SEC-05,Down,Decreasing KM,2026-10-21 14:27,2026-10-21 14:53,Medium,True,Forecasted,0.77
TRN-0002276,2026-10-21,Superfast,COR-03,SEC-06,Down,Decreasing KM,2026-10-21 16:12,2026-10-21 17:08,Critical,False,Not Applicable,1.0
TRN-0002277,2026-10-21,Passenger,COR-03,SEC-06,Down,Decreasing KM,2026-10-21 17:34,2026-10-21 18:21,High,False,Not Applicable,1.0
TRN-0002278,2026-10-21,Express,COR-03,SEC-06,Down,Decreasing KM,2026-10-21 19:09,2026-10-21 19:34,High,False,Not Applicable,1.0
TRN-0002279,2026-10-21,Goods,COR-03,SEC-06,Down,Decreasing KM,2026-10-21 20:36,2026-10-21 21:32,Medium,True,Forecasted,0.8
TRN-0002280,2026-10-21,Express,COR-03,SEC-06,Down,Decreasing KM,2026-10-21 22:03,2026-10-21 22:30,High,False,Not Applicable,1.0
TRN-0002281,2026-10-21,Express,COR-04,SEC-08,Up,Increasing KM,2026-10-21 05:41,2026-10-21 06:38,High,False,Not Applicable,1.0
TRN-0002282,2026-10-21,Passenger,COR-04,SEC-08,Up,Increasing KM,2026-10-21 06:52,2026-10-21 07:23,High,False,Not Applicable,1.0
TRN-0002283,2026-10-21,Passenger,COR-04,SEC-08,Up,Increasing KM,2026-10-21 08:25,2026-10-21 09:15,High,False,Not Applicable,1.0
TRN-0002284,2026-10-21,Goods,COR-04,SEC-07,Up,Increasing KM,2026-10-21 09:52,2026-10-21 10:20,Medium,True,Forecasted,0.78
TRN-0002285,2026-10-21,MEMU,COR-04,SEC-07,Up,Increasing KM,2026-10-21 11:21,2026-10-21 12:11,Medium,False,Not Applicable,1.0
TRN-0002286,2026-10-21,Superfast,COR-04,SEC-07,Up,Increasing KM,2026-10-21 12:53,2026-10-21 13:19,Critical,False,Not Applicable,1.0
TRN-0002287,2026-10-21,Superfast,COR-04,SEC-08,Up,Increasing KM,2026-10-21 14:32,2026-10-21 15:06,Critical,False,Not Applicable,1.0
TRN-0002288,2026-10-21,Passenger,COR-04,SEC-08,Up,Increasing KM,2026-10-21 16:07,2026-10-21 16:44,High,False,Not Applicable,1.0
TRN-0002289,2026-10-21,MEMU,COR-04,SEC-07,Up,Increasing KM,2026-10-21 17:35,2026-10-21 18:26,Medium,False,Not Applicable,1.0
TRN-0002290,2026-10-21,Superfast,COR-04,SEC-08,Up,Increasing KM,2026-10-21 19:07,2026-10-21 20:06,Critical,False,Not Applicable,1.0
TRN-0002291,2026-10-21,Express,COR-04,SEC-07,Up,Increasing KM,2026-10-21 20:35,2026-10-21 21:22,High,False,Not Applicable,1.0
TRN-0002292,2026-10-21,Passenger,COR-04,SEC-08,Up,Increasing KM,2026-10-21 21:57,2026-10-21 22:40,High,False,Not Applicable,1.0
TRN-0002293,2026-10-21,Goods,COR-04,SEC-08,Down,Decreasing KM,2026-10-21 05:26,2026-10-21 06:00,Medium,True,Forecasted,0.75
TRN-0002294,2026-10-21,Express,COR-04,SEC-07,Down,Decreasing KM,2026-10-21 07:08,2026-10-21 08:08,High,False,Not Applicable,1.0
TRN-0002295,2026-10-21,Superfast,COR-04,SEC-08,Down,Decreasing KM,2026-10-21 08:20,2026-10-21 09:01,Critical,False,Not Applicable,1.0
TRN-0002296,2026-10-21,Passenger,COR-04,SEC-08,Down,Decreasing KM,2026-10-21 09:51,2026-10-21 10:35,High,False,Not Applicable,1.0
TRN-0002297,2026-10-21,Superfast,COR-04,SEC-08,Down,Decreasing KM,2026-10-21 11:23,2026-10-21 11:57,Critical,False,Not Applicable,1.0
TRN-0002298,2026-10-21,Goods,COR-04,SEC-07,Down,Decreasing KM,2026-10-21 12:54,2026-10-21 13:20,Medium,True,Forecasted,0.65
TRN-0002299,2026-10-21,Express,COR-04,SEC-07,Down,Decreasing KM,2026-10-21 14:29,2026-10-21 15:05,High,False,Not Applicable,1.0
TRN-0002300,2026-10-21,Passenger,COR-04,SEC-07,Down,Decreasing KM,2026-10-21 16:11,2026-10-21 17:07,High,False,Not Applicable,1.0
TRN-0002301,2026-10-21,Passenger,COR-04,SEC-08,Down,Decreasing KM,2026-10-21 17:34,2026-10-21 18:19,High,False,Not Applicable,1.0
TRN-0002302,2026-10-21,Express,COR-04,SEC-08,Down,Decreasing KM,2026-10-21 18:57,2026-10-21 19:46,High,False,Not Applicable,1.0
TRN-0002303,2026-10-21,Express,COR-04,SEC-07,Down,Decreasing KM,2026-10-21 20:23,2026-10-21 21:12,High,False,Not Applicable,1.0
TRN-0002304,2026-10-21,Passenger,COR-04,SEC-08,Down,Decreasing KM,2026-10-21 22:04,2026-10-21 22:39,High,False,Not Applicable,1.0
TRN-0002305,2026-10-22,Passenger,COR-01,SEC-02,Up,Increasing KM,2026-10-22 05:33,2026-10-22 06:07,High,False,Not Applicable,1.0
TRN-0002306,2026-10-22,Goods,COR-01,SEC-02,Up,Increasing KM,2026-10-22 06:53,2026-10-22 07:50,Medium,True,Scheduled,0.75
TRN-0002307,2026-10-22,Superfast,COR-01,SEC-01,Up,Increasing KM,2026-10-22 08:33,2026-10-22 09:02,Critical,False,Not Applicable,1.0
TRN-0002308,2026-10-22,Superfast,COR-01,SEC-01,Up,Increasing KM,2026-10-22 10:05,2026-10-22 10:34,Critical,False,Not Applicable,1.0
TRN-0002309,2026-10-22,MEMU,COR-01,SEC-02,Up,Increasing KM,2026-10-22 11:39,2026-10-22 12:05,Medium,False,Not Applicable,1.0
TRN-0002310,2026-10-22,Goods,COR-01,SEC-01,Up,Increasing KM,2026-10-22 13:10,2026-10-22 13:50,Medium,True,Forecasted,0.94
TRN-0002311,2026-10-22,Goods,COR-01,SEC-01,Up,Increasing KM,2026-10-22 14:18,2026-10-22 15:16,Medium,True,Forecasted,0.95
TRN-0002312,2026-10-22,Express,COR-01,SEC-02,Up,Increasing KM,2026-10-22 15:55,2026-10-22 16:21,High,False,Not Applicable,1.0
TRN-0002313,2026-10-22,Goods,COR-01,SEC-02,Up,Increasing KM,2026-10-22 17:31,2026-10-22 18:10,Medium,True,Forecasted,0.96
TRN-0002314,2026-10-22,MEMU,COR-01,SEC-01,Up,Increasing KM,2026-10-22 18:56,2026-10-22 19:56,Medium,False,Not Applicable,1.0
TRN-0002315,2026-10-22,Express,COR-01,SEC-01,Up,Increasing KM,2026-10-22 20:33,2026-10-22 21:19,High,False,Not Applicable,1.0
TRN-0002316,2026-10-22,Passenger,COR-01,SEC-01,Up,Increasing KM,2026-10-22 22:09,2026-10-22 22:36,High,False,Not Applicable,1.0
TRN-0002317,2026-10-22,Superfast,COR-01,SEC-02,Down,Decreasing KM,2026-10-22 05:23,2026-10-22 06:17,Critical,False,Not Applicable,1.0
TRN-0002318,2026-10-22,Express,COR-01,SEC-01,Down,Decreasing KM,2026-10-22 06:56,2026-10-22 07:34,High,False,Not Applicable,1.0
TRN-0002319,2026-10-22,Passenger,COR-01,SEC-01,Down,Decreasing KM,2026-10-22 08:18,2026-10-22 08:48,High,False,Not Applicable,1.0
TRN-0002320,2026-10-22,Goods,COR-01,SEC-02,Down,Decreasing KM,2026-10-22 09:48,2026-10-22 10:22,Medium,True,Scheduled,0.7
TRN-0002321,2026-10-22,Express,COR-01,SEC-02,Down,Decreasing KM,2026-10-22 11:41,2026-10-22 12:38,High,False,Not Applicable,1.0
TRN-0002322,2026-10-22,Goods,COR-01,SEC-01,Down,Decreasing KM,2026-10-22 13:12,2026-10-22 14:05,Medium,True,Forecasted,0.77
TRN-0002323,2026-10-22,MEMU,COR-01,SEC-01,Down,Decreasing KM,2026-10-22 14:31,2026-10-22 14:56,Medium,False,Not Applicable,1.0
TRN-0002324,2026-10-22,Passenger,COR-01,SEC-01,Down,Decreasing KM,2026-10-22 16:10,2026-10-22 16:40,High,False,Not Applicable,1.0
TRN-0002325,2026-10-22,Passenger,COR-01,SEC-02,Down,Decreasing KM,2026-10-22 17:34,2026-10-22 18:20,High,False,Not Applicable,1.0
TRN-0002326,2026-10-22,Express,COR-01,SEC-02,Down,Decreasing KM,2026-10-22 18:48,2026-10-22 19:48,High,False,Not Applicable,1.0
TRN-0002327,2026-10-22,Goods,COR-01,SEC-01,Down,Decreasing KM,2026-10-22 20:35,2026-10-22 21:26,Medium,True,Forecasted,0.77
TRN-0002328,2026-10-22,Express,COR-01,SEC-02,Down,Decreasing KM,2026-10-22 21:48,2026-10-22 22:35,High,False,Not Applicable,1.0
TRN-0002329,2026-10-22,Goods,COR-02,SEC-03,Up,Increasing KM,2026-10-22 05:33,2026-10-22 06:16,Medium,True,Forecasted,0.85
TRN-0002330,2026-10-22,Express,COR-02,SEC-04,Up,Increasing KM,2026-10-22 07:10,2026-10-22 08:00,High,False,Not Applicable,1.0
TRN-0002331,2026-10-22,Express,COR-02,SEC-03,Up,Increasing KM,2026-10-22 08:41,2026-10-22 09:07,High,False,Not Applicable,1.0
TRN-0002332,2026-10-22,MEMU,COR-02,SEC-03,Up,Increasing KM,2026-10-22 10:08,2026-10-22 11:08,Medium,False,Not Applicable,1.0
TRN-0002333,2026-10-22,Express,COR-02,SEC-04,Up,Increasing KM,2026-10-22 11:18,2026-10-22 11:46,High,False,Not Applicable,1.0
TRN-0002334,2026-10-22,Goods,COR-02,SEC-03,Up,Increasing KM,2026-10-22 13:08,2026-10-22 14:08,Medium,True,Forecasted,0.84
TRN-0002335,2026-10-22,Superfast,COR-02,SEC-03,Up,Increasing KM,2026-10-22 14:23,2026-10-22 15:03,Critical,False,Not Applicable,1.0
TRN-0002336,2026-10-22,Goods,COR-02,SEC-03,Up,Increasing KM,2026-10-22 16:03,2026-10-22 17:00,Medium,True,Scheduled,0.91
TRN-0002337,2026-10-22,Goods,COR-02,SEC-03,Up,Increasing KM,2026-10-22 17:41,2026-10-22 18:11,Medium,True,Forecasted,0.95
TRN-0002338,2026-10-22,Passenger,COR-02,SEC-04,Up,Increasing KM,2026-10-22 19:10,2026-10-22 19:37,High,False,Not Applicable,1.0
TRN-0002339,2026-10-22,Express,COR-02,SEC-04,Up,Increasing KM,2026-10-22 20:34,2026-10-22 21:14,High,False,Not Applicable,1.0
TRN-0002340,2026-10-22,MEMU,COR-02,SEC-03,Up,Increasing KM,2026-10-22 21:55,2026-10-22 22:47,Medium,False,Not Applicable,1.0
TRN-0002341,2026-10-22,Superfast,COR-02,SEC-03,Down,Decreasing KM,2026-10-22 05:19,2026-10-22 06:02,Critical,False,Not Applicable,1.0
TRN-0002342,2026-10-22,Goods,COR-02,SEC-04,Down,Decreasing KM,2026-10-22 07:06,2026-10-22 07:55,Medium,True,Forecasted,0.93
TRN-0002343,2026-10-22,Passenger,COR-02,SEC-04,Down,Decreasing KM,2026-10-22 08:20,2026-10-22 09:04,High,False,Not Applicable,1.0
TRN-0002344,2026-10-22,MEMU,COR-02,SEC-04,Down,Decreasing KM,2026-10-22 10:04,2026-10-22 10:40,Medium,False,Not Applicable,1.0
TRN-0002345,2026-10-22,Express,COR-02,SEC-03,Down,Decreasing KM,2026-10-22 11:27,2026-10-22 12:03,High,False,Not Applicable,1.0
TRN-0002346,2026-10-22,Passenger,COR-02,SEC-03,Down,Decreasing KM,2026-10-22 12:58,2026-10-22 13:49,High,False,Not Applicable,1.0
TRN-0002347,2026-10-22,MEMU,COR-02,SEC-04,Down,Decreasing KM,2026-10-22 14:24,2026-10-22 15:05,Medium,False,Not Applicable,1.0
TRN-0002348,2026-10-22,MEMU,COR-02,SEC-04,Down,Decreasing KM,2026-10-22 15:58,2026-10-22 16:26,Medium,False,Not Applicable,1.0
TRN-0002349,2026-10-22,Goods,COR-02,SEC-04,Down,Decreasing KM,2026-10-22 17:39,2026-10-22 18:28,Medium,True,Forecasted,0.67
TRN-0002350,2026-10-22,Goods,COR-02,SEC-04,Down,Decreasing KM,2026-10-22 19:08,2026-10-22 19:37,Medium,True,Scheduled,0.95
TRN-0002351,2026-10-22,Express,COR-02,SEC-04,Down,Decreasing KM,2026-10-22 20:26,2026-10-22 21:25,High,False,Not Applicable,1.0
TRN-0002352,2026-10-22,MEMU,COR-02,SEC-04,Down,Decreasing KM,2026-10-22 21:55,2026-10-22 22:21,Medium,False,Not Applicable,1.0
TRN-0002353,2026-10-22,Goods,COR-03,SEC-05,Up,Increasing KM,2026-10-22 05:27,2026-10-22 06:17,Medium,True,Forecasted,0.96
TRN-0002354,2026-10-22,Goods,COR-03,SEC-06,Up,Increasing KM,2026-10-22 07:08,2026-10-22 07:33,Medium,True,Forecasted,0.77
TRN-0002355,2026-10-22,Express,COR-03,SEC-06,Up,Increasing KM,2026-10-22 08:30,2026-10-22 08:58,High,False,Not Applicable,1.0
TRN-0002356,2026-10-22,Express,COR-03,SEC-06,Up,Increasing KM,2026-10-22 10:00,2026-10-22 10:26,High,False,Not Applicable,1.0
TRN-0002357,2026-10-22,Express,COR-03,SEC-05,Up,Increasing KM,2026-10-22 11:32,2026-10-22 12:23,High,False,Not Applicable,1.0
TRN-0002358,2026-10-22,Goods,COR-03,SEC-05,Up,Increasing KM,2026-10-22 13:05,2026-10-22 14:02,Medium,True,Forecasted,0.88
TRN-0002359,2026-10-22,Superfast,COR-03,SEC-05,Up,Increasing KM,2026-10-22 14:41,2026-10-22 15:32,Critical,False,Not Applicable,1.0
TRN-0002360,2026-10-22,Passenger,COR-03,SEC-05,Up,Increasing KM,2026-10-22 16:10,2026-10-22 16:59,High,False,Not Applicable,1.0
TRN-0002361,2026-10-22,Superfast,COR-03,SEC-06,Up,Increasing KM,2026-10-22 17:33,2026-10-22 18:01,Critical,False,Not Applicable,1.0
TRN-0002362,2026-10-22,Superfast,COR-03,SEC-05,Up,Increasing KM,2026-10-22 19:02,2026-10-22 19:36,Critical,False,Not Applicable,1.0
TRN-0002363,2026-10-22,Passenger,COR-03,SEC-05,Up,Increasing KM,2026-10-22 20:27,2026-10-22 21:08,High,False,Not Applicable,1.0
TRN-0002364,2026-10-22,Goods,COR-03,SEC-06,Up,Increasing KM,2026-10-22 21:50,2026-10-22 22:17,Medium,True,Forecasted,0.75
TRN-0002365,2026-10-22,Goods,COR-03,SEC-06,Down,Decreasing KM,2026-10-22 05:42,2026-10-22 06:14,Medium,True,Forecasted,0.91
TRN-0002366,2026-10-22,Express,COR-03,SEC-05,Down,Decreasing KM,2026-10-22 07:05,2026-10-22 07:57,High,False,Not Applicable,1.0
TRN-0002367,2026-10-22,Passenger,COR-03,SEC-06,Down,Decreasing KM,2026-10-22 08:35,2026-10-22 09:06,High,False,Not Applicable,1.0
TRN-0002368,2026-10-22,Goods,COR-03,SEC-05,Down,Decreasing KM,2026-10-22 10:08,2026-10-22 10:38,Medium,True,Forecasted,0.79
TRN-0002369,2026-10-22,Passenger,COR-03,SEC-06,Down,Decreasing KM,2026-10-22 11:39,2026-10-22 12:10,High,False,Not Applicable,1.0
TRN-0002370,2026-10-22,Passenger,COR-03,SEC-06,Down,Decreasing KM,2026-10-22 12:53,2026-10-22 13:53,High,False,Not Applicable,1.0
TRN-0002371,2026-10-22,MEMU,COR-03,SEC-05,Down,Decreasing KM,2026-10-22 14:28,2026-10-22 15:25,Medium,False,Not Applicable,1.0
TRN-0002372,2026-10-22,Passenger,COR-03,SEC-05,Down,Decreasing KM,2026-10-22 16:01,2026-10-22 16:49,High,False,Not Applicable,1.0
TRN-0002373,2026-10-22,MEMU,COR-03,SEC-05,Down,Decreasing KM,2026-10-22 17:42,2026-10-22 18:32,Medium,False,Not Applicable,1.0
TRN-0002374,2026-10-22,MEMU,COR-03,SEC-06,Down,Decreasing KM,2026-10-22 18:49,2026-10-22 19:47,Medium,False,Not Applicable,1.0
TRN-0002375,2026-10-22,Passenger,COR-03,SEC-05,Down,Decreasing KM,2026-10-22 20:29,2026-10-22 21:11,High,False,Not Applicable,1.0
TRN-0002376,2026-10-22,Passenger,COR-03,SEC-06,Down,Decreasing KM,2026-10-22 21:53,2026-10-22 22:23,High,False,Not Applicable,1.0
TRN-0002377,2026-10-22,Superfast,COR-04,SEC-07,Up,Increasing KM,2026-10-22 05:33,2026-10-22 06:07,Critical,False,Not Applicable,1.0
TRN-0002378,2026-10-22,Passenger,COR-04,SEC-08,Up,Increasing KM,2026-10-22 06:59,2026-10-22 07:30,High,False,Not Applicable,1.0
TRN-0002379,2026-10-22,Passenger,COR-04,SEC-07,Up,Increasing KM,2026-10-22 08:37,2026-10-22 09:30,High,False,Not Applicable,1.0
TRN-0002380,2026-10-22,Passenger,COR-04,SEC-08,Up,Increasing KM,2026-10-22 10:07,2026-10-22 11:05,High,False,Not Applicable,1.0
TRN-0002381,2026-10-22,Goods,COR-04,SEC-08,Up,Increasing KM,2026-10-22 11:29,2026-10-22 12:15,Medium,True,Forecasted,0.82
TRN-0002382,2026-10-22,Goods,COR-04,SEC-08,Up,Increasing KM,2026-10-22 12:57,2026-10-22 13:36,Medium,True,Forecasted,0.97
TRN-0002383,2026-10-22,Passenger,COR-04,SEC-07,Up,Increasing KM,2026-10-22 14:28,2026-10-22 15:00,High,False,Not Applicable,1.0
TRN-0002384,2026-10-22,Passenger,COR-04,SEC-08,Up,Increasing KM,2026-10-22 16:03,2026-10-22 17:00,High,False,Not Applicable,1.0
TRN-0002385,2026-10-22,Passenger,COR-04,SEC-08,Up,Increasing KM,2026-10-22 17:33,2026-10-22 18:16,High,False,Not Applicable,1.0
TRN-0002386,2026-10-22,Express,COR-04,SEC-08,Up,Increasing KM,2026-10-22 19:00,2026-10-22 20:00,High,False,Not Applicable,1.0
TRN-0002387,2026-10-22,Goods,COR-04,SEC-07,Up,Increasing KM,2026-10-22 20:31,2026-10-22 21:09,Medium,True,Forecasted,0.8
TRN-0002388,2026-10-22,MEMU,COR-04,SEC-08,Up,Increasing KM,2026-10-22 22:12,2026-10-22 23:12,Medium,False,Not Applicable,1.0
TRN-0002389,2026-10-22,Goods,COR-04,SEC-07,Down,Decreasing KM,2026-10-22 05:31,2026-10-22 06:10,Medium,True,Forecasted,0.79
TRN-0002390,2026-10-22,Express,COR-04,SEC-08,Down,Decreasing KM,2026-10-22 07:09,2026-10-22 07:47,High,False,Not Applicable,1.0
TRN-0002391,2026-10-22,Goods,COR-04,SEC-07,Down,Decreasing KM,2026-10-22 08:37,2026-10-22 09:20,Medium,True,Forecasted,0.73
TRN-0002392,2026-10-22,Passenger,COR-04,SEC-08,Down,Decreasing KM,2026-10-22 09:48,2026-10-22 10:27,High,False,Not Applicable,1.0
TRN-0002393,2026-10-22,Passenger,COR-04,SEC-08,Down,Decreasing KM,2026-10-22 11:35,2026-10-22 12:10,High,False,Not Applicable,1.0
TRN-0002394,2026-10-22,MEMU,COR-04,SEC-08,Down,Decreasing KM,2026-10-22 13:08,2026-10-22 13:54,Medium,False,Not Applicable,1.0
TRN-0002395,2026-10-22,Superfast,COR-04,SEC-08,Down,Decreasing KM,2026-10-22 14:36,2026-10-22 15:12,Critical,False,Not Applicable,1.0
TRN-0002396,2026-10-22,Passenger,COR-04,SEC-08,Down,Decreasing KM,2026-10-22 16:00,2026-10-22 16:36,High,False,Not Applicable,1.0
TRN-0002397,2026-10-22,Passenger,COR-04,SEC-08,Down,Decreasing KM,2026-10-22 17:26,2026-10-22 18:15,High,False,Not Applicable,1.0
TRN-0002398,2026-10-22,MEMU,COR-04,SEC-08,Down,Decreasing KM,2026-10-22 19:04,2026-10-22 19:58,Medium,False,Not Applicable,1.0
TRN-0002399,2026-10-22,Goods,COR-04,SEC-08,Down,Decreasing KM,2026-10-22 20:34,2026-10-22 21:06,Medium,True,Forecasted,0.7
TRN-0002400,2026-10-22,Goods,COR-04,SEC-08,Down,Decreasing KM,2026-10-22 21:57,2026-10-22 22:26,Medium,True,Forecasted,0.83
TRN-0002401,2026-10-23,Passenger,COR-01,SEC-01,Up,Increasing KM,2026-10-23 05:41,2026-10-23 06:18,High,False,Not Applicable,1.0
TRN-0002402,2026-10-23,Passenger,COR-01,SEC-01,Up,Increasing KM,2026-10-23 07:04,2026-10-23 07:52,High,False,Not Applicable,1.0
TRN-0002403,2026-10-23,Express,COR-01,SEC-02,Up,Increasing KM,2026-10-23 08:18,2026-10-23 08:43,High,False,Not Applicable,1.0
TRN-0002404,2026-10-23,MEMU,COR-01,SEC-01,Up,Increasing KM,2026-10-23 09:58,2026-10-23 10:38,Medium,False,Not Applicable,1.0
TRN-0002405,2026-10-23,Passenger,COR-01,SEC-02,Up,Increasing KM,2026-10-23 11:37,2026-10-23 12:15,High,False,Not Applicable,1.0
TRN-0002406,2026-10-23,Express,COR-01,SEC-02,Up,Increasing KM,2026-10-23 13:00,2026-10-23 13:53,High,False,Not Applicable,1.0
TRN-0002407,2026-10-23,Goods,COR-01,SEC-01,Up,Increasing KM,2026-10-23 14:22,2026-10-23 15:13,Medium,True,Forecasted,0.74
TRN-0002408,2026-10-23,MEMU,COR-01,SEC-01,Up,Increasing KM,2026-10-23 15:52,2026-10-23 16:32,Medium,False,Not Applicable,1.0
TRN-0002409,2026-10-23,Superfast,COR-01,SEC-02,Up,Increasing KM,2026-10-23 17:34,2026-10-23 18:26,Critical,False,Not Applicable,1.0
TRN-0002410,2026-10-23,Passenger,COR-01,SEC-02,Up,Increasing KM,2026-10-23 18:59,2026-10-23 19:25,High,False,Not Applicable,1.0
TRN-0002411,2026-10-23,MEMU,COR-01,SEC-02,Up,Increasing KM,2026-10-23 20:32,2026-10-23 20:57,Medium,False,Not Applicable,1.0
TRN-0002412,2026-10-23,Passenger,COR-01,SEC-02,Up,Increasing KM,2026-10-23 21:57,2026-10-23 22:41,High,False,Not Applicable,1.0
TRN-0002413,2026-10-23,Goods,COR-01,SEC-02,Down,Decreasing KM,2026-10-23 05:23,2026-10-23 06:08,Medium,True,Scheduled,0.78
TRN-0002414,2026-10-23,Passenger,COR-01,SEC-01,Down,Decreasing KM,2026-10-23 07:08,2026-10-23 07:47,High,False,Not Applicable,1.0
TRN-0002415,2026-10-23,Express,COR-01,SEC-01,Down,Decreasing KM,2026-10-23 08:36,2026-10-23 09:33,High,False,Not Applicable,1.0
TRN-0002416,2026-10-23,Express,COR-01,SEC-02,Down,Decreasing KM,2026-10-23 10:07,2026-10-23 10:36,High,False,Not Applicable,1.0
TRN-0002417,2026-10-23,Goods,COR-01,SEC-02,Down,Decreasing KM,2026-10-23 11:29,2026-10-23 12:07,Medium,True,Forecasted,0.7
TRN-0002418,2026-10-23,Passenger,COR-01,SEC-02,Down,Decreasing KM,2026-10-23 12:58,2026-10-23 13:32,High,False,Not Applicable,1.0
TRN-0002419,2026-10-23,Superfast,COR-01,SEC-02,Down,Decreasing KM,2026-10-23 14:28,2026-10-23 15:21,Critical,False,Not Applicable,1.0
TRN-0002420,2026-10-23,Express,COR-01,SEC-02,Down,Decreasing KM,2026-10-23 15:52,2026-10-23 16:40,High,False,Not Applicable,1.0
TRN-0002421,2026-10-23,MEMU,COR-01,SEC-02,Down,Decreasing KM,2026-10-23 17:32,2026-10-23 18:27,Medium,False,Not Applicable,1.0
TRN-0002422,2026-10-23,Goods,COR-01,SEC-02,Down,Decreasing KM,2026-10-23 19:09,2026-10-23 19:49,Medium,True,Forecasted,0.73
TRN-0002423,2026-10-23,Goods,COR-01,SEC-01,Down,Decreasing KM,2026-10-23 20:24,2026-10-23 20:51,Medium,True,Forecasted,0.89
TRN-0002424,2026-10-23,Superfast,COR-01,SEC-02,Down,Decreasing KM,2026-10-23 21:49,2026-10-23 22:43,Critical,False,Not Applicable,1.0
TRN-0002425,2026-10-23,Passenger,COR-02,SEC-03,Up,Increasing KM,2026-10-23 05:18,2026-10-23 06:06,High,False,Not Applicable,1.0
TRN-0002426,2026-10-23,Passenger,COR-02,SEC-03,Up,Increasing KM,2026-10-23 06:59,2026-10-23 07:56,High,False,Not Applicable,1.0
TRN-0002427,2026-10-23,Passenger,COR-02,SEC-04,Up,Increasing KM,2026-10-23 08:24,2026-10-23 08:56,High,False,Not Applicable,1.0
TRN-0002428,2026-10-23,Passenger,COR-02,SEC-04,Up,Increasing KM,2026-10-23 09:50,2026-10-23 10:43,High,False,Not Applicable,1.0
TRN-0002429,2026-10-23,Express,COR-02,SEC-04,Up,Increasing KM,2026-10-23 11:18,2026-10-23 12:08,High,False,Not Applicable,1.0
TRN-0002430,2026-10-23,Passenger,COR-02,SEC-04,Up,Increasing KM,2026-10-23 12:59,2026-10-23 13:44,High,False,Not Applicable,1.0
TRN-0002431,2026-10-23,MEMU,COR-02,SEC-04,Up,Increasing KM,2026-10-23 14:31,2026-10-23 14:56,Medium,False,Not Applicable,1.0
TRN-0002432,2026-10-23,Express,COR-02,SEC-03,Up,Increasing KM,2026-10-23 16:00,2026-10-23 16:44,High,False,Not Applicable,1.0
TRN-0002433,2026-10-23,Goods,COR-02,SEC-03,Up,Increasing KM,2026-10-23 17:37,2026-10-23 18:32,Medium,True,Forecasted,0.92
TRN-0002434,2026-10-23,Passenger,COR-02,SEC-03,Up,Increasing KM,2026-10-23 18:59,2026-10-23 19:47,High,False,Not Applicable,1.0
TRN-0002435,2026-10-23,Passenger,COR-02,SEC-04,Up,Increasing KM,2026-10-23 20:32,2026-10-23 21:13,High,False,Not Applicable,1.0
TRN-0002436,2026-10-23,Passenger,COR-02,SEC-03,Up,Increasing KM,2026-10-23 22:08,2026-10-23 23:03,High,False,Not Applicable,1.0
TRN-0002437,2026-10-23,Goods,COR-02,SEC-04,Down,Decreasing KM,2026-10-23 05:37,2026-10-23 06:21,Medium,True,Forecasted,0.84
TRN-0002438,2026-10-23,Superfast,COR-02,SEC-03,Down,Decreasing KM,2026-10-23 06:54,2026-10-23 07:20,Critical,False,Not Applicable,1.0
TRN-0002439,2026-10-23,Superfast,COR-02,SEC-03,Down,Decreasing KM,2026-10-23 08:22,2026-10-23 09:17,Critical,False,Not Applicable,1.0
TRN-0002440,2026-10-23,Superfast,COR-02,SEC-03,Down,Decreasing KM,2026-10-23 10:10,2026-10-23 10:47,Critical,False,Not Applicable,1.0
TRN-0002441,2026-10-23,Express,COR-02,SEC-03,Down,Decreasing KM,2026-10-23 11:32,2026-10-23 12:23,High,False,Not Applicable,1.0
TRN-0002442,2026-10-23,Passenger,COR-02,SEC-04,Down,Decreasing KM,2026-10-23 13:09,2026-10-23 14:07,High,False,Not Applicable,1.0
TRN-0002443,2026-10-23,Goods,COR-02,SEC-04,Down,Decreasing KM,2026-10-23 14:41,2026-10-23 15:32,Medium,True,Forecasted,0.86
TRN-0002444,2026-10-23,Passenger,COR-02,SEC-03,Down,Decreasing KM,2026-10-23 15:58,2026-10-23 16:32,High,False,Not Applicable,1.0
TRN-0002445,2026-10-23,Express,COR-02,SEC-03,Down,Decreasing KM,2026-10-23 17:19,2026-10-23 17:54,High,False,Not Applicable,1.0
TRN-0002446,2026-10-23,Goods,COR-02,SEC-03,Down,Decreasing KM,2026-10-23 19:10,2026-10-23 19:35,Medium,True,Forecasted,0.77
TRN-0002447,2026-10-23,Passenger,COR-02,SEC-04,Down,Decreasing KM,2026-10-23 20:32,2026-10-23 21:06,High,False,Not Applicable,1.0
TRN-0002448,2026-10-23,Goods,COR-02,SEC-04,Down,Decreasing KM,2026-10-23 21:51,2026-10-23 22:51,Medium,True,Forecasted,0.67
TRN-0002449,2026-10-23,Express,COR-03,SEC-06,Up,Increasing KM,2026-10-23 05:24,2026-10-23 06:04,High,False,Not Applicable,1.0
TRN-0002450,2026-10-23,Superfast,COR-03,SEC-05,Up,Increasing KM,2026-10-23 06:50,2026-10-23 07:46,Critical,False,Not Applicable,1.0
TRN-0002451,2026-10-23,Express,COR-03,SEC-05,Up,Increasing KM,2026-10-23 08:37,2026-10-23 09:25,High,False,Not Applicable,1.0
TRN-0002452,2026-10-23,Superfast,COR-03,SEC-06,Up,Increasing KM,2026-10-23 09:50,2026-10-23 10:22,Critical,False,Not Applicable,1.0
TRN-0002453,2026-10-23,Express,COR-03,SEC-05,Up,Increasing KM,2026-10-23 11:34,2026-10-23 12:17,High,False,Not Applicable,1.0
TRN-0002454,2026-10-23,Passenger,COR-03,SEC-05,Up,Increasing KM,2026-10-23 13:11,2026-10-23 14:01,High,False,Not Applicable,1.0
TRN-0002455,2026-10-23,Goods,COR-03,SEC-06,Up,Increasing KM,2026-10-23 14:25,2026-10-23 14:52,Medium,True,Forecasted,0.82
TRN-0002456,2026-10-23,Express,COR-03,SEC-05,Up,Increasing KM,2026-10-23 16:05,2026-10-23 16:57,High,False,Not Applicable,1.0
TRN-0002457,2026-10-23,Goods,COR-03,SEC-06,Up,Increasing KM,2026-10-23 17:39,2026-10-23 18:36,Medium,True,Forecasted,0.97
TRN-0002458,2026-10-23,Passenger,COR-03,SEC-06,Up,Increasing KM,2026-10-23 18:58,2026-10-23 19:31,High,False,Not Applicable,1.0
TRN-0002459,2026-10-23,Passenger,COR-03,SEC-06,Up,Increasing KM,2026-10-23 20:29,2026-10-23 21:10,High,False,Not Applicable,1.0
TRN-0002460,2026-10-23,Passenger,COR-03,SEC-05,Up,Increasing KM,2026-10-23 21:53,2026-10-23 22:42,High,False,Not Applicable,1.0
TRN-0002461,2026-10-23,Passenger,COR-03,SEC-06,Down,Decreasing KM,2026-10-23 05:40,2026-10-23 06:33,High,False,Not Applicable,1.0
TRN-0002462,2026-10-23,Passenger,COR-03,SEC-05,Down,Decreasing KM,2026-10-23 07:09,2026-10-23 07:48,High,False,Not Applicable,1.0
TRN-0002463,2026-10-23,Passenger,COR-03,SEC-06,Down,Decreasing KM,2026-10-23 08:35,2026-10-23 09:30,High,False,Not Applicable,1.0
TRN-0002464,2026-10-23,Goods,COR-03,SEC-06,Down,Decreasing KM,2026-10-23 10:01,2026-10-23 10:48,Medium,True,Forecasted,0.73
TRN-0002465,2026-10-23,MEMU,COR-03,SEC-05,Down,Decreasing KM,2026-10-23 11:42,2026-10-23 12:38,Medium,False,Not Applicable,1.0
TRN-0002466,2026-10-23,Express,COR-03,SEC-05,Down,Decreasing KM,2026-10-23 12:53,2026-10-23 13:49,High,False,Not Applicable,1.0
TRN-0002467,2026-10-23,Goods,COR-03,SEC-05,Down,Decreasing KM,2026-10-23 14:27,2026-10-23 14:53,Medium,True,Forecasted,0.71
TRN-0002468,2026-10-23,Express,COR-03,SEC-06,Down,Decreasing KM,2026-10-23 16:05,2026-10-23 16:43,High,False,Not Applicable,1.0
TRN-0002469,2026-10-23,Express,COR-03,SEC-06,Down,Decreasing KM,2026-10-23 17:18,2026-10-23 18:06,High,False,Not Applicable,1.0
TRN-0002470,2026-10-23,Passenger,COR-03,SEC-06,Down,Decreasing KM,2026-10-23 19:00,2026-10-23 19:53,High,False,Not Applicable,1.0
TRN-0002471,2026-10-23,Goods,COR-03,SEC-05,Down,Decreasing KM,2026-10-23 20:39,2026-10-23 21:35,Medium,True,Forecasted,0.72
TRN-0002472,2026-10-23,Express,COR-03,SEC-06,Down,Decreasing KM,2026-10-23 21:52,2026-10-23 22:29,High,False,Not Applicable,1.0
TRN-0002473,2026-10-23,Passenger,COR-04,SEC-08,Up,Increasing KM,2026-10-23 05:36,2026-10-23 06:32,High,False,Not Applicable,1.0
TRN-0002474,2026-10-23,MEMU,COR-04,SEC-07,Up,Increasing KM,2026-10-23 07:05,2026-10-23 07:51,Medium,False,Not Applicable,1.0
TRN-0002475,2026-10-23,Superfast,COR-04,SEC-07,Up,Increasing KM,2026-10-23 08:31,2026-10-23 09:20,Critical,False,Not Applicable,1.0
TRN-0002476,2026-10-23,MEMU,COR-04,SEC-07,Up,Increasing KM,2026-10-23 10:07,2026-10-23 10:57,Medium,False,Not Applicable,1.0
TRN-0002477,2026-10-23,Passenger,COR-04,SEC-08,Up,Increasing KM,2026-10-23 11:35,2026-10-23 12:21,High,False,Not Applicable,1.0
TRN-0002478,2026-10-23,Passenger,COR-04,SEC-08,Up,Increasing KM,2026-10-23 12:56,2026-10-23 13:30,High,False,Not Applicable,1.0
TRN-0002479,2026-10-23,Express,COR-04,SEC-07,Up,Increasing KM,2026-10-23 14:25,2026-10-23 15:19,High,False,Not Applicable,1.0
TRN-0002480,2026-10-23,Goods,COR-04,SEC-08,Up,Increasing KM,2026-10-23 16:11,2026-10-23 16:55,Medium,True,Forecasted,0.83
TRN-0002481,2026-10-23,Goods,COR-04,SEC-08,Up,Increasing KM,2026-10-23 17:42,2026-10-23 18:19,Medium,True,Scheduled,0.8
TRN-0002482,2026-10-23,Passenger,COR-04,SEC-07,Up,Increasing KM,2026-10-23 18:48,2026-10-23 19:36,High,False,Not Applicable,1.0
TRN-0002483,2026-10-23,Superfast,COR-04,SEC-07,Up,Increasing KM,2026-10-23 20:37,2026-10-23 21:27,Critical,False,Not Applicable,1.0
TRN-0002484,2026-10-23,Express,COR-04,SEC-08,Up,Increasing KM,2026-10-23 21:51,2026-10-23 22:39,High,False,Not Applicable,1.0
TRN-0002485,2026-10-23,Express,COR-04,SEC-08,Down,Decreasing KM,2026-10-23 05:33,2026-10-23 06:13,High,False,Not Applicable,1.0
TRN-0002486,2026-10-23,Superfast,COR-04,SEC-08,Down,Decreasing KM,2026-10-23 07:02,2026-10-23 07:32,Critical,False,Not Applicable,1.0
TRN-0002487,2026-10-23,Express,COR-04,SEC-07,Down,Decreasing KM,2026-10-23 08:41,2026-10-23 09:20,High,False,Not Applicable,1.0
TRN-0002488,2026-10-23,Goods,COR-04,SEC-07,Down,Decreasing KM,2026-10-23 09:55,2026-10-23 10:48,Medium,True,Forecasted,0.97
TRN-0002489,2026-10-23,Passenger,COR-04,SEC-08,Down,Decreasing KM,2026-10-23 11:28,2026-10-23 12:09,High,False,Not Applicable,1.0
TRN-0002490,2026-10-23,Passenger,COR-04,SEC-07,Down,Decreasing KM,2026-10-23 12:54,2026-10-23 13:43,High,False,Not Applicable,1.0
TRN-0002491,2026-10-23,Goods,COR-04,SEC-07,Down,Decreasing KM,2026-10-23 14:32,2026-10-23 15:09,Medium,True,Forecasted,0.85
TRN-0002492,2026-10-23,Passenger,COR-04,SEC-08,Down,Decreasing KM,2026-10-23 16:12,2026-10-23 16:40,High,False,Not Applicable,1.0
TRN-0002493,2026-10-23,Express,COR-04,SEC-08,Down,Decreasing KM,2026-10-23 17:33,2026-10-23 18:13,High,False,Not Applicable,1.0
TRN-0002494,2026-10-23,Goods,COR-04,SEC-08,Down,Decreasing KM,2026-10-23 18:53,2026-10-23 19:30,Medium,True,Forecasted,0.89
TRN-0002495,2026-10-23,Superfast,COR-04,SEC-08,Down,Decreasing KM,2026-10-23 20:41,2026-10-23 21:18,Critical,False,Not Applicable,1.0
TRN-0002496,2026-10-23,Express,COR-04,SEC-07,Down,Decreasing KM,2026-10-23 22:07,2026-10-23 22:58,High,False,Not Applicable,1.0
TRN-0002497,2026-10-24,Passenger,COR-01,SEC-01,Up,Increasing KM,2026-10-24 05:25,2026-10-24 05:50,High,False,Not Applicable,1.0
TRN-0002498,2026-10-24,Goods,COR-01,SEC-02,Up,Increasing KM,2026-10-24 06:56,2026-10-24 07:30,Medium,True,Forecasted,0.74
TRN-0002499,2026-10-24,MEMU,COR-01,SEC-01,Up,Increasing KM,2026-10-24 08:41,2026-10-24 09:22,Medium,False,Not Applicable,1.0
TRN-0002500,2026-10-24,Express,COR-01,SEC-01,Up,Increasing KM,2026-10-24 10:09,2026-10-24 10:41,High,False,Not Applicable,1.0
TRN-0002501,2026-10-24,Passenger,COR-01,SEC-01,Up,Increasing KM,2026-10-24 11:28,2026-10-24 11:54,High,False,Not Applicable,1.0
TRN-0002502,2026-10-24,Passenger,COR-01,SEC-02,Up,Increasing KM,2026-10-24 12:54,2026-10-24 13:44,High,False,Not Applicable,1.0
TRN-0002503,2026-10-24,Express,COR-01,SEC-02,Up,Increasing KM,2026-10-24 14:35,2026-10-24 15:09,High,False,Not Applicable,1.0
TRN-0002504,2026-10-24,Goods,COR-01,SEC-02,Up,Increasing KM,2026-10-24 15:49,2026-10-24 16:33,Medium,True,Scheduled,0.84
TRN-0002505,2026-10-24,Express,COR-01,SEC-02,Up,Increasing KM,2026-10-24 17:29,2026-10-24 18:26,High,False,Not Applicable,1.0
TRN-0002506,2026-10-24,Goods,COR-01,SEC-02,Up,Increasing KM,2026-10-24 19:02,2026-10-24 19:44,Medium,True,Forecasted,0.91
TRN-0002507,2026-10-24,Goods,COR-01,SEC-01,Up,Increasing KM,2026-10-24 20:34,2026-10-24 21:10,Medium,True,Forecasted,0.93
TRN-0002508,2026-10-24,Passenger,COR-01,SEC-01,Up,Increasing KM,2026-10-24 21:50,2026-10-24 22:22,High,False,Not Applicable,1.0
TRN-0002509,2026-10-24,Passenger,COR-01,SEC-01,Down,Decreasing KM,2026-10-24 05:19,2026-10-24 06:10,High,False,Not Applicable,1.0
TRN-0002510,2026-10-24,Goods,COR-01,SEC-01,Down,Decreasing KM,2026-10-24 07:06,2026-10-24 07:47,Medium,True,Forecasted,0.71
TRN-0002511,2026-10-24,Goods,COR-01,SEC-01,Down,Decreasing KM,2026-10-24 08:36,2026-10-24 09:31,Medium,True,Forecasted,0.66
TRN-0002512,2026-10-24,Express,COR-01,SEC-01,Down,Decreasing KM,2026-10-24 10:03,2026-10-24 10:49,High,False,Not Applicable,1.0
TRN-0002513,2026-10-24,Superfast,COR-01,SEC-02,Down,Decreasing KM,2026-10-24 11:39,2026-10-24 12:39,Critical,False,Not Applicable,1.0
TRN-0002514,2026-10-24,Goods,COR-01,SEC-01,Down,Decreasing KM,2026-10-24 12:48,2026-10-24 13:14,Medium,True,Forecasted,0.68
TRN-0002515,2026-10-24,Passenger,COR-01,SEC-02,Down,Decreasing KM,2026-10-24 14:35,2026-10-24 15:16,High,False,Not Applicable,1.0
TRN-0002516,2026-10-24,Passenger,COR-01,SEC-02,Down,Decreasing KM,2026-10-24 15:51,2026-10-24 16:35,High,False,Not Applicable,1.0
TRN-0002517,2026-10-24,Passenger,COR-01,SEC-01,Down,Decreasing KM,2026-10-24 17:40,2026-10-24 18:39,High,False,Not Applicable,1.0
TRN-0002518,2026-10-24,MEMU,COR-01,SEC-02,Down,Decreasing KM,2026-10-24 19:00,2026-10-24 19:29,Medium,False,Not Applicable,1.0
TRN-0002519,2026-10-24,MEMU,COR-01,SEC-02,Down,Decreasing KM,2026-10-24 20:20,2026-10-24 20:46,Medium,False,Not Applicable,1.0
TRN-0002520,2026-10-24,Passenger,COR-01,SEC-02,Down,Decreasing KM,2026-10-24 22:06,2026-10-24 22:54,High,False,Not Applicable,1.0
TRN-0002521,2026-10-24,Superfast,COR-02,SEC-03,Up,Increasing KM,2026-10-24 05:19,2026-10-24 06:10,Critical,False,Not Applicable,1.0
TRN-0002522,2026-10-24,Passenger,COR-02,SEC-04,Up,Increasing KM,2026-10-24 07:07,2026-10-24 07:57,High,False,Not Applicable,1.0
TRN-0002523,2026-10-24,Passenger,COR-02,SEC-03,Up,Increasing KM,2026-10-24 08:18,2026-10-24 08:46,High,False,Not Applicable,1.0
TRN-0002524,2026-10-24,Passenger,COR-02,SEC-04,Up,Increasing KM,2026-10-24 10:12,2026-10-24 10:39,High,False,Not Applicable,1.0
TRN-0002525,2026-10-24,MEMU,COR-02,SEC-04,Up,Increasing KM,2026-10-24 11:31,2026-10-24 12:19,Medium,False,Not Applicable,1.0
TRN-0002526,2026-10-24,Goods,COR-02,SEC-04,Up,Increasing KM,2026-10-24 13:11,2026-10-24 13:48,Medium,True,Forecasted,0.72
TRN-0002527,2026-10-24,Passenger,COR-02,SEC-04,Up,Increasing KM,2026-10-24 14:21,2026-10-24 14:55,High,False,Not Applicable,1.0
TRN-0002528,2026-10-24,Express,COR-02,SEC-04,Up,Increasing KM,2026-10-24 15:54,2026-10-24 16:44,High,False,Not Applicable,1.0
TRN-0002529,2026-10-24,Passenger,COR-02,SEC-03,Up,Increasing KM,2026-10-24 17:29,2026-10-24 18:10,High,False,Not Applicable,1.0
TRN-0002530,2026-10-24,Superfast,COR-02,SEC-04,Up,Increasing KM,2026-10-24 18:48,2026-10-24 19:36,Critical,False,Not Applicable,1.0
TRN-0002531,2026-10-24,Superfast,COR-02,SEC-03,Up,Increasing KM,2026-10-24 20:20,2026-10-24 20:47,Critical,False,Not Applicable,1.0
TRN-0002532,2026-10-24,Passenger,COR-02,SEC-04,Up,Increasing KM,2026-10-24 21:56,2026-10-24 22:40,High,False,Not Applicable,1.0
TRN-0002533,2026-10-24,MEMU,COR-02,SEC-03,Down,Decreasing KM,2026-10-24 05:29,2026-10-24 06:00,Medium,False,Not Applicable,1.0
TRN-0002534,2026-10-24,Express,COR-02,SEC-04,Down,Decreasing KM,2026-10-24 07:10,2026-10-24 07:37,High,False,Not Applicable,1.0
TRN-0002535,2026-10-24,Express,COR-02,SEC-04,Down,Decreasing KM,2026-10-24 08:28,2026-10-24 09:20,High,False,Not Applicable,1.0
TRN-0002536,2026-10-24,Passenger,COR-02,SEC-04,Down,Decreasing KM,2026-10-24 09:50,2026-10-24 10:49,High,False,Not Applicable,1.0
TRN-0002537,2026-10-24,Goods,COR-02,SEC-04,Down,Decreasing KM,2026-10-24 11:35,2026-10-24 12:31,Medium,True,Forecasted,0.86
TRN-0002538,2026-10-24,Express,COR-02,SEC-03,Down,Decreasing KM,2026-10-24 12:51,2026-10-24 13:26,High,False,Not Applicable,1.0
TRN-0002539,2026-10-24,Express,COR-02,SEC-04,Down,Decreasing KM,2026-10-24 14:40,2026-10-24 15:33,High,False,Not Applicable,1.0
TRN-0002540,2026-10-24,MEMU,COR-02,SEC-04,Down,Decreasing KM,2026-10-24 15:57,2026-10-24 16:56,Medium,False,Not Applicable,1.0
TRN-0002541,2026-10-24,Passenger,COR-02,SEC-04,Down,Decreasing KM,2026-10-24 17:37,2026-10-24 18:16,High,False,Not Applicable,1.0
TRN-0002542,2026-10-24,Goods,COR-02,SEC-04,Down,Decreasing KM,2026-10-24 19:04,2026-10-24 19:52,Medium,True,Scheduled,0.71
TRN-0002543,2026-10-24,MEMU,COR-02,SEC-04,Down,Decreasing KM,2026-10-24 20:29,2026-10-24 21:07,Medium,False,Not Applicable,1.0
TRN-0002544,2026-10-24,Goods,COR-02,SEC-03,Down,Decreasing KM,2026-10-24 22:02,2026-10-24 22:49,Medium,True,Scheduled,0.82
TRN-0002545,2026-10-24,Superfast,COR-03,SEC-06,Up,Increasing KM,2026-10-24 05:21,2026-10-24 06:14,Critical,False,Not Applicable,1.0
TRN-0002546,2026-10-24,Goods,COR-03,SEC-05,Up,Increasing KM,2026-10-24 06:57,2026-10-24 07:57,Medium,True,Scheduled,0.67
TRN-0002547,2026-10-24,Superfast,COR-03,SEC-05,Up,Increasing KM,2026-10-24 08:41,2026-10-24 09:35,Critical,False,Not Applicable,1.0
TRN-0002548,2026-10-24,Passenger,COR-03,SEC-05,Up,Increasing KM,2026-10-24 10:12,2026-10-24 11:10,High,False,Not Applicable,1.0
TRN-0002549,2026-10-24,Superfast,COR-03,SEC-05,Up,Increasing KM,2026-10-24 11:21,2026-10-24 11:57,Critical,False,Not Applicable,1.0
TRN-0002550,2026-10-24,Goods,COR-03,SEC-06,Up,Increasing KM,2026-10-24 12:51,2026-10-24 13:31,Medium,True,Forecasted,0.78
TRN-0002551,2026-10-24,Express,COR-03,SEC-05,Up,Increasing KM,2026-10-24 14:35,2026-10-24 15:30,High,False,Not Applicable,1.0
TRN-0002552,2026-10-24,Superfast,COR-03,SEC-05,Up,Increasing KM,2026-10-24 15:58,2026-10-24 16:52,Critical,False,Not Applicable,1.0
TRN-0002553,2026-10-24,Express,COR-03,SEC-06,Up,Increasing KM,2026-10-24 17:28,2026-10-24 18:26,High,False,Not Applicable,1.0
TRN-0002554,2026-10-24,Express,COR-03,SEC-05,Up,Increasing KM,2026-10-24 19:09,2026-10-24 19:54,High,False,Not Applicable,1.0
TRN-0002555,2026-10-24,Passenger,COR-03,SEC-05,Up,Increasing KM,2026-10-24 20:41,2026-10-24 21:08,High,False,Not Applicable,1.0
TRN-0002556,2026-10-24,Goods,COR-03,SEC-06,Up,Increasing KM,2026-10-24 22:10,2026-10-24 23:05,Medium,True,Forecasted,0.71
TRN-0002557,2026-10-24,Express,COR-03,SEC-05,Down,Decreasing KM,2026-10-24 05:36,2026-10-24 06:29,High,False,Not Applicable,1.0
TRN-0002558,2026-10-24,Passenger,COR-03,SEC-05,Down,Decreasing KM,2026-10-24 06:59,2026-10-24 07:30,High,False,Not Applicable,1.0
TRN-0002559,2026-10-24,Express,COR-03,SEC-06,Down,Decreasing KM,2026-10-24 08:23,2026-10-24 08:57,High,False,Not Applicable,1.0
TRN-0002560,2026-10-24,Goods,COR-03,SEC-05,Down,Decreasing KM,2026-10-24 09:48,2026-10-24 10:35,Medium,True,Forecasted,0.72
TRN-0002561,2026-10-24,Goods,COR-03,SEC-06,Down,Decreasing KM,2026-10-24 11:23,2026-10-24 12:15,Medium,True,Forecasted,0.86
TRN-0002562,2026-10-24,MEMU,COR-03,SEC-05,Down,Decreasing KM,2026-10-24 13:05,2026-10-24 13:38,Medium,False,Not Applicable,1.0
TRN-0002563,2026-10-24,Goods,COR-03,SEC-06,Down,Decreasing KM,2026-10-24 14:37,2026-10-24 15:37,Medium,True,Forecasted,0.88
TRN-0002564,2026-10-24,Goods,COR-03,SEC-05,Down,Decreasing KM,2026-10-24 15:55,2026-10-24 16:26,Medium,True,Forecasted,0.85
TRN-0002565,2026-10-24,MEMU,COR-03,SEC-05,Down,Decreasing KM,2026-10-24 17:19,2026-10-24 17:48,Medium,False,Not Applicable,1.0
TRN-0002566,2026-10-24,Goods,COR-03,SEC-05,Down,Decreasing KM,2026-10-24 19:01,2026-10-24 19:35,Medium,True,Scheduled,0.79
TRN-0002567,2026-10-24,Express,COR-03,SEC-05,Down,Decreasing KM,2026-10-24 20:37,2026-10-24 21:33,High,False,Not Applicable,1.0
TRN-0002568,2026-10-24,Superfast,COR-03,SEC-05,Down,Decreasing KM,2026-10-24 21:49,2026-10-24 22:24,Critical,False,Not Applicable,1.0
TRN-0002569,2026-10-24,MEMU,COR-04,SEC-07,Up,Increasing KM,2026-10-24 05:29,2026-10-24 06:23,Medium,False,Not Applicable,1.0
TRN-0002570,2026-10-24,Goods,COR-04,SEC-08,Up,Increasing KM,2026-10-24 07:10,2026-10-24 07:59,Medium,True,Forecasted,0.73
TRN-0002571,2026-10-24,Goods,COR-04,SEC-08,Up,Increasing KM,2026-10-24 08:42,2026-10-24 09:22,Medium,True,Scheduled,0.7
TRN-0002572,2026-10-24,Goods,COR-04,SEC-07,Up,Increasing KM,2026-10-24 10:04,2026-10-24 10:32,Medium,True,Forecasted,0.88
TRN-0002573,2026-10-24,Passenger,COR-04,SEC-08,Up,Increasing KM,2026-10-24 11:35,2026-10-24 12:32,High,False,Not Applicable,1.0
TRN-0002574,2026-10-24,Express,COR-04,SEC-07,Up,Increasing KM,2026-10-24 13:03,2026-10-24 13:53,High,False,Not Applicable,1.0
TRN-0002575,2026-10-24,Passenger,COR-04,SEC-07,Up,Increasing KM,2026-10-24 14:25,2026-10-24 15:07,High,False,Not Applicable,1.0
TRN-0002576,2026-10-24,Express,COR-04,SEC-08,Up,Increasing KM,2026-10-24 16:10,2026-10-24 16:40,High,False,Not Applicable,1.0
TRN-0002577,2026-10-24,Goods,COR-04,SEC-07,Up,Increasing KM,2026-10-24 17:18,2026-10-24 17:48,Medium,True,Forecasted,0.93
TRN-0002578,2026-10-24,Passenger,COR-04,SEC-08,Up,Increasing KM,2026-10-24 18:49,2026-10-24 19:43,High,False,Not Applicable,1.0
TRN-0002579,2026-10-24,Express,COR-04,SEC-07,Up,Increasing KM,2026-10-24 20:33,2026-10-24 21:27,High,False,Not Applicable,1.0
TRN-0002580,2026-10-24,Passenger,COR-04,SEC-08,Up,Increasing KM,2026-10-24 22:08,2026-10-24 22:36,High,False,Not Applicable,1.0
TRN-0002581,2026-10-24,Goods,COR-04,SEC-08,Down,Decreasing KM,2026-10-24 05:27,2026-10-24 06:16,Medium,True,Scheduled,0.97
TRN-0002582,2026-10-24,Express,COR-04,SEC-07,Down,Decreasing KM,2026-10-24 06:49,2026-10-24 07:46,High,False,Not Applicable,1.0
TRN-0002583,2026-10-24,Passenger,COR-04,SEC-08,Down,Decreasing KM,2026-10-24 08:27,2026-10-24 09:06,High,False,Not Applicable,1.0
TRN-0002584,2026-10-24,Goods,COR-04,SEC-07,Down,Decreasing KM,2026-10-24 10:03,2026-10-24 11:00,Medium,True,Forecasted,0.78
TRN-0002585,2026-10-24,Goods,COR-04,SEC-08,Down,Decreasing KM,2026-10-24 11:23,2026-10-24 11:53,Medium,True,Scheduled,0.97
TRN-0002586,2026-10-24,MEMU,COR-04,SEC-08,Down,Decreasing KM,2026-10-24 12:51,2026-10-24 13:48,Medium,False,Not Applicable,1.0
TRN-0002587,2026-10-24,MEMU,COR-04,SEC-08,Down,Decreasing KM,2026-10-24 14:30,2026-10-24 15:16,Medium,False,Not Applicable,1.0
TRN-0002588,2026-10-24,MEMU,COR-04,SEC-08,Down,Decreasing KM,2026-10-24 16:01,2026-10-24 16:53,Medium,False,Not Applicable,1.0
TRN-0002589,2026-10-24,Passenger,COR-04,SEC-07,Down,Decreasing KM,2026-10-24 17:35,2026-10-24 18:27,High,False,Not Applicable,1.0
TRN-0002590,2026-10-24,Goods,COR-04,SEC-07,Down,Decreasing KM,2026-10-24 18:48,2026-10-24 19:20,Medium,True,Scheduled,0.96
TRN-0002591,2026-10-24,Passenger,COR-04,SEC-08,Down,Decreasing KM,2026-10-24 20:24,2026-10-24 21:19,High,False,Not Applicable,1.0
TRN-0002592,2026-10-24,Express,COR-04,SEC-07,Down,Decreasing KM,2026-10-24 22:07,2026-10-24 22:55,High,False,Not Applicable,1.0
TRN-0002593,2026-10-25,Express,COR-01,SEC-02,Up,Increasing KM,2026-10-25 05:29,2026-10-25 05:58,High,False,Not Applicable,1.0
TRN-0002594,2026-10-25,Goods,COR-01,SEC-01,Up,Increasing KM,2026-10-25 07:09,2026-10-25 07:46,Medium,True,Forecasted,0.81
TRN-0002595,2026-10-25,MEMU,COR-01,SEC-01,Up,Increasing KM,2026-10-25 08:22,2026-10-25 08:54,Medium,False,Not Applicable,1.0
TRN-0002596,2026-10-25,MEMU,COR-01,SEC-02,Up,Increasing KM,2026-10-25 10:02,2026-10-25 10:35,Medium,False,Not Applicable,1.0
TRN-0002597,2026-10-25,Express,COR-01,SEC-02,Up,Increasing KM,2026-10-25 11:38,2026-10-25 12:26,High,False,Not Applicable,1.0
TRN-0002598,2026-10-25,Goods,COR-01,SEC-02,Up,Increasing KM,2026-10-25 13:11,2026-10-25 14:10,Medium,True,Forecasted,0.95
TRN-0002599,2026-10-25,MEMU,COR-01,SEC-01,Up,Increasing KM,2026-10-25 14:24,2026-10-25 15:23,Medium,False,Not Applicable,1.0
TRN-0002600,2026-10-25,Goods,COR-01,SEC-01,Up,Increasing KM,2026-10-25 15:50,2026-10-25 16:25,Medium,True,Forecasted,0.91
TRN-0002601,2026-10-25,Goods,COR-01,SEC-02,Up,Increasing KM,2026-10-25 17:26,2026-10-25 17:51,Medium,True,Forecasted,0.92
TRN-0002602,2026-10-25,Superfast,COR-01,SEC-02,Up,Increasing KM,2026-10-25 19:09,2026-10-25 19:59,Critical,False,Not Applicable,1.0
TRN-0002603,2026-10-25,Goods,COR-01,SEC-02,Up,Increasing KM,2026-10-25 20:31,2026-10-25 21:10,Medium,True,Forecasted,0.97
TRN-0002604,2026-10-25,Goods,COR-01,SEC-02,Up,Increasing KM,2026-10-25 21:49,2026-10-25 22:44,Medium,True,Forecasted,0.87
TRN-0002605,2026-10-25,Passenger,COR-01,SEC-02,Down,Decreasing KM,2026-10-25 05:20,2026-10-25 06:05,High,False,Not Applicable,1.0
TRN-0002606,2026-10-25,Express,COR-01,SEC-01,Down,Decreasing KM,2026-10-25 06:57,2026-10-25 07:44,High,False,Not Applicable,1.0
TRN-0002607,2026-10-25,Superfast,COR-01,SEC-02,Down,Decreasing KM,2026-10-25 08:23,2026-10-25 09:11,Critical,False,Not Applicable,1.0
TRN-0002608,2026-10-25,Passenger,COR-01,SEC-02,Down,Decreasing KM,2026-10-25 09:48,2026-10-25 10:20,High,False,Not Applicable,1.0
TRN-0002609,2026-10-25,Superfast,COR-01,SEC-01,Down,Decreasing KM,2026-10-25 11:32,2026-10-25 12:17,Critical,False,Not Applicable,1.0
TRN-0002610,2026-10-25,Passenger,COR-01,SEC-02,Down,Decreasing KM,2026-10-25 12:54,2026-10-25 13:28,High,False,Not Applicable,1.0
TRN-0002611,2026-10-25,Passenger,COR-01,SEC-02,Down,Decreasing KM,2026-10-25 14:30,2026-10-25 15:04,High,False,Not Applicable,1.0
TRN-0002612,2026-10-25,Goods,COR-01,SEC-01,Down,Decreasing KM,2026-10-25 16:07,2026-10-25 17:06,Medium,True,Forecasted,0.73
TRN-0002613,2026-10-25,Goods,COR-01,SEC-02,Down,Decreasing KM,2026-10-25 17:22,2026-10-25 18:15,Medium,True,Forecasted,0.89
TRN-0002614,2026-10-25,Passenger,COR-01,SEC-02,Down,Decreasing KM,2026-10-25 19:05,2026-10-25 19:47,High,False,Not Applicable,1.0
TRN-0002615,2026-10-25,Passenger,COR-01,SEC-01,Down,Decreasing KM,2026-10-25 20:25,2026-10-25 21:01,High,False,Not Applicable,1.0
TRN-0002616,2026-10-25,Express,COR-01,SEC-01,Down,Decreasing KM,2026-10-25 21:56,2026-10-25 22:55,High,False,Not Applicable,1.0
TRN-0002617,2026-10-25,Express,COR-02,SEC-03,Up,Increasing KM,2026-10-25 05:39,2026-10-25 06:29,High,False,Not Applicable,1.0
TRN-0002618,2026-10-25,Goods,COR-02,SEC-03,Up,Increasing KM,2026-10-25 07:02,2026-10-25 07:58,Medium,True,Forecasted,0.81
TRN-0002619,2026-10-25,Express,COR-02,SEC-04,Up,Increasing KM,2026-10-25 08:18,2026-10-25 09:16,High,False,Not Applicable,1.0
TRN-0002620,2026-10-25,Superfast,COR-02,SEC-03,Up,Increasing KM,2026-10-25 10:02,2026-10-25 10:30,Critical,False,Not Applicable,1.0
TRN-0002621,2026-10-25,Goods,COR-02,SEC-03,Up,Increasing KM,2026-10-25 11:35,2026-10-25 12:07,Medium,True,Forecasted,0.79
TRN-0002622,2026-10-25,Passenger,COR-02,SEC-03,Up,Increasing KM,2026-10-25 12:57,2026-10-25 13:52,High,False,Not Applicable,1.0
TRN-0002623,2026-10-25,Goods,COR-02,SEC-04,Up,Increasing KM,2026-10-25 14:21,2026-10-25 15:07,Medium,True,Forecasted,0.96
TRN-0002624,2026-10-25,Express,COR-02,SEC-03,Up,Increasing KM,2026-10-25 16:02,2026-10-25 16:57,High,False,Not Applicable,1.0
TRN-0002625,2026-10-25,Goods,COR-02,SEC-04,Up,Increasing KM,2026-10-25 17:38,2026-10-25 18:30,Medium,True,Forecasted,0.97
TRN-0002626,2026-10-25,Passenger,COR-02,SEC-03,Up,Increasing KM,2026-10-25 18:55,2026-10-25 19:27,High,False,Not Applicable,1.0
TRN-0002627,2026-10-25,Express,COR-02,SEC-03,Up,Increasing KM,2026-10-25 20:29,2026-10-25 21:04,High,False,Not Applicable,1.0
TRN-0002628,2026-10-25,Express,COR-02,SEC-04,Up,Increasing KM,2026-10-25 21:48,2026-10-25 22:32,High,False,Not Applicable,1.0
TRN-0002629,2026-10-25,Passenger,COR-02,SEC-04,Down,Decreasing KM,2026-10-25 05:30,2026-10-25 05:55,High,False,Not Applicable,1.0
TRN-0002630,2026-10-25,Superfast,COR-02,SEC-04,Down,Decreasing KM,2026-10-25 07:05,2026-10-25 07:51,Critical,False,Not Applicable,1.0
TRN-0002631,2026-10-25,MEMU,COR-02,SEC-04,Down,Decreasing KM,2026-10-25 08:40,2026-10-25 09:06,Medium,False,Not Applicable,1.0
TRN-0002632,2026-10-25,Superfast,COR-02,SEC-04,Down,Decreasing KM,2026-10-25 09:57,2026-10-25 10:42,Critical,False,Not Applicable,1.0
TRN-0002633,2026-10-25,Goods,COR-02,SEC-04,Down,Decreasing KM,2026-10-25 11:27,2026-10-25 12:06,Medium,True,Forecasted,0.94
TRN-0002634,2026-10-25,Goods,COR-02,SEC-04,Down,Decreasing KM,2026-10-25 13:06,2026-10-25 13:41,Medium,True,Forecasted,0.73
TRN-0002635,2026-10-25,Goods,COR-02,SEC-03,Down,Decreasing KM,2026-10-25 14:41,2026-10-25 15:12,Medium,True,Forecasted,0.96
TRN-0002636,2026-10-25,Express,COR-02,SEC-04,Down,Decreasing KM,2026-10-25 16:10,2026-10-25 16:54,High,False,Not Applicable,1.0
TRN-0002637,2026-10-25,Goods,COR-02,SEC-03,Down,Decreasing KM,2026-10-25 17:36,2026-10-25 18:14,Medium,True,Forecasted,0.79
TRN-0002638,2026-10-25,MEMU,COR-02,SEC-03,Down,Decreasing KM,2026-10-25 19:05,2026-10-25 19:35,Medium,False,Not Applicable,1.0
TRN-0002639,2026-10-25,Goods,COR-02,SEC-04,Down,Decreasing KM,2026-10-25 20:37,2026-10-25 21:32,Medium,True,Scheduled,0.79
TRN-0002640,2026-10-25,Express,COR-02,SEC-03,Down,Decreasing KM,2026-10-25 22:11,2026-10-25 22:40,High,False,Not Applicable,1.0
TRN-0002641,2026-10-25,MEMU,COR-03,SEC-06,Up,Increasing KM,2026-10-25 05:22,2026-10-25 06:16,Medium,False,Not Applicable,1.0
TRN-0002642,2026-10-25,MEMU,COR-03,SEC-05,Up,Increasing KM,2026-10-25 07:01,2026-10-25 07:34,Medium,False,Not Applicable,1.0
TRN-0002643,2026-10-25,Superfast,COR-03,SEC-06,Up,Increasing KM,2026-10-25 08:42,2026-10-25 09:25,Critical,False,Not Applicable,1.0
TRN-0002644,2026-10-25,Passenger,COR-03,SEC-06,Up,Increasing KM,2026-10-25 09:53,2026-10-25 10:53,High,False,Not Applicable,1.0
TRN-0002645,2026-10-25,Superfast,COR-03,SEC-05,Up,Increasing KM,2026-10-25 11:27,2026-10-25 12:14,Critical,False,Not Applicable,1.0
TRN-0002646,2026-10-25,Superfast,COR-03,SEC-05,Up,Increasing KM,2026-10-25 12:59,2026-10-25 13:59,Critical,False,Not Applicable,1.0
TRN-0002647,2026-10-25,Express,COR-03,SEC-06,Up,Increasing KM,2026-10-25 14:37,2026-10-25 15:23,High,False,Not Applicable,1.0
TRN-0002648,2026-10-25,Express,COR-03,SEC-06,Up,Increasing KM,2026-10-25 16:12,2026-10-25 16:44,High,False,Not Applicable,1.0
TRN-0002649,2026-10-25,Passenger,COR-03,SEC-05,Up,Increasing KM,2026-10-25 17:20,2026-10-25 18:09,High,False,Not Applicable,1.0
TRN-0002650,2026-10-25,Passenger,COR-03,SEC-06,Up,Increasing KM,2026-10-25 19:00,2026-10-25 19:47,High,False,Not Applicable,1.0
TRN-0002651,2026-10-25,Passenger,COR-03,SEC-06,Up,Increasing KM,2026-10-25 20:36,2026-10-25 21:12,High,False,Not Applicable,1.0
TRN-0002652,2026-10-25,MEMU,COR-03,SEC-05,Up,Increasing KM,2026-10-25 21:48,2026-10-25 22:15,Medium,False,Not Applicable,1.0
TRN-0002653,2026-10-25,Passenger,COR-03,SEC-06,Down,Decreasing KM,2026-10-25 05:34,2026-10-25 06:07,High,False,Not Applicable,1.0
TRN-0002654,2026-10-25,Passenger,COR-03,SEC-06,Down,Decreasing KM,2026-10-25 07:02,2026-10-25 07:30,High,False,Not Applicable,1.0
TRN-0002655,2026-10-25,Passenger,COR-03,SEC-05,Down,Decreasing KM,2026-10-25 08:37,2026-10-25 09:07,High,False,Not Applicable,1.0
TRN-0002656,2026-10-25,Express,COR-03,SEC-06,Down,Decreasing KM,2026-10-25 09:51,2026-10-25 10:28,High,False,Not Applicable,1.0
TRN-0002657,2026-10-25,Superfast,COR-03,SEC-06,Down,Decreasing KM,2026-10-25 11:31,2026-10-25 12:22,Critical,False,Not Applicable,1.0
TRN-0002658,2026-10-25,Goods,COR-03,SEC-06,Down,Decreasing KM,2026-10-25 13:08,2026-10-25 13:35,Medium,True,Forecasted,0.98
TRN-0002659,2026-10-25,Goods,COR-03,SEC-05,Down,Decreasing KM,2026-10-25 14:40,2026-10-25 15:20,Medium,True,Scheduled,0.68
TRN-0002660,2026-10-25,Goods,COR-03,SEC-06,Down,Decreasing KM,2026-10-25 16:11,2026-10-25 16:37,Medium,True,Forecasted,0.8
TRN-0002661,2026-10-25,Goods,COR-03,SEC-06,Down,Decreasing KM,2026-10-25 17:23,2026-10-25 17:56,Medium,True,Forecasted,0.71
TRN-0002662,2026-10-25,Passenger,COR-03,SEC-06,Down,Decreasing KM,2026-10-25 18:52,2026-10-25 19:50,High,False,Not Applicable,1.0
TRN-0002663,2026-10-25,Passenger,COR-03,SEC-06,Down,Decreasing KM,2026-10-25 20:32,2026-10-25 21:13,High,False,Not Applicable,1.0
TRN-0002664,2026-10-25,Express,COR-03,SEC-06,Down,Decreasing KM,2026-10-25 21:59,2026-10-25 22:50,High,False,Not Applicable,1.0
TRN-0002665,2026-10-25,Express,COR-04,SEC-07,Up,Increasing KM,2026-10-25 05:18,2026-10-25 05:56,High,False,Not Applicable,1.0
TRN-0002666,2026-10-25,MEMU,COR-04,SEC-08,Up,Increasing KM,2026-10-25 07:06,2026-10-25 07:52,Medium,False,Not Applicable,1.0
TRN-0002667,2026-10-25,Goods,COR-04,SEC-07,Up,Increasing KM,2026-10-25 08:23,2026-10-25 09:08,Medium,True,Forecasted,0.96
TRN-0002668,2026-10-25,Goods,COR-04,SEC-07,Up,Increasing KM,2026-10-25 10:05,2026-10-25 10:40,Medium,True,Forecasted,0.69
TRN-0002669,2026-10-25,Superfast,COR-04,SEC-08,Up,Increasing KM,2026-10-25 11:30,2026-10-25 12:21,Critical,False,Not Applicable,1.0
TRN-0002670,2026-10-25,Superfast,COR-04,SEC-07,Up,Increasing KM,2026-10-25 12:48,2026-10-25 13:46,Critical,False,Not Applicable,1.0
TRN-0002671,2026-10-25,Superfast,COR-04,SEC-07,Up,Increasing KM,2026-10-25 14:37,2026-10-25 15:10,Critical,False,Not Applicable,1.0
TRN-0002672,2026-10-25,Passenger,COR-04,SEC-07,Up,Increasing KM,2026-10-25 15:54,2026-10-25 16:39,High,False,Not Applicable,1.0
TRN-0002673,2026-10-25,MEMU,COR-04,SEC-07,Up,Increasing KM,2026-10-25 17:41,2026-10-25 18:34,Medium,False,Not Applicable,1.0
TRN-0002674,2026-10-25,Goods,COR-04,SEC-07,Up,Increasing KM,2026-10-25 19:08,2026-10-25 19:45,Medium,True,Forecasted,0.89
TRN-0002675,2026-10-25,Passenger,COR-04,SEC-07,Up,Increasing KM,2026-10-25 20:22,2026-10-25 21:00,High,False,Not Applicable,1.0
TRN-0002676,2026-10-25,MEMU,COR-04,SEC-08,Up,Increasing KM,2026-10-25 22:03,2026-10-25 22:41,Medium,False,Not Applicable,1.0
TRN-0002677,2026-10-25,Goods,COR-04,SEC-07,Down,Decreasing KM,2026-10-25 05:41,2026-10-25 06:34,Medium,True,Forecasted,0.8
TRN-0002678,2026-10-25,Goods,COR-04,SEC-08,Down,Decreasing KM,2026-10-25 07:02,2026-10-25 07:52,Medium,True,Forecasted,0.95
TRN-0002679,2026-10-25,Passenger,COR-04,SEC-08,Down,Decreasing KM,2026-10-25 08:41,2026-10-25 09:06,High,False,Not Applicable,1.0
TRN-0002680,2026-10-25,Express,COR-04,SEC-07,Down,Decreasing KM,2026-10-25 10:05,2026-10-25 10:58,High,False,Not Applicable,1.0
TRN-0002681,2026-10-25,Express,COR-04,SEC-07,Down,Decreasing KM,2026-10-25 11:40,2026-10-25 12:11,High,False,Not Applicable,1.0
TRN-0002682,2026-10-25,Express,COR-04,SEC-07,Down,Decreasing KM,2026-10-25 12:52,2026-10-25 13:46,High,False,Not Applicable,1.0
TRN-0002683,2026-10-25,Express,COR-04,SEC-08,Down,Decreasing KM,2026-10-25 14:41,2026-10-25 15:35,High,False,Not Applicable,1.0
TRN-0002684,2026-10-25,Express,COR-04,SEC-07,Down,Decreasing KM,2026-10-25 16:11,2026-10-25 16:45,High,False,Not Applicable,1.0
TRN-0002685,2026-10-25,Passenger,COR-04,SEC-07,Down,Decreasing KM,2026-10-25 17:19,2026-10-25 17:46,High,False,Not Applicable,1.0
TRN-0002686,2026-10-25,Superfast,COR-04,SEC-08,Down,Decreasing KM,2026-10-25 18:56,2026-10-25 19:36,Critical,False,Not Applicable,1.0
TRN-0002687,2026-10-25,Passenger,COR-04,SEC-08,Down,Decreasing KM,2026-10-25 20:28,2026-10-25 21:03,High,False,Not Applicable,1.0
TRN-0002688,2026-10-25,Goods,COR-04,SEC-07,Down,Decreasing KM,2026-10-25 21:58,2026-10-25 22:42,Medium,True,Forecasted,0.9
TRN-0002689,2026-10-26,Express,COR-01,SEC-02,Up,Increasing KM,2026-10-26 05:25,2026-10-26 06:13,High,False,Not Applicable,1.0
TRN-0002690,2026-10-26,Goods,COR-01,SEC-01,Up,Increasing KM,2026-10-26 06:56,2026-10-26 07:42,Medium,True,Forecasted,0.72
TRN-0002691,2026-10-26,Superfast,COR-01,SEC-02,Up,Increasing KM,2026-10-26 08:22,2026-10-26 08:51,Critical,False,Not Applicable,1.0
TRN-0002692,2026-10-26,Passenger,COR-01,SEC-01,Up,Increasing KM,2026-10-26 09:55,2026-10-26 10:49,High,False,Not Applicable,1.0
TRN-0002693,2026-10-26,Passenger,COR-01,SEC-01,Up,Increasing KM,2026-10-26 11:25,2026-10-26 12:22,High,False,Not Applicable,1.0
TRN-0002694,2026-10-26,Express,COR-01,SEC-02,Up,Increasing KM,2026-10-26 12:54,2026-10-26 13:22,High,False,Not Applicable,1.0
TRN-0002695,2026-10-26,MEMU,COR-01,SEC-02,Up,Increasing KM,2026-10-26 14:26,2026-10-26 15:12,Medium,False,Not Applicable,1.0
TRN-0002696,2026-10-26,Express,COR-01,SEC-01,Up,Increasing KM,2026-10-26 15:55,2026-10-26 16:38,High,False,Not Applicable,1.0
TRN-0002697,2026-10-26,Passenger,COR-01,SEC-01,Up,Increasing KM,2026-10-26 17:35,2026-10-26 18:07,High,False,Not Applicable,1.0
TRN-0002698,2026-10-26,Goods,COR-01,SEC-01,Up,Increasing KM,2026-10-26 18:56,2026-10-26 19:39,Medium,True,Forecasted,0.94
TRN-0002699,2026-10-26,Express,COR-01,SEC-02,Up,Increasing KM,2026-10-26 20:36,2026-10-26 21:09,High,False,Not Applicable,1.0
TRN-0002700,2026-10-26,MEMU,COR-01,SEC-02,Up,Increasing KM,2026-10-26 22:03,2026-10-26 22:50,Medium,False,Not Applicable,1.0
TRN-0002701,2026-10-26,Passenger,COR-01,SEC-02,Down,Decreasing KM,2026-10-26 05:25,2026-10-26 06:10,High,False,Not Applicable,1.0
TRN-0002702,2026-10-26,Superfast,COR-01,SEC-01,Down,Decreasing KM,2026-10-26 07:12,2026-10-26 07:56,Critical,False,Not Applicable,1.0
TRN-0002703,2026-10-26,Express,COR-01,SEC-02,Down,Decreasing KM,2026-10-26 08:24,2026-10-26 08:56,High,False,Not Applicable,1.0
TRN-0002704,2026-10-26,Superfast,COR-01,SEC-01,Down,Decreasing KM,2026-10-26 10:09,2026-10-26 10:42,Critical,False,Not Applicable,1.0
TRN-0002705,2026-10-26,Passenger,COR-01,SEC-01,Down,Decreasing KM,2026-10-26 11:33,2026-10-26 12:09,High,False,Not Applicable,1.0
TRN-0002706,2026-10-26,Passenger,COR-01,SEC-01,Down,Decreasing KM,2026-10-26 12:53,2026-10-26 13:26,High,False,Not Applicable,1.0
TRN-0002707,2026-10-26,Express,COR-01,SEC-02,Down,Decreasing KM,2026-10-26 14:36,2026-10-26 15:34,High,False,Not Applicable,1.0
TRN-0002708,2026-10-26,Express,COR-01,SEC-01,Down,Decreasing KM,2026-10-26 15:54,2026-10-26 16:32,High,False,Not Applicable,1.0
TRN-0002709,2026-10-26,Goods,COR-01,SEC-01,Down,Decreasing KM,2026-10-26 17:24,2026-10-26 18:03,Medium,True,Forecasted,0.97
TRN-0002710,2026-10-26,Express,COR-01,SEC-01,Down,Decreasing KM,2026-10-26 18:56,2026-10-26 19:45,High,False,Not Applicable,1.0
TRN-0002711,2026-10-26,Goods,COR-01,SEC-02,Down,Decreasing KM,2026-10-26 20:35,2026-10-26 21:32,Medium,True,Forecasted,0.97
TRN-0002712,2026-10-26,MEMU,COR-01,SEC-02,Down,Decreasing KM,2026-10-26 21:57,2026-10-26 22:29,Medium,False,Not Applicable,1.0
TRN-0002713,2026-10-26,Passenger,COR-02,SEC-04,Up,Increasing KM,2026-10-26 05:35,2026-10-26 06:08,High,False,Not Applicable,1.0
TRN-0002714,2026-10-26,MEMU,COR-02,SEC-04,Up,Increasing KM,2026-10-26 07:05,2026-10-26 07:50,Medium,False,Not Applicable,1.0
TRN-0002715,2026-10-26,Superfast,COR-02,SEC-03,Up,Increasing KM,2026-10-26 08:23,2026-10-26 09:14,Critical,False,Not Applicable,1.0
TRN-0002716,2026-10-26,Passenger,COR-02,SEC-04,Up,Increasing KM,2026-10-26 10:02,2026-10-26 10:46,High,False,Not Applicable,1.0
TRN-0002717,2026-10-26,Passenger,COR-02,SEC-04,Up,Increasing KM,2026-10-26 11:22,2026-10-26 11:57,High,False,Not Applicable,1.0
TRN-0002718,2026-10-26,Goods,COR-02,SEC-04,Up,Increasing KM,2026-10-26 13:01,2026-10-26 13:40,Medium,True,Forecasted,0.9
TRN-0002719,2026-10-26,MEMU,COR-02,SEC-03,Up,Increasing KM,2026-10-26 14:22,2026-10-26 15:19,Medium,False,Not Applicable,1.0
TRN-0002720,2026-10-26,Superfast,COR-02,SEC-04,Up,Increasing KM,2026-10-26 15:49,2026-10-26 16:32,Critical,False,Not Applicable,1.0
TRN-0002721,2026-10-26,Passenger,COR-02,SEC-03,Up,Increasing KM,2026-10-26 17:42,2026-10-26 18:15,High,False,Not Applicable,1.0
TRN-0002722,2026-10-26,Express,COR-02,SEC-04,Up,Increasing KM,2026-10-26 19:10,2026-10-26 19:36,High,False,Not Applicable,1.0
TRN-0002723,2026-10-26,Goods,COR-02,SEC-03,Up,Increasing KM,2026-10-26 20:35,2026-10-26 21:19,Medium,True,Scheduled,0.77
TRN-0002724,2026-10-26,Goods,COR-02,SEC-04,Up,Increasing KM,2026-10-26 22:03,2026-10-26 22:42,Medium,True,Forecasted,0.86
TRN-0002725,2026-10-26,MEMU,COR-02,SEC-03,Down,Decreasing KM,2026-10-26 05:28,2026-10-26 05:58,Medium,False,Not Applicable,1.0
TRN-0002726,2026-10-26,Superfast,COR-02,SEC-04,Down,Decreasing KM,2026-10-26 07:08,2026-10-26 07:51,Critical,False,Not Applicable,1.0
TRN-0002727,2026-10-26,MEMU,COR-02,SEC-04,Down,Decreasing KM,2026-10-26 08:22,2026-10-26 09:13,Medium,False,Not Applicable,1.0
TRN-0002728,2026-10-26,Superfast,COR-02,SEC-04,Down,Decreasing KM,2026-10-26 10:04,2026-10-26 10:51,Critical,False,Not Applicable,1.0
TRN-0002729,2026-10-26,Passenger,COR-02,SEC-04,Down,Decreasing KM,2026-10-26 11:42,2026-10-26 12:34,High,False,Not Applicable,1.0
TRN-0002730,2026-10-26,Express,COR-02,SEC-04,Down,Decreasing KM,2026-10-26 13:09,2026-10-26 13:41,High,False,Not Applicable,1.0
TRN-0002731,2026-10-26,MEMU,COR-02,SEC-04,Down,Decreasing KM,2026-10-26 14:19,2026-10-26 15:00,Medium,False,Not Applicable,1.0
TRN-0002732,2026-10-26,Passenger,COR-02,SEC-03,Down,Decreasing KM,2026-10-26 15:50,2026-10-26 16:31,High,False,Not Applicable,1.0
TRN-0002733,2026-10-26,Superfast,COR-02,SEC-03,Down,Decreasing KM,2026-10-26 17:33,2026-10-26 18:31,Critical,False,Not Applicable,1.0
TRN-0002734,2026-10-26,Superfast,COR-02,SEC-03,Down,Decreasing KM,2026-10-26 19:11,2026-10-26 19:43,Critical,False,Not Applicable,1.0
TRN-0002735,2026-10-26,MEMU,COR-02,SEC-03,Down,Decreasing KM,2026-10-26 20:39,2026-10-26 21:15,Medium,False,Not Applicable,1.0
TRN-0002736,2026-10-26,Express,COR-02,SEC-04,Down,Decreasing KM,2026-10-26 22:10,2026-10-26 22:35,High,False,Not Applicable,1.0
TRN-0002737,2026-10-26,Goods,COR-03,SEC-05,Up,Increasing KM,2026-10-26 05:21,2026-10-26 06:10,Medium,True,Forecasted,0.97
TRN-0002738,2026-10-26,Goods,COR-03,SEC-05,Up,Increasing KM,2026-10-26 07:12,2026-10-26 07:49,Medium,True,Forecasted,0.97
TRN-0002739,2026-10-26,Superfast,COR-03,SEC-06,Up,Increasing KM,2026-10-26 08:39,2026-10-26 09:31,Critical,False,Not Applicable,1.0
TRN-0002740,2026-10-26,Goods,COR-03,SEC-06,Up,Increasing KM,2026-10-26 09:54,2026-10-26 10:43,Medium,True,Forecasted,0.73
TRN-0002741,2026-10-26,MEMU,COR-03,SEC-06,Up,Increasing KM,2026-10-26 11:35,2026-10-26 12:02,Medium,False,Not Applicable,1.0
TRN-0002742,2026-10-26,Goods,COR-03,SEC-06,Up,Increasing KM,2026-10-26 13:02,2026-10-26 13:29,Medium,True,Scheduled,0.84
TRN-0002743,2026-10-26,Express,COR-03,SEC-05,Up,Increasing KM,2026-10-26 14:40,2026-10-26 15:09,High,False,Not Applicable,1.0
TRN-0002744,2026-10-26,Passenger,COR-03,SEC-06,Up,Increasing KM,2026-10-26 15:55,2026-10-26 16:34,High,False,Not Applicable,1.0
TRN-0002745,2026-10-26,MEMU,COR-03,SEC-06,Up,Increasing KM,2026-10-26 17:42,2026-10-26 18:35,Medium,False,Not Applicable,1.0
TRN-0002746,2026-10-26,Passenger,COR-03,SEC-05,Up,Increasing KM,2026-10-26 18:57,2026-10-26 19:51,High,False,Not Applicable,1.0
TRN-0002747,2026-10-26,Goods,COR-03,SEC-06,Up,Increasing KM,2026-10-26 20:35,2026-10-26 21:34,Medium,True,Forecasted,0.76
TRN-0002748,2026-10-26,Passenger,COR-03,SEC-06,Up,Increasing KM,2026-10-26 21:57,2026-10-26 22:33,High,False,Not Applicable,1.0
TRN-0002749,2026-10-26,Goods,COR-03,SEC-05,Down,Decreasing KM,2026-10-26 05:20,2026-10-26 06:00,Medium,True,Forecasted,0.72
TRN-0002750,2026-10-26,Passenger,COR-03,SEC-06,Down,Decreasing KM,2026-10-26 07:11,2026-10-26 07:59,High,False,Not Applicable,1.0
TRN-0002751,2026-10-26,MEMU,COR-03,SEC-05,Down,Decreasing KM,2026-10-26 08:23,2026-10-26 09:10,Medium,False,Not Applicable,1.0
TRN-0002752,2026-10-26,Passenger,COR-03,SEC-05,Down,Decreasing KM,2026-10-26 09:54,2026-10-26 10:52,High,False,Not Applicable,1.0
TRN-0002753,2026-10-26,Passenger,COR-03,SEC-06,Down,Decreasing KM,2026-10-26 11:28,2026-10-26 12:03,High,False,Not Applicable,1.0
TRN-0002754,2026-10-26,Passenger,COR-03,SEC-06,Down,Decreasing KM,2026-10-26 12:51,2026-10-26 13:37,High,False,Not Applicable,1.0
TRN-0002755,2026-10-26,Superfast,COR-03,SEC-06,Down,Decreasing KM,2026-10-26 14:38,2026-10-26 15:35,Critical,False,Not Applicable,1.0
TRN-0002756,2026-10-26,Passenger,COR-03,SEC-05,Down,Decreasing KM,2026-10-26 16:05,2026-10-26 17:02,High,False,Not Applicable,1.0
TRN-0002757,2026-10-26,Superfast,COR-03,SEC-05,Down,Decreasing KM,2026-10-26 17:21,2026-10-26 17:46,Critical,False,Not Applicable,1.0
TRN-0002758,2026-10-26,Passenger,COR-03,SEC-05,Down,Decreasing KM,2026-10-26 18:52,2026-10-26 19:20,High,False,Not Applicable,1.0
TRN-0002759,2026-10-26,Goods,COR-03,SEC-05,Down,Decreasing KM,2026-10-26 20:18,2026-10-26 21:18,Medium,True,Forecasted,0.87
TRN-0002760,2026-10-26,Passenger,COR-03,SEC-05,Down,Decreasing KM,2026-10-26 22:11,2026-10-26 23:09,High,False,Not Applicable,1.0
TRN-0002761,2026-10-26,MEMU,COR-04,SEC-08,Up,Increasing KM,2026-10-26 05:36,2026-10-26 06:13,Medium,False,Not Applicable,1.0
TRN-0002762,2026-10-26,Passenger,COR-04,SEC-07,Up,Increasing KM,2026-10-26 06:57,2026-10-26 07:28,High,False,Not Applicable,1.0
TRN-0002763,2026-10-26,MEMU,COR-04,SEC-08,Up,Increasing KM,2026-10-26 08:40,2026-10-26 09:22,Medium,False,Not Applicable,1.0
TRN-0002764,2026-10-26,Goods,COR-04,SEC-08,Up,Increasing KM,2026-10-26 09:49,2026-10-26 10:19,Medium,True,Forecasted,0.78
TRN-0002765,2026-10-26,Passenger,COR-04,SEC-08,Up,Increasing KM,2026-10-26 11:18,2026-10-26 11:44,High,False,Not Applicable,1.0
TRN-0002766,2026-10-26,Superfast,COR-04,SEC-07,Up,Increasing KM,2026-10-26 13:11,2026-10-26 13:37,Critical,False,Not Applicable,1.0
TRN-0002767,2026-10-26,Goods,COR-04,SEC-08,Up,Increasing KM,2026-10-26 14:22,2026-10-26 15:05,Medium,True,Forecasted,0.89
TRN-0002768,2026-10-26,Express,COR-04,SEC-08,Up,Increasing KM,2026-10-26 16:12,2026-10-26 16:51,High,False,Not Applicable,1.0
TRN-0002769,2026-10-26,Passenger,COR-04,SEC-08,Up,Increasing KM,2026-10-26 17:25,2026-10-26 18:11,High,False,Not Applicable,1.0
TRN-0002770,2026-10-26,Express,COR-04,SEC-07,Up,Increasing KM,2026-10-26 18:57,2026-10-26 19:52,High,False,Not Applicable,1.0
TRN-0002771,2026-10-26,MEMU,COR-04,SEC-07,Up,Increasing KM,2026-10-26 20:18,2026-10-26 20:45,Medium,False,Not Applicable,1.0
TRN-0002772,2026-10-26,Passenger,COR-04,SEC-08,Up,Increasing KM,2026-10-26 22:11,2026-10-26 23:00,High,False,Not Applicable,1.0
TRN-0002773,2026-10-26,Superfast,COR-04,SEC-08,Down,Decreasing KM,2026-10-26 05:36,2026-10-26 06:02,Critical,False,Not Applicable,1.0
TRN-0002774,2026-10-26,Passenger,COR-04,SEC-07,Down,Decreasing KM,2026-10-26 06:53,2026-10-26 07:21,High,False,Not Applicable,1.0
TRN-0002775,2026-10-26,Express,COR-04,SEC-07,Down,Decreasing KM,2026-10-26 08:31,2026-10-26 09:23,High,False,Not Applicable,1.0
TRN-0002776,2026-10-26,MEMU,COR-04,SEC-07,Down,Decreasing KM,2026-10-26 10:07,2026-10-26 11:01,Medium,False,Not Applicable,1.0
TRN-0002777,2026-10-26,MEMU,COR-04,SEC-08,Down,Decreasing KM,2026-10-26 11:33,2026-10-26 12:13,Medium,False,Not Applicable,1.0
TRN-0002778,2026-10-26,MEMU,COR-04,SEC-07,Down,Decreasing KM,2026-10-26 12:54,2026-10-26 13:52,Medium,False,Not Applicable,1.0
TRN-0002779,2026-10-26,Passenger,COR-04,SEC-08,Down,Decreasing KM,2026-10-26 14:34,2026-10-26 15:32,High,False,Not Applicable,1.0
TRN-0002780,2026-10-26,Express,COR-04,SEC-07,Down,Decreasing KM,2026-10-26 16:06,2026-10-26 16:54,High,False,Not Applicable,1.0
TRN-0002781,2026-10-26,Passenger,COR-04,SEC-08,Down,Decreasing KM,2026-10-26 17:18,2026-10-26 18:03,High,False,Not Applicable,1.0
TRN-0002782,2026-10-26,Goods,COR-04,SEC-08,Down,Decreasing KM,2026-10-26 19:02,2026-10-26 20:01,Medium,True,Scheduled,0.71
TRN-0002783,2026-10-26,Goods,COR-04,SEC-07,Down,Decreasing KM,2026-10-26 20:30,2026-10-26 21:18,Medium,True,Forecasted,0.81
TRN-0002784,2026-10-26,Passenger,COR-04,SEC-07,Down,Decreasing KM,2026-10-26 21:57,2026-10-26 22:48,High,False,Not Applicable,1.0
TRN-0002785,2026-10-27,MEMU,COR-01,SEC-01,Up,Increasing KM,2026-10-27 05:27,2026-10-27 06:22,Medium,False,Not Applicable,1.0
TRN-0002786,2026-10-27,Goods,COR-01,SEC-01,Up,Increasing KM,2026-10-27 06:51,2026-10-27 07:42,Medium,True,Scheduled,0.76
TRN-0002787,2026-10-27,MEMU,COR-01,SEC-02,Up,Increasing KM,2026-10-27 08:26,2026-10-27 09:09,Medium,False,Not Applicable,1.0
TRN-0002788,2026-10-27,Goods,COR-01,SEC-02,Up,Increasing KM,2026-10-27 10:12,2026-10-27 10:54,Medium,True,Forecasted,0.78
TRN-0002789,2026-10-27,Superfast,COR-01,SEC-01,Up,Increasing KM,2026-10-27 11:35,2026-10-27 12:03,Critical,False,Not Applicable,1.0
TRN-0002790,2026-10-27,MEMU,COR-01,SEC-01,Up,Increasing KM,2026-10-27 13:06,2026-10-27 13:49,Medium,False,Not Applicable,1.0
TRN-0002791,2026-10-27,Express,COR-01,SEC-01,Up,Increasing KM,2026-10-27 14:40,2026-10-27 15:25,High,False,Not Applicable,1.0
TRN-0002792,2026-10-27,Goods,COR-01,SEC-01,Up,Increasing KM,2026-10-27 15:54,2026-10-27 16:22,Medium,True,Forecasted,0.78
TRN-0002793,2026-10-27,MEMU,COR-01,SEC-02,Up,Increasing KM,2026-10-27 17:34,2026-10-27 18:13,Medium,False,Not Applicable,1.0
TRN-0002794,2026-10-27,Passenger,COR-01,SEC-02,Up,Increasing KM,2026-10-27 18:57,2026-10-27 19:54,High,False,Not Applicable,1.0
TRN-0002795,2026-10-27,Passenger,COR-01,SEC-01,Up,Increasing KM,2026-10-27 20:39,2026-10-27 21:06,High,False,Not Applicable,1.0
TRN-0002796,2026-10-27,Superfast,COR-01,SEC-02,Up,Increasing KM,2026-10-27 21:58,2026-10-27 22:35,Critical,False,Not Applicable,1.0
TRN-0002797,2026-10-27,Goods,COR-01,SEC-02,Down,Decreasing KM,2026-10-27 05:36,2026-10-27 06:29,Medium,True,Forecasted,0.74
TRN-0002798,2026-10-27,Passenger,COR-01,SEC-02,Down,Decreasing KM,2026-10-27 06:54,2026-10-27 07:33,High,False,Not Applicable,1.0
TRN-0002799,2026-10-27,Passenger,COR-01,SEC-01,Down,Decreasing KM,2026-10-27 08:42,2026-10-27 09:40,High,False,Not Applicable,1.0
TRN-0002800,2026-10-27,Express,COR-01,SEC-02,Down,Decreasing KM,2026-10-27 10:06,2026-10-27 10:31,High,False,Not Applicable,1.0
TRN-0002801,2026-10-27,Goods,COR-01,SEC-01,Down,Decreasing KM,2026-10-27 11:41,2026-10-27 12:09,Medium,True,Forecasted,0.78
TRN-0002802,2026-10-27,Express,COR-01,SEC-01,Down,Decreasing KM,2026-10-27 13:11,2026-10-27 13:48,High,False,Not Applicable,1.0
TRN-0002803,2026-10-27,Express,COR-01,SEC-02,Down,Decreasing KM,2026-10-27 14:20,2026-10-27 15:18,High,False,Not Applicable,1.0
TRN-0002804,2026-10-27,Superfast,COR-01,SEC-01,Down,Decreasing KM,2026-10-27 15:59,2026-10-27 16:31,Critical,False,Not Applicable,1.0
TRN-0002805,2026-10-27,Passenger,COR-01,SEC-01,Down,Decreasing KM,2026-10-27 17:36,2026-10-27 18:21,High,False,Not Applicable,1.0
TRN-0002806,2026-10-27,Superfast,COR-01,SEC-01,Down,Decreasing KM,2026-10-27 18:48,2026-10-27 19:29,Critical,False,Not Applicable,1.0
TRN-0002807,2026-10-27,MEMU,COR-01,SEC-01,Down,Decreasing KM,2026-10-27 20:29,2026-10-27 21:21,Medium,False,Not Applicable,1.0
TRN-0002808,2026-10-27,Superfast,COR-01,SEC-02,Down,Decreasing KM,2026-10-27 22:05,2026-10-27 22:57,Critical,False,Not Applicable,1.0
TRN-0002809,2026-10-27,Express,COR-02,SEC-04,Up,Increasing KM,2026-10-27 05:38,2026-10-27 06:13,High,False,Not Applicable,1.0
TRN-0002810,2026-10-27,Goods,COR-02,SEC-04,Up,Increasing KM,2026-10-27 06:50,2026-10-27 07:26,Medium,True,Forecasted,0.75
TRN-0002811,2026-10-27,Passenger,COR-02,SEC-03,Up,Increasing KM,2026-10-27 08:29,2026-10-27 09:29,High,False,Not Applicable,1.0
TRN-0002812,2026-10-27,Goods,COR-02,SEC-03,Up,Increasing KM,2026-10-27 10:05,2026-10-27 10:37,Medium,True,Forecasted,0.95
TRN-0002813,2026-10-27,Passenger,COR-02,SEC-04,Up,Increasing KM,2026-10-27 11:28,2026-10-27 11:56,High,False,Not Applicable,1.0
TRN-0002814,2026-10-27,Express,COR-02,SEC-04,Up,Increasing KM,2026-10-27 13:04,2026-10-27 14:00,High,False,Not Applicable,1.0
TRN-0002815,2026-10-27,Express,COR-02,SEC-03,Up,Increasing KM,2026-10-27 14:33,2026-10-27 15:24,High,False,Not Applicable,1.0
TRN-0002816,2026-10-27,Passenger,COR-02,SEC-04,Up,Increasing KM,2026-10-27 15:57,2026-10-27 16:33,High,False,Not Applicable,1.0
TRN-0002817,2026-10-27,Superfast,COR-02,SEC-04,Up,Increasing KM,2026-10-27 17:20,2026-10-27 18:12,Critical,False,Not Applicable,1.0
TRN-0002818,2026-10-27,Express,COR-02,SEC-03,Up,Increasing KM,2026-10-27 19:12,2026-10-27 19:52,High,False,Not Applicable,1.0
TRN-0002819,2026-10-27,Express,COR-02,SEC-03,Up,Increasing KM,2026-10-27 20:38,2026-10-27 21:37,High,False,Not Applicable,1.0
TRN-0002820,2026-10-27,Passenger,COR-02,SEC-03,Up,Increasing KM,2026-10-27 22:10,2026-10-27 22:36,High,False,Not Applicable,1.0
TRN-0002821,2026-10-27,Express,COR-02,SEC-03,Down,Decreasing KM,2026-10-27 05:18,2026-10-27 05:43,High,False,Not Applicable,1.0
TRN-0002822,2026-10-27,MEMU,COR-02,SEC-03,Down,Decreasing KM,2026-10-27 07:01,2026-10-27 07:46,Medium,False,Not Applicable,1.0
TRN-0002823,2026-10-27,Goods,COR-02,SEC-04,Down,Decreasing KM,2026-10-27 08:41,2026-10-27 09:29,Medium,True,Forecasted,0.71
TRN-0002824,2026-10-27,Passenger,COR-02,SEC-04,Down,Decreasing KM,2026-10-27 09:49,2026-10-27 10:42,High,False,Not Applicable,1.0
TRN-0002825,2026-10-27,Goods,COR-02,SEC-04,Down,Decreasing KM,2026-10-27 11:37,2026-10-27 12:05,Medium,True,Forecasted,0.84
TRN-0002826,2026-10-27,Superfast,COR-02,SEC-04,Down,Decreasing KM,2026-10-27 13:11,2026-10-27 13:59,Critical,False,Not Applicable,1.0
TRN-0002827,2026-10-27,Goods,COR-02,SEC-04,Down,Decreasing KM,2026-10-27 14:30,2026-10-27 15:01,Medium,True,Forecasted,0.92
TRN-0002828,2026-10-27,Superfast,COR-02,SEC-04,Down,Decreasing KM,2026-10-27 16:09,2026-10-27 16:41,Critical,False,Not Applicable,1.0
TRN-0002829,2026-10-27,Express,COR-02,SEC-03,Down,Decreasing KM,2026-10-27 17:36,2026-10-27 18:14,High,False,Not Applicable,1.0
TRN-0002830,2026-10-27,Express,COR-02,SEC-03,Down,Decreasing KM,2026-10-27 18:53,2026-10-27 19:21,High,False,Not Applicable,1.0
TRN-0002831,2026-10-27,Express,COR-02,SEC-03,Down,Decreasing KM,2026-10-27 20:39,2026-10-27 21:07,High,False,Not Applicable,1.0
TRN-0002832,2026-10-27,Superfast,COR-02,SEC-03,Down,Decreasing KM,2026-10-27 22:05,2026-10-27 22:44,Critical,False,Not Applicable,1.0
TRN-0002833,2026-10-27,Express,COR-03,SEC-05,Up,Increasing KM,2026-10-27 05:28,2026-10-27 06:00,High,False,Not Applicable,1.0
TRN-0002834,2026-10-27,Passenger,COR-03,SEC-06,Up,Increasing KM,2026-10-27 07:06,2026-10-27 07:49,High,False,Not Applicable,1.0
TRN-0002835,2026-10-27,Goods,COR-03,SEC-06,Up,Increasing KM,2026-10-27 08:29,2026-10-27 09:04,Medium,True,Forecasted,0.66
TRN-0002836,2026-10-27,Passenger,COR-03,SEC-05,Up,Increasing KM,2026-10-27 09:52,2026-10-27 10:39,High,False,Not Applicable,1.0
TRN-0002837,2026-10-27,Goods,COR-03,SEC-05,Up,Increasing KM,2026-10-27 11:23,2026-10-27 11:48,Medium,True,Scheduled,0.94
TRN-0002838,2026-10-27,Express,COR-03,SEC-05,Up,Increasing KM,2026-10-27 13:02,2026-10-27 13:28,High,False,Not Applicable,1.0
TRN-0002839,2026-10-27,Express,COR-03,SEC-05,Up,Increasing KM,2026-10-27 14:26,2026-10-27 15:17,High,False,Not Applicable,1.0
TRN-0002840,2026-10-27,Passenger,COR-03,SEC-06,Up,Increasing KM,2026-10-27 16:04,2026-10-27 16:58,High,False,Not Applicable,1.0
TRN-0002841,2026-10-27,Passenger,COR-03,SEC-06,Up,Increasing KM,2026-10-27 17:41,2026-10-27 18:32,High,False,Not Applicable,1.0
TRN-0002842,2026-10-27,Passenger,COR-03,SEC-05,Up,Increasing KM,2026-10-27 18:56,2026-10-27 19:28,High,False,Not Applicable,1.0
TRN-0002843,2026-10-27,Passenger,COR-03,SEC-06,Up,Increasing KM,2026-10-27 20:31,2026-10-27 21:14,High,False,Not Applicable,1.0
TRN-0002844,2026-10-27,Passenger,COR-03,SEC-06,Up,Increasing KM,2026-10-27 22:08,2026-10-27 22:51,High,False,Not Applicable,1.0
TRN-0002845,2026-10-27,Goods,COR-03,SEC-06,Down,Decreasing KM,2026-10-27 05:34,2026-10-27 06:24,Medium,True,Forecasted,0.77
TRN-0002846,2026-10-27,Goods,COR-03,SEC-05,Down,Decreasing KM,2026-10-27 07:07,2026-10-27 08:04,Medium,True,Forecasted,0.97
TRN-0002847,2026-10-27,Passenger,COR-03,SEC-05,Down,Decreasing KM,2026-10-27 08:20,2026-10-27 09:16,High,False,Not Applicable,1.0
TRN-0002848,2026-10-27,Passenger,COR-03,SEC-06,Down,Decreasing KM,2026-10-27 10:04,2026-10-27 10:33,High,False,Not Applicable,1.0
TRN-0002849,2026-10-27,MEMU,COR-03,SEC-05,Down,Decreasing KM,2026-10-27 11:38,2026-10-27 12:14,Medium,False,Not Applicable,1.0
TRN-0002850,2026-10-27,Goods,COR-03,SEC-05,Down,Decreasing KM,2026-10-27 12:50,2026-10-27 13:42,Medium,True,Forecasted,0.69
TRN-0002851,2026-10-27,Express,COR-03,SEC-05,Down,Decreasing KM,2026-10-27 14:28,2026-10-27 15:04,High,False,Not Applicable,1.0
TRN-0002852,2026-10-27,Express,COR-03,SEC-05,Down,Decreasing KM,2026-10-27 16:10,2026-10-27 16:50,High,False,Not Applicable,1.0
TRN-0002853,2026-10-27,Express,COR-03,SEC-05,Down,Decreasing KM,2026-10-27 17:18,2026-10-27 17:57,High,False,Not Applicable,1.0
TRN-0002854,2026-10-27,Express,COR-03,SEC-06,Down,Decreasing KM,2026-10-27 18:52,2026-10-27 19:36,High,False,Not Applicable,1.0
TRN-0002855,2026-10-27,Superfast,COR-03,SEC-06,Down,Decreasing KM,2026-10-27 20:38,2026-10-27 21:12,Critical,False,Not Applicable,1.0
TRN-0002856,2026-10-27,MEMU,COR-03,SEC-05,Down,Decreasing KM,2026-10-27 21:52,2026-10-27 22:24,Medium,False,Not Applicable,1.0
TRN-0002857,2026-10-27,Passenger,COR-04,SEC-07,Up,Increasing KM,2026-10-27 05:40,2026-10-27 06:18,High,False,Not Applicable,1.0
TRN-0002858,2026-10-27,Goods,COR-04,SEC-07,Up,Increasing KM,2026-10-27 06:58,2026-10-27 07:38,Medium,True,Forecasted,0.84
TRN-0002859,2026-10-27,Superfast,COR-04,SEC-08,Up,Increasing KM,2026-10-27 08:24,2026-10-27 08:58,Critical,False,Not Applicable,1.0
TRN-0002860,2026-10-27,Express,COR-04,SEC-08,Up,Increasing KM,2026-10-27 10:03,2026-10-27 10:31,High,False,Not Applicable,1.0
TRN-0002861,2026-10-27,MEMU,COR-04,SEC-07,Up,Increasing KM,2026-10-27 11:31,2026-10-27 12:26,Medium,False,Not Applicable,1.0
TRN-0002862,2026-10-27,MEMU,COR-04,SEC-07,Up,Increasing KM,2026-10-27 13:02,2026-10-27 13:38,Medium,False,Not Applicable,1.0
TRN-0002863,2026-10-27,Goods,COR-04,SEC-08,Up,Increasing KM,2026-10-27 14:23,2026-10-27 15:09,Medium,True,Forecasted,0.97
TRN-0002864,2026-10-27,Goods,COR-04,SEC-08,Up,Increasing KM,2026-10-27 16:06,2026-10-27 16:37,Medium,True,Forecasted,0.79
TRN-0002865,2026-10-27,Passenger,COR-04,SEC-08,Up,Increasing KM,2026-10-27 17:22,2026-10-27 18:08,High,False,Not Applicable,1.0
TRN-0002866,2026-10-27,MEMU,COR-04,SEC-08,Up,Increasing KM,2026-10-27 19:08,2026-10-27 19:53,Medium,False,Not Applicable,1.0
TRN-0002867,2026-10-27,Passenger,COR-04,SEC-07,Up,Increasing KM,2026-10-27 20:28,2026-10-27 20:55,High,False,Not Applicable,1.0
TRN-0002868,2026-10-27,Goods,COR-04,SEC-07,Up,Increasing KM,2026-10-27 21:58,2026-10-27 22:47,Medium,True,Forecasted,0.8
TRN-0002869,2026-10-27,Passenger,COR-04,SEC-08,Down,Decreasing KM,2026-10-27 05:19,2026-10-27 06:15,High,False,Not Applicable,1.0
TRN-0002870,2026-10-27,Goods,COR-04,SEC-08,Down,Decreasing KM,2026-10-27 07:05,2026-10-27 07:58,Medium,True,Forecasted,0.71
TRN-0002871,2026-10-27,Express,COR-04,SEC-08,Down,Decreasing KM,2026-10-27 08:28,2026-10-27 09:17,High,False,Not Applicable,1.0
TRN-0002872,2026-10-27,Passenger,COR-04,SEC-08,Down,Decreasing KM,2026-10-27 09:49,2026-10-27 10:35,High,False,Not Applicable,1.0
TRN-0002873,2026-10-27,Superfast,COR-04,SEC-08,Down,Decreasing KM,2026-10-27 11:18,2026-10-27 12:01,Critical,False,Not Applicable,1.0
TRN-0002874,2026-10-27,Goods,COR-04,SEC-08,Down,Decreasing KM,2026-10-27 13:01,2026-10-27 13:56,Medium,True,Scheduled,0.92
TRN-0002875,2026-10-27,Express,COR-04,SEC-08,Down,Decreasing KM,2026-10-27 14:34,2026-10-27 15:09,High,False,Not Applicable,1.0
TRN-0002876,2026-10-27,Superfast,COR-04,SEC-07,Down,Decreasing KM,2026-10-27 16:01,2026-10-27 16:32,Critical,False,Not Applicable,1.0
TRN-0002877,2026-10-27,Passenger,COR-04,SEC-07,Down,Decreasing KM,2026-10-27 17:36,2026-10-27 18:11,High,False,Not Applicable,1.0
TRN-0002878,2026-10-27,Express,COR-04,SEC-07,Down,Decreasing KM,2026-10-27 19:06,2026-10-27 19:56,High,False,Not Applicable,1.0
TRN-0002879,2026-10-27,Express,COR-04,SEC-08,Down,Decreasing KM,2026-10-27 20:39,2026-10-27 21:35,High,False,Not Applicable,1.0
TRN-0002880,2026-10-27,Express,COR-04,SEC-08,Down,Decreasing KM,2026-10-27 22:12,2026-10-27 23:08,High,False,Not Applicable,1.0
TRN-0002881,2026-10-28,Superfast,COR-01,SEC-02,Up,Increasing KM,2026-10-28 05:35,2026-10-28 06:10,Critical,False,Not Applicable,1.0
TRN-0002882,2026-10-28,Passenger,COR-01,SEC-01,Up,Increasing KM,2026-10-28 07:05,2026-10-28 07:59,High,False,Not Applicable,1.0
TRN-0002883,2026-10-28,Passenger,COR-01,SEC-01,Up,Increasing KM,2026-10-28 08:41,2026-10-28 09:29,High,False,Not Applicable,1.0
TRN-0002884,2026-10-28,Passenger,COR-01,SEC-02,Up,Increasing KM,2026-10-28 10:05,2026-10-28 11:03,High,False,Not Applicable,1.0
TRN-0002885,2026-10-28,Passenger,COR-01,SEC-01,Up,Increasing KM,2026-10-28 11:21,2026-10-28 12:19,High,False,Not Applicable,1.0
TRN-0002886,2026-10-28,Express,COR-01,SEC-02,Up,Increasing KM,2026-10-28 13:00,2026-10-28 13:55,High,False,Not Applicable,1.0
TRN-0002887,2026-10-28,Express,COR-01,SEC-02,Up,Increasing KM,2026-10-28 14:26,2026-10-28 14:57,High,False,Not Applicable,1.0
TRN-0002888,2026-10-28,Express,COR-01,SEC-02,Up,Increasing KM,2026-10-28 16:03,2026-10-28 16:40,High,False,Not Applicable,1.0
TRN-0002889,2026-10-28,Goods,COR-01,SEC-02,Up,Increasing KM,2026-10-28 17:33,2026-10-28 18:00,Medium,True,Forecasted,0.93
TRN-0002890,2026-10-28,Passenger,COR-01,SEC-01,Up,Increasing KM,2026-10-28 18:55,2026-10-28 19:23,High,False,Not Applicable,1.0
TRN-0002891,2026-10-28,Passenger,COR-01,SEC-01,Up,Increasing KM,2026-10-28 20:25,2026-10-28 21:08,High,False,Not Applicable,1.0
TRN-0002892,2026-10-28,Passenger,COR-01,SEC-01,Up,Increasing KM,2026-10-28 21:50,2026-10-28 22:38,High,False,Not Applicable,1.0
TRN-0002893,2026-10-28,Express,COR-01,SEC-01,Down,Decreasing KM,2026-10-28 05:34,2026-10-28 06:19,High,False,Not Applicable,1.0
TRN-0002894,2026-10-28,Passenger,COR-01,SEC-01,Down,Decreasing KM,2026-10-28 07:12,2026-10-28 07:58,High,False,Not Applicable,1.0
TRN-0002895,2026-10-28,Goods,COR-01,SEC-01,Down,Decreasing KM,2026-10-28 08:21,2026-10-28 08:52,Medium,True,Forecasted,0.94
TRN-0002896,2026-10-28,Passenger,COR-01,SEC-01,Down,Decreasing KM,2026-10-28 09:56,2026-10-28 10:21,High,False,Not Applicable,1.0
TRN-0002897,2026-10-28,Express,COR-01,SEC-01,Down,Decreasing KM,2026-10-28 11:25,2026-10-28 12:06,High,False,Not Applicable,1.0
TRN-0002898,2026-10-28,Express,COR-01,SEC-02,Down,Decreasing KM,2026-10-28 13:01,2026-10-28 13:49,High,False,Not Applicable,1.0
TRN-0002899,2026-10-28,Passenger,COR-01,SEC-02,Down,Decreasing KM,2026-10-28 14:31,2026-10-28 15:26,High,False,Not Applicable,1.0
TRN-0002900,2026-10-28,Passenger,COR-01,SEC-01,Down,Decreasing KM,2026-10-28 16:07,2026-10-28 16:59,High,False,Not Applicable,1.0
TRN-0002901,2026-10-28,MEMU,COR-01,SEC-02,Down,Decreasing KM,2026-10-28 17:32,2026-10-28 18:20,Medium,False,Not Applicable,1.0
TRN-0002902,2026-10-28,Passenger,COR-01,SEC-02,Down,Decreasing KM,2026-10-28 18:53,2026-10-28 19:46,High,False,Not Applicable,1.0
TRN-0002903,2026-10-28,Passenger,COR-01,SEC-02,Down,Decreasing KM,2026-10-28 20:32,2026-10-28 21:07,High,False,Not Applicable,1.0
TRN-0002904,2026-10-28,Goods,COR-01,SEC-02,Down,Decreasing KM,2026-10-28 22:12,2026-10-28 22:52,Medium,True,Forecasted,0.96
TRN-0002905,2026-10-28,MEMU,COR-02,SEC-03,Up,Increasing KM,2026-10-28 05:22,2026-10-28 06:14,Medium,False,Not Applicable,1.0
TRN-0002906,2026-10-28,Express,COR-02,SEC-03,Up,Increasing KM,2026-10-28 06:52,2026-10-28 07:17,High,False,Not Applicable,1.0
TRN-0002907,2026-10-28,Goods,COR-02,SEC-03,Up,Increasing KM,2026-10-28 08:35,2026-10-28 09:04,Medium,True,Forecasted,0.69
TRN-0002908,2026-10-28,Passenger,COR-02,SEC-03,Up,Increasing KM,2026-10-28 10:07,2026-10-28 10:47,High,False,Not Applicable,1.0
TRN-0002909,2026-10-28,Express,COR-02,SEC-04,Up,Increasing KM,2026-10-28 11:34,2026-10-28 12:10,High,False,Not Applicable,1.0
TRN-0002910,2026-10-28,Goods,COR-02,SEC-04,Up,Increasing KM,2026-10-28 12:55,2026-10-28 13:48,Medium,True,Scheduled,0.68
TRN-0002911,2026-10-28,Express,COR-02,SEC-03,Up,Increasing KM,2026-10-28 14:18,2026-10-28 15:17,High,False,Not Applicable,1.0
TRN-0002912,2026-10-28,Express,COR-02,SEC-03,Up,Increasing KM,2026-10-28 15:56,2026-10-28 16:26,High,False,Not Applicable,1.0
TRN-0002913,2026-10-28,Express,COR-02,SEC-04,Up,Increasing KM,2026-10-28 17:29,2026-10-28 18:03,High,False,Not Applicable,1.0
TRN-0002914,2026-10-28,Passenger,COR-02,SEC-04,Up,Increasing KM,2026-10-28 18:58,2026-10-28 19:58,High,False,Not Applicable,1.0
TRN-0002915,2026-10-28,Goods,COR-02,SEC-03,Up,Increasing KM,2026-10-28 20:41,2026-10-28 21:24,Medium,True,Forecasted,0.96
TRN-0002916,2026-10-28,Express,COR-02,SEC-03,Up,Increasing KM,2026-10-28 22:09,2026-10-28 22:41,High,False,Not Applicable,1.0
TRN-0002917,2026-10-28,Express,COR-02,SEC-03,Down,Decreasing KM,2026-10-28 05:25,2026-10-28 06:02,High,False,Not Applicable,1.0
TRN-0002918,2026-10-28,Express,COR-02,SEC-04,Down,Decreasing KM,2026-10-28 07:10,2026-10-28 08:05,High,False,Not Applicable,1.0
TRN-0002919,2026-10-28,Express,COR-02,SEC-04,Down,Decreasing KM,2026-10-28 08:31,2026-10-28 09:04,High,False,Not Applicable,1.0
TRN-0002920,2026-10-28,Express,COR-02,SEC-04,Down,Decreasing KM,2026-10-28 10:04,2026-10-28 10:52,High,False,Not Applicable,1.0
TRN-0002921,2026-10-28,Goods,COR-02,SEC-04,Down,Decreasing KM,2026-10-28 11:35,2026-10-28 12:20,Medium,True,Forecasted,0.82
TRN-0002922,2026-10-28,Express,COR-02,SEC-03,Down,Decreasing KM,2026-10-28 13:01,2026-10-28 13:44,High,False,Not Applicable,1.0
TRN-0002923,2026-10-28,Superfast,COR-02,SEC-03,Down,Decreasing KM,2026-10-28 14:18,2026-10-28 15:07,Critical,False,Not Applicable,1.0
TRN-0002924,2026-10-28,MEMU,COR-02,SEC-03,Down,Decreasing KM,2026-10-28 16:10,2026-10-28 16:53,Medium,False,Not Applicable,1.0
TRN-0002925,2026-10-28,MEMU,COR-02,SEC-04,Down,Decreasing KM,2026-10-28 17:29,2026-10-28 18:21,Medium,False,Not Applicable,1.0
TRN-0002926,2026-10-28,Superfast,COR-02,SEC-04,Down,Decreasing KM,2026-10-28 19:04,2026-10-28 19:41,Critical,False,Not Applicable,1.0
TRN-0002927,2026-10-28,MEMU,COR-02,SEC-03,Down,Decreasing KM,2026-10-28 20:31,2026-10-28 21:07,Medium,False,Not Applicable,1.0
TRN-0002928,2026-10-28,MEMU,COR-02,SEC-03,Down,Decreasing KM,2026-10-28 22:04,2026-10-28 22:45,Medium,False,Not Applicable,1.0
TRN-0002929,2026-10-28,Superfast,COR-03,SEC-05,Up,Increasing KM,2026-10-28 05:23,2026-10-28 06:04,Critical,False,Not Applicable,1.0
TRN-0002930,2026-10-28,Express,COR-03,SEC-06,Up,Increasing KM,2026-10-28 07:08,2026-10-28 07:49,High,False,Not Applicable,1.0
TRN-0002931,2026-10-28,Superfast,COR-03,SEC-06,Up,Increasing KM,2026-10-28 08:38,2026-10-28 09:05,Critical,False,Not Applicable,1.0
TRN-0002932,2026-10-28,Superfast,COR-03,SEC-06,Up,Increasing KM,2026-10-28 09:58,2026-10-28 10:33,Critical,False,Not Applicable,1.0
TRN-0002933,2026-10-28,Passenger,COR-03,SEC-05,Up,Increasing KM,2026-10-28 11:37,2026-10-28 12:31,High,False,Not Applicable,1.0
TRN-0002934,2026-10-28,Goods,COR-03,SEC-05,Up,Increasing KM,2026-10-28 12:48,2026-10-28 13:42,Medium,True,Forecasted,0.71
TRN-0002935,2026-10-28,Passenger,COR-03,SEC-06,Up,Increasing KM,2026-10-28 14:21,2026-10-28 15:06,High,False,Not Applicable,1.0
TRN-0002936,2026-10-28,Passenger,COR-03,SEC-05,Up,Increasing KM,2026-10-28 15:55,2026-10-28 16:49,High,False,Not Applicable,1.0
TRN-0002937,2026-10-28,Passenger,COR-03,SEC-06,Up,Increasing KM,2026-10-28 17:27,2026-10-28 18:20,High,False,Not Applicable,1.0
TRN-0002938,2026-10-28,Passenger,COR-03,SEC-05,Up,Increasing KM,2026-10-28 18:53,2026-10-28 19:37,High,False,Not Applicable,1.0
TRN-0002939,2026-10-28,Passenger,COR-03,SEC-05,Up,Increasing KM,2026-10-28 20:30,2026-10-28 21:08,High,False,Not Applicable,1.0
TRN-0002940,2026-10-28,Express,COR-03,SEC-06,Up,Increasing KM,2026-10-28 22:07,2026-10-28 22:59,High,False,Not Applicable,1.0
TRN-0002941,2026-10-28,Express,COR-03,SEC-05,Down,Decreasing KM,2026-10-28 05:35,2026-10-28 06:19,High,False,Not Applicable,1.0
TRN-0002942,2026-10-28,Express,COR-03,SEC-06,Down,Decreasing KM,2026-10-28 07:08,2026-10-28 08:06,High,False,Not Applicable,1.0
TRN-0002943,2026-10-28,Express,COR-03,SEC-05,Down,Decreasing KM,2026-10-28 08:30,2026-10-28 09:27,High,False,Not Applicable,1.0
TRN-0002944,2026-10-28,Passenger,COR-03,SEC-06,Down,Decreasing KM,2026-10-28 10:11,2026-10-28 10:50,High,False,Not Applicable,1.0
TRN-0002945,2026-10-28,Express,COR-03,SEC-05,Down,Decreasing KM,2026-10-28 11:37,2026-10-28 12:02,High,False,Not Applicable,1.0
TRN-0002946,2026-10-28,Express,COR-03,SEC-05,Down,Decreasing KM,2026-10-28 12:49,2026-10-28 13:45,High,False,Not Applicable,1.0
TRN-0002947,2026-10-28,Passenger,COR-03,SEC-05,Down,Decreasing KM,2026-10-28 14:25,2026-10-28 15:22,High,False,Not Applicable,1.0
TRN-0002948,2026-10-28,Express,COR-03,SEC-06,Down,Decreasing KM,2026-10-28 16:07,2026-10-28 16:53,High,False,Not Applicable,1.0
TRN-0002949,2026-10-28,Passenger,COR-03,SEC-06,Down,Decreasing KM,2026-10-28 17:20,2026-10-28 18:07,High,False,Not Applicable,1.0
TRN-0002950,2026-10-28,Superfast,COR-03,SEC-06,Down,Decreasing KM,2026-10-28 19:05,2026-10-28 19:48,Critical,False,Not Applicable,1.0
TRN-0002951,2026-10-28,Passenger,COR-03,SEC-05,Down,Decreasing KM,2026-10-28 20:26,2026-10-28 20:51,High,False,Not Applicable,1.0
TRN-0002952,2026-10-28,MEMU,COR-03,SEC-06,Down,Decreasing KM,2026-10-28 21:53,2026-10-28 22:23,Medium,False,Not Applicable,1.0
TRN-0002953,2026-10-28,Passenger,COR-04,SEC-08,Up,Increasing KM,2026-10-28 05:21,2026-10-28 06:17,High,False,Not Applicable,1.0
TRN-0002954,2026-10-28,Superfast,COR-04,SEC-07,Up,Increasing KM,2026-10-28 07:10,2026-10-28 07:56,Critical,False,Not Applicable,1.0
TRN-0002955,2026-10-28,Superfast,COR-04,SEC-08,Up,Increasing KM,2026-10-28 08:19,2026-10-28 08:58,Critical,False,Not Applicable,1.0
TRN-0002956,2026-10-28,Express,COR-04,SEC-07,Up,Increasing KM,2026-10-28 10:01,2026-10-28 10:50,High,False,Not Applicable,1.0
TRN-0002957,2026-10-28,Goods,COR-04,SEC-08,Up,Increasing KM,2026-10-28 11:27,2026-10-28 12:04,Medium,True,Forecasted,0.73
TRN-0002958,2026-10-28,Superfast,COR-04,SEC-08,Up,Increasing KM,2026-10-28 12:48,2026-10-28 13:23,Critical,False,Not Applicable,1.0
TRN-0002959,2026-10-28,Express,COR-04,SEC-08,Up,Increasing KM,2026-10-28 14:40,2026-10-28 15:13,High,False,Not Applicable,1.0
TRN-0002960,2026-10-28,Express,COR-04,SEC-07,Up,Increasing KM,2026-10-28 15:48,2026-10-28 16:47,High,False,Not Applicable,1.0
TRN-0002961,2026-10-28,Express,COR-04,SEC-07,Up,Increasing KM,2026-10-28 17:39,2026-10-28 18:22,High,False,Not Applicable,1.0
TRN-0002962,2026-10-28,MEMU,COR-04,SEC-08,Up,Increasing KM,2026-10-28 19:07,2026-10-28 20:02,Medium,False,Not Applicable,1.0
TRN-0002963,2026-10-28,Express,COR-04,SEC-07,Up,Increasing KM,2026-10-28 20:37,2026-10-28 21:13,High,False,Not Applicable,1.0
TRN-0002964,2026-10-28,Goods,COR-04,SEC-07,Up,Increasing KM,2026-10-28 21:52,2026-10-28 22:27,Medium,True,Forecasted,0.82
TRN-0002965,2026-10-28,Express,COR-04,SEC-07,Down,Decreasing KM,2026-10-28 05:25,2026-10-28 05:50,High,False,Not Applicable,1.0
TRN-0002966,2026-10-28,Passenger,COR-04,SEC-07,Down,Decreasing KM,2026-10-28 07:12,2026-10-28 07:40,High,False,Not Applicable,1.0
TRN-0002967,2026-10-28,Passenger,COR-04,SEC-08,Down,Decreasing KM,2026-10-28 08:32,2026-10-28 09:14,High,False,Not Applicable,1.0
TRN-0002968,2026-10-28,Superfast,COR-04,SEC-07,Down,Decreasing KM,2026-10-28 09:57,2026-10-28 10:44,Critical,False,Not Applicable,1.0
TRN-0002969,2026-10-28,Goods,COR-04,SEC-07,Down,Decreasing KM,2026-10-28 11:18,2026-10-28 11:51,Medium,True,Scheduled,0.79
TRN-0002970,2026-10-28,MEMU,COR-04,SEC-08,Down,Decreasing KM,2026-10-28 13:02,2026-10-28 13:40,Medium,False,Not Applicable,1.0
TRN-0002971,2026-10-28,MEMU,COR-04,SEC-07,Down,Decreasing KM,2026-10-28 14:33,2026-10-28 15:11,Medium,False,Not Applicable,1.0
TRN-0002972,2026-10-28,MEMU,COR-04,SEC-07,Down,Decreasing KM,2026-10-28 16:11,2026-10-28 16:40,Medium,False,Not Applicable,1.0
TRN-0002973,2026-10-28,Goods,COR-04,SEC-08,Down,Decreasing KM,2026-10-28 17:23,2026-10-28 17:49,Medium,True,Scheduled,0.88
TRN-0002974,2026-10-28,Express,COR-04,SEC-07,Down,Decreasing KM,2026-10-28 18:52,2026-10-28 19:47,High,False,Not Applicable,1.0
TRN-0002975,2026-10-28,Passenger,COR-04,SEC-07,Down,Decreasing KM,2026-10-28 20:42,2026-10-28 21:41,High,False,Not Applicable,1.0
TRN-0002976,2026-10-28,Express,COR-04,SEC-07,Down,Decreasing KM,2026-10-28 22:01,2026-10-28 22:52,High,False,Not Applicable,1.0
TRN-0002977,2026-10-29,Superfast,COR-01,SEC-02,Up,Increasing KM,2026-10-29 05:36,2026-10-29 06:23,Critical,False,Not Applicable,1.0
TRN-0002978,2026-10-29,Express,COR-01,SEC-02,Up,Increasing KM,2026-10-29 06:54,2026-10-29 07:27,High,False,Not Applicable,1.0
TRN-0002979,2026-10-29,Goods,COR-01,SEC-02,Up,Increasing KM,2026-10-29 08:32,2026-10-29 09:26,Medium,True,Scheduled,0.69
TRN-0002980,2026-10-29,Passenger,COR-01,SEC-02,Up,Increasing KM,2026-10-29 10:04,2026-10-29 10:33,High,False,Not Applicable,1.0
TRN-0002981,2026-10-29,Passenger,COR-01,SEC-01,Up,Increasing KM,2026-10-29 11:28,2026-10-29 11:58,High,False,Not Applicable,1.0
TRN-0002982,2026-10-29,Express,COR-01,SEC-02,Up,Increasing KM,2026-10-29 12:48,2026-10-29 13:22,High,False,Not Applicable,1.0
TRN-0002983,2026-10-29,Express,COR-01,SEC-01,Up,Increasing KM,2026-10-29 14:40,2026-10-29 15:07,High,False,Not Applicable,1.0
TRN-0002984,2026-10-29,Passenger,COR-01,SEC-01,Up,Increasing KM,2026-10-29 15:52,2026-10-29 16:23,High,False,Not Applicable,1.0
TRN-0002985,2026-10-29,Goods,COR-01,SEC-02,Up,Increasing KM,2026-10-29 17:42,2026-10-29 18:27,Medium,True,Forecasted,0.97
TRN-0002986,2026-10-29,Passenger,COR-01,SEC-02,Up,Increasing KM,2026-10-29 19:11,2026-10-29 19:36,High,False,Not Applicable,1.0
TRN-0002987,2026-10-29,Goods,COR-01,SEC-01,Up,Increasing KM,2026-10-29 20:18,2026-10-29 21:13,Medium,True,Forecasted,0.9
TRN-0002988,2026-10-29,Goods,COR-01,SEC-01,Up,Increasing KM,2026-10-29 22:06,2026-10-29 22:43,Medium,True,Forecasted,0.9
TRN-0002989,2026-10-29,Passenger,COR-01,SEC-01,Down,Decreasing KM,2026-10-29 05:36,2026-10-29 06:29,High,False,Not Applicable,1.0
TRN-0002990,2026-10-29,Superfast,COR-01,SEC-02,Down,Decreasing KM,2026-10-29 07:04,2026-10-29 07:34,Critical,False,Not Applicable,1.0
TRN-0002991,2026-10-29,Passenger,COR-01,SEC-01,Down,Decreasing KM,2026-10-29 08:26,2026-10-29 09:03,High,False,Not Applicable,1.0
TRN-0002992,2026-10-29,Goods,COR-01,SEC-01,Down,Decreasing KM,2026-10-29 10:03,2026-10-29 10:52,Medium,True,Forecasted,0.75
TRN-0002993,2026-10-29,Express,COR-01,SEC-01,Down,Decreasing KM,2026-10-29 11:26,2026-10-29 12:23,High,False,Not Applicable,1.0
TRN-0002994,2026-10-29,Passenger,COR-01,SEC-01,Down,Decreasing KM,2026-10-29 13:04,2026-10-29 14:00,High,False,Not Applicable,1.0
TRN-0002995,2026-10-29,MEMU,COR-01,SEC-01,Down,Decreasing KM,2026-10-29 14:24,2026-10-29 15:21,Medium,False,Not Applicable,1.0
TRN-0002996,2026-10-29,Express,COR-01,SEC-01,Down,Decreasing KM,2026-10-29 16:07,2026-10-29 16:42,High,False,Not Applicable,1.0
TRN-0002997,2026-10-29,Goods,COR-01,SEC-01,Down,Decreasing KM,2026-10-29 17:32,2026-10-29 18:12,Medium,True,Scheduled,0.73
TRN-0002998,2026-10-29,Express,COR-01,SEC-02,Down,Decreasing KM,2026-10-29 19:05,2026-10-29 19:38,High,False,Not Applicable,1.0
TRN-0002999,2026-10-29,Express,COR-01,SEC-01,Down,Decreasing KM,2026-10-29 20:23,2026-10-29 21:07,High,False,Not Applicable,1.0
TRN-0003000,2026-10-29,Passenger,COR-01,SEC-02,Down,Decreasing KM,2026-10-29 22:07,2026-10-29 22:46,High,False,Not Applicable,1.0
TRN-0003001,2026-10-29,Goods,COR-02,SEC-03,Up,Increasing KM,2026-10-29 05:29,2026-10-29 06:19,Medium,True,Scheduled,0.78
TRN-0003002,2026-10-29,Express,COR-02,SEC-03,Up,Increasing KM,2026-10-29 06:57,2026-10-29 07:55,High,False,Not Applicable,1.0
TRN-0003003,2026-10-29,Passenger,COR-02,SEC-03,Up,Increasing KM,2026-10-29 08:34,2026-10-29 09:14,High,False,Not Applicable,1.0
TRN-0003004,2026-10-29,Express,COR-02,SEC-03,Up,Increasing KM,2026-10-29 10:10,2026-10-29 11:09,High,False,Not Applicable,1.0
TRN-0003005,2026-10-29,Express,COR-02,SEC-03,Up,Increasing KM,2026-10-29 11:40,2026-10-29 12:12,High,False,Not Applicable,1.0
TRN-0003006,2026-10-29,Goods,COR-02,SEC-03,Up,Increasing KM,2026-10-29 12:59,2026-10-29 13:42,Medium,True,Forecasted,0.74
TRN-0003007,2026-10-29,Passenger,COR-02,SEC-03,Up,Increasing KM,2026-10-29 14:38,2026-10-29 15:13,High,False,Not Applicable,1.0
TRN-0003008,2026-10-29,Goods,COR-02,SEC-03,Up,Increasing KM,2026-10-29 16:05,2026-10-29 16:52,Medium,True,Forecasted,0.84
TRN-0003009,2026-10-29,Goods,COR-02,SEC-03,Up,Increasing KM,2026-10-29 17:22,2026-10-29 17:50,Medium,True,Forecasted,0.65
TRN-0003010,2026-10-29,Express,COR-02,SEC-03,Up,Increasing KM,2026-10-29 19:07,2026-10-29 19:45,High,False,Not Applicable,1.0
TRN-0003011,2026-10-29,Goods,COR-02,SEC-04,Up,Increasing KM,2026-10-29 20:26,2026-10-29 21:10,Medium,True,Forecasted,0.7
TRN-0003012,2026-10-29,Superfast,COR-02,SEC-03,Up,Increasing KM,2026-10-29 22:03,2026-10-29 22:58,Critical,False,Not Applicable,1.0
TRN-0003013,2026-10-29,Superfast,COR-02,SEC-04,Down,Decreasing KM,2026-10-29 05:23,2026-10-29 06:00,Critical,False,Not Applicable,1.0
TRN-0003014,2026-10-29,MEMU,COR-02,SEC-03,Down,Decreasing KM,2026-10-29 06:58,2026-10-29 07:39,Medium,False,Not Applicable,1.0
TRN-0003015,2026-10-29,Passenger,COR-02,SEC-03,Down,Decreasing KM,2026-10-29 08:32,2026-10-29 09:04,High,False,Not Applicable,1.0
TRN-0003016,2026-10-29,Express,COR-02,SEC-03,Down,Decreasing KM,2026-10-29 10:00,2026-10-29 10:27,High,False,Not Applicable,1.0
TRN-0003017,2026-10-29,Passenger,COR-02,SEC-04,Down,Decreasing KM,2026-10-29 11:42,2026-10-29 12:18,High,False,Not Applicable,1.0
TRN-0003018,2026-10-29,Passenger,COR-02,SEC-03,Down,Decreasing KM,2026-10-29 13:03,2026-10-29 13:55,High,False,Not Applicable,1.0
TRN-0003019,2026-10-29,Express,COR-02,SEC-03,Down,Decreasing KM,2026-10-29 14:18,2026-10-29 15:18,High,False,Not Applicable,1.0
TRN-0003020,2026-10-29,Superfast,COR-02,SEC-04,Down,Decreasing KM,2026-10-29 16:01,2026-10-29 16:49,Critical,False,Not Applicable,1.0
TRN-0003021,2026-10-29,Superfast,COR-02,SEC-04,Down,Decreasing KM,2026-10-29 17:32,2026-10-29 18:26,Critical,False,Not Applicable,1.0
TRN-0003022,2026-10-29,Passenger,COR-02,SEC-03,Down,Decreasing KM,2026-10-29 18:49,2026-10-29 19:37,High,False,Not Applicable,1.0
TRN-0003023,2026-10-29,Express,COR-02,SEC-04,Down,Decreasing KM,2026-10-29 20:27,2026-10-29 21:15,High,False,Not Applicable,1.0
TRN-0003024,2026-10-29,MEMU,COR-02,SEC-03,Down,Decreasing KM,2026-10-29 22:09,2026-10-29 22:49,Medium,False,Not Applicable,1.0
TRN-0003025,2026-10-29,Goods,COR-03,SEC-05,Up,Increasing KM,2026-10-29 05:19,2026-10-29 06:07,Medium,True,Forecasted,0.9
TRN-0003026,2026-10-29,Passenger,COR-03,SEC-05,Up,Increasing KM,2026-10-29 06:58,2026-10-29 07:38,High,False,Not Applicable,1.0
TRN-0003027,2026-10-29,Superfast,COR-03,SEC-06,Up,Increasing KM,2026-10-29 08:39,2026-10-29 09:27,Critical,False,Not Applicable,1.0
TRN-0003028,2026-10-29,Goods,COR-03,SEC-05,Up,Increasing KM,2026-10-29 10:01,2026-10-29 10:35,Medium,True,Forecasted,0.7
TRN-0003029,2026-10-29,Express,COR-03,SEC-06,Up,Increasing KM,2026-10-29 11:37,2026-10-29 12:08,High,False,Not Applicable,1.0
TRN-0003030,2026-10-29,MEMU,COR-03,SEC-06,Up,Increasing KM,2026-10-29 12:49,2026-10-29 13:40,Medium,False,Not Applicable,1.0
TRN-0003031,2026-10-29,Passenger,COR-03,SEC-05,Up,Increasing KM,2026-10-29 14:23,2026-10-29 15:13,High,False,Not Applicable,1.0
TRN-0003032,2026-10-29,Superfast,COR-03,SEC-06,Up,Increasing KM,2026-10-29 15:55,2026-10-29 16:43,Critical,False,Not Applicable,1.0
TRN-0003033,2026-10-29,Express,COR-03,SEC-05,Up,Increasing KM,2026-10-29 17:26,2026-10-29 18:21,High,False,Not Applicable,1.0
TRN-0003034,2026-10-29,Express,COR-03,SEC-05,Up,Increasing KM,2026-10-29 19:12,2026-10-29 19:39,High,False,Not Applicable,1.0
TRN-0003035,2026-10-29,Passenger,COR-03,SEC-05,Up,Increasing KM,2026-10-29 20:29,2026-10-29 21:16,High,False,Not Applicable,1.0
TRN-0003036,2026-10-29,Express,COR-03,SEC-06,Up,Increasing KM,2026-10-29 22:04,2026-10-29 22:33,High,False,Not Applicable,1.0
TRN-0003037,2026-10-29,Goods,COR-03,SEC-05,Down,Decreasing KM,2026-10-29 05:41,2026-10-29 06:12,Medium,True,Forecasted,0.87
TRN-0003038,2026-10-29,Passenger,COR-03,SEC-06,Down,Decreasing KM,2026-10-29 07:03,2026-10-29 07:49,High,False,Not Applicable,1.0
TRN-0003039,2026-10-29,Express,COR-03,SEC-05,Down,Decreasing KM,2026-10-29 08:36,2026-10-29 09:25,High,False,Not Applicable,1.0
TRN-0003040,2026-10-29,Passenger,COR-03,SEC-05,Down,Decreasing KM,2026-10-29 10:02,2026-10-29 10:39,High,False,Not Applicable,1.0
TRN-0003041,2026-10-29,Superfast,COR-03,SEC-05,Down,Decreasing KM,2026-10-29 11:27,2026-10-29 12:21,Critical,False,Not Applicable,1.0
TRN-0003042,2026-10-29,MEMU,COR-03,SEC-06,Down,Decreasing KM,2026-10-29 13:05,2026-10-29 13:31,Medium,False,Not Applicable,1.0
TRN-0003043,2026-10-29,Goods,COR-03,SEC-06,Down,Decreasing KM,2026-10-29 14:38,2026-10-29 15:33,Medium,True,Scheduled,0.79
TRN-0003044,2026-10-29,Passenger,COR-03,SEC-06,Down,Decreasing KM,2026-10-29 15:52,2026-10-29 16:27,High,False,Not Applicable,1.0
TRN-0003045,2026-10-29,Superfast,COR-03,SEC-05,Down,Decreasing KM,2026-10-29 17:39,2026-10-29 18:33,Critical,False,Not Applicable,1.0
TRN-0003046,2026-10-29,Superfast,COR-03,SEC-06,Down,Decreasing KM,2026-10-29 19:06,2026-10-29 20:02,Critical,False,Not Applicable,1.0
TRN-0003047,2026-10-29,Superfast,COR-03,SEC-06,Down,Decreasing KM,2026-10-29 20:20,2026-10-29 20:53,Critical,False,Not Applicable,1.0
TRN-0003048,2026-10-29,Goods,COR-03,SEC-05,Down,Decreasing KM,2026-10-29 22:11,2026-10-29 22:54,Medium,True,Forecasted,0.65
TRN-0003049,2026-10-29,Goods,COR-04,SEC-08,Up,Increasing KM,2026-10-29 05:41,2026-10-29 06:12,Medium,True,Forecasted,0.98
TRN-0003050,2026-10-29,Express,COR-04,SEC-07,Up,Increasing KM,2026-10-29 07:03,2026-10-29 07:28,High,False,Not Applicable,1.0
TRN-0003051,2026-10-29,Superfast,COR-04,SEC-07,Up,Increasing KM,2026-10-29 08:29,2026-10-29 09:01,Critical,False,Not Applicable,1.0
TRN-0003052,2026-10-29,Goods,COR-04,SEC-07,Up,Increasing KM,2026-10-29 09:50,2026-10-29 10:17,Medium,True,Forecasted,0.76
TRN-0003053,2026-10-29,Superfast,COR-04,SEC-08,Up,Increasing KM,2026-10-29 11:19,2026-10-29 12:18,Critical,False,Not Applicable,1.0
TRN-0003054,2026-10-29,Superfast,COR-04,SEC-07,Up,Increasing KM,2026-10-29 12:59,2026-10-29 13:37,Critical,False,Not Applicable,1.0
TRN-0003055,2026-10-29,Express,COR-04,SEC-07,Up,Increasing KM,2026-10-29 14:34,2026-10-29 15:21,High,False,Not Applicable,1.0
TRN-0003056,2026-10-29,Passenger,COR-04,SEC-08,Up,Increasing KM,2026-10-29 15:54,2026-10-29 16:43,High,False,Not Applicable,1.0
TRN-0003057,2026-10-29,Passenger,COR-04,SEC-07,Up,Increasing KM,2026-10-29 17:36,2026-10-29 18:05,High,False,Not Applicable,1.0
TRN-0003058,2026-10-29,Passenger,COR-04,SEC-07,Up,Increasing KM,2026-10-29 18:57,2026-10-29 19:30,High,False,Not Applicable,1.0
TRN-0003059,2026-10-29,MEMU,COR-04,SEC-07,Up,Increasing KM,2026-10-29 20:18,2026-10-29 20:57,Medium,False,Not Applicable,1.0
TRN-0003060,2026-10-29,Passenger,COR-04,SEC-07,Up,Increasing KM,2026-10-29 22:01,2026-10-29 22:42,High,False,Not Applicable,1.0
TRN-0003061,2026-10-29,Passenger,COR-04,SEC-07,Down,Decreasing KM,2026-10-29 05:18,2026-10-29 05:53,High,False,Not Applicable,1.0
TRN-0003062,2026-10-29,Express,COR-04,SEC-08,Down,Decreasing KM,2026-10-29 07:04,2026-10-29 07:36,High,False,Not Applicable,1.0
TRN-0003063,2026-10-29,Express,COR-04,SEC-07,Down,Decreasing KM,2026-10-29 08:25,2026-10-29 08:55,High,False,Not Applicable,1.0
TRN-0003064,2026-10-29,Passenger,COR-04,SEC-07,Down,Decreasing KM,2026-10-29 09:56,2026-10-29 10:27,High,False,Not Applicable,1.0
TRN-0003065,2026-10-29,Superfast,COR-04,SEC-08,Down,Decreasing KM,2026-10-29 11:33,2026-10-29 12:21,Critical,False,Not Applicable,1.0
TRN-0003066,2026-10-29,Passenger,COR-04,SEC-08,Down,Decreasing KM,2026-10-29 13:11,2026-10-29 13:53,High,False,Not Applicable,1.0
TRN-0003067,2026-10-29,MEMU,COR-04,SEC-07,Down,Decreasing KM,2026-10-29 14:39,2026-10-29 15:05,Medium,False,Not Applicable,1.0
TRN-0003068,2026-10-29,Passenger,COR-04,SEC-08,Down,Decreasing KM,2026-10-29 16:12,2026-10-29 16:57,High,False,Not Applicable,1.0
TRN-0003069,2026-10-29,Passenger,COR-04,SEC-08,Down,Decreasing KM,2026-10-29 17:28,2026-10-29 18:23,High,False,Not Applicable,1.0
TRN-0003070,2026-10-29,Express,COR-04,SEC-07,Down,Decreasing KM,2026-10-29 18:50,2026-10-29 19:30,High,False,Not Applicable,1.0
TRN-0003071,2026-10-29,Express,COR-04,SEC-08,Down,Decreasing KM,2026-10-29 20:23,2026-10-29 20:59,High,False,Not Applicable,1.0
TRN-0003072,2026-10-29,Express,COR-04,SEC-08,Down,Decreasing KM,2026-10-29 21:56,2026-10-29 22:30,High,False,Not Applicable,1.0
TRN-0003073,2026-10-30,Goods,COR-01,SEC-02,Up,Increasing KM,2026-10-30 05:27,2026-10-30 06:09,Medium,True,Forecasted,0.94
TRN-0003074,2026-10-30,Passenger,COR-01,SEC-02,Up,Increasing KM,2026-10-30 06:54,2026-10-30 07:43,High,False,Not Applicable,1.0
TRN-0003075,2026-10-30,Express,COR-01,SEC-01,Up,Increasing KM,2026-10-30 08:41,2026-10-30 09:09,High,False,Not Applicable,1.0
TRN-0003076,2026-10-30,Goods,COR-01,SEC-02,Up,Increasing KM,2026-10-30 10:12,2026-10-30 10:39,Medium,True,Forecasted,0.98
TRN-0003077,2026-10-30,Superfast,COR-01,SEC-01,Up,Increasing KM,2026-10-30 11:26,2026-10-30 12:07,Critical,False,Not Applicable,1.0
TRN-0003078,2026-10-30,Superfast,COR-01,SEC-01,Up,Increasing KM,2026-10-30 13:11,2026-10-30 13:42,Critical,False,Not Applicable,1.0
TRN-0003079,2026-10-30,Passenger,COR-01,SEC-02,Up,Increasing KM,2026-10-30 14:39,2026-10-30 15:17,High,False,Not Applicable,1.0
TRN-0003080,2026-10-30,Express,COR-01,SEC-02,Up,Increasing KM,2026-10-30 15:49,2026-10-30 16:18,High,False,Not Applicable,1.0
TRN-0003081,2026-10-30,Express,COR-01,SEC-02,Up,Increasing KM,2026-10-30 17:30,2026-10-30 18:11,High,False,Not Applicable,1.0
TRN-0003082,2026-10-30,Passenger,COR-01,SEC-01,Up,Increasing KM,2026-10-30 19:04,2026-10-30 19:55,High,False,Not Applicable,1.0
TRN-0003083,2026-10-30,Goods,COR-01,SEC-01,Up,Increasing KM,2026-10-30 20:28,2026-10-30 20:54,Medium,True,Forecasted,0.91
TRN-0003084,2026-10-30,Passenger,COR-01,SEC-01,Up,Increasing KM,2026-10-30 21:59,2026-10-30 22:51,High,False,Not Applicable,1.0
TRN-0003085,2026-10-30,Passenger,COR-01,SEC-02,Down,Decreasing KM,2026-10-30 05:34,2026-10-30 06:25,High,False,Not Applicable,1.0
TRN-0003086,2026-10-30,Express,COR-01,SEC-02,Down,Decreasing KM,2026-10-30 07:05,2026-10-30 07:34,High,False,Not Applicable,1.0
TRN-0003087,2026-10-30,MEMU,COR-01,SEC-02,Down,Decreasing KM,2026-10-30 08:22,2026-10-30 09:01,Medium,False,Not Applicable,1.0
TRN-0003088,2026-10-30,Express,COR-01,SEC-02,Down,Decreasing KM,2026-10-30 09:51,2026-10-30 10:44,High,False,Not Applicable,1.0
TRN-0003089,2026-10-30,Superfast,COR-01,SEC-01,Down,Decreasing KM,2026-10-30 11:27,2026-10-30 12:19,Critical,False,Not Applicable,1.0
TRN-0003090,2026-10-30,Express,COR-01,SEC-01,Down,Decreasing KM,2026-10-30 13:03,2026-10-30 13:37,High,False,Not Applicable,1.0
TRN-0003091,2026-10-30,MEMU,COR-01,SEC-01,Down,Decreasing KM,2026-10-30 14:33,2026-10-30 15:03,Medium,False,Not Applicable,1.0
TRN-0003092,2026-10-30,Express,COR-01,SEC-01,Down,Decreasing KM,2026-10-30 16:07,2026-10-30 16:33,High,False,Not Applicable,1.0
TRN-0003093,2026-10-30,Passenger,COR-01,SEC-02,Down,Decreasing KM,2026-10-30 17:25,2026-10-30 17:53,High,False,Not Applicable,1.0
TRN-0003094,2026-10-30,MEMU,COR-01,SEC-02,Down,Decreasing KM,2026-10-30 19:09,2026-10-30 20:03,Medium,False,Not Applicable,1.0
TRN-0003095,2026-10-30,Express,COR-01,SEC-02,Down,Decreasing KM,2026-10-30 20:29,2026-10-30 21:22,High,False,Not Applicable,1.0
TRN-0003096,2026-10-30,Superfast,COR-01,SEC-02,Down,Decreasing KM,2026-10-30 21:54,2026-10-30 22:37,Critical,False,Not Applicable,1.0
TRN-0003097,2026-10-30,Goods,COR-02,SEC-04,Up,Increasing KM,2026-10-30 05:32,2026-10-30 06:13,Medium,True,Forecasted,0.69
TRN-0003098,2026-10-30,MEMU,COR-02,SEC-03,Up,Increasing KM,2026-10-30 06:56,2026-10-30 07:33,Medium,False,Not Applicable,1.0
TRN-0003099,2026-10-30,Passenger,COR-02,SEC-03,Up,Increasing KM,2026-10-30 08:22,2026-10-30 09:02,High,False,Not Applicable,1.0
TRN-0003100,2026-10-30,MEMU,COR-02,SEC-04,Up,Increasing KM,2026-10-30 09:48,2026-10-30 10:22,Medium,False,Not Applicable,1.0
TRN-0003101,2026-10-30,Superfast,COR-02,SEC-03,Up,Increasing KM,2026-10-30 11:34,2026-10-30 12:07,Critical,False,Not Applicable,1.0
TRN-0003102,2026-10-30,Goods,COR-02,SEC-03,Up,Increasing KM,2026-10-30 12:48,2026-10-30 13:32,Medium,True,Forecasted,0.76
TRN-0003103,2026-10-30,Passenger,COR-02,SEC-04,Up,Increasing KM,2026-10-30 14:20,2026-10-30 14:57,High,False,Not Applicable,1.0
TRN-0003104,2026-10-30,MEMU,COR-02,SEC-03,Up,Increasing KM,2026-10-30 16:07,2026-10-30 16:49,Medium,False,Not Applicable,1.0
TRN-0003105,2026-10-30,Passenger,COR-02,SEC-03,Up,Increasing KM,2026-10-30 17:32,2026-10-30 18:02,High,False,Not Applicable,1.0
TRN-0003106,2026-10-30,Passenger,COR-02,SEC-03,Up,Increasing KM,2026-10-30 19:00,2026-10-30 19:40,High,False,Not Applicable,1.0
TRN-0003107,2026-10-30,Superfast,COR-02,SEC-04,Up,Increasing KM,2026-10-30 20:23,2026-10-30 21:08,Critical,False,Not Applicable,1.0
TRN-0003108,2026-10-30,Express,COR-02,SEC-03,Up,Increasing KM,2026-10-30 21:51,2026-10-30 22:20,High,False,Not Applicable,1.0
TRN-0003109,2026-10-30,Express,COR-02,SEC-03,Down,Decreasing KM,2026-10-30 05:32,2026-10-30 06:00,High,False,Not Applicable,1.0
TRN-0003110,2026-10-30,MEMU,COR-02,SEC-03,Down,Decreasing KM,2026-10-30 06:48,2026-10-30 07:38,Medium,False,Not Applicable,1.0
TRN-0003111,2026-10-30,Goods,COR-02,SEC-04,Down,Decreasing KM,2026-10-30 08:33,2026-10-30 09:11,Medium,True,Forecasted,0.71
TRN-0003112,2026-10-30,Goods,COR-02,SEC-04,Down,Decreasing KM,2026-10-30 09:48,2026-10-30 10:13,Medium,True,Forecasted,0.83
TRN-0003113,2026-10-30,Superfast,COR-02,SEC-04,Down,Decreasing KM,2026-10-30 11:22,2026-10-30 12:22,Critical,False,Not Applicable,1.0
TRN-0003114,2026-10-30,Goods,COR-02,SEC-03,Down,Decreasing KM,2026-10-30 12:56,2026-10-30 13:22,Medium,True,Scheduled,0.81
TRN-0003115,2026-10-30,Passenger,COR-02,SEC-04,Down,Decreasing KM,2026-10-30 14:33,2026-10-30 15:28,High,False,Not Applicable,1.0
TRN-0003116,2026-10-30,Goods,COR-02,SEC-04,Down,Decreasing KM,2026-10-30 16:05,2026-10-30 16:56,Medium,True,Forecasted,0.82
TRN-0003117,2026-10-30,Goods,COR-02,SEC-04,Down,Decreasing KM,2026-10-30 17:29,2026-10-30 18:09,Medium,True,Scheduled,0.77
TRN-0003118,2026-10-30,Goods,COR-02,SEC-03,Down,Decreasing KM,2026-10-30 18:51,2026-10-30 19:49,Medium,True,Forecasted,0.77
TRN-0003119,2026-10-30,MEMU,COR-02,SEC-04,Down,Decreasing KM,2026-10-30 20:27,2026-10-30 20:55,Medium,False,Not Applicable,1.0
TRN-0003120,2026-10-30,Passenger,COR-02,SEC-03,Down,Decreasing KM,2026-10-30 22:07,2026-10-30 22:40,High,False,Not Applicable,1.0
TRN-0003121,2026-10-30,Goods,COR-03,SEC-06,Up,Increasing KM,2026-10-30 05:18,2026-10-30 06:10,Medium,True,Forecasted,0.86
TRN-0003122,2026-10-30,Superfast,COR-03,SEC-06,Up,Increasing KM,2026-10-30 07:01,2026-10-30 07:38,Critical,False,Not Applicable,1.0
TRN-0003123,2026-10-30,Goods,COR-03,SEC-05,Up,Increasing KM,2026-10-30 08:32,2026-10-30 09:11,Medium,True,Forecasted,0.71
TRN-0003124,2026-10-30,Passenger,COR-03,SEC-05,Up,Increasing KM,2026-10-30 09:57,2026-10-30 10:22,High,False,Not Applicable,1.0
TRN-0003125,2026-10-30,Goods,COR-03,SEC-05,Up,Increasing KM,2026-10-30 11:36,2026-10-30 12:27,Medium,True,Forecasted,0.78
TRN-0003126,2026-10-30,Express,COR-03,SEC-05,Up,Increasing KM,2026-10-30 13:00,2026-10-30 13:51,High,False,Not Applicable,1.0
TRN-0003127,2026-10-30,Express,COR-03,SEC-05,Up,Increasing KM,2026-10-30 14:41,2026-10-30 15:31,High,False,Not Applicable,1.0
TRN-0003128,2026-10-30,Passenger,COR-03,SEC-05,Up,Increasing KM,2026-10-30 16:07,2026-10-30 16:56,High,False,Not Applicable,1.0
TRN-0003129,2026-10-30,Goods,COR-03,SEC-05,Up,Increasing KM,2026-10-30 17:19,2026-10-30 18:12,Medium,True,Forecasted,0.83
TRN-0003130,2026-10-30,Passenger,COR-03,SEC-06,Up,Increasing KM,2026-10-30 18:54,2026-10-30 19:49,High,False,Not Applicable,1.0
TRN-0003131,2026-10-30,Express,COR-03,SEC-05,Up,Increasing KM,2026-10-30 20:36,2026-10-30 21:19,High,False,Not Applicable,1.0
TRN-0003132,2026-10-30,Goods,COR-03,SEC-05,Up,Increasing KM,2026-10-30 22:01,2026-10-30 22:52,Medium,True,Forecasted,0.91
TRN-0003133,2026-10-30,Passenger,COR-03,SEC-05,Down,Decreasing KM,2026-10-30 05:23,2026-10-30 05:55,High,False,Not Applicable,1.0
TRN-0003134,2026-10-30,Express,COR-03,SEC-06,Down,Decreasing KM,2026-10-30 07:08,2026-10-30 07:39,High,False,Not Applicable,1.0
TRN-0003135,2026-10-30,Passenger,COR-03,SEC-05,Down,Decreasing KM,2026-10-30 08:26,2026-10-30 09:23,High,False,Not Applicable,1.0
TRN-0003136,2026-10-30,Superfast,COR-03,SEC-06,Down,Decreasing KM,2026-10-30 09:51,2026-10-30 10:37,Critical,False,Not Applicable,1.0
TRN-0003137,2026-10-30,Express,COR-03,SEC-05,Down,Decreasing KM,2026-10-30 11:39,2026-10-30 12:04,High,False,Not Applicable,1.0
TRN-0003138,2026-10-30,Passenger,COR-03,SEC-06,Down,Decreasing KM,2026-10-30 12:53,2026-10-30 13:21,High,False,Not Applicable,1.0
TRN-0003139,2026-10-30,Goods,COR-03,SEC-05,Down,Decreasing KM,2026-10-30 14:23,2026-10-30 15:17,Medium,True,Forecasted,0.78
TRN-0003140,2026-10-30,Superfast,COR-03,SEC-05,Down,Decreasing KM,2026-10-30 15:54,2026-10-30 16:28,Critical,False,Not Applicable,1.0
TRN-0003141,2026-10-30,Passenger,COR-03,SEC-05,Down,Decreasing KM,2026-10-30 17:30,2026-10-30 18:21,High,False,Not Applicable,1.0
TRN-0003142,2026-10-30,Express,COR-03,SEC-06,Down,Decreasing KM,2026-10-30 18:52,2026-10-30 19:32,High,False,Not Applicable,1.0
TRN-0003143,2026-10-30,MEMU,COR-03,SEC-06,Down,Decreasing KM,2026-10-30 20:21,2026-10-30 20:49,Medium,False,Not Applicable,1.0
TRN-0003144,2026-10-30,Goods,COR-03,SEC-06,Down,Decreasing KM,2026-10-30 21:57,2026-10-30 22:50,Medium,True,Scheduled,0.84
TRN-0003145,2026-10-30,Express,COR-04,SEC-08,Up,Increasing KM,2026-10-30 05:33,2026-10-30 06:00,High,False,Not Applicable,1.0
TRN-0003146,2026-10-30,MEMU,COR-04,SEC-07,Up,Increasing KM,2026-10-30 06:49,2026-10-30 07:20,Medium,False,Not Applicable,1.0
TRN-0003147,2026-10-30,MEMU,COR-04,SEC-08,Up,Increasing KM,2026-10-30 08:41,2026-10-30 09:24,Medium,False,Not Applicable,1.0
TRN-0003148,2026-10-30,Express,COR-04,SEC-07,Up,Increasing KM,2026-10-30 09:50,2026-10-30 10:31,High,False,Not Applicable,1.0
TRN-0003149,2026-10-30,MEMU,COR-04,SEC-08,Up,Increasing KM,2026-10-30 11:24,2026-10-30 11:54,Medium,False,Not Applicable,1.0
TRN-0003150,2026-10-30,Goods,COR-04,SEC-07,Up,Increasing KM,2026-10-30 13:12,2026-10-30 14:05,Medium,True,Scheduled,0.73
TRN-0003151,2026-10-30,Express,COR-04,SEC-08,Up,Increasing KM,2026-10-30 14:31,2026-10-30 15:06,High,False,Not Applicable,1.0
TRN-0003152,2026-10-30,Goods,COR-04,SEC-07,Up,Increasing KM,2026-10-30 16:04,2026-10-30 16:50,Medium,True,Forecasted,0.97
TRN-0003153,2026-10-30,Passenger,COR-04,SEC-07,Up,Increasing KM,2026-10-30 17:30,2026-10-30 17:59,High,False,Not Applicable,1.0
TRN-0003154,2026-10-30,Goods,COR-04,SEC-08,Up,Increasing KM,2026-10-30 19:06,2026-10-30 19:40,Medium,True,Forecasted,0.73
TRN-0003155,2026-10-30,MEMU,COR-04,SEC-07,Up,Increasing KM,2026-10-30 20:20,2026-10-30 20:53,Medium,False,Not Applicable,1.0
TRN-0003156,2026-10-30,Express,COR-04,SEC-08,Up,Increasing KM,2026-10-30 22:04,2026-10-30 22:51,High,False,Not Applicable,1.0
TRN-0003157,2026-10-30,Express,COR-04,SEC-07,Down,Decreasing KM,2026-10-30 05:20,2026-10-30 06:04,High,False,Not Applicable,1.0
TRN-0003158,2026-10-30,Passenger,COR-04,SEC-08,Down,Decreasing KM,2026-10-30 07:04,2026-10-30 07:55,High,False,Not Applicable,1.0
TRN-0003159,2026-10-30,Passenger,COR-04,SEC-08,Down,Decreasing KM,2026-10-30 08:28,2026-10-30 09:13,High,False,Not Applicable,1.0
TRN-0003160,2026-10-30,MEMU,COR-04,SEC-08,Down,Decreasing KM,2026-10-30 09:56,2026-10-30 10:41,Medium,False,Not Applicable,1.0
TRN-0003161,2026-10-30,Goods,COR-04,SEC-07,Down,Decreasing KM,2026-10-30 11:39,2026-10-30 12:17,Medium,True,Forecasted,0.85
TRN-0003162,2026-10-30,Superfast,COR-04,SEC-08,Down,Decreasing KM,2026-10-30 13:08,2026-10-30 13:54,Critical,False,Not Applicable,1.0
TRN-0003163,2026-10-30,Goods,COR-04,SEC-07,Down,Decreasing KM,2026-10-30 14:38,2026-10-30 15:14,Medium,True,Forecasted,0.71
TRN-0003164,2026-10-30,Express,COR-04,SEC-08,Down,Decreasing KM,2026-10-30 16:10,2026-10-30 16:39,High,False,Not Applicable,1.0
TRN-0003165,2026-10-30,MEMU,COR-04,SEC-07,Down,Decreasing KM,2026-10-30 17:23,2026-10-30 18:22,Medium,False,Not Applicable,1.0
TRN-0003166,2026-10-30,Goods,COR-04,SEC-08,Down,Decreasing KM,2026-10-30 19:09,2026-10-30 19:44,Medium,True,Forecasted,0.72
TRN-0003167,2026-10-30,Superfast,COR-04,SEC-07,Down,Decreasing KM,2026-10-30 20:22,2026-10-30 21:01,Critical,False,Not Applicable,1.0
TRN-0003168,2026-10-30,Goods,COR-04,SEC-07,Down,Decreasing KM,2026-10-30 21:56,2026-10-30 22:49,Medium,True,Forecasted,0.66
TRN-0003169,2026-10-31,Passenger,COR-01,SEC-01,Up,Increasing KM,2026-10-31 05:18,2026-10-31 05:43,High,False,Not Applicable,1.0
TRN-0003170,2026-10-31,Express,COR-01,SEC-02,Up,Increasing KM,2026-10-31 07:07,2026-10-31 08:06,High,False,Not Applicable,1.0
TRN-0003171,2026-10-31,Passenger,COR-01,SEC-02,Up,Increasing KM,2026-10-31 08:24,2026-10-31 09:10,High,False,Not Applicable,1.0
TRN-0003172,2026-10-31,MEMU,COR-01,SEC-02,Up,Increasing KM,2026-10-31 10:10,2026-10-31 11:09,Medium,False,Not Applicable,1.0
TRN-0003173,2026-10-31,Superfast,COR-01,SEC-01,Up,Increasing KM,2026-10-31 11:41,2026-10-31 12:18,Critical,False,Not Applicable,1.0
TRN-0003174,2026-10-31,Passenger,COR-01,SEC-01,Up,Increasing KM,2026-10-31 13:10,2026-10-31 13:46,High,False,Not Applicable,1.0
TRN-0003175,2026-10-31,Goods,COR-01,SEC-01,Up,Increasing KM,2026-10-31 14:42,2026-10-31 15:25,Medium,True,Forecasted,0.91
TRN-0003176,2026-10-31,Passenger,COR-01,SEC-01,Up,Increasing KM,2026-10-31 16:08,2026-10-31 17:04,High,False,Not Applicable,1.0
TRN-0003177,2026-10-31,Passenger,COR-01,SEC-02,Up,Increasing KM,2026-10-31 17:27,2026-10-31 18:18,High,False,Not Applicable,1.0
TRN-0003178,2026-10-31,MEMU,COR-01,SEC-02,Up,Increasing KM,2026-10-31 19:12,2026-10-31 20:09,Medium,False,Not Applicable,1.0
TRN-0003179,2026-10-31,Passenger,COR-01,SEC-02,Up,Increasing KM,2026-10-31 20:26,2026-10-31 20:53,High,False,Not Applicable,1.0
TRN-0003180,2026-10-31,Superfast,COR-01,SEC-01,Up,Increasing KM,2026-10-31 22:02,2026-10-31 22:40,Critical,False,Not Applicable,1.0
TRN-0003181,2026-10-31,Superfast,COR-01,SEC-02,Down,Decreasing KM,2026-10-31 05:20,2026-10-31 06:03,Critical,False,Not Applicable,1.0
TRN-0003182,2026-10-31,Passenger,COR-01,SEC-02,Down,Decreasing KM,2026-10-31 06:58,2026-10-31 07:57,High,False,Not Applicable,1.0
TRN-0003183,2026-10-31,MEMU,COR-01,SEC-01,Down,Decreasing KM,2026-10-31 08:36,2026-10-31 09:19,Medium,False,Not Applicable,1.0
TRN-0003184,2026-10-31,Superfast,COR-01,SEC-02,Down,Decreasing KM,2026-10-31 10:04,2026-10-31 10:35,Critical,False,Not Applicable,1.0
TRN-0003185,2026-10-31,MEMU,COR-01,SEC-02,Down,Decreasing KM,2026-10-31 11:36,2026-10-31 12:27,Medium,False,Not Applicable,1.0
TRN-0003186,2026-10-31,Superfast,COR-01,SEC-02,Down,Decreasing KM,2026-10-31 13:06,2026-10-31 14:05,Critical,False,Not Applicable,1.0
TRN-0003187,2026-10-31,Goods,COR-01,SEC-01,Down,Decreasing KM,2026-10-31 14:42,2026-10-31 15:07,Medium,True,Forecasted,0.68
TRN-0003188,2026-10-31,Passenger,COR-01,SEC-02,Down,Decreasing KM,2026-10-31 16:09,2026-10-31 16:36,High,False,Not Applicable,1.0
TRN-0003189,2026-10-31,Passenger,COR-01,SEC-01,Down,Decreasing KM,2026-10-31 17:32,2026-10-31 18:17,High,False,Not Applicable,1.0
TRN-0003190,2026-10-31,Express,COR-01,SEC-01,Down,Decreasing KM,2026-10-31 19:09,2026-10-31 19:54,High,False,Not Applicable,1.0
TRN-0003191,2026-10-31,Goods,COR-01,SEC-01,Down,Decreasing KM,2026-10-31 20:19,2026-10-31 21:14,Medium,True,Forecasted,0.86
TRN-0003192,2026-10-31,Superfast,COR-01,SEC-01,Down,Decreasing KM,2026-10-31 22:06,2026-10-31 22:45,Critical,False,Not Applicable,1.0
TRN-0003193,2026-10-31,Goods,COR-02,SEC-04,Up,Increasing KM,2026-10-31 05:25,2026-10-31 06:22,Medium,True,Forecasted,0.85
TRN-0003194,2026-10-31,Superfast,COR-02,SEC-03,Up,Increasing KM,2026-10-31 07:06,2026-10-31 07:52,Critical,False,Not Applicable,1.0
TRN-0003195,2026-10-31,Express,COR-02,SEC-03,Up,Increasing KM,2026-10-31 08:41,2026-10-31 09:30,High,False,Not Applicable,1.0
TRN-0003196,2026-10-31,Goods,COR-02,SEC-04,Up,Increasing KM,2026-10-31 09:52,2026-10-31 10:46,Medium,True,Forecasted,0.91
TRN-0003197,2026-10-31,Express,COR-02,SEC-04,Up,Increasing KM,2026-10-31 11:32,2026-10-31 12:03,High,False,Not Applicable,1.0
TRN-0003198,2026-10-31,Goods,COR-02,SEC-03,Up,Increasing KM,2026-10-31 13:05,2026-10-31 14:05,Medium,True,Forecasted,0.7
TRN-0003199,2026-10-31,Express,COR-02,SEC-03,Up,Increasing KM,2026-10-31 14:18,2026-10-31 14:52,High,False,Not Applicable,1.0
TRN-0003200,2026-10-31,Passenger,COR-02,SEC-03,Up,Increasing KM,2026-10-31 15:52,2026-10-31 16:21,High,False,Not Applicable,1.0
TRN-0003201,2026-10-31,Superfast,COR-02,SEC-04,Up,Increasing KM,2026-10-31 17:27,2026-10-31 18:18,Critical,False,Not Applicable,1.0
TRN-0003202,2026-10-31,Express,COR-02,SEC-04,Up,Increasing KM,2026-10-31 18:51,2026-10-31 19:37,High,False,Not Applicable,1.0
TRN-0003203,2026-10-31,Goods,COR-02,SEC-04,Up,Increasing KM,2026-10-31 20:26,2026-10-31 21:05,Medium,True,Forecasted,0.94
TRN-0003204,2026-10-31,Goods,COR-02,SEC-03,Up,Increasing KM,2026-10-31 21:51,2026-10-31 22:35,Medium,True,Scheduled,0.73
TRN-0003205,2026-10-31,Superfast,COR-02,SEC-03,Down,Decreasing KM,2026-10-31 05:26,2026-10-31 06:09,Critical,False,Not Applicable,1.0
TRN-0003206,2026-10-31,Goods,COR-02,SEC-03,Down,Decreasing KM,2026-10-31 06:53,2026-10-31 07:35,Medium,True,Forecasted,0.78
TRN-0003207,2026-10-31,Superfast,COR-02,SEC-04,Down,Decreasing KM,2026-10-31 08:32,2026-10-31 09:13,Critical,False,Not Applicable,1.0
TRN-0003208,2026-10-31,Express,COR-02,SEC-03,Down,Decreasing KM,2026-10-31 09:53,2026-10-31 10:32,High,False,Not Applicable,1.0
TRN-0003209,2026-10-31,Passenger,COR-02,SEC-04,Down,Decreasing KM,2026-10-31 11:37,2026-10-31 12:19,High,False,Not Applicable,1.0
TRN-0003210,2026-10-31,Superfast,COR-02,SEC-03,Down,Decreasing KM,2026-10-31 12:57,2026-10-31 13:45,Critical,False,Not Applicable,1.0
TRN-0003211,2026-10-31,Express,COR-02,SEC-04,Down,Decreasing KM,2026-10-31 14:42,2026-10-31 15:34,High,False,Not Applicable,1.0
TRN-0003212,2026-10-31,Passenger,COR-02,SEC-04,Down,Decreasing KM,2026-10-31 16:09,2026-10-31 16:53,High,False,Not Applicable,1.0
TRN-0003213,2026-10-31,Passenger,COR-02,SEC-03,Down,Decreasing KM,2026-10-31 17:28,2026-10-31 17:58,High,False,Not Applicable,1.0
TRN-0003214,2026-10-31,Goods,COR-02,SEC-03,Down,Decreasing KM,2026-10-31 19:02,2026-10-31 19:58,Medium,True,Forecasted,0.91
TRN-0003215,2026-10-31,Goods,COR-02,SEC-03,Down,Decreasing KM,2026-10-31 20:18,2026-10-31 20:56,Medium,True,Forecasted,0.94
TRN-0003216,2026-10-31,MEMU,COR-02,SEC-03,Down,Decreasing KM,2026-10-31 21:49,2026-10-31 22:14,Medium,False,Not Applicable,1.0
TRN-0003217,2026-10-31,Goods,COR-03,SEC-06,Up,Increasing KM,2026-10-31 05:19,2026-10-31 05:48,Medium,True,Forecasted,0.7
TRN-0003218,2026-10-31,Passenger,COR-03,SEC-05,Up,Increasing KM,2026-10-31 07:05,2026-10-31 07:30,High,False,Not Applicable,1.0
TRN-0003219,2026-10-31,MEMU,COR-03,SEC-06,Up,Increasing KM,2026-10-31 08:33,2026-10-31 09:23,Medium,False,Not Applicable,1.0
TRN-0003220,2026-10-31,Express,COR-03,SEC-06,Up,Increasing KM,2026-10-31 09:52,2026-10-31 10:18,High,False,Not Applicable,1.0
TRN-0003221,2026-10-31,MEMU,COR-03,SEC-06,Up,Increasing KM,2026-10-31 11:26,2026-10-31 12:00,Medium,False,Not Applicable,1.0
TRN-0003222,2026-10-31,Express,COR-03,SEC-06,Up,Increasing KM,2026-10-31 13:00,2026-10-31 13:46,High,False,Not Applicable,1.0
TRN-0003223,2026-10-31,Passenger,COR-03,SEC-05,Up,Increasing KM,2026-10-31 14:21,2026-10-31 15:15,High,False,Not Applicable,1.0
TRN-0003224,2026-10-31,Goods,COR-03,SEC-06,Up,Increasing KM,2026-10-31 16:06,2026-10-31 16:58,Medium,True,Forecasted,0.91
TRN-0003225,2026-10-31,Passenger,COR-03,SEC-06,Up,Increasing KM,2026-10-31 17:24,2026-10-31 17:51,High,False,Not Applicable,1.0
TRN-0003226,2026-10-31,Goods,COR-03,SEC-05,Up,Increasing KM,2026-10-31 19:11,2026-10-31 20:01,Medium,True,Forecasted,0.73
TRN-0003227,2026-10-31,Goods,COR-03,SEC-06,Up,Increasing KM,2026-10-31 20:38,2026-10-31 21:10,Medium,True,Forecasted,0.73
TRN-0003228,2026-10-31,Express,COR-03,SEC-05,Up,Increasing KM,2026-10-31 22:03,2026-10-31 22:42,High,False,Not Applicable,1.0
TRN-0003229,2026-10-31,Superfast,COR-03,SEC-06,Down,Decreasing KM,2026-10-31 05:32,2026-10-31 06:22,Critical,False,Not Applicable,1.0
TRN-0003230,2026-10-31,Goods,COR-03,SEC-06,Down,Decreasing KM,2026-10-31 06:55,2026-10-31 07:32,Medium,True,Scheduled,0.73
TRN-0003231,2026-10-31,MEMU,COR-03,SEC-05,Down,Decreasing KM,2026-10-31 08:41,2026-10-31 09:38,Medium,False,Not Applicable,1.0
TRN-0003232,2026-10-31,Passenger,COR-03,SEC-05,Down,Decreasing KM,2026-10-31 09:55,2026-10-31 10:34,High,False,Not Applicable,1.0
TRN-0003233,2026-10-31,Goods,COR-03,SEC-05,Down,Decreasing KM,2026-10-31 11:39,2026-10-31 12:06,Medium,True,Forecasted,0.73
TRN-0003234,2026-10-31,Express,COR-03,SEC-05,Down,Decreasing KM,2026-10-31 12:52,2026-10-31 13:46,High,False,Not Applicable,1.0
TRN-0003235,2026-10-31,Goods,COR-03,SEC-05,Down,Decreasing KM,2026-10-31 14:20,2026-10-31 15:15,Medium,True,Forecasted,0.85
TRN-0003236,2026-10-31,Express,COR-03,SEC-06,Down,Decreasing KM,2026-10-31 15:52,2026-10-31 16:30,High,False,Not Applicable,1.0
TRN-0003237,2026-10-31,Goods,COR-03,SEC-05,Down,Decreasing KM,2026-10-31 17:28,2026-10-31 18:19,Medium,True,Forecasted,0.74
TRN-0003238,2026-10-31,MEMU,COR-03,SEC-05,Down,Decreasing KM,2026-10-31 19:10,2026-10-31 19:49,Medium,False,Not Applicable,1.0
TRN-0003239,2026-10-31,Express,COR-03,SEC-06,Down,Decreasing KM,2026-10-31 20:22,2026-10-31 21:12,High,False,Not Applicable,1.0
TRN-0003240,2026-10-31,Passenger,COR-03,SEC-05,Down,Decreasing KM,2026-10-31 22:07,2026-10-31 22:51,High,False,Not Applicable,1.0
TRN-0003241,2026-10-31,Passenger,COR-04,SEC-08,Up,Increasing KM,2026-10-31 05:41,2026-10-31 06:08,High,False,Not Applicable,1.0
TRN-0003242,2026-10-31,Superfast,COR-04,SEC-07,Up,Increasing KM,2026-10-31 06:53,2026-10-31 07:30,Critical,False,Not Applicable,1.0
TRN-0003243,2026-10-31,Superfast,COR-04,SEC-08,Up,Increasing KM,2026-10-31 08:22,2026-10-31 09:11,Critical,False,Not Applicable,1.0
TRN-0003244,2026-10-31,Passenger,COR-04,SEC-07,Up,Increasing KM,2026-10-31 10:09,2026-10-31 10:49,High,False,Not Applicable,1.0
TRN-0003245,2026-10-31,Passenger,COR-04,SEC-08,Up,Increasing KM,2026-10-31 11:40,2026-10-31 12:27,High,False,Not Applicable,1.0
TRN-0003246,2026-10-31,Express,COR-04,SEC-07,Up,Increasing KM,2026-10-31 13:06,2026-10-31 13:47,High,False,Not Applicable,1.0
TRN-0003247,2026-10-31,Superfast,COR-04,SEC-08,Up,Increasing KM,2026-10-31 14:29,2026-10-31 15:03,Critical,False,Not Applicable,1.0
TRN-0003248,2026-10-31,Goods,COR-04,SEC-07,Up,Increasing KM,2026-10-31 15:58,2026-10-31 16:49,Medium,True,Scheduled,0.78
TRN-0003249,2026-10-31,Goods,COR-04,SEC-08,Up,Increasing KM,2026-10-31 17:34,2026-10-31 18:24,Medium,True,Forecasted,0.74
TRN-0003250,2026-10-31,Passenger,COR-04,SEC-08,Up,Increasing KM,2026-10-31 19:06,2026-10-31 19:43,High,False,Not Applicable,1.0
TRN-0003251,2026-10-31,Express,COR-04,SEC-07,Up,Increasing KM,2026-10-31 20:24,2026-10-31 20:49,High,False,Not Applicable,1.0
TRN-0003252,2026-10-31,Passenger,COR-04,SEC-07,Up,Increasing KM,2026-10-31 21:48,2026-10-31 22:18,High,False,Not Applicable,1.0
TRN-0003253,2026-10-31,Express,COR-04,SEC-07,Down,Decreasing KM,2026-10-31 05:31,2026-10-31 06:06,High,False,Not Applicable,1.0
TRN-0003254,2026-10-31,Passenger,COR-04,SEC-08,Down,Decreasing KM,2026-10-31 07:12,2026-10-31 08:10,High,False,Not Applicable,1.0
TRN-0003255,2026-10-31,Passenger,COR-04,SEC-07,Down,Decreasing KM,2026-10-31 08:33,2026-10-31 09:21,High,False,Not Applicable,1.0
TRN-0003256,2026-10-31,Goods,COR-04,SEC-07,Down,Decreasing KM,2026-10-31 10:08,2026-10-31 10:37,Medium,True,Forecasted,0.67
TRN-0003257,2026-10-31,Express,COR-04,SEC-08,Down,Decreasing KM,2026-10-31 11:29,2026-10-31 12:03,High,False,Not Applicable,1.0
TRN-0003258,2026-10-31,Passenger,COR-04,SEC-07,Down,Decreasing KM,2026-10-31 13:11,2026-10-31 14:03,High,False,Not Applicable,1.0
TRN-0003259,2026-10-31,Passenger,COR-04,SEC-07,Down,Decreasing KM,2026-10-31 14:41,2026-10-31 15:37,High,False,Not Applicable,1.0
TRN-0003260,2026-10-31,Goods,COR-04,SEC-07,Down,Decreasing KM,2026-10-31 15:53,2026-10-31 16:46,Medium,True,Forecasted,0.67
TRN-0003261,2026-10-31,Express,COR-04,SEC-07,Down,Decreasing KM,2026-10-31 17:39,2026-10-31 18:36,High,False,Not Applicable,1.0
TRN-0003262,2026-10-31,Express,COR-04,SEC-08,Down,Decreasing KM,2026-10-31 18:48,2026-10-31 19:39,High,False,Not Applicable,1.0
TRN-0003263,2026-10-31,Passenger,COR-04,SEC-07,Down,Decreasing KM,2026-10-31 20:32,2026-10-31 21:10,High,False,Not Applicable,1.0
TRN-0003264,2026-10-31,Goods,COR-04,SEC-07,Down,Decreasing KM,2026-10-31 21:58,2026-10-31 22:39,Medium,True,Forecasted,0.75
TRN-0003265,2026-11-01,MEMU,COR-01,SEC-01,Up,Increasing KM,2026-11-01 05:18,2026-11-01 06:10,Medium,False,Not Applicable,1.0
TRN-0003266,2026-11-01,Passenger,COR-01,SEC-01,Up,Increasing KM,2026-11-01 07:00,2026-11-01 07:48,High,False,Not Applicable,1.0
TRN-0003267,2026-11-01,Passenger,COR-01,SEC-02,Up,Increasing KM,2026-11-01 08:29,2026-11-01 09:14,High,False,Not Applicable,1.0
TRN-0003268,2026-11-01,Goods,COR-01,SEC-01,Up,Increasing KM,2026-11-01 09:56,2026-11-01 10:21,Medium,True,Forecasted,0.73
TRN-0003269,2026-11-01,Passenger,COR-01,SEC-01,Up,Increasing KM,2026-11-01 11:22,2026-11-01 12:22,High,False,Not Applicable,1.0
TRN-0003270,2026-11-01,Superfast,COR-01,SEC-01,Up,Increasing KM,2026-11-01 13:12,2026-11-01 13:50,Critical,False,Not Applicable,1.0
TRN-0003271,2026-11-01,Superfast,COR-01,SEC-01,Up,Increasing KM,2026-11-01 14:34,2026-11-01 15:08,Critical,False,Not Applicable,1.0
TRN-0003272,2026-11-01,Passenger,COR-01,SEC-01,Up,Increasing KM,2026-11-01 15:59,2026-11-01 16:49,High,False,Not Applicable,1.0
TRN-0003273,2026-11-01,Express,COR-01,SEC-02,Up,Increasing KM,2026-11-01 17:36,2026-11-01 18:18,High,False,Not Applicable,1.0
TRN-0003274,2026-11-01,MEMU,COR-01,SEC-01,Up,Increasing KM,2026-11-01 18:57,2026-11-01 19:42,Medium,False,Not Applicable,1.0
TRN-0003275,2026-11-01,Express,COR-01,SEC-01,Up,Increasing KM,2026-11-01 20:23,2026-11-01 21:11,High,False,Not Applicable,1.0
TRN-0003276,2026-11-01,Passenger,COR-01,SEC-01,Up,Increasing KM,2026-11-01 22:04,2026-11-01 22:42,High,False,Not Applicable,1.0
TRN-0003277,2026-11-01,MEMU,COR-01,SEC-02,Down,Decreasing KM,2026-11-01 05:21,2026-11-01 06:16,Medium,False,Not Applicable,1.0
TRN-0003278,2026-11-01,Superfast,COR-01,SEC-02,Down,Decreasing KM,2026-11-01 06:52,2026-11-01 07:31,Critical,False,Not Applicable,1.0
TRN-0003279,2026-11-01,Passenger,COR-01,SEC-02,Down,Decreasing KM,2026-11-01 08:41,2026-11-01 09:40,High,False,Not Applicable,1.0
TRN-0003280,2026-11-01,Goods,COR-01,SEC-02,Down,Decreasing KM,2026-11-01 10:00,2026-11-01 10:54,Medium,True,Forecasted,0.75
TRN-0003281,2026-11-01,Superfast,COR-01,SEC-01,Down,Decreasing KM,2026-11-01 11:28,2026-11-01 12:20,Critical,False,Not Applicable,1.0
TRN-0003282,2026-11-01,Goods,COR-01,SEC-01,Down,Decreasing KM,2026-11-01 12:55,2026-11-01 13:22,Medium,True,Forecasted,0.95
TRN-0003283,2026-11-01,Passenger,COR-01,SEC-01,Down,Decreasing KM,2026-11-01 14:36,2026-11-01 15:26,High,False,Not Applicable,1.0
TRN-0003284,2026-11-01,Passenger,COR-01,SEC-01,Down,Decreasing KM,2026-11-01 16:10,2026-11-01 17:00,High,False,Not Applicable,1.0
TRN-0003285,2026-11-01,MEMU,COR-01,SEC-01,Down,Decreasing KM,2026-11-01 17:37,2026-11-01 18:12,Medium,False,Not Applicable,1.0
TRN-0003286,2026-11-01,Superfast,COR-01,SEC-02,Down,Decreasing KM,2026-11-01 19:01,2026-11-01 19:48,Critical,False,Not Applicable,1.0
TRN-0003287,2026-11-01,Passenger,COR-01,SEC-02,Down,Decreasing KM,2026-11-01 20:29,2026-11-01 21:22,High,False,Not Applicable,1.0
TRN-0003288,2026-11-01,Passenger,COR-01,SEC-02,Down,Decreasing KM,2026-11-01 22:09,2026-11-01 22:53,High,False,Not Applicable,1.0
TRN-0003289,2026-11-01,Passenger,COR-02,SEC-03,Up,Increasing KM,2026-11-01 05:39,2026-11-01 06:36,High,False,Not Applicable,1.0
TRN-0003290,2026-11-01,Express,COR-02,SEC-03,Up,Increasing KM,2026-11-01 07:02,2026-11-01 08:02,High,False,Not Applicable,1.0
TRN-0003291,2026-11-01,MEMU,COR-02,SEC-04,Up,Increasing KM,2026-11-01 08:26,2026-11-01 08:53,Medium,False,Not Applicable,1.0
TRN-0003292,2026-11-01,MEMU,COR-02,SEC-03,Up,Increasing KM,2026-11-01 10:03,2026-11-01 10:29,Medium,False,Not Applicable,1.0
TRN-0003293,2026-11-01,Superfast,COR-02,SEC-03,Up,Increasing KM,2026-11-01 11:41,2026-11-01 12:10,Critical,False,Not Applicable,1.0
TRN-0003294,2026-11-01,Superfast,COR-02,SEC-04,Up,Increasing KM,2026-11-01 13:08,2026-11-01 13:46,Critical,False,Not Applicable,1.0
TRN-0003295,2026-11-01,MEMU,COR-02,SEC-03,Up,Increasing KM,2026-11-01 14:30,2026-11-01 15:00,Medium,False,Not Applicable,1.0
TRN-0003296,2026-11-01,Goods,COR-02,SEC-03,Up,Increasing KM,2026-11-01 16:02,2026-11-01 16:58,Medium,True,Forecasted,0.7
TRN-0003297,2026-11-01,Express,COR-02,SEC-03,Up,Increasing KM,2026-11-01 17:42,2026-11-01 18:35,High,False,Not Applicable,1.0
TRN-0003298,2026-11-01,Express,COR-02,SEC-04,Up,Increasing KM,2026-11-01 19:06,2026-11-01 19:44,High,False,Not Applicable,1.0
TRN-0003299,2026-11-01,Express,COR-02,SEC-03,Up,Increasing KM,2026-11-01 20:30,2026-11-01 20:56,High,False,Not Applicable,1.0
TRN-0003300,2026-11-01,Passenger,COR-02,SEC-03,Up,Increasing KM,2026-11-01 21:55,2026-11-01 22:35,High,False,Not Applicable,1.0
TRN-0003301,2026-11-01,Superfast,COR-02,SEC-04,Down,Decreasing KM,2026-11-01 05:38,2026-11-01 06:08,Critical,False,Not Applicable,1.0
TRN-0003302,2026-11-01,Passenger,COR-02,SEC-03,Down,Decreasing KM,2026-11-01 07:11,2026-11-01 07:44,High,False,Not Applicable,1.0
TRN-0003303,2026-11-01,Express,COR-02,SEC-04,Down,Decreasing KM,2026-11-01 08:21,2026-11-01 08:47,High,False,Not Applicable,1.0
TRN-0003304,2026-11-01,Goods,COR-02,SEC-03,Down,Decreasing KM,2026-11-01 10:08,2026-11-01 10:50,Medium,True,Forecasted,0.65
TRN-0003305,2026-11-01,Goods,COR-02,SEC-03,Down,Decreasing KM,2026-11-01 11:25,2026-11-01 12:18,Medium,True,Forecasted,0.83
TRN-0003306,2026-11-01,Passenger,COR-02,SEC-03,Down,Decreasing KM,2026-11-01 12:59,2026-11-01 13:49,High,False,Not Applicable,1.0
TRN-0003307,2026-11-01,Express,COR-02,SEC-03,Down,Decreasing KM,2026-11-01 14:20,2026-11-01 15:16,High,False,Not Applicable,1.0
TRN-0003308,2026-11-01,Express,COR-02,SEC-03,Down,Decreasing KM,2026-11-01 16:12,2026-11-01 17:02,High,False,Not Applicable,1.0
TRN-0003309,2026-11-01,Goods,COR-02,SEC-03,Down,Decreasing KM,2026-11-01 17:37,2026-11-01 18:25,Medium,True,Forecasted,0.88
TRN-0003310,2026-11-01,Passenger,COR-02,SEC-04,Down,Decreasing KM,2026-11-01 19:04,2026-11-01 19:30,High,False,Not Applicable,1.0
TRN-0003311,2026-11-01,Superfast,COR-02,SEC-04,Down,Decreasing KM,2026-11-01 20:36,2026-11-01 21:03,Critical,False,Not Applicable,1.0
TRN-0003312,2026-11-01,Passenger,COR-02,SEC-04,Down,Decreasing KM,2026-11-01 22:09,2026-11-01 23:06,High,False,Not Applicable,1.0
TRN-0003313,2026-11-01,Goods,COR-03,SEC-06,Up,Increasing KM,2026-11-01 05:19,2026-11-01 06:15,Medium,True,Forecasted,0.98
TRN-0003314,2026-11-01,Superfast,COR-03,SEC-05,Up,Increasing KM,2026-11-01 06:55,2026-11-01 07:49,Critical,False,Not Applicable,1.0
TRN-0003315,2026-11-01,MEMU,COR-03,SEC-05,Up,Increasing KM,2026-11-01 08:23,2026-11-01 09:09,Medium,False,Not Applicable,1.0
TRN-0003316,2026-11-01,Express,COR-03,SEC-06,Up,Increasing KM,2026-11-01 10:12,2026-11-01 11:09,High,False,Not Applicable,1.0
TRN-0003317,2026-11-01,Passenger,COR-03,SEC-06,Up,Increasing KM,2026-11-01 11:21,2026-11-01 12:01,High,False,Not Applicable,1.0
TRN-0003318,2026-11-01,Express,COR-03,SEC-05,Up,Increasing KM,2026-11-01 13:09,2026-11-01 13:51,High,False,Not Applicable,1.0
TRN-0003319,2026-11-01,Passenger,COR-03,SEC-05,Up,Increasing KM,2026-11-01 14:23,2026-11-01 15:17,High,False,Not Applicable,1.0
TRN-0003320,2026-11-01,Superfast,COR-03,SEC-05,Up,Increasing KM,2026-11-01 16:04,2026-11-01 16:55,Critical,False,Not Applicable,1.0
TRN-0003321,2026-11-01,Express,COR-03,SEC-06,Up,Increasing KM,2026-11-01 17:20,2026-11-01 17:52,High,False,Not Applicable,1.0
TRN-0003322,2026-11-01,Passenger,COR-03,SEC-06,Up,Increasing KM,2026-11-01 18:57,2026-11-01 19:40,High,False,Not Applicable,1.0
TRN-0003323,2026-11-01,Goods,COR-03,SEC-05,Up,Increasing KM,2026-11-01 20:33,2026-11-01 21:05,Medium,True,Scheduled,0.66
TRN-0003324,2026-11-01,Goods,COR-03,SEC-06,Up,Increasing KM,2026-11-01 22:05,2026-11-01 22:57,Medium,True,Forecasted,0.76
TRN-0003325,2026-11-01,Goods,COR-03,SEC-05,Down,Decreasing KM,2026-11-01 05:30,2026-11-01 06:06,Medium,True,Forecasted,0.66
TRN-0003326,2026-11-01,Express,COR-03,SEC-06,Down,Decreasing KM,2026-11-01 07:10,2026-11-01 07:55,High,False,Not Applicable,1.0
TRN-0003327,2026-11-01,Goods,COR-03,SEC-06,Down,Decreasing KM,2026-11-01 08:29,2026-11-01 09:26,Medium,True,Forecasted,0.77
TRN-0003328,2026-11-01,Passenger,COR-03,SEC-06,Down,Decreasing KM,2026-11-01 09:57,2026-11-01 10:25,High,False,Not Applicable,1.0
TRN-0003329,2026-11-01,Superfast,COR-03,SEC-05,Down,Decreasing KM,2026-11-01 11:20,2026-11-01 12:10,Critical,False,Not Applicable,1.0
TRN-0003330,2026-11-01,Express,COR-03,SEC-05,Down,Decreasing KM,2026-11-01 13:10,2026-11-01 13:56,High,False,Not Applicable,1.0
TRN-0003331,2026-11-01,MEMU,COR-03,SEC-06,Down,Decreasing KM,2026-11-01 14:25,2026-11-01 14:50,Medium,False,Not Applicable,1.0
TRN-0003332,2026-11-01,Goods,COR-03,SEC-05,Down,Decreasing KM,2026-11-01 15:59,2026-11-01 16:35,Medium,True,Forecasted,0.74
TRN-0003333,2026-11-01,Superfast,COR-03,SEC-05,Down,Decreasing KM,2026-11-01 17:20,2026-11-01 17:48,Critical,False,Not Applicable,1.0
TRN-0003334,2026-11-01,Goods,COR-03,SEC-05,Down,Decreasing KM,2026-11-01 18:55,2026-11-01 19:34,Medium,True,Scheduled,0.78
TRN-0003335,2026-11-01,Passenger,COR-03,SEC-05,Down,Decreasing KM,2026-11-01 20:31,2026-11-01 21:13,High,False,Not Applicable,1.0
TRN-0003336,2026-11-01,Passenger,COR-03,SEC-06,Down,Decreasing KM,2026-11-01 22:10,2026-11-01 22:38,High,False,Not Applicable,1.0
TRN-0003337,2026-11-01,Superfast,COR-04,SEC-08,Up,Increasing KM,2026-11-01 05:27,2026-11-01 05:59,Critical,False,Not Applicable,1.0
TRN-0003338,2026-11-01,Goods,COR-04,SEC-07,Up,Increasing KM,2026-11-01 07:02,2026-11-01 08:02,Medium,True,Forecasted,0.93
TRN-0003339,2026-11-01,MEMU,COR-04,SEC-08,Up,Increasing KM,2026-11-01 08:18,2026-11-01 09:16,Medium,False,Not Applicable,1.0
TRN-0003340,2026-11-01,Goods,COR-04,SEC-07,Up,Increasing KM,2026-11-01 10:10,2026-11-01 11:05,Medium,True,Scheduled,0.81
TRN-0003341,2026-11-01,Express,COR-04,SEC-07,Up,Increasing KM,2026-11-01 11:30,2026-11-01 12:01,High,False,Not Applicable,1.0
TRN-0003342,2026-11-01,Express,COR-04,SEC-07,Up,Increasing KM,2026-11-01 13:07,2026-11-01 14:00,High,False,Not Applicable,1.0
TRN-0003343,2026-11-01,MEMU,COR-04,SEC-07,Up,Increasing KM,2026-11-01 14:24,2026-11-01 15:00,Medium,False,Not Applicable,1.0
TRN-0003344,2026-11-01,Goods,COR-04,SEC-08,Up,Increasing KM,2026-11-01 16:08,2026-11-01 16:40,Medium,True,Forecasted,0.77
TRN-0003345,2026-11-01,Passenger,COR-04,SEC-07,Up,Increasing KM,2026-11-01 17:27,2026-11-01 18:03,High,False,Not Applicable,1.0
TRN-0003346,2026-11-01,Superfast,COR-04,SEC-07,Up,Increasing KM,2026-11-01 19:11,2026-11-01 19:57,Critical,False,Not Applicable,1.0
TRN-0003347,2026-11-01,Goods,COR-04,SEC-07,Up,Increasing KM,2026-11-01 20:31,2026-11-01 21:21,Medium,True,Forecasted,0.72
TRN-0003348,2026-11-01,Passenger,COR-04,SEC-08,Up,Increasing KM,2026-11-01 22:03,2026-11-01 22:52,High,False,Not Applicable,1.0
TRN-0003349,2026-11-01,Goods,COR-04,SEC-08,Down,Decreasing KM,2026-11-01 05:19,2026-11-01 05:59,Medium,True,Forecasted,0.76
TRN-0003350,2026-11-01,MEMU,COR-04,SEC-08,Down,Decreasing KM,2026-11-01 06:56,2026-11-01 07:45,Medium,False,Not Applicable,1.0
TRN-0003351,2026-11-01,Express,COR-04,SEC-07,Down,Decreasing KM,2026-11-01 08:34,2026-11-01 09:27,High,False,Not Applicable,1.0
TRN-0003352,2026-11-01,Express,COR-04,SEC-07,Down,Decreasing KM,2026-11-01 10:04,2026-11-01 10:45,High,False,Not Applicable,1.0
TRN-0003353,2026-11-01,Express,COR-04,SEC-07,Down,Decreasing KM,2026-11-01 11:21,2026-11-01 12:06,High,False,Not Applicable,1.0
TRN-0003354,2026-11-01,Goods,COR-04,SEC-07,Down,Decreasing KM,2026-11-01 13:04,2026-11-01 13:41,Medium,True,Forecasted,0.72
TRN-0003355,2026-11-01,Passenger,COR-04,SEC-08,Down,Decreasing KM,2026-11-01 14:22,2026-11-01 15:18,High,False,Not Applicable,1.0
TRN-0003356,2026-11-01,Passenger,COR-04,SEC-07,Down,Decreasing KM,2026-11-01 16:06,2026-11-01 16:31,High,False,Not Applicable,1.0
TRN-0003357,2026-11-01,Passenger,COR-04,SEC-08,Down,Decreasing KM,2026-11-01 17:32,2026-11-01 17:57,High,False,Not Applicable,1.0
TRN-0003358,2026-11-01,Passenger,COR-04,SEC-08,Down,Decreasing KM,2026-11-01 18:51,2026-11-01 19:19,High,False,Not Applicable,1.0
TRN-0003359,2026-11-01,MEMU,COR-04,SEC-07,Down,Decreasing KM,2026-11-01 20:26,2026-11-01 21:10,Medium,False,Not Applicable,1.0
TRN-0003360,2026-11-01,MEMU,COR-04,SEC-08,Down,Decreasing KM,2026-11-01 22:08,2026-11-01 22:42,Medium,False,Not Applicable,1.0
TRN-0003361,2026-11-02,Passenger,COR-01,SEC-01,Up,Increasing KM,2026-11-02 05:32,2026-11-02 06:31,High,False,Not Applicable,1.0
TRN-0003362,2026-11-02,Superfast,COR-01,SEC-02,Up,Increasing KM,2026-11-02 07:08,2026-11-02 07:41,Critical,False,Not Applicable,1.0
TRN-0003363,2026-11-02,Passenger,COR-01,SEC-01,Up,Increasing KM,2026-11-02 08:18,2026-11-02 08:46,High,False,Not Applicable,1.0
TRN-0003364,2026-11-02,Passenger,COR-01,SEC-01,Up,Increasing KM,2026-11-02 10:01,2026-11-02 10:34,High,False,Not Applicable,1.0
TRN-0003365,2026-11-02,Express,COR-01,SEC-01,Up,Increasing KM,2026-11-02 11:36,2026-11-02 12:30,High,False,Not Applicable,1.0
TRN-0003366,2026-11-02,Passenger,COR-01,SEC-02,Up,Increasing KM,2026-11-02 12:58,2026-11-02 13:44,High,False,Not Applicable,1.0
TRN-0003367,2026-11-02,Passenger,COR-01,SEC-01,Up,Increasing KM,2026-11-02 14:41,2026-11-02 15:35,High,False,Not Applicable,1.0
TRN-0003368,2026-11-02,Express,COR-01,SEC-02,Up,Increasing KM,2026-11-02 16:04,2026-11-02 16:45,High,False,Not Applicable,1.0
TRN-0003369,2026-11-02,Passenger,COR-01,SEC-02,Up,Increasing KM,2026-11-02 17:18,2026-11-02 17:47,High,False,Not Applicable,1.0
TRN-0003370,2026-11-02,Passenger,COR-01,SEC-02,Up,Increasing KM,2026-11-02 19:01,2026-11-02 19:39,High,False,Not Applicable,1.0
TRN-0003371,2026-11-02,Express,COR-01,SEC-02,Up,Increasing KM,2026-11-02 20:27,2026-11-02 20:59,High,False,Not Applicable,1.0
TRN-0003372,2026-11-02,Express,COR-01,SEC-01,Up,Increasing KM,2026-11-02 21:51,2026-11-02 22:36,High,False,Not Applicable,1.0
TRN-0003373,2026-11-02,Superfast,COR-01,SEC-02,Down,Decreasing KM,2026-11-02 05:24,2026-11-02 06:22,Critical,False,Not Applicable,1.0
TRN-0003374,2026-11-02,Passenger,COR-01,SEC-02,Down,Decreasing KM,2026-11-02 07:12,2026-11-02 08:03,High,False,Not Applicable,1.0
TRN-0003375,2026-11-02,Superfast,COR-01,SEC-02,Down,Decreasing KM,2026-11-02 08:27,2026-11-02 09:04,Critical,False,Not Applicable,1.0
TRN-0003376,2026-11-02,Passenger,COR-01,SEC-02,Down,Decreasing KM,2026-11-02 09:55,2026-11-02 10:27,High,False,Not Applicable,1.0
TRN-0003377,2026-11-02,Goods,COR-01,SEC-01,Down,Decreasing KM,2026-11-02 11:42,2026-11-02 12:26,Medium,True,Scheduled,0.78
TRN-0003378,2026-11-02,Express,COR-01,SEC-01,Down,Decreasing KM,2026-11-02 13:01,2026-11-02 13:42,High,False,Not Applicable,1.0
TRN-0003379,2026-11-02,Passenger,COR-01,SEC-02,Down,Decreasing KM,2026-11-02 14:22,2026-11-02 15:11,High,False,Not Applicable,1.0
TRN-0003380,2026-11-02,Passenger,COR-01,SEC-02,Down,Decreasing KM,2026-11-02 16:00,2026-11-02 17:00,High,False,Not Applicable,1.0
TRN-0003381,2026-11-02,Express,COR-01,SEC-02,Down,Decreasing KM,2026-11-02 17:24,2026-11-02 17:49,High,False,Not Applicable,1.0
TRN-0003382,2026-11-02,MEMU,COR-01,SEC-01,Down,Decreasing KM,2026-11-02 19:05,2026-11-02 19:43,Medium,False,Not Applicable,1.0
TRN-0003383,2026-11-02,Superfast,COR-01,SEC-02,Down,Decreasing KM,2026-11-02 20:32,2026-11-02 21:23,Critical,False,Not Applicable,1.0
TRN-0003384,2026-11-02,MEMU,COR-01,SEC-02,Down,Decreasing KM,2026-11-02 22:06,2026-11-02 22:48,Medium,False,Not Applicable,1.0
TRN-0003385,2026-11-02,Passenger,COR-02,SEC-04,Up,Increasing KM,2026-11-02 05:37,2026-11-02 06:31,High,False,Not Applicable,1.0
TRN-0003386,2026-11-02,Superfast,COR-02,SEC-03,Up,Increasing KM,2026-11-02 06:59,2026-11-02 07:54,Critical,False,Not Applicable,1.0
TRN-0003387,2026-11-02,Express,COR-02,SEC-04,Up,Increasing KM,2026-11-02 08:19,2026-11-02 09:05,High,False,Not Applicable,1.0
TRN-0003388,2026-11-02,Express,COR-02,SEC-04,Up,Increasing KM,2026-11-02 09:58,2026-11-02 10:44,High,False,Not Applicable,1.0
TRN-0003389,2026-11-02,Passenger,COR-02,SEC-03,Up,Increasing KM,2026-11-02 11:28,2026-11-02 12:01,High,False,Not Applicable,1.0
TRN-0003390,2026-11-02,Goods,COR-02,SEC-03,Up,Increasing KM,2026-11-02 13:09,2026-11-02 14:08,Medium,True,Scheduled,0.77
TRN-0003391,2026-11-02,Passenger,COR-02,SEC-03,Up,Increasing KM,2026-11-02 14:21,2026-11-02 14:51,High,False,Not Applicable,1.0
TRN-0003392,2026-11-02,Goods,COR-02,SEC-03,Up,Increasing KM,2026-11-02 15:51,2026-11-02 16:46,Medium,True,Scheduled,0.73
TRN-0003393,2026-11-02,Passenger,COR-02,SEC-04,Up,Increasing KM,2026-11-02 17:21,2026-11-02 17:58,High,False,Not Applicable,1.0
TRN-0003394,2026-11-02,Express,COR-02,SEC-03,Up,Increasing KM,2026-11-02 19:02,2026-11-02 19:48,High,False,Not Applicable,1.0
TRN-0003395,2026-11-02,Express,COR-02,SEC-04,Up,Increasing KM,2026-11-02 20:42,2026-11-02 21:21,High,False,Not Applicable,1.0
TRN-0003396,2026-11-02,Passenger,COR-02,SEC-03,Up,Increasing KM,2026-11-02 22:03,2026-11-02 22:38,High,False,Not Applicable,1.0
TRN-0003397,2026-11-02,Goods,COR-02,SEC-03,Down,Decreasing KM,2026-11-02 05:23,2026-11-02 06:02,Medium,True,Forecasted,0.86
TRN-0003398,2026-11-02,Superfast,COR-02,SEC-03,Down,Decreasing KM,2026-11-02 07:04,2026-11-02 07:54,Critical,False,Not Applicable,1.0
TRN-0003399,2026-11-02,Passenger,COR-02,SEC-03,Down,Decreasing KM,2026-11-02 08:18,2026-11-02 09:10,High,False,Not Applicable,1.0
TRN-0003400,2026-11-02,Goods,COR-02,SEC-03,Down,Decreasing KM,2026-11-02 09:50,2026-11-02 10:26,Medium,True,Forecasted,0.79
TRN-0003401,2026-11-02,Superfast,COR-02,SEC-04,Down,Decreasing KM,2026-11-02 11:19,2026-11-02 11:45,Critical,False,Not Applicable,1.0
TRN-0003402,2026-11-02,Passenger,COR-02,SEC-03,Down,Decreasing KM,2026-11-02 13:06,2026-11-02 14:04,High,False,Not Applicable,1.0
TRN-0003403,2026-11-02,Goods,COR-02,SEC-03,Down,Decreasing KM,2026-11-02 14:18,2026-11-02 15:08,Medium,True,Forecasted,0.67
TRN-0003404,2026-11-02,Passenger,COR-02,SEC-03,Down,Decreasing KM,2026-11-02 15:58,2026-11-02 16:31,High,False,Not Applicable,1.0
TRN-0003405,2026-11-02,Passenger,COR-02,SEC-03,Down,Decreasing KM,2026-11-02 17:21,2026-11-02 18:21,High,False,Not Applicable,1.0
TRN-0003406,2026-11-02,Express,COR-02,SEC-04,Down,Decreasing KM,2026-11-02 19:02,2026-11-02 19:52,High,False,Not Applicable,1.0
TRN-0003407,2026-11-02,MEMU,COR-02,SEC-03,Down,Decreasing KM,2026-11-02 20:18,2026-11-02 20:59,Medium,False,Not Applicable,1.0
TRN-0003408,2026-11-02,Express,COR-02,SEC-03,Down,Decreasing KM,2026-11-02 21:48,2026-11-02 22:21,High,False,Not Applicable,1.0
TRN-0003409,2026-11-02,Passenger,COR-03,SEC-05,Up,Increasing KM,2026-11-02 05:24,2026-11-02 05:55,High,False,Not Applicable,1.0
TRN-0003410,2026-11-02,Express,COR-03,SEC-06,Up,Increasing KM,2026-11-02 06:59,2026-11-02 07:59,High,False,Not Applicable,1.0
TRN-0003411,2026-11-02,Goods,COR-03,SEC-05,Up,Increasing KM,2026-11-02 08:19,2026-11-02 09:10,Medium,True,Scheduled,0.8
TRN-0003412,2026-11-02,Passenger,COR-03,SEC-06,Up,Increasing KM,2026-11-02 09:57,2026-11-02 10:38,High,False,Not Applicable,1.0
TRN-0003413,2026-11-02,Express,COR-03,SEC-06,Up,Increasing KM,2026-11-02 11:23,2026-11-02 11:53,High,False,Not Applicable,1.0
TRN-0003414,2026-11-02,Superfast,COR-03,SEC-06,Up,Increasing KM,2026-11-02 12:50,2026-11-02 13:18,Critical,False,Not Applicable,1.0
TRN-0003415,2026-11-02,Passenger,COR-03,SEC-06,Up,Increasing KM,2026-11-02 14:21,2026-11-02 14:56,High,False,Not Applicable,1.0
TRN-0003416,2026-11-02,Passenger,COR-03,SEC-06,Up,Increasing KM,2026-11-02 15:56,2026-11-02 16:29,High,False,Not Applicable,1.0
TRN-0003417,2026-11-02,Goods,COR-03,SEC-05,Up,Increasing KM,2026-11-02 17:27,2026-11-02 17:59,Medium,True,Forecasted,0.94
TRN-0003418,2026-11-02,Express,COR-03,SEC-05,Up,Increasing KM,2026-11-02 18:56,2026-11-02 19:35,High,False,Not Applicable,1.0
TRN-0003419,2026-11-02,Passenger,COR-03,SEC-05,Up,Increasing KM,2026-11-02 20:35,2026-11-02 21:00,High,False,Not Applicable,1.0
TRN-0003420,2026-11-02,Passenger,COR-03,SEC-06,Up,Increasing KM,2026-11-02 22:01,2026-11-02 22:50,High,False,Not Applicable,1.0
TRN-0003421,2026-11-02,Passenger,COR-03,SEC-06,Down,Decreasing KM,2026-11-02 05:42,2026-11-02 06:32,High,False,Not Applicable,1.0
TRN-0003422,2026-11-02,Passenger,COR-03,SEC-05,Down,Decreasing KM,2026-11-02 07:02,2026-11-02 07:37,High,False,Not Applicable,1.0
TRN-0003423,2026-11-02,Express,COR-03,SEC-06,Down,Decreasing KM,2026-11-02 08:27,2026-11-02 09:02,High,False,Not Applicable,1.0
TRN-0003424,2026-11-02,MEMU,COR-03,SEC-06,Down,Decreasing KM,2026-11-02 10:00,2026-11-02 10:31,Medium,False,Not Applicable,1.0
TRN-0003425,2026-11-02,Express,COR-03,SEC-05,Down,Decreasing KM,2026-11-02 11:23,2026-11-02 12:01,High,False,Not Applicable,1.0
TRN-0003426,2026-11-02,Passenger,COR-03,SEC-05,Down,Decreasing KM,2026-11-02 12:57,2026-11-02 13:46,High,False,Not Applicable,1.0
TRN-0003427,2026-11-02,Goods,COR-03,SEC-05,Down,Decreasing KM,2026-11-02 14:41,2026-11-02 15:20,Medium,True,Forecasted,0.95
TRN-0003428,2026-11-02,Express,COR-03,SEC-06,Down,Decreasing KM,2026-11-02 16:03,2026-11-02 16:28,High,False,Not Applicable,1.0
TRN-0003429,2026-11-02,Goods,COR-03,SEC-06,Down,Decreasing KM,2026-11-02 17:28,2026-11-02 18:27,Medium,True,Forecasted,0.81
TRN-0003430,2026-11-02,Passenger,COR-03,SEC-06,Down,Decreasing KM,2026-11-02 18:51,2026-11-02 19:51,High,False,Not Applicable,1.0
TRN-0003431,2026-11-02,Passenger,COR-03,SEC-06,Down,Decreasing KM,2026-11-02 20:40,2026-11-02 21:25,High,False,Not Applicable,1.0
TRN-0003432,2026-11-02,Passenger,COR-03,SEC-05,Down,Decreasing KM,2026-11-02 21:52,2026-11-02 22:44,High,False,Not Applicable,1.0
TRN-0003433,2026-11-02,Passenger,COR-04,SEC-07,Up,Increasing KM,2026-11-02 05:26,2026-11-02 05:55,High,False,Not Applicable,1.0
TRN-0003434,2026-11-02,Passenger,COR-04,SEC-07,Up,Increasing KM,2026-11-02 06:48,2026-11-02 07:48,High,False,Not Applicable,1.0
TRN-0003435,2026-11-02,Passenger,COR-04,SEC-08,Up,Increasing KM,2026-11-02 08:29,2026-11-02 09:11,High,False,Not Applicable,1.0
TRN-0003436,2026-11-02,MEMU,COR-04,SEC-07,Up,Increasing KM,2026-11-02 09:58,2026-11-02 10:49,Medium,False,Not Applicable,1.0
TRN-0003437,2026-11-02,MEMU,COR-04,SEC-08,Up,Increasing KM,2026-11-02 11:33,2026-11-02 12:25,Medium,False,Not Applicable,1.0
TRN-0003438,2026-11-02,Express,COR-04,SEC-08,Up,Increasing KM,2026-11-02 12:50,2026-11-02 13:36,High,False,Not Applicable,1.0
TRN-0003439,2026-11-02,MEMU,COR-04,SEC-07,Up,Increasing KM,2026-11-02 14:33,2026-11-02 15:11,Medium,False,Not Applicable,1.0
TRN-0003440,2026-11-02,Superfast,COR-04,SEC-07,Up,Increasing KM,2026-11-02 15:58,2026-11-02 16:50,Critical,False,Not Applicable,1.0
TRN-0003441,2026-11-02,Passenger,COR-04,SEC-07,Up,Increasing KM,2026-11-02 17:36,2026-11-02 18:18,High,False,Not Applicable,1.0
TRN-0003442,2026-11-02,Express,COR-04,SEC-08,Up,Increasing KM,2026-11-02 19:12,2026-11-02 20:00,High,False,Not Applicable,1.0
TRN-0003443,2026-11-02,MEMU,COR-04,SEC-08,Up,Increasing KM,2026-11-02 20:23,2026-11-02 21:10,Medium,False,Not Applicable,1.0
TRN-0003444,2026-11-02,MEMU,COR-04,SEC-08,Up,Increasing KM,2026-11-02 22:06,2026-11-02 22:47,Medium,False,Not Applicable,1.0
TRN-0003445,2026-11-02,Superfast,COR-04,SEC-07,Down,Decreasing KM,2026-11-02 05:20,2026-11-02 05:55,Critical,False,Not Applicable,1.0
TRN-0003446,2026-11-02,MEMU,COR-04,SEC-07,Down,Decreasing KM,2026-11-02 06:55,2026-11-02 07:28,Medium,False,Not Applicable,1.0
TRN-0003447,2026-11-02,Express,COR-04,SEC-07,Down,Decreasing KM,2026-11-02 08:41,2026-11-02 09:15,High,False,Not Applicable,1.0
TRN-0003448,2026-11-02,Passenger,COR-04,SEC-08,Down,Decreasing KM,2026-11-02 10:01,2026-11-02 10:36,High,False,Not Applicable,1.0
TRN-0003449,2026-11-02,Goods,COR-04,SEC-07,Down,Decreasing KM,2026-11-02 11:33,2026-11-02 12:24,Medium,True,Forecasted,0.97
TRN-0003450,2026-11-02,Passenger,COR-04,SEC-07,Down,Decreasing KM,2026-11-02 12:54,2026-11-02 13:36,High,False,Not Applicable,1.0
TRN-0003451,2026-11-02,Goods,COR-04,SEC-07,Down,Decreasing KM,2026-11-02 14:35,2026-11-02 15:26,Medium,True,Forecasted,0.66
TRN-0003452,2026-11-02,Goods,COR-04,SEC-08,Down,Decreasing KM,2026-11-02 16:00,2026-11-02 16:41,Medium,True,Scheduled,0.86
TRN-0003453,2026-11-02,Express,COR-04,SEC-07,Down,Decreasing KM,2026-11-02 17:23,2026-11-02 18:21,High,False,Not Applicable,1.0
TRN-0003454,2026-11-02,Passenger,COR-04,SEC-08,Down,Decreasing KM,2026-11-02 18:51,2026-11-02 19:30,High,False,Not Applicable,1.0
TRN-0003455,2026-11-02,Superfast,COR-04,SEC-08,Down,Decreasing KM,2026-11-02 20:27,2026-11-02 21:01,Critical,False,Not Applicable,1.0
TRN-0003456,2026-11-02,Express,COR-04,SEC-08,Down,Decreasing KM,2026-11-02 22:02,2026-11-02 22:35,High,False,Not Applicable,1.0
TRN-0003457,2026-11-03,Passenger,COR-01,SEC-01,Up,Increasing KM,2026-11-03 05:23,2026-11-03 06:16,High,False,Not Applicable,1.0
TRN-0003458,2026-11-03,Passenger,COR-01,SEC-01,Up,Increasing KM,2026-11-03 07:06,2026-11-03 07:57,High,False,Not Applicable,1.0
TRN-0003459,2026-11-03,Superfast,COR-01,SEC-01,Up,Increasing KM,2026-11-03 08:18,2026-11-03 09:15,Critical,False,Not Applicable,1.0
TRN-0003460,2026-11-03,MEMU,COR-01,SEC-02,Up,Increasing KM,2026-11-03 10:11,2026-11-03 11:11,Medium,False,Not Applicable,1.0
TRN-0003461,2026-11-03,Express,COR-01,SEC-02,Up,Increasing KM,2026-11-03 11:37,2026-11-03 12:36,High,False,Not Applicable,1.0
TRN-0003462,2026-11-03,Express,COR-01,SEC-01,Up,Increasing KM,2026-11-03 12:57,2026-11-03 13:57,High,False,Not Applicable,1.0
TRN-0003463,2026-11-03,Passenger,COR-01,SEC-02,Up,Increasing KM,2026-11-03 14:35,2026-11-03 15:00,High,False,Not Applicable,1.0
TRN-0003464,2026-11-03,Superfast,COR-01,SEC-01,Up,Increasing KM,2026-11-03 15:51,2026-11-03 16:44,Critical,False,Not Applicable,1.0
TRN-0003465,2026-11-03,Passenger,COR-01,SEC-01,Up,Increasing KM,2026-11-03 17:28,2026-11-03 18:19,High,False,Not Applicable,1.0
TRN-0003466,2026-11-03,Passenger,COR-01,SEC-01,Up,Increasing KM,2026-11-03 18:50,2026-11-03 19:20,High,False,Not Applicable,1.0
TRN-0003467,2026-11-03,MEMU,COR-01,SEC-02,Up,Increasing KM,2026-11-03 20:20,2026-11-03 20:49,Medium,False,Not Applicable,1.0
TRN-0003468,2026-11-03,MEMU,COR-01,SEC-02,Up,Increasing KM,2026-11-03 21:48,2026-11-03 22:48,Medium,False,Not Applicable,1.0
TRN-0003469,2026-11-03,MEMU,COR-01,SEC-01,Down,Decreasing KM,2026-11-03 05:40,2026-11-03 06:05,Medium,False,Not Applicable,1.0
TRN-0003470,2026-11-03,Superfast,COR-01,SEC-01,Down,Decreasing KM,2026-11-03 06:56,2026-11-03 07:48,Critical,False,Not Applicable,1.0
TRN-0003471,2026-11-03,MEMU,COR-01,SEC-01,Down,Decreasing KM,2026-11-03 08:19,2026-11-03 09:12,Medium,False,Not Applicable,1.0
TRN-0003472,2026-11-03,Superfast,COR-01,SEC-01,Down,Decreasing KM,2026-11-03 09:56,2026-11-03 10:49,Critical,False,Not Applicable,1.0
TRN-0003473,2026-11-03,Superfast,COR-01,SEC-02,Down,Decreasing KM,2026-11-03 11:18,2026-11-03 11:52,Critical,False,Not Applicable,1.0
TRN-0003474,2026-11-03,Express,COR-01,SEC-02,Down,Decreasing KM,2026-11-03 13:05,2026-11-03 13:44,High,False,Not Applicable,1.0
TRN-0003475,2026-11-03,Goods,COR-01,SEC-02,Down,Decreasing KM,2026-11-03 14:27,2026-11-03 15:25,Medium,True,Forecasted,0.85
TRN-0003476,2026-11-03,MEMU,COR-01,SEC-02,Down,Decreasing KM,2026-11-03 15:49,2026-11-03 16:16,Medium,False,Not Applicable,1.0
TRN-0003477,2026-11-03,Express,COR-01,SEC-01,Down,Decreasing KM,2026-11-03 17:42,2026-11-03 18:34,High,False,Not Applicable,1.0
TRN-0003478,2026-11-03,Superfast,COR-01,SEC-01,Down,Decreasing KM,2026-11-03 19:08,2026-11-03 20:05,Critical,False,Not Applicable,1.0
TRN-0003479,2026-11-03,Goods,COR-01,SEC-01,Down,Decreasing KM,2026-11-03 20:40,2026-11-03 21:32,Medium,True,Forecasted,0.77
TRN-0003480,2026-11-03,Goods,COR-01,SEC-02,Down,Decreasing KM,2026-11-03 22:12,2026-11-03 22:41,Medium,True,Forecasted,0.91
TRN-0003481,2026-11-03,Passenger,COR-02,SEC-03,Up,Increasing KM,2026-11-03 05:34,2026-11-03 06:05,High,False,Not Applicable,1.0
TRN-0003482,2026-11-03,Superfast,COR-02,SEC-03,Up,Increasing KM,2026-11-03 07:12,2026-11-03 07:58,Critical,False,Not Applicable,1.0
TRN-0003483,2026-11-03,Goods,COR-02,SEC-04,Up,Increasing KM,2026-11-03 08:18,2026-11-03 09:00,Medium,True,Forecasted,0.86
TRN-0003484,2026-11-03,MEMU,COR-02,SEC-04,Up,Increasing KM,2026-11-03 09:55,2026-11-03 10:36,Medium,False,Not Applicable,1.0
TRN-0003485,2026-11-03,MEMU,COR-02,SEC-03,Up,Increasing KM,2026-11-03 11:40,2026-11-03 12:11,Medium,False,Not Applicable,1.0
TRN-0003486,2026-11-03,Goods,COR-02,SEC-03,Up,Increasing KM,2026-11-03 13:00,2026-11-03 13:54,Medium,True,Forecasted,0.76
TRN-0003487,2026-11-03,Express,COR-02,SEC-03,Up,Increasing KM,2026-11-03 14:32,2026-11-03 15:17,High,False,Not Applicable,1.0
TRN-0003488,2026-11-03,Superfast,COR-02,SEC-04,Up,Increasing KM,2026-11-03 15:48,2026-11-03 16:38,Critical,False,Not Applicable,1.0
TRN-0003489,2026-11-03,Passenger,COR-02,SEC-03,Up,Increasing KM,2026-11-03 17:37,2026-11-03 18:34,High,False,Not Applicable,1.0
TRN-0003490,2026-11-03,Goods,COR-02,SEC-04,Up,Increasing KM,2026-11-03 18:54,2026-11-03 19:47,Medium,True,Scheduled,0.72
TRN-0003491,2026-11-03,Express,COR-02,SEC-04,Up,Increasing KM,2026-11-03 20:42,2026-11-03 21:19,High,False,Not Applicable,1.0
TRN-0003492,2026-11-03,Passenger,COR-02,SEC-03,Up,Increasing KM,2026-11-03 21:57,2026-11-03 22:41,High,False,Not Applicable,1.0
TRN-0003493,2026-11-03,Express,COR-02,SEC-03,Down,Decreasing KM,2026-11-03 05:23,2026-11-03 05:55,High,False,Not Applicable,1.0
TRN-0003494,2026-11-03,Passenger,COR-02,SEC-04,Down,Decreasing KM,2026-11-03 07:10,2026-11-03 08:05,High,False,Not Applicable,1.0
TRN-0003495,2026-11-03,MEMU,COR-02,SEC-03,Down,Decreasing KM,2026-11-03 08:24,2026-11-03 09:03,Medium,False,Not Applicable,1.0
TRN-0003496,2026-11-03,Superfast,COR-02,SEC-03,Down,Decreasing KM,2026-11-03 09:57,2026-11-03 10:27,Critical,False,Not Applicable,1.0
TRN-0003497,2026-11-03,Express,COR-02,SEC-03,Down,Decreasing KM,2026-11-03 11:33,2026-11-03 12:04,High,False,Not Applicable,1.0
TRN-0003498,2026-11-03,Goods,COR-02,SEC-03,Down,Decreasing KM,2026-11-03 12:58,2026-11-03 13:48,Medium,True,Forecasted,0.93
TRN-0003499,2026-11-03,Passenger,COR-02,SEC-03,Down,Decreasing KM,2026-11-03 14:28,2026-11-03 15:10,High,False,Not Applicable,1.0
TRN-0003500,2026-11-03,Express,COR-02,SEC-04,Down,Decreasing KM,2026-11-03 16:12,2026-11-03 17:09,High,False,Not Applicable,1.0
TRN-0003501,2026-11-03,MEMU,COR-02,SEC-04,Down,Decreasing KM,2026-11-03 17:28,2026-11-03 18:03,Medium,False,Not Applicable,1.0
TRN-0003502,2026-11-03,Passenger,COR-02,SEC-03,Down,Decreasing KM,2026-11-03 18:50,2026-11-03 19:46,High,False,Not Applicable,1.0
TRN-0003503,2026-11-03,Goods,COR-02,SEC-03,Down,Decreasing KM,2026-11-03 20:36,2026-11-03 21:10,Medium,True,Forecasted,0.95
TRN-0003504,2026-11-03,Superfast,COR-02,SEC-04,Down,Decreasing KM,2026-11-03 22:05,2026-11-03 22:32,Critical,False,Not Applicable,1.0
TRN-0003505,2026-11-03,Express,COR-03,SEC-05,Up,Increasing KM,2026-11-03 05:20,2026-11-03 06:20,High,False,Not Applicable,1.0
TRN-0003506,2026-11-03,Goods,COR-03,SEC-05,Up,Increasing KM,2026-11-03 07:03,2026-11-03 08:01,Medium,True,Scheduled,0.98
TRN-0003507,2026-11-03,Passenger,COR-03,SEC-05,Up,Increasing KM,2026-11-03 08:35,2026-11-03 09:16,High,False,Not Applicable,1.0
TRN-0003508,2026-11-03,Passenger,COR-03,SEC-05,Up,Increasing KM,2026-11-03 10:03,2026-11-03 10:45,High,False,Not Applicable,1.0
TRN-0003509,2026-11-03,Goods,COR-03,SEC-05,Up,Increasing KM,2026-11-03 11:18,2026-11-03 11:44,Medium,True,Forecasted,0.68
TRN-0003510,2026-11-03,MEMU,COR-03,SEC-05,Up,Increasing KM,2026-11-03 12:49,2026-11-03 13:20,Medium,False,Not Applicable,1.0
TRN-0003511,2026-11-03,Superfast,COR-03,SEC-06,Up,Increasing KM,2026-11-03 14:34,2026-11-03 15:20,Critical,False,Not Applicable,1.0
TRN-0003512,2026-11-03,Goods,COR-03,SEC-05,Up,Increasing KM,2026-11-03 16:09,2026-11-03 17:05,Medium,True,Forecasted,0.78
TRN-0003513,2026-11-03,Passenger,COR-03,SEC-06,Up,Increasing KM,2026-11-03 17:22,2026-11-03 17:53,High,False,Not Applicable,1.0
TRN-0003514,2026-11-03,Goods,COR-03,SEC-06,Up,Increasing KM,2026-11-03 18:49,2026-11-03 19:16,Medium,True,Forecasted,0.94
TRN-0003515,2026-11-03,Goods,COR-03,SEC-06,Up,Increasing KM,2026-11-03 20:28,2026-11-03 21:21,Medium,True,Forecasted,0.7
TRN-0003516,2026-11-03,Express,COR-03,SEC-05,Up,Increasing KM,2026-11-03 21:55,2026-11-03 22:45,High,False,Not Applicable,1.0
TRN-0003517,2026-11-03,Passenger,COR-03,SEC-06,Down,Decreasing KM,2026-11-03 05:31,2026-11-03 06:27,High,False,Not Applicable,1.0
TRN-0003518,2026-11-03,Superfast,COR-03,SEC-05,Down,Decreasing KM,2026-11-03 06:57,2026-11-03 07:35,Critical,False,Not Applicable,1.0
TRN-0003519,2026-11-03,Passenger,COR-03,SEC-05,Down,Decreasing KM,2026-11-03 08:37,2026-11-03 09:05,High,False,Not Applicable,1.0
TRN-0003520,2026-11-03,Passenger,COR-03,SEC-06,Down,Decreasing KM,2026-11-03 09:50,2026-11-03 10:23,High,False,Not Applicable,1.0
TRN-0003521,2026-11-03,Passenger,COR-03,SEC-06,Down,Decreasing KM,2026-11-03 11:36,2026-11-03 12:31,High,False,Not Applicable,1.0
TRN-0003522,2026-11-03,Passenger,COR-03,SEC-05,Down,Decreasing KM,2026-11-03 13:11,2026-11-03 13:56,High,False,Not Applicable,1.0
TRN-0003523,2026-11-03,Passenger,COR-03,SEC-06,Down,Decreasing KM,2026-11-03 14:21,2026-11-03 15:01,High,False,Not Applicable,1.0
TRN-0003524,2026-11-03,Express,COR-03,SEC-06,Down,Decreasing KM,2026-11-03 16:04,2026-11-03 16:29,High,False,Not Applicable,1.0
TRN-0003525,2026-11-03,Superfast,COR-03,SEC-05,Down,Decreasing KM,2026-11-03 17:30,2026-11-03 18:23,Critical,False,Not Applicable,1.0
TRN-0003526,2026-11-03,MEMU,COR-03,SEC-06,Down,Decreasing KM,2026-11-03 18:50,2026-11-03 19:31,Medium,False,Not Applicable,1.0
TRN-0003527,2026-11-03,Goods,COR-03,SEC-05,Down,Decreasing KM,2026-11-03 20:25,2026-11-03 21:09,Medium,True,Scheduled,0.76
TRN-0003528,2026-11-03,Express,COR-03,SEC-05,Down,Decreasing KM,2026-11-03 22:07,2026-11-03 23:02,High,False,Not Applicable,1.0
TRN-0003529,2026-11-03,Passenger,COR-04,SEC-08,Up,Increasing KM,2026-11-03 05:41,2026-11-03 06:13,High,False,Not Applicable,1.0
TRN-0003530,2026-11-03,Express,COR-04,SEC-08,Up,Increasing KM,2026-11-03 07:04,2026-11-03 08:02,High,False,Not Applicable,1.0
TRN-0003531,2026-11-03,Passenger,COR-04,SEC-07,Up,Increasing KM,2026-11-03 08:37,2026-11-03 09:17,High,False,Not Applicable,1.0
TRN-0003532,2026-11-03,MEMU,COR-04,SEC-07,Up,Increasing KM,2026-11-03 09:53,2026-11-03 10:49,Medium,False,Not Applicable,1.0
TRN-0003533,2026-11-03,Passenger,COR-04,SEC-08,Up,Increasing KM,2026-11-03 11:34,2026-11-03 12:28,High,False,Not Applicable,1.0
TRN-0003534,2026-11-03,Superfast,COR-04,SEC-08,Up,Increasing KM,2026-11-03 13:02,2026-11-03 13:39,Critical,False,Not Applicable,1.0
TRN-0003535,2026-11-03,Passenger,COR-04,SEC-08,Up,Increasing KM,2026-11-03 14:20,2026-11-03 15:19,High,False,Not Applicable,1.0
TRN-0003536,2026-11-03,Superfast,COR-04,SEC-08,Up,Increasing KM,2026-11-03 15:54,2026-11-03 16:46,Critical,False,Not Applicable,1.0
TRN-0003537,2026-11-03,Express,COR-04,SEC-07,Up,Increasing KM,2026-11-03 17:40,2026-11-03 18:09,High,False,Not Applicable,1.0
TRN-0003538,2026-11-03,Passenger,COR-04,SEC-08,Up,Increasing KM,2026-11-03 19:02,2026-11-03 19:30,High,False,Not Applicable,1.0
TRN-0003539,2026-11-03,Superfast,COR-04,SEC-08,Up,Increasing KM,2026-11-03 20:37,2026-11-03 21:06,Critical,False,Not Applicable,1.0
TRN-0003540,2026-11-03,Goods,COR-04,SEC-07,Up,Increasing KM,2026-11-03 21:52,2026-11-03 22:43,Medium,True,Forecasted,0.69
TRN-0003541,2026-11-03,Goods,COR-04,SEC-07,Down,Decreasing KM,2026-11-03 05:26,2026-11-03 06:22,Medium,True,Forecasted,0.67
TRN-0003542,2026-11-03,Goods,COR-04,SEC-07,Down,Decreasing KM,2026-11-03 07:04,2026-11-03 07:50,Medium,True,Forecasted,0.85
TRN-0003543,2026-11-03,Express,COR-04,SEC-08,Down,Decreasing KM,2026-11-03 08:42,2026-11-03 09:20,High,False,Not Applicable,1.0
TRN-0003544,2026-11-03,Express,COR-04,SEC-08,Down,Decreasing KM,2026-11-03 09:59,2026-11-03 10:47,High,False,Not Applicable,1.0
TRN-0003545,2026-11-03,Goods,COR-04,SEC-07,Down,Decreasing KM,2026-11-03 11:36,2026-11-03 12:06,Medium,True,Forecasted,0.83
TRN-0003546,2026-11-03,Superfast,COR-04,SEC-08,Down,Decreasing KM,2026-11-03 13:01,2026-11-03 13:55,Critical,False,Not Applicable,1.0
TRN-0003547,2026-11-03,Passenger,COR-04,SEC-08,Down,Decreasing KM,2026-11-03 14:29,2026-11-03 14:54,High,False,Not Applicable,1.0
TRN-0003548,2026-11-03,MEMU,COR-04,SEC-07,Down,Decreasing KM,2026-11-03 16:01,2026-11-03 16:46,Medium,False,Not Applicable,1.0
TRN-0003549,2026-11-03,Goods,COR-04,SEC-08,Down,Decreasing KM,2026-11-03 17:41,2026-11-03 18:29,Medium,True,Forecasted,0.65
TRN-0003550,2026-11-03,Express,COR-04,SEC-08,Down,Decreasing KM,2026-11-03 18:49,2026-11-03 19:25,High,False,Not Applicable,1.0
TRN-0003551,2026-11-03,Express,COR-04,SEC-08,Down,Decreasing KM,2026-11-03 20:30,2026-11-03 21:16,High,False,Not Applicable,1.0
TRN-0003552,2026-11-03,Superfast,COR-04,SEC-08,Down,Decreasing KM,2026-11-03 21:49,2026-11-03 22:44,Critical,False,Not Applicable,1.0
TRN-0003553,2026-11-04,Passenger,COR-01,SEC-01,Up,Increasing KM,2026-11-04 05:26,2026-11-04 06:17,High,False,Not Applicable,1.0
TRN-0003554,2026-11-04,Express,COR-01,SEC-02,Up,Increasing KM,2026-11-04 06:53,2026-11-04 07:18,High,False,Not Applicable,1.0
TRN-0003555,2026-11-04,Superfast,COR-01,SEC-02,Up,Increasing KM,2026-11-04 08:35,2026-11-04 09:02,Critical,False,Not Applicable,1.0
TRN-0003556,2026-11-04,Superfast,COR-01,SEC-01,Up,Increasing KM,2026-11-04 10:03,2026-11-04 10:55,Critical,False,Not Applicable,1.0
TRN-0003557,2026-11-04,Express,COR-01,SEC-02,Up,Increasing KM,2026-11-04 11:18,2026-11-04 11:58,High,False,Not Applicable,1.0
TRN-0003558,2026-11-04,Superfast,COR-01,SEC-01,Up,Increasing KM,2026-11-04 13:02,2026-11-04 13:45,Critical,False,Not Applicable,1.0
TRN-0003559,2026-11-04,Goods,COR-01,SEC-01,Up,Increasing KM,2026-11-04 14:18,2026-11-04 15:07,Medium,True,Forecasted,0.88
TRN-0003560,2026-11-04,Express,COR-01,SEC-01,Up,Increasing KM,2026-11-04 15:57,2026-11-04 16:34,High,False,Not Applicable,1.0
TRN-0003561,2026-11-04,MEMU,COR-01,SEC-01,Up,Increasing KM,2026-11-04 17:25,2026-11-04 17:56,Medium,False,Not Applicable,1.0
TRN-0003562,2026-11-04,Express,COR-01,SEC-02,Up,Increasing KM,2026-11-04 19:08,2026-11-04 19:44,High,False,Not Applicable,1.0
TRN-0003563,2026-11-04,MEMU,COR-01,SEC-01,Up,Increasing KM,2026-11-04 20:42,2026-11-04 21:35,Medium,False,Not Applicable,1.0
TRN-0003564,2026-11-04,Passenger,COR-01,SEC-02,Up,Increasing KM,2026-11-04 22:05,2026-11-04 23:05,High,False,Not Applicable,1.0
TRN-0003565,2026-11-04,Express,COR-01,SEC-01,Down,Decreasing KM,2026-11-04 05:19,2026-11-04 06:04,High,False,Not Applicable,1.0
TRN-0003566,2026-11-04,Passenger,COR-01,SEC-01,Down,Decreasing KM,2026-11-04 07:04,2026-11-04 07:47,High,False,Not Applicable,1.0
TRN-0003567,2026-11-04,Goods,COR-01,SEC-02,Down,Decreasing KM,2026-11-04 08:32,2026-11-04 08:58,Medium,True,Forecasted,0.88
TRN-0003568,2026-11-04,Passenger,COR-01,SEC-01,Down,Decreasing KM,2026-11-04 10:03,2026-11-04 10:55,High,False,Not Applicable,1.0
TRN-0003569,2026-11-04,Passenger,COR-01,SEC-01,Down,Decreasing KM,2026-11-04 11:37,2026-11-04 12:16,High,False,Not Applicable,1.0
TRN-0003570,2026-11-04,Passenger,COR-01,SEC-01,Down,Decreasing KM,2026-11-04 12:49,2026-11-04 13:43,High,False,Not Applicable,1.0
TRN-0003571,2026-11-04,Express,COR-01,SEC-01,Down,Decreasing KM,2026-11-04 14:36,2026-11-04 15:34,High,False,Not Applicable,1.0
TRN-0003572,2026-11-04,Goods,COR-01,SEC-02,Down,Decreasing KM,2026-11-04 15:54,2026-11-04 16:46,Medium,True,Forecasted,0.94
TRN-0003573,2026-11-04,Express,COR-01,SEC-01,Down,Decreasing KM,2026-11-04 17:21,2026-11-04 18:21,High,False,Not Applicable,1.0
TRN-0003574,2026-11-04,Superfast,COR-01,SEC-01,Down,Decreasing KM,2026-11-04 18:59,2026-11-04 19:27,Critical,False,Not Applicable,1.0
TRN-0003575,2026-11-04,Express,COR-01,SEC-01,Down,Decreasing KM,2026-11-04 20:18,2026-11-04 20:46,High,False,Not Applicable,1.0
TRN-0003576,2026-11-04,Passenger,COR-01,SEC-02,Down,Decreasing KM,2026-11-04 22:03,2026-11-04 22:53,High,False,Not Applicable,1.0
TRN-0003577,2026-11-04,Passenger,COR-02,SEC-03,Up,Increasing KM,2026-11-04 05:21,2026-11-04 05:50,High,False,Not Applicable,1.0
TRN-0003578,2026-11-04,Passenger,COR-02,SEC-04,Up,Increasing KM,2026-11-04 07:12,2026-11-04 07:43,High,False,Not Applicable,1.0
TRN-0003579,2026-11-04,Passenger,COR-02,SEC-03,Up,Increasing KM,2026-11-04 08:31,2026-11-04 09:26,High,False,Not Applicable,1.0
TRN-0003580,2026-11-04,Express,COR-02,SEC-03,Up,Increasing KM,2026-11-04 10:02,2026-11-04 10:43,High,False,Not Applicable,1.0
TRN-0003581,2026-11-04,Goods,COR-02,SEC-04,Up,Increasing KM,2026-11-04 11:39,2026-11-04 12:16,Medium,True,Forecasted,0.96
TRN-0003582,2026-11-04,Express,COR-02,SEC-04,Up,Increasing KM,2026-11-04 12:53,2026-11-04 13:33,High,False,Not Applicable,1.0
TRN-0003583,2026-11-04,Express,COR-02,SEC-03,Up,Increasing KM,2026-11-04 14:31,2026-11-04 14:57,High,False,Not Applicable,1.0
TRN-0003584,2026-11-04,Passenger,COR-02,SEC-03,Up,Increasing KM,2026-11-04 16:12,2026-11-04 16:54,High,False,Not Applicable,1.0
TRN-0003585,2026-11-04,Passenger,COR-02,SEC-03,Up,Increasing KM,2026-11-04 17:18,2026-11-04 18:09,High,False,Not Applicable,1.0
TRN-0003586,2026-11-04,Superfast,COR-02,SEC-03,Up,Increasing KM,2026-11-04 18:52,2026-11-04 19:35,Critical,False,Not Applicable,1.0
TRN-0003587,2026-11-04,Express,COR-02,SEC-03,Up,Increasing KM,2026-11-04 20:21,2026-11-04 21:17,High,False,Not Applicable,1.0
TRN-0003588,2026-11-04,Express,COR-02,SEC-04,Up,Increasing KM,2026-11-04 21:56,2026-11-04 22:52,High,False,Not Applicable,1.0
TRN-0003589,2026-11-04,Goods,COR-02,SEC-04,Down,Decreasing KM,2026-11-04 05:26,2026-11-04 05:55,Medium,True,Forecasted,0.87
TRN-0003590,2026-11-04,Superfast,COR-02,SEC-04,Down,Decreasing KM,2026-11-04 07:08,2026-11-04 07:40,Critical,False,Not Applicable,1.0
TRN-0003591,2026-11-04,MEMU,COR-02,SEC-04,Down,Decreasing KM,2026-11-04 08:24,2026-11-04 09:01,Medium,False,Not Applicable,1.0
TRN-0003592,2026-11-04,Goods,COR-02,SEC-04,Down,Decreasing KM,2026-11-04 09:53,2026-11-04 10:38,Medium,True,Scheduled,0.91
TRN-0003593,2026-11-04,MEMU,COR-02,SEC-04,Down,Decreasing KM,2026-11-04 11:42,2026-11-04 12:41,Medium,False,Not Applicable,1.0
TRN-0003594,2026-11-04,MEMU,COR-02,SEC-04,Down,Decreasing KM,2026-11-04 12:48,2026-11-04 13:37,Medium,False,Not Applicable,1.0
TRN-0003595,2026-11-04,MEMU,COR-02,SEC-03,Down,Decreasing KM,2026-11-04 14:26,2026-11-04 14:57,Medium,False,Not Applicable,1.0
TRN-0003596,2026-11-04,Goods,COR-02,SEC-04,Down,Decreasing KM,2026-11-04 16:03,2026-11-04 16:51,Medium,True,Forecasted,0.82
TRN-0003597,2026-11-04,Superfast,COR-02,SEC-03,Down,Decreasing KM,2026-11-04 17:28,2026-11-04 18:16,Critical,False,Not Applicable,1.0
TRN-0003598,2026-11-04,Express,COR-02,SEC-03,Down,Decreasing KM,2026-11-04 19:09,2026-11-04 19:50,High,False,Not Applicable,1.0
TRN-0003599,2026-11-04,Goods,COR-02,SEC-04,Down,Decreasing KM,2026-11-04 20:24,2026-11-04 21:16,Medium,True,Forecasted,0.81
TRN-0003600,2026-11-04,Express,COR-02,SEC-04,Down,Decreasing KM,2026-11-04 22:01,2026-11-04 22:51,High,False,Not Applicable,1.0
TRN-0003601,2026-11-04,Goods,COR-03,SEC-05,Up,Increasing KM,2026-11-04 05:35,2026-11-04 06:22,Medium,True,Scheduled,0.84
TRN-0003602,2026-11-04,Passenger,COR-03,SEC-06,Up,Increasing KM,2026-11-04 06:51,2026-11-04 07:50,High,False,Not Applicable,1.0
TRN-0003603,2026-11-04,Superfast,COR-03,SEC-05,Up,Increasing KM,2026-11-04 08:27,2026-11-04 09:20,Critical,False,Not Applicable,1.0
TRN-0003604,2026-11-04,Passenger,COR-03,SEC-05,Up,Increasing KM,2026-11-04 10:05,2026-11-04 10:44,High,False,Not Applicable,1.0
TRN-0003605,2026-11-04,Passenger,COR-03,SEC-06,Up,Increasing KM,2026-11-04 11:40,2026-11-04 12:20,High,False,Not Applicable,1.0
TRN-0003606,2026-11-04,Passenger,COR-03,SEC-06,Up,Increasing KM,2026-11-04 13:04,2026-11-04 13:55,High,False,Not Applicable,1.0
TRN-0003607,2026-11-04,Passenger,COR-03,SEC-05,Up,Increasing KM,2026-11-04 14:34,2026-11-04 15:21,High,False,Not Applicable,1.0
TRN-0003608,2026-11-04,Passenger,COR-03,SEC-05,Up,Increasing KM,2026-11-04 15:56,2026-11-04 16:39,High,False,Not Applicable,1.0
TRN-0003609,2026-11-04,Goods,COR-03,SEC-06,Up,Increasing KM,2026-11-04 17:35,2026-11-04 18:15,Medium,True,Forecasted,0.66
TRN-0003610,2026-11-04,Passenger,COR-03,SEC-05,Up,Increasing KM,2026-11-04 18:56,2026-11-04 19:56,High,False,Not Applicable,1.0
TRN-0003611,2026-11-04,Superfast,COR-03,SEC-05,Up,Increasing KM,2026-11-04 20:19,2026-11-04 20:56,Critical,False,Not Applicable,1.0
TRN-0003612,2026-11-04,Passenger,COR-03,SEC-05,Up,Increasing KM,2026-11-04 21:54,2026-11-04 22:39,High,False,Not Applicable,1.0
TRN-0003613,2026-11-04,MEMU,COR-03,SEC-05,Down,Decreasing KM,2026-11-04 05:28,2026-11-04 06:06,Medium,False,Not Applicable,1.0
TRN-0003614,2026-11-04,Superfast,COR-03,SEC-06,Down,Decreasing KM,2026-11-04 06:53,2026-11-04 07:48,Critical,False,Not Applicable,1.0
TRN-0003615,2026-11-04,Passenger,COR-03,SEC-06,Down,Decreasing KM,2026-11-04 08:25,2026-11-04 08:59,High,False,Not Applicable,1.0
TRN-0003616,2026-11-04,Passenger,COR-03,SEC-06,Down,Decreasing KM,2026-11-04 10:03,2026-11-04 10:45,High,False,Not Applicable,1.0
TRN-0003617,2026-11-04,Passenger,COR-03,SEC-06,Down,Decreasing KM,2026-11-04 11:41,2026-11-04 12:31,High,False,Not Applicable,1.0
TRN-0003618,2026-11-04,Goods,COR-03,SEC-06,Down,Decreasing KM,2026-11-04 13:07,2026-11-04 13:39,Medium,True,Forecasted,0.8
TRN-0003619,2026-11-04,Express,COR-03,SEC-06,Down,Decreasing KM,2026-11-04 14:31,2026-11-04 15:29,High,False,Not Applicable,1.0
TRN-0003620,2026-11-04,Goods,COR-03,SEC-06,Down,Decreasing KM,2026-11-04 15:51,2026-11-04 16:43,Medium,True,Forecasted,0.74
TRN-0003621,2026-11-04,MEMU,COR-03,SEC-05,Down,Decreasing KM,2026-11-04 17:24,2026-11-04 18:08,Medium,False,Not Applicable,1.0
TRN-0003622,2026-11-04,Express,COR-03,SEC-05,Down,Decreasing KM,2026-11-04 18:59,2026-11-04 19:51,High,False,Not Applicable,1.0
TRN-0003623,2026-11-04,Express,COR-03,SEC-05,Down,Decreasing KM,2026-11-04 20:24,2026-11-04 20:58,High,False,Not Applicable,1.0
TRN-0003624,2026-11-04,Passenger,COR-03,SEC-06,Down,Decreasing KM,2026-11-04 22:05,2026-11-04 22:48,High,False,Not Applicable,1.0
TRN-0003625,2026-11-04,Express,COR-04,SEC-07,Up,Increasing KM,2026-11-04 05:31,2026-11-04 06:10,High,False,Not Applicable,1.0
TRN-0003626,2026-11-04,Passenger,COR-04,SEC-07,Up,Increasing KM,2026-11-04 06:52,2026-11-04 07:27,High,False,Not Applicable,1.0
TRN-0003627,2026-11-04,Goods,COR-04,SEC-07,Up,Increasing KM,2026-11-04 08:22,2026-11-04 08:52,Medium,True,Forecasted,0.73
TRN-0003628,2026-11-04,MEMU,COR-04,SEC-07,Up,Increasing KM,2026-11-04 10:02,2026-11-04 10:46,Medium,False,Not Applicable,1.0
TRN-0003629,2026-11-04,MEMU,COR-04,SEC-07,Up,Increasing KM,2026-11-04 11:22,2026-11-04 12:00,Medium,False,Not Applicable,1.0
TRN-0003630,2026-11-04,MEMU,COR-04,SEC-07,Up,Increasing KM,2026-11-04 13:11,2026-11-04 13:48,Medium,False,Not Applicable,1.0
TRN-0003631,2026-11-04,Goods,COR-04,SEC-07,Up,Increasing KM,2026-11-04 14:31,2026-11-04 15:03,Medium,True,Forecasted,0.91
TRN-0003632,2026-11-04,MEMU,COR-04,SEC-08,Up,Increasing KM,2026-11-04 16:05,2026-11-04 17:03,Medium,False,Not Applicable,1.0
TRN-0003633,2026-11-04,Express,COR-04,SEC-07,Up,Increasing KM,2026-11-04 17:27,2026-11-04 18:08,High,False,Not Applicable,1.0
TRN-0003634,2026-11-04,Express,COR-04,SEC-08,Up,Increasing KM,2026-11-04 18:55,2026-11-04 19:44,High,False,Not Applicable,1.0
TRN-0003635,2026-11-04,Superfast,COR-04,SEC-08,Up,Increasing KM,2026-11-04 20:30,2026-11-04 20:58,Critical,False,Not Applicable,1.0
TRN-0003636,2026-11-04,Passenger,COR-04,SEC-08,Up,Increasing KM,2026-11-04 22:05,2026-11-04 22:49,High,False,Not Applicable,1.0
TRN-0003637,2026-11-04,Passenger,COR-04,SEC-07,Down,Decreasing KM,2026-11-04 05:19,2026-11-04 05:56,High,False,Not Applicable,1.0
TRN-0003638,2026-11-04,MEMU,COR-04,SEC-08,Down,Decreasing KM,2026-11-04 06:51,2026-11-04 07:16,Medium,False,Not Applicable,1.0
TRN-0003639,2026-11-04,Passenger,COR-04,SEC-07,Down,Decreasing KM,2026-11-04 08:32,2026-11-04 09:00,High,False,Not Applicable,1.0
TRN-0003640,2026-11-04,Passenger,COR-04,SEC-08,Down,Decreasing KM,2026-11-04 09:53,2026-11-04 10:27,High,False,Not Applicable,1.0
TRN-0003641,2026-11-04,Superfast,COR-04,SEC-07,Down,Decreasing KM,2026-11-04 11:18,2026-11-04 11:49,Critical,False,Not Applicable,1.0
TRN-0003642,2026-11-04,Express,COR-04,SEC-08,Down,Decreasing KM,2026-11-04 12:52,2026-11-04 13:22,High,False,Not Applicable,1.0
TRN-0003643,2026-11-04,Express,COR-04,SEC-08,Down,Decreasing KM,2026-11-04 14:37,2026-11-04 15:15,High,False,Not Applicable,1.0
TRN-0003644,2026-11-04,Passenger,COR-04,SEC-08,Down,Decreasing KM,2026-11-04 16:02,2026-11-04 17:02,High,False,Not Applicable,1.0
TRN-0003645,2026-11-04,Superfast,COR-04,SEC-08,Down,Decreasing KM,2026-11-04 17:27,2026-11-04 17:59,Critical,False,Not Applicable,1.0
TRN-0003646,2026-11-04,Passenger,COR-04,SEC-07,Down,Decreasing KM,2026-11-04 19:12,2026-11-04 19:45,High,False,Not Applicable,1.0
TRN-0003647,2026-11-04,Goods,COR-04,SEC-08,Down,Decreasing KM,2026-11-04 20:27,2026-11-04 21:27,Medium,True,Forecasted,0.83
TRN-0003648,2026-11-04,Passenger,COR-04,SEC-08,Down,Decreasing KM,2026-11-04 22:09,2026-11-04 22:41,High,False,Not Applicable,1.0
TRN-0003649,2026-11-05,MEMU,COR-01,SEC-02,Up,Increasing KM,2026-11-05 05:32,2026-11-05 06:07,Medium,False,Not Applicable,1.0
TRN-0003650,2026-11-05,Superfast,COR-01,SEC-01,Up,Increasing KM,2026-11-05 06:53,2026-11-05 07:53,Critical,False,Not Applicable,1.0
TRN-0003651,2026-11-05,MEMU,COR-01,SEC-02,Up,Increasing KM,2026-11-05 08:32,2026-11-05 09:22,Medium,False,Not Applicable,1.0
TRN-0003652,2026-11-05,Passenger,COR-01,SEC-02,Up,Increasing KM,2026-11-05 10:04,2026-11-05 10:48,High,False,Not Applicable,1.0
TRN-0003653,2026-11-05,Express,COR-01,SEC-01,Up,Increasing KM,2026-11-05 11:42,2026-11-05 12:39,High,False,Not Applicable,1.0
TRN-0003654,2026-11-05,Express,COR-01,SEC-02,Up,Increasing KM,2026-11-05 12:50,2026-11-05 13:42,High,False,Not Applicable,1.0
TRN-0003655,2026-11-05,Express,COR-01,SEC-02,Up,Increasing KM,2026-11-05 14:21,2026-11-05 15:08,High,False,Not Applicable,1.0
TRN-0003656,2026-11-05,Express,COR-01,SEC-02,Up,Increasing KM,2026-11-05 15:48,2026-11-05 16:24,High,False,Not Applicable,1.0
TRN-0003657,2026-11-05,MEMU,COR-01,SEC-01,Up,Increasing KM,2026-11-05 17:37,2026-11-05 18:37,Medium,False,Not Applicable,1.0
TRN-0003658,2026-11-05,Superfast,COR-01,SEC-01,Up,Increasing KM,2026-11-05 18:50,2026-11-05 19:40,Critical,False,Not Applicable,1.0
TRN-0003659,2026-11-05,Goods,COR-01,SEC-01,Up,Increasing KM,2026-11-05 20:40,2026-11-05 21:39,Medium,True,Forecasted,0.98
TRN-0003660,2026-11-05,Goods,COR-01,SEC-01,Up,Increasing KM,2026-11-05 21:57,2026-11-05 22:56,Medium,True,Forecasted,0.9
TRN-0003661,2026-11-05,Passenger,COR-01,SEC-01,Down,Decreasing KM,2026-11-05 05:42,2026-11-05 06:22,High,False,Not Applicable,1.0
TRN-0003662,2026-11-05,Passenger,COR-01,SEC-01,Down,Decreasing KM,2026-11-05 06:54,2026-11-05 07:53,High,False,Not Applicable,1.0
TRN-0003663,2026-11-05,Superfast,COR-01,SEC-01,Down,Decreasing KM,2026-11-05 08:42,2026-11-05 09:12,Critical,False,Not Applicable,1.0
TRN-0003664,2026-11-05,Passenger,COR-01,SEC-02,Down,Decreasing KM,2026-11-05 10:04,2026-11-05 11:00,High,False,Not Applicable,1.0
TRN-0003665,2026-11-05,Superfast,COR-01,SEC-02,Down,Decreasing KM,2026-11-05 11:20,2026-11-05 12:00,Critical,False,Not Applicable,1.0
TRN-0003666,2026-11-05,Express,COR-01,SEC-02,Down,Decreasing KM,2026-11-05 13:00,2026-11-05 13:46,High,False,Not Applicable,1.0
TRN-0003667,2026-11-05,Passenger,COR-01,SEC-01,Down,Decreasing KM,2026-11-05 14:21,2026-11-05 15:10,High,False,Not Applicable,1.0
TRN-0003668,2026-11-05,Goods,COR-01,SEC-02,Down,Decreasing KM,2026-11-05 16:11,2026-11-05 16:38,Medium,True,Forecasted,0.68
TRN-0003669,2026-11-05,Goods,COR-01,SEC-01,Down,Decreasing KM,2026-11-05 17:37,2026-11-05 18:23,Medium,True,Scheduled,0.72
TRN-0003670,2026-11-05,Express,COR-01,SEC-01,Down,Decreasing KM,2026-11-05 19:10,2026-11-05 19:38,High,False,Not Applicable,1.0
TRN-0003671,2026-11-05,Express,COR-01,SEC-02,Down,Decreasing KM,2026-11-05 20:33,2026-11-05 21:14,High,False,Not Applicable,1.0
TRN-0003672,2026-11-05,Passenger,COR-01,SEC-02,Down,Decreasing KM,2026-11-05 21:57,2026-11-05 22:46,High,False,Not Applicable,1.0
TRN-0003673,2026-11-05,Passenger,COR-02,SEC-04,Up,Increasing KM,2026-11-05 05:36,2026-11-05 06:25,High,False,Not Applicable,1.0
TRN-0003674,2026-11-05,Passenger,COR-02,SEC-03,Up,Increasing KM,2026-11-05 07:03,2026-11-05 07:34,High,False,Not Applicable,1.0
TRN-0003675,2026-11-05,MEMU,COR-02,SEC-03,Up,Increasing KM,2026-11-05 08:32,2026-11-05 09:13,Medium,False,Not Applicable,1.0
TRN-0003676,2026-11-05,Superfast,COR-02,SEC-04,Up,Increasing KM,2026-11-05 10:03,2026-11-05 10:54,Critical,False,Not Applicable,1.0
TRN-0003677,2026-11-05,Superfast,COR-02,SEC-04,Up,Increasing KM,2026-11-05 11:23,2026-11-05 11:51,Critical,False,Not Applicable,1.0
TRN-0003678,2026-11-05,Passenger,COR-02,SEC-04,Up,Increasing KM,2026-11-05 12:53,2026-11-05 13:20,High,False,Not Applicable,1.0
TRN-0003679,2026-11-05,Goods,COR-02,SEC-04,Up,Increasing KM,2026-11-05 14:41,2026-11-05 15:11,Medium,True,Forecasted,0.73
TRN-0003680,2026-11-05,Passenger,COR-02,SEC-03,Up,Increasing KM,2026-11-05 16:02,2026-11-05 16:48,High,False,Not Applicable,1.0
TRN-0003681,2026-11-05,Goods,COR-02,SEC-04,Up,Increasing KM,2026-11-05 17:39,2026-11-05 18:04,Medium,True,Forecasted,0.96
TRN-0003682,2026-11-05,Passenger,COR-02,SEC-03,Up,Increasing KM,2026-11-05 19:03,2026-11-05 19:57,High,False,Not Applicable,1.0
TRN-0003683,2026-11-05,Passenger,COR-02,SEC-03,Up,Increasing KM,2026-11-05 20:29,2026-11-05 21:23,High,False,Not Applicable,1.0
TRN-0003684,2026-11-05,Passenger,COR-02,SEC-03,Up,Increasing KM,2026-11-05 22:02,2026-11-05 22:58,High,False,Not Applicable,1.0
TRN-0003685,2026-11-05,Passenger,COR-02,SEC-04,Down,Decreasing KM,2026-11-05 05:28,2026-11-05 06:22,High,False,Not Applicable,1.0
TRN-0003686,2026-11-05,MEMU,COR-02,SEC-03,Down,Decreasing KM,2026-11-05 06:57,2026-11-05 07:40,Medium,False,Not Applicable,1.0
TRN-0003687,2026-11-05,Superfast,COR-02,SEC-04,Down,Decreasing KM,2026-11-05 08:25,2026-11-05 09:24,Critical,False,Not Applicable,1.0
TRN-0003688,2026-11-05,Passenger,COR-02,SEC-03,Down,Decreasing KM,2026-11-05 09:55,2026-11-05 10:23,High,False,Not Applicable,1.0
TRN-0003689,2026-11-05,Passenger,COR-02,SEC-04,Down,Decreasing KM,2026-11-05 11:40,2026-11-05 12:38,High,False,Not Applicable,1.0
TRN-0003690,2026-11-05,Express,COR-02,SEC-04,Down,Decreasing KM,2026-11-05 12:51,2026-11-05 13:36,High,False,Not Applicable,1.0
TRN-0003691,2026-11-05,Passenger,COR-02,SEC-04,Down,Decreasing KM,2026-11-05 14:39,2026-11-05 15:07,High,False,Not Applicable,1.0
TRN-0003692,2026-11-05,MEMU,COR-02,SEC-04,Down,Decreasing KM,2026-11-05 16:10,2026-11-05 16:53,Medium,False,Not Applicable,1.0
TRN-0003693,2026-11-05,Express,COR-02,SEC-03,Down,Decreasing KM,2026-11-05 17:39,2026-11-05 18:05,High,False,Not Applicable,1.0
TRN-0003694,2026-11-05,MEMU,COR-02,SEC-04,Down,Decreasing KM,2026-11-05 19:03,2026-11-05 19:30,Medium,False,Not Applicable,1.0
TRN-0003695,2026-11-05,Express,COR-02,SEC-04,Down,Decreasing KM,2026-11-05 20:39,2026-11-05 21:23,High,False,Not Applicable,1.0
TRN-0003696,2026-11-05,Goods,COR-02,SEC-03,Down,Decreasing KM,2026-11-05 21:48,2026-11-05 22:42,Medium,True,Forecasted,0.83
TRN-0003697,2026-11-05,Passenger,COR-03,SEC-05,Up,Increasing KM,2026-11-05 05:18,2026-11-05 05:53,High,False,Not Applicable,1.0
TRN-0003698,2026-11-05,Express,COR-03,SEC-06,Up,Increasing KM,2026-11-05 07:03,2026-11-05 07:36,High,False,Not Applicable,1.0
TRN-0003699,2026-11-05,Passenger,COR-03,SEC-06,Up,Increasing KM,2026-11-05 08:30,2026-11-05 09:03,High,False,Not Applicable,1.0
TRN-0003700,2026-11-05,MEMU,COR-03,SEC-06,Up,Increasing KM,2026-11-05 10:12,2026-11-05 11:02,Medium,False,Not Applicable,1.0
TRN-0003701,2026-11-05,Goods,COR-03,SEC-05,Up,Increasing KM,2026-11-05 11:25,2026-11-05 11:57,Medium,True,Scheduled,0.96
TRN-0003702,2026-11-05,Goods,COR-03,SEC-06,Up,Increasing KM,2026-11-05 13:00,2026-11-05 13:28,Medium,True,Forecasted,0.82
TRN-0003703,2026-11-05,Passenger,COR-03,SEC-05,Up,Increasing KM,2026-11-05 14:20,2026-11-05 14:45,High,False,Not Applicable,1.0
TRN-0003704,2026-11-05,MEMU,COR-03,SEC-05,Up,Increasing KM,2026-11-05 16:10,2026-11-05 16:56,Medium,False,Not Applicable,1.0
TRN-0003705,2026-11-05,Superfast,COR-03,SEC-05,Up,Increasing KM,2026-11-05 17:38,2026-11-05 18:04,Critical,False,Not Applicable,1.0
TRN-0003706,2026-11-05,Passenger,COR-03,SEC-05,Up,Increasing KM,2026-11-05 18:56,2026-11-05 19:30,High,False,Not Applicable,1.0
TRN-0003707,2026-11-05,Express,COR-03,SEC-05,Up,Increasing KM,2026-11-05 20:29,2026-11-05 21:04,High,False,Not Applicable,1.0
TRN-0003708,2026-11-05,Superfast,COR-03,SEC-05,Up,Increasing KM,2026-11-05 22:09,2026-11-05 22:58,Critical,False,Not Applicable,1.0
TRN-0003709,2026-11-05,Express,COR-03,SEC-05,Down,Decreasing KM,2026-11-05 05:40,2026-11-05 06:06,High,False,Not Applicable,1.0
TRN-0003710,2026-11-05,MEMU,COR-03,SEC-05,Down,Decreasing KM,2026-11-05 07:05,2026-11-05 07:33,Medium,False,Not Applicable,1.0
TRN-0003711,2026-11-05,Express,COR-03,SEC-06,Down,Decreasing KM,2026-11-05 08:28,2026-11-05 09:16,High,False,Not Applicable,1.0
TRN-0003712,2026-11-05,Passenger,COR-03,SEC-06,Down,Decreasing KM,2026-11-05 10:01,2026-11-05 10:31,High,False,Not Applicable,1.0
TRN-0003713,2026-11-05,Express,COR-03,SEC-05,Down,Decreasing KM,2026-11-05 11:30,2026-11-05 11:57,High,False,Not Applicable,1.0
TRN-0003714,2026-11-05,Goods,COR-03,SEC-06,Down,Decreasing KM,2026-11-05 12:51,2026-11-05 13:16,Medium,True,Forecasted,0.86
TRN-0003715,2026-11-05,Express,COR-03,SEC-06,Down,Decreasing KM,2026-11-05 14:41,2026-11-05 15:12,High,False,Not Applicable,1.0
TRN-0003716,2026-11-05,Express,COR-03,SEC-06,Down,Decreasing KM,2026-11-05 16:10,2026-11-05 16:53,High,False,Not Applicable,1.0
TRN-0003717,2026-11-05,Superfast,COR-03,SEC-06,Down,Decreasing KM,2026-11-05 17:24,2026-11-05 18:06,Critical,False,Not Applicable,1.0
TRN-0003718,2026-11-05,Passenger,COR-03,SEC-05,Down,Decreasing KM,2026-11-05 18:50,2026-11-05 19:39,High,False,Not Applicable,1.0
TRN-0003719,2026-11-05,Express,COR-03,SEC-06,Down,Decreasing KM,2026-11-05 20:22,2026-11-05 21:09,High,False,Not Applicable,1.0
TRN-0003720,2026-11-05,Passenger,COR-03,SEC-05,Down,Decreasing KM,2026-11-05 22:03,2026-11-05 22:52,High,False,Not Applicable,1.0
TRN-0003721,2026-11-05,Superfast,COR-04,SEC-08,Up,Increasing KM,2026-11-05 05:23,2026-11-05 06:12,Critical,False,Not Applicable,1.0
TRN-0003722,2026-11-05,Passenger,COR-04,SEC-08,Up,Increasing KM,2026-11-05 06:51,2026-11-05 07:45,High,False,Not Applicable,1.0
TRN-0003723,2026-11-05,Superfast,COR-04,SEC-07,Up,Increasing KM,2026-11-05 08:31,2026-11-05 09:07,Critical,False,Not Applicable,1.0
TRN-0003724,2026-11-05,MEMU,COR-04,SEC-07,Up,Increasing KM,2026-11-05 09:49,2026-11-05 10:16,Medium,False,Not Applicable,1.0
TRN-0003725,2026-11-05,Passenger,COR-04,SEC-07,Up,Increasing KM,2026-11-05 11:29,2026-11-05 11:54,High,False,Not Applicable,1.0
TRN-0003726,2026-11-05,Superfast,COR-04,SEC-08,Up,Increasing KM,2026-11-05 13:03,2026-11-05 13:50,Critical,False,Not Applicable,1.0
TRN-0003727,2026-11-05,Passenger,COR-04,SEC-07,Up,Increasing KM,2026-11-05 14:38,2026-11-05 15:26,High,False,Not Applicable,1.0
TRN-0003728,2026-11-05,Superfast,COR-04,SEC-07,Up,Increasing KM,2026-11-05 16:04,2026-11-05 16:33,Critical,False,Not Applicable,1.0
TRN-0003729,2026-11-05,Superfast,COR-04,SEC-08,Up,Increasing KM,2026-11-05 17:42,2026-11-05 18:07,Critical,False,Not Applicable,1.0
TRN-0003730,2026-11-05,Passenger,COR-04,SEC-08,Up,Increasing KM,2026-11-05 19:01,2026-11-05 19:49,High,False,Not Applicable,1.0
TRN-0003731,2026-11-05,Superfast,COR-04,SEC-07,Up,Increasing KM,2026-11-05 20:29,2026-11-05 21:08,Critical,False,Not Applicable,1.0
TRN-0003732,2026-11-05,Passenger,COR-04,SEC-08,Up,Increasing KM,2026-11-05 21:54,2026-11-05 22:34,High,False,Not Applicable,1.0
TRN-0003733,2026-11-05,MEMU,COR-04,SEC-08,Down,Decreasing KM,2026-11-05 05:24,2026-11-05 06:10,Medium,False,Not Applicable,1.0
TRN-0003734,2026-11-05,MEMU,COR-04,SEC-08,Down,Decreasing KM,2026-11-05 07:05,2026-11-05 07:32,Medium,False,Not Applicable,1.0
TRN-0003735,2026-11-05,Express,COR-04,SEC-08,Down,Decreasing KM,2026-11-05 08:36,2026-11-05 09:09,High,False,Not Applicable,1.0
TRN-0003736,2026-11-05,Passenger,COR-04,SEC-08,Down,Decreasing KM,2026-11-05 09:49,2026-11-05 10:39,High,False,Not Applicable,1.0
TRN-0003737,2026-11-05,Goods,COR-04,SEC-08,Down,Decreasing KM,2026-11-05 11:20,2026-11-05 11:53,Medium,True,Forecasted,0.92
TRN-0003738,2026-11-05,Passenger,COR-04,SEC-08,Down,Decreasing KM,2026-11-05 13:01,2026-11-05 13:28,High,False,Not Applicable,1.0
TRN-0003739,2026-11-05,Express,COR-04,SEC-08,Down,Decreasing KM,2026-11-05 14:33,2026-11-05 15:33,High,False,Not Applicable,1.0
TRN-0003740,2026-11-05,Goods,COR-04,SEC-07,Down,Decreasing KM,2026-11-05 15:51,2026-11-05 16:45,Medium,True,Scheduled,0.76
TRN-0003741,2026-11-05,MEMU,COR-04,SEC-08,Down,Decreasing KM,2026-11-05 17:21,2026-11-05 17:53,Medium,False,Not Applicable,1.0
TRN-0003742,2026-11-05,Passenger,COR-04,SEC-07,Down,Decreasing KM,2026-11-05 19:05,2026-11-05 19:49,High,False,Not Applicable,1.0
TRN-0003743,2026-11-05,Passenger,COR-04,SEC-08,Down,Decreasing KM,2026-11-05 20:29,2026-11-05 21:26,High,False,Not Applicable,1.0
TRN-0003744,2026-11-05,Goods,COR-04,SEC-08,Down,Decreasing KM,2026-11-05 21:50,2026-11-05 22:42,Medium,True,Forecasted,0.89
TRN-0003745,2026-11-06,Express,COR-01,SEC-02,Up,Increasing KM,2026-11-06 05:29,2026-11-06 06:23,High,False,Not Applicable,1.0
TRN-0003746,2026-11-06,Passenger,COR-01,SEC-02,Up,Increasing KM,2026-11-06 06:50,2026-11-06 07:27,High,False,Not Applicable,1.0
TRN-0003747,2026-11-06,Passenger,COR-01,SEC-02,Up,Increasing KM,2026-11-06 08:20,2026-11-06 09:09,High,False,Not Applicable,1.0
TRN-0003748,2026-11-06,Goods,COR-01,SEC-02,Up,Increasing KM,2026-11-06 10:10,2026-11-06 11:01,Medium,True,Forecasted,0.82
TRN-0003749,2026-11-06,Passenger,COR-01,SEC-02,Up,Increasing KM,2026-11-06 11:25,2026-11-06 12:17,High,False,Not Applicable,1.0
TRN-0003750,2026-11-06,MEMU,COR-01,SEC-01,Up,Increasing KM,2026-11-06 13:03,2026-11-06 13:35,Medium,False,Not Applicable,1.0
TRN-0003751,2026-11-06,Express,COR-01,SEC-02,Up,Increasing KM,2026-11-06 14:41,2026-11-06 15:14,High,False,Not Applicable,1.0
TRN-0003752,2026-11-06,Express,COR-01,SEC-02,Up,Increasing KM,2026-11-06 16:00,2026-11-06 16:49,High,False,Not Applicable,1.0
TRN-0003753,2026-11-06,Passenger,COR-01,SEC-01,Up,Increasing KM,2026-11-06 17:23,2026-11-06 18:23,High,False,Not Applicable,1.0
TRN-0003754,2026-11-06,Express,COR-01,SEC-02,Up,Increasing KM,2026-11-06 19:00,2026-11-06 19:39,High,False,Not Applicable,1.0
TRN-0003755,2026-11-06,Goods,COR-01,SEC-02,Up,Increasing KM,2026-11-06 20:23,2026-11-06 21:17,Medium,True,Scheduled,0.82
TRN-0003756,2026-11-06,Goods,COR-01,SEC-01,Up,Increasing KM,2026-11-06 21:52,2026-11-06 22:23,Medium,True,Forecasted,0.97
TRN-0003757,2026-11-06,MEMU,COR-01,SEC-01,Down,Decreasing KM,2026-11-06 05:23,2026-11-06 05:53,Medium,False,Not Applicable,1.0
TRN-0003758,2026-11-06,Passenger,COR-01,SEC-01,Down,Decreasing KM,2026-11-06 06:57,2026-11-06 07:37,High,False,Not Applicable,1.0
TRN-0003759,2026-11-06,Express,COR-01,SEC-01,Down,Decreasing KM,2026-11-06 08:34,2026-11-06 09:04,High,False,Not Applicable,1.0
TRN-0003760,2026-11-06,Passenger,COR-01,SEC-01,Down,Decreasing KM,2026-11-06 10:11,2026-11-06 10:36,High,False,Not Applicable,1.0
TRN-0003761,2026-11-06,Superfast,COR-01,SEC-01,Down,Decreasing KM,2026-11-06 11:23,2026-11-06 12:12,Critical,False,Not Applicable,1.0
TRN-0003762,2026-11-06,Goods,COR-01,SEC-01,Down,Decreasing KM,2026-11-06 13:05,2026-11-06 13:32,Medium,True,Forecasted,0.89
TRN-0003763,2026-11-06,MEMU,COR-01,SEC-02,Down,Decreasing KM,2026-11-06 14:39,2026-11-06 15:05,Medium,False,Not Applicable,1.0
TRN-0003764,2026-11-06,Passenger,COR-01,SEC-01,Down,Decreasing KM,2026-11-06 16:03,2026-11-06 16:34,High,False,Not Applicable,1.0
TRN-0003765,2026-11-06,Passenger,COR-01,SEC-01,Down,Decreasing KM,2026-11-06 17:28,2026-11-06 18:19,High,False,Not Applicable,1.0
TRN-0003766,2026-11-06,Goods,COR-01,SEC-02,Down,Decreasing KM,2026-11-06 18:53,2026-11-06 19:44,Medium,True,Scheduled,0.9
TRN-0003767,2026-11-06,Goods,COR-01,SEC-01,Down,Decreasing KM,2026-11-06 20:25,2026-11-06 21:16,Medium,True,Forecasted,0.72
TRN-0003768,2026-11-06,Passenger,COR-01,SEC-01,Down,Decreasing KM,2026-11-06 21:49,2026-11-06 22:42,High,False,Not Applicable,1.0
TRN-0003769,2026-11-06,Superfast,COR-02,SEC-03,Up,Increasing KM,2026-11-06 05:18,2026-11-06 06:09,Critical,False,Not Applicable,1.0
TRN-0003770,2026-11-06,Passenger,COR-02,SEC-03,Up,Increasing KM,2026-11-06 06:57,2026-11-06 07:33,High,False,Not Applicable,1.0
TRN-0003771,2026-11-06,Passenger,COR-02,SEC-04,Up,Increasing KM,2026-11-06 08:24,2026-11-06 09:00,High,False,Not Applicable,1.0
TRN-0003772,2026-11-06,Passenger,COR-02,SEC-03,Up,Increasing KM,2026-11-06 10:11,2026-11-06 10:59,High,False,Not Applicable,1.0
TRN-0003773,2026-11-06,Passenger,COR-02,SEC-04,Up,Increasing KM,2026-11-06 11:29,2026-11-06 12:05,High,False,Not Applicable,1.0
TRN-0003774,2026-11-06,Goods,COR-02,SEC-03,Up,Increasing KM,2026-11-06 13:04,2026-11-06 13:29,Medium,True,Forecasted,0.92
TRN-0003775,2026-11-06,Express,COR-02,SEC-04,Up,Increasing KM,2026-11-06 14:42,2026-11-06 15:29,High,False,Not Applicable,1.0
TRN-0003776,2026-11-06,Goods,COR-02,SEC-04,Up,Increasing KM,2026-11-06 16:07,2026-11-06 16:53,Medium,True,Forecasted,0.89
TRN-0003777,2026-11-06,Passenger,COR-02,SEC-03,Up,Increasing KM,2026-11-06 17:36,2026-11-06 18:07,High,False,Not Applicable,1.0
TRN-0003778,2026-11-06,Passenger,COR-02,SEC-04,Up,Increasing KM,2026-11-06 19:12,2026-11-06 19:42,High,False,Not Applicable,1.0
TRN-0003779,2026-11-06,Express,COR-02,SEC-04,Up,Increasing KM,2026-11-06 20:35,2026-11-06 21:31,High,False,Not Applicable,1.0
TRN-0003780,2026-11-06,Superfast,COR-02,SEC-04,Up,Increasing KM,2026-11-06 21:53,2026-11-06 22:50,Critical,False,Not Applicable,1.0
TRN-0003781,2026-11-06,Goods,COR-02,SEC-03,Down,Decreasing KM,2026-11-06 05:42,2026-11-06 06:09,Medium,True,Scheduled,0.91
TRN-0003782,2026-11-06,Passenger,COR-02,SEC-03,Down,Decreasing KM,2026-11-06 06:50,2026-11-06 07:31,High,False,Not Applicable,1.0
TRN-0003783,2026-11-06,Superfast,COR-02,SEC-03,Down,Decreasing KM,2026-11-06 08:40,2026-11-06 09:15,Critical,False,Not Applicable,1.0
TRN-0003784,2026-11-06,Passenger,COR-02,SEC-04,Down,Decreasing KM,2026-11-06 10:09,2026-11-06 10:39,High,False,Not Applicable,1.0
TRN-0003785,2026-11-06,MEMU,COR-02,SEC-04,Down,Decreasing KM,2026-11-06 11:37,2026-11-06 12:20,Medium,False,Not Applicable,1.0
TRN-0003786,2026-11-06,MEMU,COR-02,SEC-03,Down,Decreasing KM,2026-11-06 13:00,2026-11-06 13:49,Medium,False,Not Applicable,1.0
TRN-0003787,2026-11-06,Passenger,COR-02,SEC-04,Down,Decreasing KM,2026-11-06 14:30,2026-11-06 14:55,High,False,Not Applicable,1.0
TRN-0003788,2026-11-06,MEMU,COR-02,SEC-03,Down,Decreasing KM,2026-11-06 15:58,2026-11-06 16:53,Medium,False,Not Applicable,1.0
TRN-0003789,2026-11-06,Superfast,COR-02,SEC-03,Down,Decreasing KM,2026-11-06 17:18,2026-11-06 17:58,Critical,False,Not Applicable,1.0
TRN-0003790,2026-11-06,Express,COR-02,SEC-03,Down,Decreasing KM,2026-11-06 19:00,2026-11-06 19:54,High,False,Not Applicable,1.0
TRN-0003791,2026-11-06,Passenger,COR-02,SEC-04,Down,Decreasing KM,2026-11-06 20:23,2026-11-06 20:50,High,False,Not Applicable,1.0
TRN-0003792,2026-11-06,Passenger,COR-02,SEC-03,Down,Decreasing KM,2026-11-06 21:53,2026-11-06 22:33,High,False,Not Applicable,1.0
TRN-0003793,2026-11-06,Passenger,COR-03,SEC-05,Up,Increasing KM,2026-11-06 05:29,2026-11-06 06:08,High,False,Not Applicable,1.0
TRN-0003794,2026-11-06,Passenger,COR-03,SEC-05,Up,Increasing KM,2026-11-06 06:49,2026-11-06 07:44,High,False,Not Applicable,1.0
TRN-0003795,2026-11-06,Passenger,COR-03,SEC-06,Up,Increasing KM,2026-11-06 08:35,2026-11-06 09:19,High,False,Not Applicable,1.0
TRN-0003796,2026-11-06,Passenger,COR-03,SEC-05,Up,Increasing KM,2026-11-06 10:11,2026-11-06 10:38,High,False,Not Applicable,1.0
TRN-0003797,2026-11-06,Express,COR-03,SEC-06,Up,Increasing KM,2026-11-06 11:31,2026-11-06 12:26,High,False,Not Applicable,1.0
TRN-0003798,2026-11-06,Express,COR-03,SEC-06,Up,Increasing KM,2026-11-06 12:57,2026-11-06 13:48,High,False,Not Applicable,1.0
TRN-0003799,2026-11-06,Express,COR-03,SEC-06,Up,Increasing KM,2026-11-06 14:33,2026-11-06 15:07,High,False,Not Applicable,1.0
TRN-0003800,2026-11-06,MEMU,COR-03,SEC-06,Up,Increasing KM,2026-11-06 15:57,2026-11-06 16:56,Medium,False,Not Applicable,1.0
TRN-0003801,2026-11-06,Passenger,COR-03,SEC-06,Up,Increasing KM,2026-11-06 17:26,2026-11-06 18:25,High,False,Not Applicable,1.0
TRN-0003802,2026-11-06,MEMU,COR-03,SEC-05,Up,Increasing KM,2026-11-06 19:06,2026-11-06 20:06,Medium,False,Not Applicable,1.0
TRN-0003803,2026-11-06,Superfast,COR-03,SEC-06,Up,Increasing KM,2026-11-06 20:32,2026-11-06 21:10,Critical,False,Not Applicable,1.0
TRN-0003804,2026-11-06,Passenger,COR-03,SEC-05,Up,Increasing KM,2026-11-06 21:54,2026-11-06 22:52,High,False,Not Applicable,1.0
TRN-0003805,2026-11-06,MEMU,COR-03,SEC-06,Down,Decreasing KM,2026-11-06 05:38,2026-11-06 06:23,Medium,False,Not Applicable,1.0
TRN-0003806,2026-11-06,Express,COR-03,SEC-06,Down,Decreasing KM,2026-11-06 07:09,2026-11-06 07:37,High,False,Not Applicable,1.0
TRN-0003807,2026-11-06,Express,COR-03,SEC-06,Down,Decreasing KM,2026-11-06 08:31,2026-11-06 09:01,High,False,Not Applicable,1.0
TRN-0003808,2026-11-06,Goods,COR-03,SEC-05,Down,Decreasing KM,2026-11-06 09:54,2026-11-06 10:40,Medium,True,Forecasted,0.78
TRN-0003809,2026-11-06,Superfast,COR-03,SEC-06,Down,Decreasing KM,2026-11-06 11:23,2026-11-06 11:52,Critical,False,Not Applicable,1.0
TRN-0003810,2026-11-06,Passenger,COR-03,SEC-06,Down,Decreasing KM,2026-11-06 13:12,2026-11-06 13:51,High,False,Not Applicable,1.0
TRN-0003811,2026-11-06,Express,COR-03,SEC-05,Down,Decreasing KM,2026-11-06 14:30,2026-11-06 15:14,High,False,Not Applicable,1.0
TRN-0003812,2026-11-06,Express,COR-03,SEC-05,Down,Decreasing KM,2026-11-06 16:11,2026-11-06 16:56,High,False,Not Applicable,1.0
TRN-0003813,2026-11-06,MEMU,COR-03,SEC-06,Down,Decreasing KM,2026-11-06 17:31,2026-11-06 18:05,Medium,False,Not Applicable,1.0
TRN-0003814,2026-11-06,Superfast,COR-03,SEC-06,Down,Decreasing KM,2026-11-06 19:01,2026-11-06 19:27,Critical,False,Not Applicable,1.0
TRN-0003815,2026-11-06,Superfast,COR-03,SEC-06,Down,Decreasing KM,2026-11-06 20:19,2026-11-06 21:17,Critical,False,Not Applicable,1.0
TRN-0003816,2026-11-06,Express,COR-03,SEC-05,Down,Decreasing KM,2026-11-06 21:58,2026-11-06 22:57,High,False,Not Applicable,1.0
TRN-0003817,2026-11-06,Passenger,COR-04,SEC-08,Up,Increasing KM,2026-11-06 05:40,2026-11-06 06:05,High,False,Not Applicable,1.0
TRN-0003818,2026-11-06,Express,COR-04,SEC-07,Up,Increasing KM,2026-11-06 06:55,2026-11-06 07:25,High,False,Not Applicable,1.0
TRN-0003819,2026-11-06,Express,COR-04,SEC-07,Up,Increasing KM,2026-11-06 08:33,2026-11-06 09:00,High,False,Not Applicable,1.0
TRN-0003820,2026-11-06,Passenger,COR-04,SEC-08,Up,Increasing KM,2026-11-06 09:51,2026-11-06 10:32,High,False,Not Applicable,1.0
TRN-0003821,2026-11-06,Express,COR-04,SEC-08,Up,Increasing KM,2026-11-06 11:40,2026-11-06 12:06,High,False,Not Applicable,1.0
TRN-0003822,2026-11-06,Passenger,COR-04,SEC-08,Up,Increasing KM,2026-11-06 12:48,2026-11-06 13:19,High,False,Not Applicable,1.0
TRN-0003823,2026-11-06,Goods,COR-04,SEC-08,Up,Increasing KM,2026-11-06 14:29,2026-11-06 15:09,Medium,True,Forecasted,0.83
TRN-0003824,2026-11-06,Passenger,COR-04,SEC-08,Up,Increasing KM,2026-11-06 16:09,2026-11-06 17:00,High,False,Not Applicable,1.0
TRN-0003825,2026-11-06,MEMU,COR-04,SEC-07,Up,Increasing KM,2026-11-06 17:36,2026-11-06 18:13,Medium,False,Not Applicable,1.0
TRN-0003826,2026-11-06,Express,COR-04,SEC-07,Up,Increasing KM,2026-11-06 19:09,2026-11-06 19:47,High,False,Not Applicable,1.0
TRN-0003827,2026-11-06,Superfast,COR-04,SEC-07,Up,Increasing KM,2026-11-06 20:30,2026-11-06 21:25,Critical,False,Not Applicable,1.0
TRN-0003828,2026-11-06,Superfast,COR-04,SEC-07,Up,Increasing KM,2026-11-06 21:50,2026-11-06 22:31,Critical,False,Not Applicable,1.0
TRN-0003829,2026-11-06,Superfast,COR-04,SEC-08,Down,Decreasing KM,2026-11-06 05:24,2026-11-06 05:49,Critical,False,Not Applicable,1.0
TRN-0003830,2026-11-06,Goods,COR-04,SEC-08,Down,Decreasing KM,2026-11-06 06:58,2026-11-06 07:33,Medium,True,Forecasted,0.69
TRN-0003831,2026-11-06,Express,COR-04,SEC-08,Down,Decreasing KM,2026-11-06 08:19,2026-11-06 08:59,High,False,Not Applicable,1.0
TRN-0003832,2026-11-06,Passenger,COR-04,SEC-07,Down,Decreasing KM,2026-11-06 09:51,2026-11-06 10:43,High,False,Not Applicable,1.0
TRN-0003833,2026-11-06,Goods,COR-04,SEC-08,Down,Decreasing KM,2026-11-06 11:25,2026-11-06 12:11,Medium,True,Forecasted,0.85
TRN-0003834,2026-11-06,Passenger,COR-04,SEC-08,Down,Decreasing KM,2026-11-06 12:53,2026-11-06 13:51,High,False,Not Applicable,1.0
TRN-0003835,2026-11-06,Express,COR-04,SEC-07,Down,Decreasing KM,2026-11-06 14:26,2026-11-06 15:11,High,False,Not Applicable,1.0
TRN-0003836,2026-11-06,Express,COR-04,SEC-08,Down,Decreasing KM,2026-11-06 15:49,2026-11-06 16:43,High,False,Not Applicable,1.0
TRN-0003837,2026-11-06,Superfast,COR-04,SEC-07,Down,Decreasing KM,2026-11-06 17:33,2026-11-06 18:16,Critical,False,Not Applicable,1.0
TRN-0003838,2026-11-06,Superfast,COR-04,SEC-08,Down,Decreasing KM,2026-11-06 18:50,2026-11-06 19:29,Critical,False,Not Applicable,1.0
TRN-0003839,2026-11-06,Passenger,COR-04,SEC-07,Down,Decreasing KM,2026-11-06 20:23,2026-11-06 20:50,High,False,Not Applicable,1.0
TRN-0003840,2026-11-06,MEMU,COR-04,SEC-08,Down,Decreasing KM,2026-11-06 22:12,2026-11-06 23:07,Medium,False,Not Applicable,1.0
TRN-0003841,2026-11-07,Passenger,COR-01,SEC-02,Up,Increasing KM,2026-11-07 05:28,2026-11-07 05:56,High,False,Not Applicable,1.0
TRN-0003842,2026-11-07,Passenger,COR-01,SEC-01,Up,Increasing KM,2026-11-07 07:07,2026-11-07 07:32,High,False,Not Applicable,1.0
TRN-0003843,2026-11-07,Express,COR-01,SEC-01,Up,Increasing KM,2026-11-07 08:34,2026-11-07 09:01,High,False,Not Applicable,1.0
TRN-0003844,2026-11-07,Passenger,COR-01,SEC-01,Up,Increasing KM,2026-11-07 09:48,2026-11-07 10:39,High,False,Not Applicable,1.0
TRN-0003845,2026-11-07,Goods,COR-01,SEC-02,Up,Increasing KM,2026-11-07 11:34,2026-11-07 12:29,Medium,True,Forecasted,0.77
TRN-0003846,2026-11-07,Goods,COR-01,SEC-02,Up,Increasing KM,2026-11-07 13:00,2026-11-07 14:00,Medium,True,Forecasted,0.92
TRN-0003847,2026-11-07,Express,COR-01,SEC-02,Up,Increasing KM,2026-11-07 14:23,2026-11-07 14:50,High,False,Not Applicable,1.0
TRN-0003848,2026-11-07,Express,COR-01,SEC-02,Up,Increasing KM,2026-11-07 15:54,2026-11-07 16:27,High,False,Not Applicable,1.0
TRN-0003849,2026-11-07,Express,COR-01,SEC-01,Up,Increasing KM,2026-11-07 17:33,2026-11-07 18:07,High,False,Not Applicable,1.0
TRN-0003850,2026-11-07,Express,COR-01,SEC-02,Up,Increasing KM,2026-11-07 18:50,2026-11-07 19:24,High,False,Not Applicable,1.0
TRN-0003851,2026-11-07,Express,COR-01,SEC-01,Up,Increasing KM,2026-11-07 20:33,2026-11-07 21:10,High,False,Not Applicable,1.0
TRN-0003852,2026-11-07,Goods,COR-01,SEC-01,Up,Increasing KM,2026-11-07 22:09,2026-11-07 22:55,Medium,True,Scheduled,0.75
TRN-0003853,2026-11-07,Passenger,COR-01,SEC-01,Down,Decreasing KM,2026-11-07 05:22,2026-11-07 06:02,High,False,Not Applicable,1.0
TRN-0003854,2026-11-07,Goods,COR-01,SEC-01,Down,Decreasing KM,2026-11-07 06:57,2026-11-07 07:28,Medium,True,Forecasted,0.87
TRN-0003855,2026-11-07,Passenger,COR-01,SEC-02,Down,Decreasing KM,2026-11-07 08:37,2026-11-07 09:12,High,False,Not Applicable,1.0
TRN-0003856,2026-11-07,Goods,COR-01,SEC-02,Down,Decreasing KM,2026-11-07 10:12,2026-11-07 10:55,Medium,True,Forecasted,0.84
TRN-0003857,2026-11-07,Passenger,COR-01,SEC-01,Down,Decreasing KM,2026-11-07 11:27,2026-11-07 12:27,High,False,Not Applicable,1.0
TRN-0003858,2026-11-07,Passenger,COR-01,SEC-02,Down,Decreasing KM,2026-11-07 12:52,2026-11-07 13:40,High,False,Not Applicable,1.0
TRN-0003859,2026-11-07,Goods,COR-01,SEC-01,Down,Decreasing KM,2026-11-07 14:18,2026-11-07 15:09,Medium,True,Forecasted,0.87
TRN-0003860,2026-11-07,MEMU,COR-01,SEC-01,Down,Decreasing KM,2026-11-07 15:49,2026-11-07 16:42,Medium,False,Not Applicable,1.0
TRN-0003861,2026-11-07,Passenger,COR-01,SEC-01,Down,Decreasing KM,2026-11-07 17:33,2026-11-07 18:33,High,False,Not Applicable,1.0
TRN-0003862,2026-11-07,Passenger,COR-01,SEC-02,Down,Decreasing KM,2026-11-07 19:02,2026-11-07 19:59,High,False,Not Applicable,1.0
TRN-0003863,2026-11-07,Passenger,COR-01,SEC-02,Down,Decreasing KM,2026-11-07 20:34,2026-11-07 21:13,High,False,Not Applicable,1.0
TRN-0003864,2026-11-07,Goods,COR-01,SEC-02,Down,Decreasing KM,2026-11-07 21:48,2026-11-07 22:43,Medium,True,Forecasted,0.97
TRN-0003865,2026-11-07,Passenger,COR-02,SEC-03,Up,Increasing KM,2026-11-07 05:40,2026-11-07 06:06,High,False,Not Applicable,1.0
TRN-0003866,2026-11-07,MEMU,COR-02,SEC-04,Up,Increasing KM,2026-11-07 07:10,2026-11-07 07:53,Medium,False,Not Applicable,1.0
TRN-0003867,2026-11-07,Passenger,COR-02,SEC-04,Up,Increasing KM,2026-11-07 08:27,2026-11-07 09:22,High,False,Not Applicable,1.0
TRN-0003868,2026-11-07,Goods,COR-02,SEC-04,Up,Increasing KM,2026-11-07 09:56,2026-11-07 10:23,Medium,True,Forecasted,0.94
TRN-0003869,2026-11-07,Superfast,COR-02,SEC-03,Up,Increasing KM,2026-11-07 11:38,2026-11-07 12:20,Critical,False,Not Applicable,1.0
TRN-0003870,2026-11-07,Superfast,COR-02,SEC-03,Up,Increasing KM,2026-11-07 12:48,2026-11-07 13:14,Critical,False,Not Applicable,1.0
TRN-0003871,2026-11-07,Superfast,COR-02,SEC-04,Up,Increasing KM,2026-11-07 14:40,2026-11-07 15:05,Critical,False,Not Applicable,1.0
TRN-0003872,2026-11-07,MEMU,COR-02,SEC-04,Up,Increasing KM,2026-11-07 16:03,2026-11-07 16:54,Medium,False,Not Applicable,1.0
TRN-0003873,2026-11-07,Goods,COR-02,SEC-04,Up,Increasing KM,2026-11-07 17:33,2026-11-07 18:31,Medium,True,Forecasted,0.83
TRN-0003874,2026-11-07,Passenger,COR-02,SEC-04,Up,Increasing KM,2026-11-07 18:58,2026-11-07 19:33,High,False,Not Applicable,1.0
TRN-0003875,2026-11-07,Goods,COR-02,SEC-03,Up,Increasing KM,2026-11-07 20:42,2026-11-07 21:42,Medium,True,Forecasted,0.88
TRN-0003876,2026-11-07,Express,COR-02,SEC-03,Up,Increasing KM,2026-11-07 22:06,2026-11-07 22:40,High,False,Not Applicable,1.0
TRN-0003877,2026-11-07,Superfast,COR-02,SEC-03,Down,Decreasing KM,2026-11-07 05:28,2026-11-07 05:59,Critical,False,Not Applicable,1.0
TRN-0003878,2026-11-07,Goods,COR-02,SEC-03,Down,Decreasing KM,2026-11-07 06:50,2026-11-07 07:18,Medium,True,Forecasted,0.87
TRN-0003879,2026-11-07,MEMU,COR-02,SEC-03,Down,Decreasing KM,2026-11-07 08:39,2026-11-07 09:33,Medium,False,Not Applicable,1.0
TRN-0003880,2026-11-07,Passenger,COR-02,SEC-03,Down,Decreasing KM,2026-11-07 09:57,2026-11-07 10:46,High,False,Not Applicable,1.0
TRN-0003881,2026-11-07,Express,COR-02,SEC-04,Down,Decreasing KM,2026-11-07 11:32,2026-11-07 12:08,High,False,Not Applicable,1.0
TRN-0003882,2026-11-07,Passenger,COR-02,SEC-03,Down,Decreasing KM,2026-11-07 13:06,2026-11-07 14:00,High,False,Not Applicable,1.0
TRN-0003883,2026-11-07,Express,COR-02,SEC-04,Down,Decreasing KM,2026-11-07 14:20,2026-11-07 14:59,High,False,Not Applicable,1.0
TRN-0003884,2026-11-07,Goods,COR-02,SEC-04,Down,Decreasing KM,2026-11-07 16:06,2026-11-07 16:37,Medium,True,Forecasted,0.87
TRN-0003885,2026-11-07,Goods,COR-02,SEC-03,Down,Decreasing KM,2026-11-07 17:27,2026-11-07 18:18,Medium,True,Forecasted,0.86
TRN-0003886,2026-11-07,Goods,COR-02,SEC-03,Down,Decreasing KM,2026-11-07 19:01,2026-11-07 19:34,Medium,True,Forecasted,0.77
TRN-0003887,2026-11-07,MEMU,COR-02,SEC-03,Down,Decreasing KM,2026-11-07 20:29,2026-11-07 21:07,Medium,False,Not Applicable,1.0
TRN-0003888,2026-11-07,MEMU,COR-02,SEC-04,Down,Decreasing KM,2026-11-07 22:07,2026-11-07 22:39,Medium,False,Not Applicable,1.0
TRN-0003889,2026-11-07,MEMU,COR-03,SEC-05,Up,Increasing KM,2026-11-07 05:34,2026-11-07 06:06,Medium,False,Not Applicable,1.0
TRN-0003890,2026-11-07,Goods,COR-03,SEC-05,Up,Increasing KM,2026-11-07 07:10,2026-11-07 07:56,Medium,True,Forecasted,0.74
TRN-0003891,2026-11-07,Passenger,COR-03,SEC-06,Up,Increasing KM,2026-11-07 08:33,2026-11-07 09:31,High,False,Not Applicable,1.0
TRN-0003892,2026-11-07,Passenger,COR-03,SEC-06,Up,Increasing KM,2026-11-07 09:53,2026-11-07 10:20,High,False,Not Applicable,1.0
TRN-0003893,2026-11-07,MEMU,COR-03,SEC-05,Up,Increasing KM,2026-11-07 11:38,2026-11-07 12:09,Medium,False,Not Applicable,1.0
TRN-0003894,2026-11-07,Passenger,COR-03,SEC-05,Up,Increasing KM,2026-11-07 12:51,2026-11-07 13:30,High,False,Not Applicable,1.0
TRN-0003895,2026-11-07,Goods,COR-03,SEC-05,Up,Increasing KM,2026-11-07 14:25,2026-11-07 15:01,Medium,True,Forecasted,0.88
TRN-0003896,2026-11-07,Passenger,COR-03,SEC-06,Up,Increasing KM,2026-11-07 15:48,2026-11-07 16:14,High,False,Not Applicable,1.0
TRN-0003897,2026-11-07,Passenger,COR-03,SEC-05,Up,Increasing KM,2026-11-07 17:39,2026-11-07 18:06,High,False,Not Applicable,1.0
TRN-0003898,2026-11-07,Express,COR-03,SEC-06,Up,Increasing KM,2026-11-07 18:49,2026-11-07 19:40,High,False,Not Applicable,1.0
TRN-0003899,2026-11-07,Express,COR-03,SEC-05,Up,Increasing KM,2026-11-07 20:31,2026-11-07 21:05,High,False,Not Applicable,1.0
TRN-0003900,2026-11-07,MEMU,COR-03,SEC-05,Up,Increasing KM,2026-11-07 21:52,2026-11-07 22:25,Medium,False,Not Applicable,1.0
TRN-0003901,2026-11-07,Express,COR-03,SEC-05,Down,Decreasing KM,2026-11-07 05:22,2026-11-07 06:02,High,False,Not Applicable,1.0
TRN-0003902,2026-11-07,Passenger,COR-03,SEC-06,Down,Decreasing KM,2026-11-07 07:09,2026-11-07 07:47,High,False,Not Applicable,1.0
TRN-0003903,2026-11-07,Express,COR-03,SEC-05,Down,Decreasing KM,2026-11-07 08:30,2026-11-07 09:19,High,False,Not Applicable,1.0
TRN-0003904,2026-11-07,Express,COR-03,SEC-06,Down,Decreasing KM,2026-11-07 10:05,2026-11-07 10:52,High,False,Not Applicable,1.0
TRN-0003905,2026-11-07,Passenger,COR-03,SEC-06,Down,Decreasing KM,2026-11-07 11:23,2026-11-07 12:11,High,False,Not Applicable,1.0
TRN-0003906,2026-11-07,Goods,COR-03,SEC-06,Down,Decreasing KM,2026-11-07 12:49,2026-11-07 13:15,Medium,True,Scheduled,0.71
TRN-0003907,2026-11-07,Passenger,COR-03,SEC-05,Down,Decreasing KM,2026-11-07 14:18,2026-11-07 14:50,High,False,Not Applicable,1.0
TRN-0003908,2026-11-07,Express,COR-03,SEC-06,Down,Decreasing KM,2026-11-07 15:59,2026-11-07 16:24,High,False,Not Applicable,1.0
TRN-0003909,2026-11-07,Superfast,COR-03,SEC-06,Down,Decreasing KM,2026-11-07 17:26,2026-11-07 18:19,Critical,False,Not Applicable,1.0
TRN-0003910,2026-11-07,Express,COR-03,SEC-05,Down,Decreasing KM,2026-11-07 19:07,2026-11-07 19:32,High,False,Not Applicable,1.0
TRN-0003911,2026-11-07,Goods,COR-03,SEC-05,Down,Decreasing KM,2026-11-07 20:37,2026-11-07 21:23,Medium,True,Scheduled,0.92
TRN-0003912,2026-11-07,MEMU,COR-03,SEC-05,Down,Decreasing KM,2026-11-07 21:55,2026-11-07 22:34,Medium,False,Not Applicable,1.0
TRN-0003913,2026-11-07,Passenger,COR-04,SEC-07,Up,Increasing KM,2026-11-07 05:41,2026-11-07 06:21,High,False,Not Applicable,1.0
TRN-0003914,2026-11-07,Superfast,COR-04,SEC-07,Up,Increasing KM,2026-11-07 07:10,2026-11-07 07:52,Critical,False,Not Applicable,1.0
TRN-0003915,2026-11-07,Passenger,COR-04,SEC-07,Up,Increasing KM,2026-11-07 08:35,2026-11-07 09:30,High,False,Not Applicable,1.0
TRN-0003916,2026-11-07,Passenger,COR-04,SEC-08,Up,Increasing KM,2026-11-07 10:01,2026-11-07 10:42,High,False,Not Applicable,1.0
TRN-0003917,2026-11-07,Express,COR-04,SEC-07,Up,Increasing KM,2026-11-07 11:35,2026-11-07 12:24,High,False,Not Applicable,1.0
TRN-0003918,2026-11-07,Passenger,COR-04,SEC-08,Up,Increasing KM,2026-11-07 12:59,2026-11-07 13:42,High,False,Not Applicable,1.0
TRN-0003919,2026-11-07,Express,COR-04,SEC-07,Up,Increasing KM,2026-11-07 14:22,2026-11-07 14:56,High,False,Not Applicable,1.0
TRN-0003920,2026-11-07,Goods,COR-04,SEC-08,Up,Increasing KM,2026-11-07 15:57,2026-11-07 16:50,Medium,True,Forecasted,0.88
TRN-0003921,2026-11-07,Superfast,COR-04,SEC-08,Up,Increasing KM,2026-11-07 17:29,2026-11-07 18:28,Critical,False,Not Applicable,1.0
TRN-0003922,2026-11-07,Goods,COR-04,SEC-07,Up,Increasing KM,2026-11-07 18:49,2026-11-07 19:39,Medium,True,Scheduled,0.65
TRN-0003923,2026-11-07,Passenger,COR-04,SEC-08,Up,Increasing KM,2026-11-07 20:39,2026-11-07 21:24,High,False,Not Applicable,1.0
TRN-0003924,2026-11-07,Goods,COR-04,SEC-07,Up,Increasing KM,2026-11-07 22:10,2026-11-07 22:41,Medium,True,Forecasted,0.93
TRN-0003925,2026-11-07,Passenger,COR-04,SEC-07,Down,Decreasing KM,2026-11-07 05:30,2026-11-07 06:15,High,False,Not Applicable,1.0
TRN-0003926,2026-11-07,Passenger,COR-04,SEC-08,Down,Decreasing KM,2026-11-07 07:12,2026-11-07 07:56,High,False,Not Applicable,1.0
TRN-0003927,2026-11-07,MEMU,COR-04,SEC-07,Down,Decreasing KM,2026-11-07 08:29,2026-11-07 09:29,Medium,False,Not Applicable,1.0
TRN-0003928,2026-11-07,MEMU,COR-04,SEC-08,Down,Decreasing KM,2026-11-07 10:02,2026-11-07 10:57,Medium,False,Not Applicable,1.0
TRN-0003929,2026-11-07,Express,COR-04,SEC-07,Down,Decreasing KM,2026-11-07 11:38,2026-11-07 12:20,High,False,Not Applicable,1.0
TRN-0003930,2026-11-07,Passenger,COR-04,SEC-08,Down,Decreasing KM,2026-11-07 12:53,2026-11-07 13:32,High,False,Not Applicable,1.0
TRN-0003931,2026-11-07,MEMU,COR-04,SEC-07,Down,Decreasing KM,2026-11-07 14:40,2026-11-07 15:18,Medium,False,Not Applicable,1.0
TRN-0003932,2026-11-07,Goods,COR-04,SEC-07,Down,Decreasing KM,2026-11-07 15:52,2026-11-07 16:30,Medium,True,Forecasted,0.73
TRN-0003933,2026-11-07,Superfast,COR-04,SEC-08,Down,Decreasing KM,2026-11-07 17:42,2026-11-07 18:21,Critical,False,Not Applicable,1.0
TRN-0003934,2026-11-07,Superfast,COR-04,SEC-08,Down,Decreasing KM,2026-11-07 19:03,2026-11-07 19:53,Critical,False,Not Applicable,1.0
TRN-0003935,2026-11-07,MEMU,COR-04,SEC-08,Down,Decreasing KM,2026-11-07 20:30,2026-11-07 21:16,Medium,False,Not Applicable,1.0
TRN-0003936,2026-11-07,Passenger,COR-04,SEC-07,Down,Decreasing KM,2026-11-07 21:53,2026-11-07 22:30,High,False,Not Applicable,1.0
TRN-0003937,2026-11-08,Superfast,COR-01,SEC-02,Up,Increasing KM,2026-11-08 05:36,2026-11-08 06:07,Critical,False,Not Applicable,1.0
TRN-0003938,2026-11-08,Goods,COR-01,SEC-01,Up,Increasing KM,2026-11-08 06:51,2026-11-08 07:34,Medium,True,Forecasted,0.82
TRN-0003939,2026-11-08,Goods,COR-01,SEC-01,Up,Increasing KM,2026-11-08 08:29,2026-11-08 09:04,Medium,True,Scheduled,0.67
TRN-0003940,2026-11-08,Passenger,COR-01,SEC-02,Up,Increasing KM,2026-11-08 09:50,2026-11-08 10:17,High,False,Not Applicable,1.0
TRN-0003941,2026-11-08,Express,COR-01,SEC-02,Up,Increasing KM,2026-11-08 11:31,2026-11-08 12:29,High,False,Not Applicable,1.0
TRN-0003942,2026-11-08,MEMU,COR-01,SEC-02,Up,Increasing KM,2026-11-08 12:50,2026-11-08 13:30,Medium,False,Not Applicable,1.0
TRN-0003943,2026-11-08,Superfast,COR-01,SEC-02,Up,Increasing KM,2026-11-08 14:41,2026-11-08 15:26,Critical,False,Not Applicable,1.0
TRN-0003944,2026-11-08,Express,COR-01,SEC-01,Up,Increasing KM,2026-11-08 16:04,2026-11-08 16:29,High,False,Not Applicable,1.0
TRN-0003945,2026-11-08,Goods,COR-01,SEC-02,Up,Increasing KM,2026-11-08 17:24,2026-11-08 18:00,Medium,True,Forecasted,0.96
TRN-0003946,2026-11-08,Goods,COR-01,SEC-02,Up,Increasing KM,2026-11-08 19:03,2026-11-08 19:56,Medium,True,Forecasted,0.92
TRN-0003947,2026-11-08,Passenger,COR-01,SEC-01,Up,Increasing KM,2026-11-08 20:26,2026-11-08 21:03,High,False,Not Applicable,1.0
TRN-0003948,2026-11-08,Passenger,COR-01,SEC-02,Up,Increasing KM,2026-11-08 22:00,2026-11-08 22:48,High,False,Not Applicable,1.0
TRN-0003949,2026-11-08,Goods,COR-01,SEC-01,Down,Decreasing KM,2026-11-08 05:24,2026-11-08 05:59,Medium,True,Forecasted,0.69
TRN-0003950,2026-11-08,Express,COR-01,SEC-01,Down,Decreasing KM,2026-11-08 06:54,2026-11-08 07:31,High,False,Not Applicable,1.0
TRN-0003951,2026-11-08,Passenger,COR-01,SEC-02,Down,Decreasing KM,2026-11-08 08:35,2026-11-08 09:34,High,False,Not Applicable,1.0
TRN-0003952,2026-11-08,Express,COR-01,SEC-01,Down,Decreasing KM,2026-11-08 09:53,2026-11-08 10:41,High,False,Not Applicable,1.0
TRN-0003953,2026-11-08,Passenger,COR-01,SEC-02,Down,Decreasing KM,2026-11-08 11:26,2026-11-08 12:06,High,False,Not Applicable,1.0
TRN-0003954,2026-11-08,Superfast,COR-01,SEC-02,Down,Decreasing KM,2026-11-08 12:56,2026-11-08 13:33,Critical,False,Not Applicable,1.0
TRN-0003955,2026-11-08,MEMU,COR-01,SEC-02,Down,Decreasing KM,2026-11-08 14:21,2026-11-08 14:58,Medium,False,Not Applicable,1.0
TRN-0003956,2026-11-08,MEMU,COR-01,SEC-01,Down,Decreasing KM,2026-11-08 16:08,2026-11-08 16:41,Medium,False,Not Applicable,1.0
TRN-0003957,2026-11-08,Passenger,COR-01,SEC-02,Down,Decreasing KM,2026-11-08 17:34,2026-11-08 18:20,High,False,Not Applicable,1.0
TRN-0003958,2026-11-08,MEMU,COR-01,SEC-02,Down,Decreasing KM,2026-11-08 19:09,2026-11-08 20:05,Medium,False,Not Applicable,1.0
TRN-0003959,2026-11-08,Superfast,COR-01,SEC-02,Down,Decreasing KM,2026-11-08 20:31,2026-11-08 21:04,Critical,False,Not Applicable,1.0
TRN-0003960,2026-11-08,Express,COR-01,SEC-01,Down,Decreasing KM,2026-11-08 21:52,2026-11-08 22:43,High,False,Not Applicable,1.0
TRN-0003961,2026-11-08,Superfast,COR-02,SEC-04,Up,Increasing KM,2026-11-08 05:32,2026-11-08 06:21,Critical,False,Not Applicable,1.0
TRN-0003962,2026-11-08,Goods,COR-02,SEC-03,Up,Increasing KM,2026-11-08 07:07,2026-11-08 08:04,Medium,True,Forecasted,0.92
TRN-0003963,2026-11-08,Express,COR-02,SEC-04,Up,Increasing KM,2026-11-08 08:37,2026-11-08 09:21,High,False,Not Applicable,1.0
TRN-0003964,2026-11-08,Superfast,COR-02,SEC-04,Up,Increasing KM,2026-11-08 09:48,2026-11-08 10:36,Critical,False,Not Applicable,1.0
TRN-0003965,2026-11-08,Passenger,COR-02,SEC-03,Up,Increasing KM,2026-11-08 11:18,2026-11-08 12:17,High,False,Not Applicable,1.0
TRN-0003966,2026-11-08,Express,COR-02,SEC-03,Up,Increasing KM,2026-11-08 13:10,2026-11-08 14:03,High,False,Not Applicable,1.0
TRN-0003967,2026-11-08,Express,COR-02,SEC-03,Up,Increasing KM,2026-11-08 14:21,2026-11-08 15:00,High,False,Not Applicable,1.0
TRN-0003968,2026-11-08,Superfast,COR-02,SEC-04,Up,Increasing KM,2026-11-08 16:02,2026-11-08 16:51,Critical,False,Not Applicable,1.0
TRN-0003969,2026-11-08,Superfast,COR-02,SEC-03,Up,Increasing KM,2026-11-08 17:36,2026-11-08 18:12,Critical,False,Not Applicable,1.0
TRN-0003970,2026-11-08,Express,COR-02,SEC-04,Up,Increasing KM,2026-11-08 19:00,2026-11-08 19:58,High,False,Not Applicable,1.0
TRN-0003971,2026-11-08,Passenger,COR-02,SEC-04,Up,Increasing KM,2026-11-08 20:18,2026-11-08 20:46,High,False,Not Applicable,1.0
TRN-0003972,2026-11-08,Passenger,COR-02,SEC-03,Up,Increasing KM,2026-11-08 21:48,2026-11-08 22:21,High,False,Not Applicable,1.0
TRN-0003973,2026-11-08,Passenger,COR-02,SEC-03,Down,Decreasing KM,2026-11-08 05:26,2026-11-08 06:26,High,False,Not Applicable,1.0
TRN-0003974,2026-11-08,Passenger,COR-02,SEC-04,Down,Decreasing KM,2026-11-08 06:53,2026-11-08 07:46,High,False,Not Applicable,1.0
TRN-0003975,2026-11-08,Passenger,COR-02,SEC-04,Down,Decreasing KM,2026-11-08 08:32,2026-11-08 09:15,High,False,Not Applicable,1.0
TRN-0003976,2026-11-08,Superfast,COR-02,SEC-03,Down,Decreasing KM,2026-11-08 10:05,2026-11-08 10:41,Critical,False,Not Applicable,1.0
TRN-0003977,2026-11-08,Passenger,COR-02,SEC-03,Down,Decreasing KM,2026-11-08 11:40,2026-11-08 12:35,High,False,Not Applicable,1.0
TRN-0003978,2026-11-08,Express,COR-02,SEC-04,Down,Decreasing KM,2026-11-08 13:00,2026-11-08 13:55,High,False,Not Applicable,1.0
TRN-0003979,2026-11-08,Goods,COR-02,SEC-03,Down,Decreasing KM,2026-11-08 14:33,2026-11-08 15:11,Medium,True,Forecasted,0.94
TRN-0003980,2026-11-08,MEMU,COR-02,SEC-04,Down,Decreasing KM,2026-11-08 16:02,2026-11-08 16:30,Medium,False,Not Applicable,1.0
TRN-0003981,2026-11-08,Passenger,COR-02,SEC-03,Down,Decreasing KM,2026-11-08 17:18,2026-11-08 17:51,High,False,Not Applicable,1.0
TRN-0003982,2026-11-08,Express,COR-02,SEC-03,Down,Decreasing KM,2026-11-08 19:05,2026-11-08 19:39,High,False,Not Applicable,1.0
TRN-0003983,2026-11-08,Passenger,COR-02,SEC-03,Down,Decreasing KM,2026-11-08 20:18,2026-11-08 21:18,High,False,Not Applicable,1.0
TRN-0003984,2026-11-08,Express,COR-02,SEC-04,Down,Decreasing KM,2026-11-08 22:01,2026-11-08 22:37,High,False,Not Applicable,1.0
TRN-0003985,2026-11-08,Passenger,COR-03,SEC-06,Up,Increasing KM,2026-11-08 05:29,2026-11-08 06:17,High,False,Not Applicable,1.0
TRN-0003986,2026-11-08,Express,COR-03,SEC-05,Up,Increasing KM,2026-11-08 06:55,2026-11-08 07:39,High,False,Not Applicable,1.0
TRN-0003987,2026-11-08,MEMU,COR-03,SEC-06,Up,Increasing KM,2026-11-08 08:27,2026-11-08 09:11,Medium,False,Not Applicable,1.0
TRN-0003988,2026-11-08,Superfast,COR-03,SEC-05,Up,Increasing KM,2026-11-08 10:02,2026-11-08 10:48,Critical,False,Not Applicable,1.0
TRN-0003989,2026-11-08,Superfast,COR-03,SEC-06,Up,Increasing KM,2026-11-08 11:25,2026-11-08 12:15,Critical,False,Not Applicable,1.0
TRN-0003990,2026-11-08,Goods,COR-03,SEC-05,Up,Increasing KM,2026-11-08 12:58,2026-11-08 13:24,Medium,True,Forecasted,0.97
TRN-0003991,2026-11-08,Goods,COR-03,SEC-05,Up,Increasing KM,2026-11-08 14:26,2026-11-08 15:17,Medium,True,Forecasted,0.91
TRN-0003992,2026-11-08,Passenger,COR-03,SEC-06,Up,Increasing KM,2026-11-08 15:50,2026-11-08 16:38,High,False,Not Applicable,1.0
TRN-0003993,2026-11-08,Superfast,COR-03,SEC-06,Up,Increasing KM,2026-11-08 17:37,2026-11-08 18:18,Critical,False,Not Applicable,1.0
TRN-0003994,2026-11-08,Express,COR-03,SEC-06,Up,Increasing KM,2026-11-08 19:10,2026-11-08 19:53,High,False,Not Applicable,1.0
TRN-0003995,2026-11-08,Superfast,COR-03,SEC-06,Up,Increasing KM,2026-11-08 20:30,2026-11-08 21:22,Critical,False,Not Applicable,1.0
TRN-0003996,2026-11-08,Superfast,COR-03,SEC-06,Up,Increasing KM,2026-11-08 21:53,2026-11-08 22:20,Critical,False,Not Applicable,1.0
TRN-0003997,2026-11-08,Goods,COR-03,SEC-06,Down,Decreasing KM,2026-11-08 05:37,2026-11-08 06:02,Medium,True,Forecasted,0.88
TRN-0003998,2026-11-08,Passenger,COR-03,SEC-06,Down,Decreasing KM,2026-11-08 07:05,2026-11-08 07:39,High,False,Not Applicable,1.0
TRN-0003999,2026-11-08,Goods,COR-03,SEC-06,Down,Decreasing KM,2026-11-08 08:28,2026-11-08 09:15,Medium,True,Forecasted,0.91
TRN-0004000,2026-11-08,Express,COR-03,SEC-06,Down,Decreasing KM,2026-11-08 10:00,2026-11-08 10:57,High,False,Not Applicable,1.0
TRN-0004001,2026-11-08,Express,COR-03,SEC-06,Down,Decreasing KM,2026-11-08 11:19,2026-11-08 11:55,High,False,Not Applicable,1.0
TRN-0004002,2026-11-08,Express,COR-03,SEC-05,Down,Decreasing KM,2026-11-08 12:53,2026-11-08 13:38,High,False,Not Applicable,1.0
TRN-0004003,2026-11-08,MEMU,COR-03,SEC-06,Down,Decreasing KM,2026-11-08 14:24,2026-11-08 15:03,Medium,False,Not Applicable,1.0
TRN-0004004,2026-11-08,Passenger,COR-03,SEC-05,Down,Decreasing KM,2026-11-08 16:09,2026-11-08 16:45,High,False,Not Applicable,1.0
TRN-0004005,2026-11-08,Superfast,COR-03,SEC-06,Down,Decreasing KM,2026-11-08 17:20,2026-11-08 17:52,Critical,False,Not Applicable,1.0
TRN-0004006,2026-11-08,Goods,COR-03,SEC-06,Down,Decreasing KM,2026-11-08 18:55,2026-11-08 19:21,Medium,True,Scheduled,0.73
TRN-0004007,2026-11-08,Passenger,COR-03,SEC-06,Down,Decreasing KM,2026-11-08 20:21,2026-11-08 20:46,High,False,Not Applicable,1.0
TRN-0004008,2026-11-08,Passenger,COR-03,SEC-06,Down,Decreasing KM,2026-11-08 21:55,2026-11-08 22:42,High,False,Not Applicable,1.0
TRN-0004009,2026-11-08,Passenger,COR-04,SEC-07,Up,Increasing KM,2026-11-08 05:22,2026-11-08 06:09,High,False,Not Applicable,1.0
TRN-0004010,2026-11-08,Express,COR-04,SEC-08,Up,Increasing KM,2026-11-08 07:01,2026-11-08 07:43,High,False,Not Applicable,1.0
TRN-0004011,2026-11-08,Goods,COR-04,SEC-07,Up,Increasing KM,2026-11-08 08:42,2026-11-08 09:13,Medium,True,Forecasted,0.8
TRN-0004012,2026-11-08,Passenger,COR-04,SEC-07,Up,Increasing KM,2026-11-08 09:48,2026-11-08 10:39,High,False,Not Applicable,1.0
TRN-0004013,2026-11-08,Express,COR-04,SEC-07,Up,Increasing KM,2026-11-08 11:32,2026-11-08 12:01,High,False,Not Applicable,1.0
TRN-0004014,2026-11-08,Goods,COR-04,SEC-08,Up,Increasing KM,2026-11-08 13:12,2026-11-08 13:49,Medium,True,Forecasted,0.8
TRN-0004015,2026-11-08,Goods,COR-04,SEC-07,Up,Increasing KM,2026-11-08 14:26,2026-11-08 15:11,Medium,True,Scheduled,0.66
TRN-0004016,2026-11-08,Passenger,COR-04,SEC-07,Up,Increasing KM,2026-11-08 16:08,2026-11-08 16:38,High,False,Not Applicable,1.0
TRN-0004017,2026-11-08,Goods,COR-04,SEC-07,Up,Increasing KM,2026-11-08 17:38,2026-11-08 18:23,Medium,True,Forecasted,0.85
TRN-0004018,2026-11-08,Superfast,COR-04,SEC-08,Up,Increasing KM,2026-11-08 19:00,2026-11-08 19:25,Critical,False,Not Applicable,1.0
TRN-0004019,2026-11-08,Passenger,COR-04,SEC-07,Up,Increasing KM,2026-11-08 20:25,2026-11-08 21:18,High,False,Not Applicable,1.0
TRN-0004020,2026-11-08,Express,COR-04,SEC-08,Up,Increasing KM,2026-11-08 22:05,2026-11-08 22:36,High,False,Not Applicable,1.0
TRN-0004021,2026-11-08,Goods,COR-04,SEC-07,Down,Decreasing KM,2026-11-08 05:22,2026-11-08 06:20,Medium,True,Forecasted,0.93
TRN-0004022,2026-11-08,Goods,COR-04,SEC-07,Down,Decreasing KM,2026-11-08 07:01,2026-11-08 07:29,Medium,True,Forecasted,0.69
TRN-0004023,2026-11-08,Passenger,COR-04,SEC-07,Down,Decreasing KM,2026-11-08 08:39,2026-11-08 09:19,High,False,Not Applicable,1.0
TRN-0004024,2026-11-08,Passenger,COR-04,SEC-07,Down,Decreasing KM,2026-11-08 10:06,2026-11-08 10:41,High,False,Not Applicable,1.0
TRN-0004025,2026-11-08,Express,COR-04,SEC-07,Down,Decreasing KM,2026-11-08 11:34,2026-11-08 12:23,High,False,Not Applicable,1.0
TRN-0004026,2026-11-08,Passenger,COR-04,SEC-08,Down,Decreasing KM,2026-11-08 12:50,2026-11-08 13:15,High,False,Not Applicable,1.0
TRN-0004027,2026-11-08,Passenger,COR-04,SEC-08,Down,Decreasing KM,2026-11-08 14:39,2026-11-08 15:16,High,False,Not Applicable,1.0
TRN-0004028,2026-11-08,Express,COR-04,SEC-07,Down,Decreasing KM,2026-11-08 16:12,2026-11-08 17:12,High,False,Not Applicable,1.0
TRN-0004029,2026-11-08,Passenger,COR-04,SEC-08,Down,Decreasing KM,2026-11-08 17:32,2026-11-08 18:10,High,False,Not Applicable,1.0
TRN-0004030,2026-11-08,MEMU,COR-04,SEC-07,Down,Decreasing KM,2026-11-08 18:56,2026-11-08 19:42,Medium,False,Not Applicable,1.0
TRN-0004031,2026-11-08,Goods,COR-04,SEC-08,Down,Decreasing KM,2026-11-08 20:34,2026-11-08 21:34,Medium,True,Scheduled,0.92
TRN-0004032,2026-11-08,Goods,COR-04,SEC-08,Down,Decreasing KM,2026-11-08 22:04,2026-11-08 22:50,Medium,True,Scheduled,0.76
TRN-0004033,2026-11-09,Goods,COR-01,SEC-01,Up,Increasing KM,2026-11-09 05:31,2026-11-09 06:30,Medium,True,Forecasted,0.7
TRN-0004034,2026-11-09,Express,COR-01,SEC-01,Up,Increasing KM,2026-11-09 06:56,2026-11-09 07:37,High,False,Not Applicable,1.0
TRN-0004035,2026-11-09,Passenger,COR-01,SEC-01,Up,Increasing KM,2026-11-09 08:27,2026-11-09 08:57,High,False,Not Applicable,1.0
TRN-0004036,2026-11-09,Passenger,COR-01,SEC-01,Up,Increasing KM,2026-11-09 09:55,2026-11-09 10:33,High,False,Not Applicable,1.0
TRN-0004037,2026-11-09,Express,COR-01,SEC-02,Up,Increasing KM,2026-11-09 11:30,2026-11-09 12:07,High,False,Not Applicable,1.0
TRN-0004038,2026-11-09,Passenger,COR-01,SEC-01,Up,Increasing KM,2026-11-09 12:56,2026-11-09 13:38,High,False,Not Applicable,1.0
TRN-0004039,2026-11-09,MEMU,COR-01,SEC-02,Up,Increasing KM,2026-11-09 14:33,2026-11-09 14:59,Medium,False,Not Applicable,1.0
TRN-0004040,2026-11-09,Express,COR-01,SEC-02,Up,Increasing KM,2026-11-09 15:57,2026-11-09 16:47,High,False,Not Applicable,1.0
TRN-0004041,2026-11-09,Express,COR-01,SEC-01,Up,Increasing KM,2026-11-09 17:30,2026-11-09 18:02,High,False,Not Applicable,1.0
TRN-0004042,2026-11-09,Express,COR-01,SEC-02,Up,Increasing KM,2026-11-09 18:51,2026-11-09 19:41,High,False,Not Applicable,1.0
TRN-0004043,2026-11-09,Passenger,COR-01,SEC-02,Up,Increasing KM,2026-11-09 20:27,2026-11-09 21:12,High,False,Not Applicable,1.0
TRN-0004044,2026-11-09,Express,COR-01,SEC-02,Up,Increasing KM,2026-11-09 21:56,2026-11-09 22:28,High,False,Not Applicable,1.0
TRN-0004045,2026-11-09,Passenger,COR-01,SEC-02,Down,Decreasing KM,2026-11-09 05:29,2026-11-09 06:13,High,False,Not Applicable,1.0
TRN-0004046,2026-11-09,Passenger,COR-01,SEC-02,Down,Decreasing KM,2026-11-09 06:48,2026-11-09 07:24,High,False,Not Applicable,1.0
TRN-0004047,2026-11-09,Passenger,COR-01,SEC-02,Down,Decreasing KM,2026-11-09 08:35,2026-11-09 09:16,High,False,Not Applicable,1.0
TRN-0004048,2026-11-09,MEMU,COR-01,SEC-02,Down,Decreasing KM,2026-11-09 09:55,2026-11-09 10:46,Medium,False,Not Applicable,1.0
TRN-0004049,2026-11-09,MEMU,COR-01,SEC-02,Down,Decreasing KM,2026-11-09 11:27,2026-11-09 11:54,Medium,False,Not Applicable,1.0
TRN-0004050,2026-11-09,Passenger,COR-01,SEC-01,Down,Decreasing KM,2026-11-09 12:51,2026-11-09 13:34,High,False,Not Applicable,1.0
TRN-0004051,2026-11-09,Express,COR-01,SEC-01,Down,Decreasing KM,2026-11-09 14:27,2026-11-09 14:52,High,False,Not Applicable,1.0
TRN-0004052,2026-11-09,Express,COR-01,SEC-02,Down,Decreasing KM,2026-11-09 15:57,2026-11-09 16:23,High,False,Not Applicable,1.0
TRN-0004053,2026-11-09,Express,COR-01,SEC-01,Down,Decreasing KM,2026-11-09 17:23,2026-11-09 17:51,High,False,Not Applicable,1.0
TRN-0004054,2026-11-09,Superfast,COR-01,SEC-02,Down,Decreasing KM,2026-11-09 19:12,2026-11-09 19:42,Critical,False,Not Applicable,1.0
TRN-0004055,2026-11-09,Superfast,COR-01,SEC-02,Down,Decreasing KM,2026-11-09 20:24,2026-11-09 21:01,Critical,False,Not Applicable,1.0
TRN-0004056,2026-11-09,Express,COR-01,SEC-01,Down,Decreasing KM,2026-11-09 21:52,2026-11-09 22:50,High,False,Not Applicable,1.0
TRN-0004057,2026-11-09,Passenger,COR-02,SEC-04,Up,Increasing KM,2026-11-09 05:40,2026-11-09 06:38,High,False,Not Applicable,1.0
TRN-0004058,2026-11-09,MEMU,COR-02,SEC-03,Up,Increasing KM,2026-11-09 06:50,2026-11-09 07:25,Medium,False,Not Applicable,1.0
TRN-0004059,2026-11-09,MEMU,COR-02,SEC-04,Up,Increasing KM,2026-11-09 08:42,2026-11-09 09:36,Medium,False,Not Applicable,1.0
TRN-0004060,2026-11-09,Express,COR-02,SEC-04,Up,Increasing KM,2026-11-09 10:03,2026-11-09 10:39,High,False,Not Applicable,1.0
TRN-0004061,2026-11-09,Superfast,COR-02,SEC-03,Up,Increasing KM,2026-11-09 11:31,2026-11-09 11:58,Critical,False,Not Applicable,1.0
TRN-0004062,2026-11-09,Superfast,COR-02,SEC-04,Up,Increasing KM,2026-11-09 13:07,2026-11-09 14:07,Critical,False,Not Applicable,1.0
TRN-0004063,2026-11-09,Passenger,COR-02,SEC-04,Up,Increasing KM,2026-11-09 14:30,2026-11-09 15:16,High,False,Not Applicable,1.0
TRN-0004064,2026-11-09,Superfast,COR-02,SEC-04,Up,Increasing KM,2026-11-09 15:54,2026-11-09 16:26,Critical,False,Not Applicable,1.0
TRN-0004065,2026-11-09,Superfast,COR-02,SEC-04,Up,Increasing KM,2026-11-09 17:31,2026-11-09 17:56,Critical,False,Not Applicable,1.0
TRN-0004066,2026-11-09,Passenger,COR-02,SEC-03,Up,Increasing KM,2026-11-09 19:06,2026-11-09 19:35,High,False,Not Applicable,1.0
TRN-0004067,2026-11-09,Goods,COR-02,SEC-03,Up,Increasing KM,2026-11-09 20:35,2026-11-09 21:06,Medium,True,Forecasted,0.94
TRN-0004068,2026-11-09,Passenger,COR-02,SEC-03,Up,Increasing KM,2026-11-09 21:52,2026-11-09 22:50,High,False,Not Applicable,1.0
TRN-0004069,2026-11-09,Express,COR-02,SEC-04,Down,Decreasing KM,2026-11-09 05:23,2026-11-09 06:07,High,False,Not Applicable,1.0
TRN-0004070,2026-11-09,Express,COR-02,SEC-03,Down,Decreasing KM,2026-11-09 07:04,2026-11-09 08:02,High,False,Not Applicable,1.0
TRN-0004071,2026-11-09,MEMU,COR-02,SEC-03,Down,Decreasing KM,2026-11-09 08:31,2026-11-09 09:08,Medium,False,Not Applicable,1.0
TRN-0004072,2026-11-09,Passenger,COR-02,SEC-03,Down,Decreasing KM,2026-11-09 10:02,2026-11-09 10:59,High,False,Not Applicable,1.0
TRN-0004073,2026-11-09,Goods,COR-02,SEC-04,Down,Decreasing KM,2026-11-09 11:25,2026-11-09 12:23,Medium,True,Forecasted,0.83
TRN-0004074,2026-11-09,Goods,COR-02,SEC-04,Down,Decreasing KM,2026-11-09 13:06,2026-11-09 13:53,Medium,True,Forecasted,0.81
TRN-0004075,2026-11-09,MEMU,COR-02,SEC-03,Down,Decreasing KM,2026-11-09 14:40,2026-11-09 15:17,Medium,False,Not Applicable,1.0
TRN-0004076,2026-11-09,Superfast,COR-02,SEC-03,Down,Decreasing KM,2026-11-09 16:06,2026-11-09 16:53,Critical,False,Not Applicable,1.0
TRN-0004077,2026-11-09,Passenger,COR-02,SEC-03,Down,Decreasing KM,2026-11-09 17:40,2026-11-09 18:17,High,False,Not Applicable,1.0
TRN-0004078,2026-11-09,Express,COR-02,SEC-04,Down,Decreasing KM,2026-11-09 18:50,2026-11-09 19:38,High,False,Not Applicable,1.0
TRN-0004079,2026-11-09,Superfast,COR-02,SEC-03,Down,Decreasing KM,2026-11-09 20:34,2026-11-09 21:02,Critical,False,Not Applicable,1.0
TRN-0004080,2026-11-09,MEMU,COR-02,SEC-04,Down,Decreasing KM,2026-11-09 22:12,2026-11-09 22:48,Medium,False,Not Applicable,1.0
TRN-0004081,2026-11-09,Passenger,COR-03,SEC-06,Up,Increasing KM,2026-11-09 05:35,2026-11-09 06:22,High,False,Not Applicable,1.0
TRN-0004082,2026-11-09,Express,COR-03,SEC-05,Up,Increasing KM,2026-11-09 06:59,2026-11-09 07:24,High,False,Not Applicable,1.0
TRN-0004083,2026-11-09,Passenger,COR-03,SEC-06,Up,Increasing KM,2026-11-09 08:35,2026-11-09 09:11,High,False,Not Applicable,1.0
TRN-0004084,2026-11-09,Express,COR-03,SEC-06,Up,Increasing KM,2026-11-09 10:03,2026-11-09 10:52,High,False,Not Applicable,1.0
TRN-0004085,2026-11-09,Passenger,COR-03,SEC-05,Up,Increasing KM,2026-11-09 11:26,2026-11-09 12:20,High,False,Not Applicable,1.0
TRN-0004086,2026-11-09,Express,COR-03,SEC-05,Up,Increasing KM,2026-11-09 12:58,2026-11-09 13:37,High,False,Not Applicable,1.0
TRN-0004087,2026-11-09,Passenger,COR-03,SEC-05,Up,Increasing KM,2026-11-09 14:42,2026-11-09 15:36,High,False,Not Applicable,1.0
TRN-0004088,2026-11-09,Superfast,COR-03,SEC-05,Up,Increasing KM,2026-11-09 16:12,2026-11-09 17:07,Critical,False,Not Applicable,1.0
TRN-0004089,2026-11-09,Passenger,COR-03,SEC-05,Up,Increasing KM,2026-11-09 17:18,2026-11-09 17:59,High,False,Not Applicable,1.0
TRN-0004090,2026-11-09,MEMU,COR-03,SEC-06,Up,Increasing KM,2026-11-09 19:05,2026-11-09 19:36,Medium,False,Not Applicable,1.0
TRN-0004091,2026-11-09,Goods,COR-03,SEC-05,Up,Increasing KM,2026-11-09 20:30,2026-11-09 21:18,Medium,True,Forecasted,0.89
TRN-0004092,2026-11-09,Express,COR-03,SEC-06,Up,Increasing KM,2026-11-09 21:48,2026-11-09 22:13,High,False,Not Applicable,1.0
TRN-0004093,2026-11-09,Passenger,COR-03,SEC-05,Down,Decreasing KM,2026-11-09 05:29,2026-11-09 06:17,High,False,Not Applicable,1.0
TRN-0004094,2026-11-09,Superfast,COR-03,SEC-06,Down,Decreasing KM,2026-11-09 07:12,2026-11-09 08:10,Critical,False,Not Applicable,1.0
TRN-0004095,2026-11-09,Express,COR-03,SEC-06,Down,Decreasing KM,2026-11-09 08:37,2026-11-09 09:05,High,False,Not Applicable,1.0
TRN-0004096,2026-11-09,Superfast,COR-03,SEC-05,Down,Decreasing KM,2026-11-09 10:10,2026-11-09 10:49,Critical,False,Not Applicable,1.0
TRN-0004097,2026-11-09,Goods,COR-03,SEC-06,Down,Decreasing KM,2026-11-09 11:20,2026-11-09 11:54,Medium,True,Forecasted,0.68
TRN-0004098,2026-11-09,Express,COR-03,SEC-06,Down,Decreasing KM,2026-11-09 13:00,2026-11-09 13:59,High,False,Not Applicable,1.0
TRN-0004099,2026-11-09,MEMU,COR-03,SEC-05,Down,Decreasing KM,2026-11-09 14:41,2026-11-09 15:29,Medium,False,Not Applicable,1.0
TRN-0004100,2026-11-09,Passenger,COR-03,SEC-06,Down,Decreasing KM,2026-11-09 16:08,2026-11-09 16:51,High,False,Not Applicable,1.0
TRN-0004101,2026-11-09,Passenger,COR-03,SEC-06,Down,Decreasing KM,2026-11-09 17:29,2026-11-09 18:14,High,False,Not Applicable,1.0
TRN-0004102,2026-11-09,Passenger,COR-03,SEC-06,Down,Decreasing KM,2026-11-09 18:49,2026-11-09 19:46,High,False,Not Applicable,1.0
TRN-0004103,2026-11-09,Passenger,COR-03,SEC-06,Down,Decreasing KM,2026-11-09 20:25,2026-11-09 21:05,High,False,Not Applicable,1.0
TRN-0004104,2026-11-09,MEMU,COR-03,SEC-06,Down,Decreasing KM,2026-11-09 22:02,2026-11-09 22:38,Medium,False,Not Applicable,1.0
TRN-0004105,2026-11-09,Express,COR-04,SEC-08,Up,Increasing KM,2026-11-09 05:27,2026-11-09 06:14,High,False,Not Applicable,1.0
TRN-0004106,2026-11-09,Passenger,COR-04,SEC-07,Up,Increasing KM,2026-11-09 07:08,2026-11-09 07:58,High,False,Not Applicable,1.0
TRN-0004107,2026-11-09,MEMU,COR-04,SEC-07,Up,Increasing KM,2026-11-09 08:31,2026-11-09 09:09,Medium,False,Not Applicable,1.0
TRN-0004108,2026-11-09,Superfast,COR-04,SEC-07,Up,Increasing KM,2026-11-09 09:52,2026-11-09 10:35,Critical,False,Not Applicable,1.0
TRN-0004109,2026-11-09,Goods,COR-04,SEC-08,Up,Increasing KM,2026-11-09 11:35,2026-11-09 12:35,Medium,True,Forecasted,0.97
TRN-0004110,2026-11-09,Express,COR-04,SEC-07,Up,Increasing KM,2026-11-09 13:06,2026-11-09 13:39,High,False,Not Applicable,1.0
TRN-0004111,2026-11-09,Superfast,COR-04,SEC-07,Up,Increasing KM,2026-11-09 14:24,2026-11-09 14:53,Critical,False,Not Applicable,1.0
TRN-0004112,2026-11-09,Superfast,COR-04,SEC-08,Up,Increasing KM,2026-11-09 16:01,2026-11-09 16:49,Critical,False,Not Applicable,1.0
TRN-0004113,2026-11-09,Superfast,COR-04,SEC-07,Up,Increasing KM,2026-11-09 17:32,2026-11-09 18:15,Critical,False,Not Applicable,1.0
TRN-0004114,2026-11-09,Express,COR-04,SEC-08,Up,Increasing KM,2026-11-09 18:52,2026-11-09 19:46,High,False,Not Applicable,1.0
TRN-0004115,2026-11-09,Passenger,COR-04,SEC-07,Up,Increasing KM,2026-11-09 20:18,2026-11-09 21:02,High,False,Not Applicable,1.0
TRN-0004116,2026-11-09,Passenger,COR-04,SEC-08,Up,Increasing KM,2026-11-09 22:05,2026-11-09 22:55,High,False,Not Applicable,1.0
TRN-0004117,2026-11-09,MEMU,COR-04,SEC-07,Down,Decreasing KM,2026-11-09 05:40,2026-11-09 06:24,Medium,False,Not Applicable,1.0
TRN-0004118,2026-11-09,Passenger,COR-04,SEC-07,Down,Decreasing KM,2026-11-09 07:08,2026-11-09 07:55,High,False,Not Applicable,1.0
TRN-0004119,2026-11-09,Goods,COR-04,SEC-07,Down,Decreasing KM,2026-11-09 08:36,2026-11-09 09:05,Medium,True,Forecasted,0.66
TRN-0004120,2026-11-09,Express,COR-04,SEC-07,Down,Decreasing KM,2026-11-09 09:52,2026-11-09 10:48,High,False,Not Applicable,1.0
TRN-0004121,2026-11-09,MEMU,COR-04,SEC-07,Down,Decreasing KM,2026-11-09 11:22,2026-11-09 12:18,Medium,False,Not Applicable,1.0
TRN-0004122,2026-11-09,MEMU,COR-04,SEC-08,Down,Decreasing KM,2026-11-09 13:00,2026-11-09 13:59,Medium,False,Not Applicable,1.0
TRN-0004123,2026-11-09,MEMU,COR-04,SEC-08,Down,Decreasing KM,2026-11-09 14:34,2026-11-09 15:33,Medium,False,Not Applicable,1.0
TRN-0004124,2026-11-09,Goods,COR-04,SEC-07,Down,Decreasing KM,2026-11-09 16:04,2026-11-09 16:34,Medium,True,Forecasted,0.97
TRN-0004125,2026-11-09,Passenger,COR-04,SEC-07,Down,Decreasing KM,2026-11-09 17:37,2026-11-09 18:29,High,False,Not Applicable,1.0
TRN-0004126,2026-11-09,Superfast,COR-04,SEC-08,Down,Decreasing KM,2026-11-09 18:50,2026-11-09 19:42,Critical,False,Not Applicable,1.0
TRN-0004127,2026-11-09,Express,COR-04,SEC-07,Down,Decreasing KM,2026-11-09 20:22,2026-11-09 21:02,High,False,Not Applicable,1.0
TRN-0004128,2026-11-09,Passenger,COR-04,SEC-07,Down,Decreasing KM,2026-11-09 21:51,2026-11-09 22:49,High,False,Not Applicable,1.0
TRN-0004129,2026-11-10,Passenger,COR-01,SEC-01,Up,Increasing KM,2026-11-10 05:41,2026-11-10 06:16,High,False,Not Applicable,1.0
TRN-0004130,2026-11-10,Superfast,COR-01,SEC-02,Up,Increasing KM,2026-11-10 07:08,2026-11-10 07:45,Critical,False,Not Applicable,1.0
TRN-0004131,2026-11-10,Goods,COR-01,SEC-01,Up,Increasing KM,2026-11-10 08:38,2026-11-10 09:15,Medium,True,Forecasted,0.76
TRN-0004132,2026-11-10,Superfast,COR-01,SEC-01,Up,Increasing KM,2026-11-10 10:04,2026-11-10 10:42,Critical,False,Not Applicable,1.0
TRN-0004133,2026-11-10,Express,COR-01,SEC-02,Up,Increasing KM,2026-11-10 11:20,2026-11-10 12:00,High,False,Not Applicable,1.0
TRN-0004134,2026-11-10,Goods,COR-01,SEC-02,Up,Increasing KM,2026-11-10 12:55,2026-11-10 13:50,Medium,True,Forecasted,0.79
TRN-0004135,2026-11-10,Goods,COR-01,SEC-01,Up,Increasing KM,2026-11-10 14:37,2026-11-10 15:25,Medium,True,Forecasted,0.8
TRN-0004136,2026-11-10,Passenger,COR-01,SEC-01,Up,Increasing KM,2026-11-10 15:56,2026-11-10 16:54,High,False,Not Applicable,1.0
TRN-0004137,2026-11-10,MEMU,COR-01,SEC-02,Up,Increasing KM,2026-11-10 17:22,2026-11-10 18:02,Medium,False,Not Applicable,1.0
TRN-0004138,2026-11-10,Express,COR-01,SEC-02,Up,Increasing KM,2026-11-10 19:11,2026-11-10 19:47,High,False,Not Applicable,1.0
TRN-0004139,2026-11-10,Express,COR-01,SEC-01,Up,Increasing KM,2026-11-10 20:30,2026-11-10 20:55,High,False,Not Applicable,1.0
TRN-0004140,2026-11-10,Passenger,COR-01,SEC-01,Up,Increasing KM,2026-11-10 22:09,2026-11-10 22:36,High,False,Not Applicable,1.0
TRN-0004141,2026-11-10,Superfast,COR-01,SEC-01,Down,Decreasing KM,2026-11-10 05:31,2026-11-10 06:00,Critical,False,Not Applicable,1.0
TRN-0004142,2026-11-10,Express,COR-01,SEC-01,Down,Decreasing KM,2026-11-10 06:53,2026-11-10 07:52,High,False,Not Applicable,1.0
TRN-0004143,2026-11-10,MEMU,COR-01,SEC-01,Down,Decreasing KM,2026-11-10 08:26,2026-11-10 09:15,Medium,False,Not Applicable,1.0
TRN-0004144,2026-11-10,MEMU,COR-01,SEC-01,Down,Decreasing KM,2026-11-10 09:50,2026-11-10 10:19,Medium,False,Not Applicable,1.0
TRN-0004145,2026-11-10,Goods,COR-01,SEC-01,Down,Decreasing KM,2026-11-10 11:19,2026-11-10 11:54,Medium,True,Scheduled,0.69
TRN-0004146,2026-11-10,Passenger,COR-01,SEC-02,Down,Decreasing KM,2026-11-10 12:51,2026-11-10 13:29,High,False,Not Applicable,1.0
TRN-0004147,2026-11-10,Passenger,COR-01,SEC-01,Down,Decreasing KM,2026-11-10 14:27,2026-11-10 15:09,High,False,Not Applicable,1.0
TRN-0004148,2026-11-10,Express,COR-01,SEC-01,Down,Decreasing KM,2026-11-10 15:52,2026-11-10 16:34,High,False,Not Applicable,1.0
TRN-0004149,2026-11-10,MEMU,COR-01,SEC-01,Down,Decreasing KM,2026-11-10 17:23,2026-11-10 18:10,Medium,False,Not Applicable,1.0
TRN-0004150,2026-11-10,Superfast,COR-01,SEC-02,Down,Decreasing KM,2026-11-10 18:55,2026-11-10 19:50,Critical,False,Not Applicable,1.0
TRN-0004151,2026-11-10,Superfast,COR-01,SEC-01,Down,Decreasing KM,2026-11-10 20:25,2026-11-10 21:01,Critical,False,Not Applicable,1.0
TRN-0004152,2026-11-10,Passenger,COR-01,SEC-01,Down,Decreasing KM,2026-11-10 21:48,2026-11-10 22:33,High,False,Not Applicable,1.0
TRN-0004153,2026-11-10,Express,COR-02,SEC-04,Up,Increasing KM,2026-11-10 05:24,2026-11-10 06:02,High,False,Not Applicable,1.0
TRN-0004154,2026-11-10,MEMU,COR-02,SEC-03,Up,Increasing KM,2026-11-10 06:53,2026-11-10 07:47,Medium,False,Not Applicable,1.0
TRN-0004155,2026-11-10,Express,COR-02,SEC-04,Up,Increasing KM,2026-11-10 08:25,2026-11-10 09:14,High,False,Not Applicable,1.0
TRN-0004156,2026-11-10,MEMU,COR-02,SEC-04,Up,Increasing KM,2026-11-10 10:06,2026-11-10 10:42,Medium,False,Not Applicable,1.0
TRN-0004157,2026-11-10,Goods,COR-02,SEC-03,Up,Increasing KM,2026-11-10 11:28,2026-11-10 12:24,Medium,True,Forecasted,0.95
TRN-0004158,2026-11-10,Superfast,COR-02,SEC-04,Up,Increasing KM,2026-11-10 13:05,2026-11-10 13:34,Critical,False,Not Applicable,1.0
TRN-0004159,2026-11-10,Express,COR-02,SEC-03,Up,Increasing KM,2026-11-10 14:35,2026-11-10 15:27,High,False,Not Applicable,1.0
TRN-0004160,2026-11-10,Passenger,COR-02,SEC-04,Up,Increasing KM,2026-11-10 15:57,2026-11-10 16:22,High,False,Not Applicable,1.0
TRN-0004161,2026-11-10,Goods,COR-02,SEC-04,Up,Increasing KM,2026-11-10 17:41,2026-11-10 18:09,Medium,True,Forecasted,0.87
TRN-0004162,2026-11-10,Passenger,COR-02,SEC-03,Up,Increasing KM,2026-11-10 18:49,2026-11-10 19:16,High,False,Not Applicable,1.0
TRN-0004163,2026-11-10,MEMU,COR-02,SEC-03,Up,Increasing KM,2026-11-10 20:40,2026-11-10 21:05,Medium,False,Not Applicable,1.0
TRN-0004164,2026-11-10,Express,COR-02,SEC-03,Up,Increasing KM,2026-11-10 21:48,2026-11-10 22:30,High,False,Not Applicable,1.0
TRN-0004165,2026-11-10,Passenger,COR-02,SEC-03,Down,Decreasing KM,2026-11-10 05:37,2026-11-10 06:04,High,False,Not Applicable,1.0
TRN-0004166,2026-11-10,Passenger,COR-02,SEC-03,Down,Decreasing KM,2026-11-10 07:10,2026-11-10 08:03,High,False,Not Applicable,1.0
TRN-0004167,2026-11-10,Goods,COR-02,SEC-04,Down,Decreasing KM,2026-11-10 08:25,2026-11-10 09:05,Medium,True,Forecasted,0.7
TRN-0004168,2026-11-10,MEMU,COR-02,SEC-03,Down,Decreasing KM,2026-11-10 09:49,2026-11-10 10:25,Medium,False,Not Applicable,1.0
TRN-0004169,2026-11-10,Express,COR-02,SEC-03,Down,Decreasing KM,2026-11-10 11:21,2026-11-10 11:46,High,False,Not Applicable,1.0
TRN-0004170,2026-11-10,Passenger,COR-02,SEC-04,Down,Decreasing KM,2026-11-10 12:56,2026-11-10 13:41,High,False,Not Applicable,1.0
TRN-0004171,2026-11-10,Express,COR-02,SEC-03,Down,Decreasing KM,2026-11-10 14:29,2026-11-10 15:06,High,False,Not Applicable,1.0
TRN-0004172,2026-11-10,Passenger,COR-02,SEC-04,Down,Decreasing KM,2026-11-10 15:56,2026-11-10 16:34,High,False,Not Applicable,1.0
TRN-0004173,2026-11-10,Express,COR-02,SEC-04,Down,Decreasing KM,2026-11-10 17:20,2026-11-10 18:03,High,False,Not Applicable,1.0
TRN-0004174,2026-11-10,Express,COR-02,SEC-03,Down,Decreasing KM,2026-11-10 18:56,2026-11-10 19:40,High,False,Not Applicable,1.0
TRN-0004175,2026-11-10,Passenger,COR-02,SEC-04,Down,Decreasing KM,2026-11-10 20:25,2026-11-10 20:50,High,False,Not Applicable,1.0
TRN-0004176,2026-11-10,Passenger,COR-02,SEC-04,Down,Decreasing KM,2026-11-10 22:00,2026-11-10 22:28,High,False,Not Applicable,1.0
TRN-0004177,2026-11-10,Superfast,COR-03,SEC-06,Up,Increasing KM,2026-11-10 05:37,2026-11-10 06:36,Critical,False,Not Applicable,1.0
TRN-0004178,2026-11-10,Passenger,COR-03,SEC-06,Up,Increasing KM,2026-11-10 07:11,2026-11-10 07:47,High,False,Not Applicable,1.0
TRN-0004179,2026-11-10,MEMU,COR-03,SEC-06,Up,Increasing KM,2026-11-10 08:38,2026-11-10 09:32,Medium,False,Not Applicable,1.0
TRN-0004180,2026-11-10,MEMU,COR-03,SEC-06,Up,Increasing KM,2026-11-10 10:10,2026-11-10 11:06,Medium,False,Not Applicable,1.0
TRN-0004181,2026-11-10,Goods,COR-03,SEC-05,Up,Increasing KM,2026-11-10 11:29,2026-11-10 12:28,Medium,True,Forecasted,0.88
TRN-0004182,2026-11-10,Goods,COR-03,SEC-06,Up,Increasing KM,2026-11-10 13:08,2026-11-10 13:39,Medium,True,Forecasted,0.89
TRN-0004183,2026-11-10,Goods,COR-03,SEC-06,Up,Increasing KM,2026-11-10 14:40,2026-11-10 15:22,Medium,True,Forecasted,0.94
TRN-0004184,2026-11-10,Goods,COR-03,SEC-05,Up,Increasing KM,2026-11-10 16:10,2026-11-10 16:44,Medium,True,Forecasted,0.72
TRN-0004185,2026-11-10,Goods,COR-03,SEC-06,Up,Increasing KM,2026-11-10 17:21,2026-11-10 17:56,Medium,True,Forecasted,0.68
TRN-0004186,2026-11-10,MEMU,COR-03,SEC-06,Up,Increasing KM,2026-11-10 18:51,2026-11-10 19:17,Medium,False,Not Applicable,1.0
TRN-0004187,2026-11-10,Goods,COR-03,SEC-06,Up,Increasing KM,2026-11-10 20:28,2026-11-10 21:17,Medium,True,Forecasted,0.73
TRN-0004188,2026-11-10,Express,COR-03,SEC-06,Up,Increasing KM,2026-11-10 22:00,2026-11-10 22:45,High,False,Not Applicable,1.0
TRN-0004189,2026-11-10,Passenger,COR-03,SEC-06,Down,Decreasing KM,2026-11-10 05:31,2026-11-10 06:08,High,False,Not Applicable,1.0
TRN-0004190,2026-11-10,Express,COR-03,SEC-05,Down,Decreasing KM,2026-11-10 06:53,2026-11-10 07:51,High,False,Not Applicable,1.0
TRN-0004191,2026-11-10,Passenger,COR-03,SEC-05,Down,Decreasing KM,2026-11-10 08:20,2026-11-10 08:59,High,False,Not Applicable,1.0
TRN-0004192,2026-11-10,Passenger,COR-03,SEC-06,Down,Decreasing KM,2026-11-10 10:11,2026-11-10 10:39,High,False,Not Applicable,1.0
TRN-0004193,2026-11-10,Passenger,COR-03,SEC-05,Down,Decreasing KM,2026-11-10 11:34,2026-11-10 12:14,High,False,Not Applicable,1.0
TRN-0004194,2026-11-10,Goods,COR-03,SEC-06,Down,Decreasing KM,2026-11-10 12:50,2026-11-10 13:39,Medium,True,Forecasted,0.92
TRN-0004195,2026-11-10,Express,COR-03,SEC-06,Down,Decreasing KM,2026-11-10 14:33,2026-11-10 15:26,High,False,Not Applicable,1.0
TRN-0004196,2026-11-10,Passenger,COR-03,SEC-06,Down,Decreasing KM,2026-11-10 15:55,2026-11-10 16:43,High,False,Not Applicable,1.0
TRN-0004197,2026-11-10,Express,COR-03,SEC-06,Down,Decreasing KM,2026-11-10 17:22,2026-11-10 18:19,High,False,Not Applicable,1.0
TRN-0004198,2026-11-10,Goods,COR-03,SEC-05,Down,Decreasing KM,2026-11-10 18:59,2026-11-10 19:51,Medium,True,Forecasted,0.81
TRN-0004199,2026-11-10,Passenger,COR-03,SEC-06,Down,Decreasing KM,2026-11-10 20:37,2026-11-10 21:24,High,False,Not Applicable,1.0
TRN-0004200,2026-11-10,Goods,COR-03,SEC-05,Down,Decreasing KM,2026-11-10 21:48,2026-11-10 22:38,Medium,True,Forecasted,0.82
TRN-0004201,2026-11-10,Express,COR-04,SEC-07,Up,Increasing KM,2026-11-10 05:28,2026-11-10 05:53,High,False,Not Applicable,1.0
TRN-0004202,2026-11-10,Express,COR-04,SEC-08,Up,Increasing KM,2026-11-10 06:53,2026-11-10 07:38,High,False,Not Applicable,1.0
TRN-0004203,2026-11-10,Passenger,COR-04,SEC-08,Up,Increasing KM,2026-11-10 08:42,2026-11-10 09:13,High,False,Not Applicable,1.0
TRN-0004204,2026-11-10,Express,COR-04,SEC-07,Up,Increasing KM,2026-11-10 09:54,2026-11-10 10:44,High,False,Not Applicable,1.0
TRN-0004205,2026-11-10,Express,COR-04,SEC-07,Up,Increasing KM,2026-11-10 11:19,2026-11-10 11:54,High,False,Not Applicable,1.0
TRN-0004206,2026-11-10,Passenger,COR-04,SEC-08,Up,Increasing KM,2026-11-10 12:56,2026-11-10 13:41,High,False,Not Applicable,1.0
TRN-0004207,2026-11-10,MEMU,COR-04,SEC-08,Up,Increasing KM,2026-11-10 14:36,2026-11-10 15:02,Medium,False,Not Applicable,1.0
TRN-0004208,2026-11-10,Passenger,COR-04,SEC-08,Up,Increasing KM,2026-11-10 15:48,2026-11-10 16:37,High,False,Not Applicable,1.0
TRN-0004209,2026-11-10,Passenger,COR-04,SEC-08,Up,Increasing KM,2026-11-10 17:30,2026-11-10 18:13,High,False,Not Applicable,1.0
TRN-0004210,2026-11-10,Passenger,COR-04,SEC-07,Up,Increasing KM,2026-11-10 18:58,2026-11-10 19:23,High,False,Not Applicable,1.0
TRN-0004211,2026-11-10,Passenger,COR-04,SEC-07,Up,Increasing KM,2026-11-10 20:39,2026-11-10 21:13,High,False,Not Applicable,1.0
TRN-0004212,2026-11-10,Passenger,COR-04,SEC-07,Up,Increasing KM,2026-11-10 21:48,2026-11-10 22:15,High,False,Not Applicable,1.0
TRN-0004213,2026-11-10,Passenger,COR-04,SEC-08,Down,Decreasing KM,2026-11-10 05:19,2026-11-10 06:00,High,False,Not Applicable,1.0
TRN-0004214,2026-11-10,Superfast,COR-04,SEC-07,Down,Decreasing KM,2026-11-10 07:05,2026-11-10 07:56,Critical,False,Not Applicable,1.0
TRN-0004215,2026-11-10,Superfast,COR-04,SEC-07,Down,Decreasing KM,2026-11-10 08:28,2026-11-10 09:23,Critical,False,Not Applicable,1.0
TRN-0004216,2026-11-10,Passenger,COR-04,SEC-08,Down,Decreasing KM,2026-11-10 10:08,2026-11-10 10:59,High,False,Not Applicable,1.0
TRN-0004217,2026-11-10,MEMU,COR-04,SEC-07,Down,Decreasing KM,2026-11-10 11:24,2026-11-10 12:10,Medium,False,Not Applicable,1.0
TRN-0004218,2026-11-10,Goods,COR-04,SEC-08,Down,Decreasing KM,2026-11-10 13:05,2026-11-10 13:32,Medium,True,Forecasted,0.77
TRN-0004219,2026-11-10,Superfast,COR-04,SEC-07,Down,Decreasing KM,2026-11-10 14:33,2026-11-10 15:14,Critical,False,Not Applicable,1.0
TRN-0004220,2026-11-10,Superfast,COR-04,SEC-08,Down,Decreasing KM,2026-11-10 16:04,2026-11-10 16:47,Critical,False,Not Applicable,1.0
TRN-0004221,2026-11-10,Passenger,COR-04,SEC-08,Down,Decreasing KM,2026-11-10 17:38,2026-11-10 18:35,High,False,Not Applicable,1.0
TRN-0004222,2026-11-10,Passenger,COR-04,SEC-07,Down,Decreasing KM,2026-11-10 19:05,2026-11-10 19:57,High,False,Not Applicable,1.0
TRN-0004223,2026-11-10,Passenger,COR-04,SEC-08,Down,Decreasing KM,2026-11-10 20:36,2026-11-10 21:16,High,False,Not Applicable,1.0
TRN-0004224,2026-11-10,Superfast,COR-04,SEC-08,Down,Decreasing KM,2026-11-10 22:06,2026-11-10 22:43,Critical,False,Not Applicable,1.0
TRN-0004225,2026-11-11,Passenger,COR-01,SEC-02,Up,Increasing KM,2026-11-11 05:35,2026-11-11 06:25,High,False,Not Applicable,1.0
TRN-0004226,2026-11-11,MEMU,COR-01,SEC-01,Up,Increasing KM,2026-11-11 06:54,2026-11-11 07:33,Medium,False,Not Applicable,1.0
TRN-0004227,2026-11-11,Passenger,COR-01,SEC-02,Up,Increasing KM,2026-11-11 08:40,2026-11-11 09:40,High,False,Not Applicable,1.0
TRN-0004228,2026-11-11,Express,COR-01,SEC-02,Up,Increasing KM,2026-11-11 10:07,2026-11-11 10:42,High,False,Not Applicable,1.0
TRN-0004229,2026-11-11,MEMU,COR-01,SEC-02,Up,Increasing KM,2026-11-11 11:35,2026-11-11 12:12,Medium,False,Not Applicable,1.0
TRN-0004230,2026-11-11,Express,COR-01,SEC-02,Up,Increasing KM,2026-11-11 12:54,2026-11-11 13:19,High,False,Not Applicable,1.0
TRN-0004231,2026-11-11,Superfast,COR-01,SEC-01,Up,Increasing KM,2026-11-11 14:33,2026-11-11 15:06,Critical,False,Not Applicable,1.0
TRN-0004232,2026-11-11,Express,COR-01,SEC-02,Up,Increasing KM,2026-11-11 16:08,2026-11-11 16:41,High,False,Not Applicable,1.0
TRN-0004233,2026-11-11,MEMU,COR-01,SEC-01,Up,Increasing KM,2026-11-11 17:19,2026-11-11 18:11,Medium,False,Not Applicable,1.0
TRN-0004234,2026-11-11,Passenger,COR-01,SEC-01,Up,Increasing KM,2026-11-11 18:52,2026-11-11 19:29,High,False,Not Applicable,1.0
TRN-0004235,2026-11-11,Goods,COR-01,SEC-02,Up,Increasing KM,2026-11-11 20:30,2026-11-11 21:02,Medium,True,Forecasted,0.67
TRN-0004236,2026-11-11,MEMU,COR-01,SEC-02,Up,Increasing KM,2026-11-11 21:56,2026-11-11 22:32,Medium,False,Not Applicable,1.0
TRN-0004237,2026-11-11,Goods,COR-01,SEC-01,Down,Decreasing KM,2026-11-11 05:39,2026-11-11 06:36,Medium,True,Forecasted,0.75
TRN-0004238,2026-11-11,Superfast,COR-01,SEC-01,Down,Decreasing KM,2026-11-11 06:57,2026-11-11 07:33,Critical,False,Not Applicable,1.0
TRN-0004239,2026-11-11,Express,COR-01,SEC-01,Down,Decreasing KM,2026-11-11 08:38,2026-11-11 09:06,High,False,Not Applicable,1.0
TRN-0004240,2026-11-11,MEMU,COR-01,SEC-01,Down,Decreasing KM,2026-11-11 09:48,2026-11-11 10:44,Medium,False,Not Applicable,1.0
TRN-0004241,2026-11-11,Superfast,COR-01,SEC-02,Down,Decreasing KM,2026-11-11 11:33,2026-11-11 12:06,Critical,False,Not Applicable,1.0
TRN-0004242,2026-11-11,Superfast,COR-01,SEC-01,Down,Decreasing KM,2026-11-11 13:11,2026-11-11 13:50,Critical,False,Not Applicable,1.0
TRN-0004243,2026-11-11,Goods,COR-01,SEC-01,Down,Decreasing KM,2026-11-11 14:18,2026-11-11 14:59,Medium,True,Scheduled,0.93
TRN-0004244,2026-11-11,Superfast,COR-01,SEC-02,Down,Decreasing KM,2026-11-11 16:07,2026-11-11 16:45,Critical,False,Not Applicable,1.0
TRN-0004245,2026-11-11,Express,COR-01,SEC-01,Down,Decreasing KM,2026-11-11 17:20,2026-11-11 17:48,High,False,Not Applicable,1.0
TRN-0004246,2026-11-11,Goods,COR-01,SEC-02,Down,Decreasing KM,2026-11-11 19:12,2026-11-11 20:11,Medium,True,Forecasted,0.73
TRN-0004247,2026-11-11,MEMU,COR-01,SEC-02,Down,Decreasing KM,2026-11-11 20:36,2026-11-11 21:31,Medium,False,Not Applicable,1.0
TRN-0004248,2026-11-11,Passenger,COR-01,SEC-02,Down,Decreasing KM,2026-11-11 22:10,2026-11-11 22:45,High,False,Not Applicable,1.0
TRN-0004249,2026-11-11,Passenger,COR-02,SEC-04,Up,Increasing KM,2026-11-11 05:37,2026-11-11 06:10,High,False,Not Applicable,1.0
TRN-0004250,2026-11-11,Goods,COR-02,SEC-03,Up,Increasing KM,2026-11-11 06:58,2026-11-11 07:53,Medium,True,Forecasted,0.77
TRN-0004251,2026-11-11,Goods,COR-02,SEC-04,Up,Increasing KM,2026-11-11 08:20,2026-11-11 09:00,Medium,True,Forecasted,0.9
TRN-0004252,2026-11-11,Goods,COR-02,SEC-04,Up,Increasing KM,2026-11-11 09:59,2026-11-11 10:30,Medium,True,Forecasted,0.67
TRN-0004253,2026-11-11,Express,COR-02,SEC-04,Up,Increasing KM,2026-11-11 11:23,2026-11-11 12:17,High,False,Not Applicable,1.0
TRN-0004254,2026-11-11,Superfast,COR-02,SEC-03,Up,Increasing KM,2026-11-11 12:55,2026-11-11 13:55,Critical,False,Not Applicable,1.0
TRN-0004255,2026-11-11,MEMU,COR-02,SEC-04,Up,Increasing KM,2026-11-11 14:30,2026-11-11 15:17,Medium,False,Not Applicable,1.0
TRN-0004256,2026-11-11,Superfast,COR-02,SEC-04,Up,Increasing KM,2026-11-11 16:07,2026-11-11 16:56,Critical,False,Not Applicable,1.0
TRN-0004257,2026-11-11,Goods,COR-02,SEC-03,Up,Increasing KM,2026-11-11 17:32,2026-11-11 18:05,Medium,True,Forecasted,0.97
TRN-0004258,2026-11-11,Superfast,COR-02,SEC-03,Up,Increasing KM,2026-11-11 18:53,2026-11-11 19:48,Critical,False,Not Applicable,1.0
TRN-0004259,2026-11-11,MEMU,COR-02,SEC-03,Up,Increasing KM,2026-11-11 20:35,2026-11-11 21:21,Medium,False,Not Applicable,1.0
TRN-0004260,2026-11-11,Goods,COR-02,SEC-04,Up,Increasing KM,2026-11-11 22:05,2026-11-11 22:37,Medium,True,Forecasted,0.94
TRN-0004261,2026-11-11,Goods,COR-02,SEC-03,Down,Decreasing KM,2026-11-11 05:22,2026-11-11 06:18,Medium,True,Forecasted,0.87
TRN-0004262,2026-11-11,Superfast,COR-02,SEC-04,Down,Decreasing KM,2026-11-11 07:10,2026-11-11 07:47,Critical,False,Not Applicable,1.0
TRN-0004263,2026-11-11,Express,COR-02,SEC-03,Down,Decreasing KM,2026-11-11 08:25,2026-11-11 09:06,High,False,Not Applicable,1.0
TRN-0004264,2026-11-11,Passenger,COR-02,SEC-04,Down,Decreasing KM,2026-11-11 10:00,2026-11-11 10:51,High,False,Not Applicable,1.0
TRN-0004265,2026-11-11,Express,COR-02,SEC-03,Down,Decreasing KM,2026-11-11 11:31,2026-11-11 12:26,High,False,Not Applicable,1.0
TRN-0004266,2026-11-11,Superfast,COR-02,SEC-03,Down,Decreasing KM,2026-11-11 12:51,2026-11-11 13:31,Critical,False,Not Applicable,1.0
TRN-0004267,2026-11-11,MEMU,COR-02,SEC-04,Down,Decreasing KM,2026-11-11 14:22,2026-11-11 14:56,Medium,False,Not Applicable,1.0
TRN-0004268,2026-11-11,Passenger,COR-02,SEC-03,Down,Decreasing KM,2026-11-11 15:55,2026-11-11 16:40,High,False,Not Applicable,1.0
TRN-0004269,2026-11-11,Express,COR-02,SEC-04,Down,Decreasing KM,2026-11-11 17:19,2026-11-11 18:15,High,False,Not Applicable,1.0
TRN-0004270,2026-11-11,Goods,COR-02,SEC-03,Down,Decreasing KM,2026-11-11 19:06,2026-11-11 20:06,Medium,True,Forecasted,0.84
TRN-0004271,2026-11-11,Goods,COR-02,SEC-04,Down,Decreasing KM,2026-11-11 20:31,2026-11-11 21:10,Medium,True,Forecasted,0.94
TRN-0004272,2026-11-11,Passenger,COR-02,SEC-03,Down,Decreasing KM,2026-11-11 22:09,2026-11-11 22:55,High,False,Not Applicable,1.0
TRN-0004273,2026-11-11,MEMU,COR-03,SEC-05,Up,Increasing KM,2026-11-11 05:28,2026-11-11 06:08,Medium,False,Not Applicable,1.0
TRN-0004274,2026-11-11,Express,COR-03,SEC-06,Up,Increasing KM,2026-11-11 07:03,2026-11-11 07:45,High,False,Not Applicable,1.0
TRN-0004275,2026-11-11,MEMU,COR-03,SEC-06,Up,Increasing KM,2026-11-11 08:21,2026-11-11 09:08,Medium,False,Not Applicable,1.0
TRN-0004276,2026-11-11,Passenger,COR-03,SEC-05,Up,Increasing KM,2026-11-11 10:00,2026-11-11 10:45,High,False,Not Applicable,1.0
TRN-0004277,2026-11-11,Goods,COR-03,SEC-05,Up,Increasing KM,2026-11-11 11:28,2026-11-11 12:12,Medium,True,Forecasted,0.93
TRN-0004278,2026-11-11,Express,COR-03,SEC-06,Up,Increasing KM,2026-11-11 12:51,2026-11-11 13:51,High,False,Not Applicable,1.0
TRN-0004279,2026-11-11,Superfast,COR-03,SEC-05,Up,Increasing KM,2026-11-11 14:23,2026-11-11 15:01,Critical,False,Not Applicable,1.0
TRN-0004280,2026-11-11,MEMU,COR-03,SEC-05,Up,Increasing KM,2026-11-11 16:05,2026-11-11 16:42,Medium,False,Not Applicable,1.0
TRN-0004281,2026-11-11,Passenger,COR-03,SEC-06,Up,Increasing KM,2026-11-11 17:22,2026-11-11 17:51,High,False,Not Applicable,1.0
TRN-0004282,2026-11-11,MEMU,COR-03,SEC-06,Up,Increasing KM,2026-11-11 18:51,2026-11-11 19:34,Medium,False,Not Applicable,1.0
TRN-0004283,2026-11-11,Superfast,COR-03,SEC-06,Up,Increasing KM,2026-11-11 20:19,2026-11-11 20:58,Critical,False,Not Applicable,1.0
TRN-0004284,2026-11-11,Passenger,COR-03,SEC-06,Up,Increasing KM,2026-11-11 21:48,2026-11-11 22:48,High,False,Not Applicable,1.0
TRN-0004285,2026-11-11,Goods,COR-03,SEC-05,Down,Decreasing KM,2026-11-11 05:22,2026-11-11 06:05,Medium,True,Forecasted,0.71
TRN-0004286,2026-11-11,Goods,COR-03,SEC-05,Down,Decreasing KM,2026-11-11 06:58,2026-11-11 07:23,Medium,True,Forecasted,0.94
TRN-0004287,2026-11-11,Passenger,COR-03,SEC-05,Down,Decreasing KM,2026-11-11 08:40,2026-11-11 09:32,High,False,Not Applicable,1.0
TRN-0004288,2026-11-11,Superfast,COR-03,SEC-06,Down,Decreasing KM,2026-11-11 10:08,2026-11-11 10:46,Critical,False,Not Applicable,1.0
TRN-0004289,2026-11-11,Goods,COR-03,SEC-06,Down,Decreasing KM,2026-11-11 11:37,2026-11-11 12:04,Medium,True,Forecasted,0.65
TRN-0004290,2026-11-11,Express,COR-03,SEC-06,Down,Decreasing KM,2026-11-11 13:01,2026-11-11 13:56,High,False,Not Applicable,1.0
TRN-0004291,2026-11-11,Passenger,COR-03,SEC-06,Down,Decreasing KM,2026-11-11 14:39,2026-11-11 15:21,High,False,Not Applicable,1.0
TRN-0004292,2026-11-11,MEMU,COR-03,SEC-05,Down,Decreasing KM,2026-11-11 15:53,2026-11-11 16:24,Medium,False,Not Applicable,1.0
TRN-0004293,2026-11-11,Passenger,COR-03,SEC-06,Down,Decreasing KM,2026-11-11 17:38,2026-11-11 18:26,High,False,Not Applicable,1.0
TRN-0004294,2026-11-11,Express,COR-03,SEC-06,Down,Decreasing KM,2026-11-11 19:02,2026-11-11 20:00,High,False,Not Applicable,1.0
TRN-0004295,2026-11-11,Passenger,COR-03,SEC-06,Down,Decreasing KM,2026-11-11 20:26,2026-11-11 21:10,High,False,Not Applicable,1.0
TRN-0004296,2026-11-11,Express,COR-03,SEC-05,Down,Decreasing KM,2026-11-11 21:53,2026-11-11 22:39,High,False,Not Applicable,1.0
TRN-0004297,2026-11-11,MEMU,COR-04,SEC-07,Up,Increasing KM,2026-11-11 05:34,2026-11-11 06:34,Medium,False,Not Applicable,1.0
TRN-0004298,2026-11-11,Goods,COR-04,SEC-07,Up,Increasing KM,2026-11-11 07:11,2026-11-11 08:10,Medium,True,Forecasted,0.93
TRN-0004299,2026-11-11,Express,COR-04,SEC-08,Up,Increasing KM,2026-11-11 08:18,2026-11-11 08:59,High,False,Not Applicable,1.0
TRN-0004300,2026-11-11,Superfast,COR-04,SEC-08,Up,Increasing KM,2026-11-11 09:55,2026-11-11 10:39,Critical,False,Not Applicable,1.0
TRN-0004301,2026-11-11,Passenger,COR-04,SEC-08,Up,Increasing KM,2026-11-11 11:24,2026-11-11 11:50,High,False,Not Applicable,1.0
TRN-0004302,2026-11-11,Passenger,COR-04,SEC-08,Up,Increasing KM,2026-11-11 13:05,2026-11-11 13:50,High,False,Not Applicable,1.0
TRN-0004303,2026-11-11,Passenger,COR-04,SEC-08,Up,Increasing KM,2026-11-11 14:29,2026-11-11 15:17,High,False,Not Applicable,1.0
TRN-0004304,2026-11-11,Passenger,COR-04,SEC-07,Up,Increasing KM,2026-11-11 16:07,2026-11-11 16:44,High,False,Not Applicable,1.0
TRN-0004305,2026-11-11,Passenger,COR-04,SEC-08,Up,Increasing KM,2026-11-11 17:29,2026-11-11 18:05,High,False,Not Applicable,1.0
TRN-0004306,2026-11-11,MEMU,COR-04,SEC-07,Up,Increasing KM,2026-11-11 19:12,2026-11-11 20:06,Medium,False,Not Applicable,1.0
TRN-0004307,2026-11-11,MEMU,COR-04,SEC-08,Up,Increasing KM,2026-11-11 20:37,2026-11-11 21:18,Medium,False,Not Applicable,1.0
TRN-0004308,2026-11-11,Passenger,COR-04,SEC-07,Up,Increasing KM,2026-11-11 21:48,2026-11-11 22:22,High,False,Not Applicable,1.0
TRN-0004309,2026-11-11,Superfast,COR-04,SEC-07,Down,Decreasing KM,2026-11-11 05:27,2026-11-11 06:03,Critical,False,Not Applicable,1.0
TRN-0004310,2026-11-11,Passenger,COR-04,SEC-07,Down,Decreasing KM,2026-11-11 07:00,2026-11-11 07:48,High,False,Not Applicable,1.0
TRN-0004311,2026-11-11,MEMU,COR-04,SEC-07,Down,Decreasing KM,2026-11-11 08:24,2026-11-11 08:53,Medium,False,Not Applicable,1.0
TRN-0004312,2026-11-11,Passenger,COR-04,SEC-07,Down,Decreasing KM,2026-11-11 10:02,2026-11-11 10:51,High,False,Not Applicable,1.0
TRN-0004313,2026-11-11,Express,COR-04,SEC-08,Down,Decreasing KM,2026-11-11 11:39,2026-11-11 12:36,High,False,Not Applicable,1.0
TRN-0004314,2026-11-11,MEMU,COR-04,SEC-08,Down,Decreasing KM,2026-11-11 13:06,2026-11-11 13:56,Medium,False,Not Applicable,1.0
TRN-0004315,2026-11-11,Goods,COR-04,SEC-07,Down,Decreasing KM,2026-11-11 14:23,2026-11-11 15:03,Medium,True,Forecasted,0.71
TRN-0004316,2026-11-11,Goods,COR-04,SEC-08,Down,Decreasing KM,2026-11-11 15:59,2026-11-11 16:53,Medium,True,Forecasted,0.68
TRN-0004317,2026-11-11,MEMU,COR-04,SEC-07,Down,Decreasing KM,2026-11-11 17:31,2026-11-11 18:23,Medium,False,Not Applicable,1.0
TRN-0004318,2026-11-11,Express,COR-04,SEC-08,Down,Decreasing KM,2026-11-11 19:05,2026-11-11 19:37,High,False,Not Applicable,1.0
TRN-0004319,2026-11-11,Express,COR-04,SEC-07,Down,Decreasing KM,2026-11-11 20:36,2026-11-11 21:33,High,False,Not Applicable,1.0
TRN-0004320,2026-11-11,Goods,COR-04,SEC-08,Down,Decreasing KM,2026-11-11 22:00,2026-11-11 22:53,Medium,True,Forecasted,0.81
TRN-0004321,2026-11-12,Goods,COR-01,SEC-01,Up,Increasing KM,2026-11-12 05:19,2026-11-12 06:16,Medium,True,Forecasted,0.73
TRN-0004322,2026-11-12,MEMU,COR-01,SEC-01,Up,Increasing KM,2026-11-12 07:12,2026-11-12 08:04,Medium,False,Not Applicable,1.0
TRN-0004323,2026-11-12,Goods,COR-01,SEC-01,Up,Increasing KM,2026-11-12 08:34,2026-11-12 09:33,Medium,True,Forecasted,0.87
TRN-0004324,2026-11-12,Goods,COR-01,SEC-02,Up,Increasing KM,2026-11-12 09:53,2026-11-12 10:36,Medium,True,Forecasted,0.66
TRN-0004325,2026-11-12,Passenger,COR-01,SEC-02,Up,Increasing KM,2026-11-12 11:38,2026-11-12 12:35,High,False,Not Applicable,1.0
TRN-0004326,2026-11-12,Passenger,COR-01,SEC-01,Up,Increasing KM,2026-11-12 12:48,2026-11-12 13:42,High,False,Not Applicable,1.0
TRN-0004327,2026-11-12,Goods,COR-01,SEC-02,Up,Increasing KM,2026-11-12 14:31,2026-11-12 15:11,Medium,True,Forecasted,0.86
TRN-0004328,2026-11-12,MEMU,COR-01,SEC-01,Up,Increasing KM,2026-11-12 15:50,2026-11-12 16:42,Medium,False,Not Applicable,1.0
TRN-0004329,2026-11-12,Express,COR-01,SEC-02,Up,Increasing KM,2026-11-12 17:19,2026-11-12 18:14,High,False,Not Applicable,1.0
TRN-0004330,2026-11-12,Passenger,COR-01,SEC-01,Up,Increasing KM,2026-11-12 18:54,2026-11-12 19:40,High,False,Not Applicable,1.0
TRN-0004331,2026-11-12,MEMU,COR-01,SEC-01,Up,Increasing KM,2026-11-12 20:25,2026-11-12 21:15,Medium,False,Not Applicable,1.0
TRN-0004332,2026-11-12,Passenger,COR-01,SEC-02,Up,Increasing KM,2026-11-12 22:06,2026-11-12 22:36,High,False,Not Applicable,1.0
TRN-0004333,2026-11-12,MEMU,COR-01,SEC-01,Down,Decreasing KM,2026-11-12 05:41,2026-11-12 06:27,Medium,False,Not Applicable,1.0
TRN-0004334,2026-11-12,Goods,COR-01,SEC-02,Down,Decreasing KM,2026-11-12 06:52,2026-11-12 07:32,Medium,True,Forecasted,0.78
TRN-0004335,2026-11-12,Express,COR-01,SEC-02,Down,Decreasing KM,2026-11-12 08:31,2026-11-12 09:17,High,False,Not Applicable,1.0
TRN-0004336,2026-11-12,Goods,COR-01,SEC-02,Down,Decreasing KM,2026-11-12 10:05,2026-11-12 11:02,Medium,True,Scheduled,0.96
TRN-0004337,2026-11-12,Passenger,COR-01,SEC-01,Down,Decreasing KM,2026-11-12 11:39,2026-11-12 12:37,High,False,Not Applicable,1.0
TRN-0004338,2026-11-12,Superfast,COR-01,SEC-01,Down,Decreasing KM,2026-11-12 13:11,2026-11-12 13:41,Critical,False,Not Applicable,1.0
TRN-0004339,2026-11-12,MEMU,COR-01,SEC-01,Down,Decreasing KM,2026-11-12 14:32,2026-11-12 15:20,Medium,False,Not Applicable,1.0
TRN-0004340,2026-11-12,Passenger,COR-01,SEC-01,Down,Decreasing KM,2026-11-12 16:02,2026-11-12 16:45,High,False,Not Applicable,1.0
TRN-0004341,2026-11-12,Express,COR-01,SEC-01,Down,Decreasing KM,2026-11-12 17:28,2026-11-12 18:27,High,False,Not Applicable,1.0
TRN-0004342,2026-11-12,Goods,COR-01,SEC-01,Down,Decreasing KM,2026-11-12 19:02,2026-11-12 19:48,Medium,True,Forecasted,0.72
TRN-0004343,2026-11-12,Express,COR-01,SEC-02,Down,Decreasing KM,2026-11-12 20:34,2026-11-12 21:02,High,False,Not Applicable,1.0
TRN-0004344,2026-11-12,Superfast,COR-01,SEC-01,Down,Decreasing KM,2026-11-12 22:04,2026-11-12 22:57,Critical,False,Not Applicable,1.0
TRN-0004345,2026-11-12,Superfast,COR-02,SEC-04,Up,Increasing KM,2026-11-12 05:30,2026-11-12 06:19,Critical,False,Not Applicable,1.0
TRN-0004346,2026-11-12,Superfast,COR-02,SEC-03,Up,Increasing KM,2026-11-12 07:04,2026-11-12 07:47,Critical,False,Not Applicable,1.0
TRN-0004347,2026-11-12,MEMU,COR-02,SEC-03,Up,Increasing KM,2026-11-12 08:42,2026-11-12 09:18,Medium,False,Not Applicable,1.0
TRN-0004348,2026-11-12,MEMU,COR-02,SEC-04,Up,Increasing KM,2026-11-12 10:04,2026-11-12 10:40,Medium,False,Not Applicable,1.0
TRN-0004349,2026-11-12,Express,COR-02,SEC-04,Up,Increasing KM,2026-11-12 11:29,2026-11-12 12:15,High,False,Not Applicable,1.0
TRN-0004350,2026-11-12,Superfast,COR-02,SEC-04,Up,Increasing KM,2026-11-12 12:54,2026-11-12 13:53,Critical,False,Not Applicable,1.0
TRN-0004351,2026-11-12,Passenger,COR-02,SEC-03,Up,Increasing KM,2026-11-12 14:36,2026-11-12 15:36,High,False,Not Applicable,1.0
TRN-0004352,2026-11-12,Passenger,COR-02,SEC-04,Up,Increasing KM,2026-11-12 16:00,2026-11-12 16:41,High,False,Not Applicable,1.0
TRN-0004353,2026-11-12,Express,COR-02,SEC-04,Up,Increasing KM,2026-11-12 17:36,2026-11-12 18:25,High,False,Not Applicable,1.0
TRN-0004354,2026-11-12,Express,COR-02,SEC-04,Up,Increasing KM,2026-11-12 18:48,2026-11-12 19:16,High,False,Not Applicable,1.0
TRN-0004355,2026-11-12,Passenger,COR-02,SEC-04,Up,Increasing KM,2026-11-12 20:22,2026-11-12 21:21,High,False,Not Applicable,1.0
TRN-0004356,2026-11-12,MEMU,COR-02,SEC-03,Up,Increasing KM,2026-11-12 21:51,2026-11-12 22:16,Medium,False,Not Applicable,1.0
TRN-0004357,2026-11-12,Express,COR-02,SEC-04,Down,Decreasing KM,2026-11-12 05:26,2026-11-12 06:06,High,False,Not Applicable,1.0
TRN-0004358,2026-11-12,Goods,COR-02,SEC-04,Down,Decreasing KM,2026-11-12 07:06,2026-11-12 07:48,Medium,True,Forecasted,0.91
TRN-0004359,2026-11-12,Goods,COR-02,SEC-04,Down,Decreasing KM,2026-11-12 08:42,2026-11-12 09:22,Medium,True,Forecasted,0.65
TRN-0004360,2026-11-12,Superfast,COR-02,SEC-03,Down,Decreasing KM,2026-11-12 09:52,2026-11-12 10:32,Critical,False,Not Applicable,1.0
TRN-0004361,2026-11-12,Passenger,COR-02,SEC-04,Down,Decreasing KM,2026-11-12 11:34,2026-11-12 12:28,High,False,Not Applicable,1.0
TRN-0004362,2026-11-12,Express,COR-02,SEC-04,Down,Decreasing KM,2026-11-12 12:52,2026-11-12 13:39,High,False,Not Applicable,1.0
TRN-0004363,2026-11-12,Passenger,COR-02,SEC-04,Down,Decreasing KM,2026-11-12 14:19,2026-11-12 15:06,High,False,Not Applicable,1.0
TRN-0004364,2026-11-12,Passenger,COR-02,SEC-04,Down,Decreasing KM,2026-11-12 15:58,2026-11-12 16:33,High,False,Not Applicable,1.0
TRN-0004365,2026-11-12,Express,COR-02,SEC-04,Down,Decreasing KM,2026-11-12 17:32,2026-11-12 18:03,High,False,Not Applicable,1.0
TRN-0004366,2026-11-12,Express,COR-02,SEC-04,Down,Decreasing KM,2026-11-12 18:54,2026-11-12 19:36,High,False,Not Applicable,1.0
TRN-0004367,2026-11-12,MEMU,COR-02,SEC-04,Down,Decreasing KM,2026-11-12 20:42,2026-11-12 21:34,Medium,False,Not Applicable,1.0
TRN-0004368,2026-11-12,Express,COR-02,SEC-03,Down,Decreasing KM,2026-11-12 22:03,2026-11-12 22:38,High,False,Not Applicable,1.0
TRN-0004369,2026-11-12,Express,COR-03,SEC-05,Up,Increasing KM,2026-11-12 05:31,2026-11-12 06:15,High,False,Not Applicable,1.0
TRN-0004370,2026-11-12,Express,COR-03,SEC-06,Up,Increasing KM,2026-11-12 07:12,2026-11-12 07:50,High,False,Not Applicable,1.0
TRN-0004371,2026-11-12,Passenger,COR-03,SEC-05,Up,Increasing KM,2026-11-12 08:23,2026-11-12 08:48,High,False,Not Applicable,1.0
TRN-0004372,2026-11-12,Superfast,COR-03,SEC-05,Up,Increasing KM,2026-11-12 09:53,2026-11-12 10:53,Critical,False,Not Applicable,1.0
TRN-0004373,2026-11-12,MEMU,COR-03,SEC-06,Up,Increasing KM,2026-11-12 11:23,2026-11-12 11:58,Medium,False,Not Applicable,1.0
TRN-0004374,2026-11-12,Passenger,COR-03,SEC-05,Up,Increasing KM,2026-11-12 13:10,2026-11-12 13:57,High,False,Not Applicable,1.0
TRN-0004375,2026-11-12,MEMU,COR-03,SEC-05,Up,Increasing KM,2026-11-12 14:31,2026-11-12 15:30,Medium,False,Not Applicable,1.0
TRN-0004376,2026-11-12,Goods,COR-03,SEC-05,Up,Increasing KM,2026-11-12 16:10,2026-11-12 16:54,Medium,True,Forecasted,0.93
TRN-0004377,2026-11-12,Goods,COR-03,SEC-06,Up,Increasing KM,2026-11-12 17:41,2026-11-12 18:39,Medium,True,Forecasted,0.74
TRN-0004378,2026-11-12,MEMU,COR-03,SEC-05,Up,Increasing KM,2026-11-12 18:58,2026-11-12 19:26,Medium,False,Not Applicable,1.0
TRN-0004379,2026-11-12,Superfast,COR-03,SEC-05,Up,Increasing KM,2026-11-12 20:19,2026-11-12 21:03,Critical,False,Not Applicable,1.0
TRN-0004380,2026-11-12,Express,COR-03,SEC-05,Up,Increasing KM,2026-11-12 21:55,2026-11-12 22:37,High,False,Not Applicable,1.0
TRN-0004381,2026-11-12,MEMU,COR-03,SEC-06,Down,Decreasing KM,2026-11-12 05:35,2026-11-12 06:14,Medium,False,Not Applicable,1.0
TRN-0004382,2026-11-12,Goods,COR-03,SEC-05,Down,Decreasing KM,2026-11-12 07:10,2026-11-12 07:41,Medium,True,Forecasted,0.86
TRN-0004383,2026-11-12,Passenger,COR-03,SEC-05,Down,Decreasing KM,2026-11-12 08:26,2026-11-12 09:24,High,False,Not Applicable,1.0
TRN-0004384,2026-11-12,MEMU,COR-03,SEC-06,Down,Decreasing KM,2026-11-12 10:07,2026-11-12 11:07,Medium,False,Not Applicable,1.0
TRN-0004385,2026-11-12,Express,COR-03,SEC-05,Down,Decreasing KM,2026-11-12 11:25,2026-11-12 12:15,High,False,Not Applicable,1.0
TRN-0004386,2026-11-12,MEMU,COR-03,SEC-05,Down,Decreasing KM,2026-11-12 12:52,2026-11-12 13:40,Medium,False,Not Applicable,1.0
TRN-0004387,2026-11-12,Goods,COR-03,SEC-05,Down,Decreasing KM,2026-11-12 14:20,2026-11-12 14:49,Medium,True,Forecasted,0.73
TRN-0004388,2026-11-12,Express,COR-03,SEC-06,Down,Decreasing KM,2026-11-12 15:57,2026-11-12 16:22,High,False,Not Applicable,1.0
TRN-0004389,2026-11-12,Passenger,COR-03,SEC-06,Down,Decreasing KM,2026-11-12 17:32,2026-11-12 18:15,High,False,Not Applicable,1.0
TRN-0004390,2026-11-12,Express,COR-03,SEC-05,Down,Decreasing KM,2026-11-12 19:07,2026-11-12 20:03,High,False,Not Applicable,1.0
TRN-0004391,2026-11-12,Superfast,COR-03,SEC-05,Down,Decreasing KM,2026-11-12 20:39,2026-11-12 21:07,Critical,False,Not Applicable,1.0
TRN-0004392,2026-11-12,Passenger,COR-03,SEC-05,Down,Decreasing KM,2026-11-12 22:01,2026-11-12 22:39,High,False,Not Applicable,1.0
TRN-0004393,2026-11-12,Goods,COR-04,SEC-08,Up,Increasing KM,2026-11-12 05:41,2026-11-12 06:30,Medium,True,Forecasted,0.67
TRN-0004394,2026-11-12,Superfast,COR-04,SEC-07,Up,Increasing KM,2026-11-12 06:52,2026-11-12 07:47,Critical,False,Not Applicable,1.0
TRN-0004395,2026-11-12,Goods,COR-04,SEC-08,Up,Increasing KM,2026-11-12 08:25,2026-11-12 09:07,Medium,True,Forecasted,0.72
TRN-0004396,2026-11-12,Goods,COR-04,SEC-07,Up,Increasing KM,2026-11-12 09:59,2026-11-12 10:41,Medium,True,Scheduled,0.97
TRN-0004397,2026-11-12,Passenger,COR-04,SEC-08,Up,Increasing KM,2026-11-12 11:35,2026-11-12 12:09,High,False,Not Applicable,1.0
TRN-0004398,2026-11-12,Passenger,COR-04,SEC-07,Up,Increasing KM,2026-11-12 12:54,2026-11-12 13:20,High,False,Not Applicable,1.0
TRN-0004399,2026-11-12,Passenger,COR-04,SEC-08,Up,Increasing KM,2026-11-12 14:37,2026-11-12 15:16,High,False,Not Applicable,1.0
TRN-0004400,2026-11-12,Passenger,COR-04,SEC-08,Up,Increasing KM,2026-11-12 15:53,2026-11-12 16:46,High,False,Not Applicable,1.0
TRN-0004401,2026-11-12,Goods,COR-04,SEC-08,Up,Increasing KM,2026-11-12 17:27,2026-11-12 18:22,Medium,True,Forecasted,0.86
TRN-0004402,2026-11-12,Express,COR-04,SEC-07,Up,Increasing KM,2026-11-12 19:02,2026-11-12 19:50,High,False,Not Applicable,1.0
TRN-0004403,2026-11-12,Express,COR-04,SEC-08,Up,Increasing KM,2026-11-12 20:18,2026-11-12 20:47,High,False,Not Applicable,1.0
TRN-0004404,2026-11-12,Passenger,COR-04,SEC-08,Up,Increasing KM,2026-11-12 22:07,2026-11-12 22:36,High,False,Not Applicable,1.0
TRN-0004405,2026-11-12,MEMU,COR-04,SEC-08,Down,Decreasing KM,2026-11-12 05:24,2026-11-12 06:12,Medium,False,Not Applicable,1.0
TRN-0004406,2026-11-12,Express,COR-04,SEC-08,Down,Decreasing KM,2026-11-12 06:49,2026-11-12 07:29,High,False,Not Applicable,1.0
TRN-0004407,2026-11-12,Passenger,COR-04,SEC-08,Down,Decreasing KM,2026-11-12 08:25,2026-11-12 09:19,High,False,Not Applicable,1.0
TRN-0004408,2026-11-12,Superfast,COR-04,SEC-08,Down,Decreasing KM,2026-11-12 10:12,2026-11-12 11:09,Critical,False,Not Applicable,1.0
TRN-0004409,2026-11-12,Passenger,COR-04,SEC-07,Down,Decreasing KM,2026-11-12 11:24,2026-11-12 12:17,High,False,Not Applicable,1.0
TRN-0004410,2026-11-12,Express,COR-04,SEC-08,Down,Decreasing KM,2026-11-12 13:03,2026-11-12 13:59,High,False,Not Applicable,1.0
TRN-0004411,2026-11-12,Goods,COR-04,SEC-08,Down,Decreasing KM,2026-11-12 14:42,2026-11-12 15:18,Medium,True,Forecasted,0.87
TRN-0004412,2026-11-12,Goods,COR-04,SEC-07,Down,Decreasing KM,2026-11-12 15:54,2026-11-12 16:31,Medium,True,Forecasted,0.77
TRN-0004413,2026-11-12,Express,COR-04,SEC-07,Down,Decreasing KM,2026-11-12 17:35,2026-11-12 18:25,High,False,Not Applicable,1.0
TRN-0004414,2026-11-12,Express,COR-04,SEC-07,Down,Decreasing KM,2026-11-12 18:59,2026-11-12 19:25,High,False,Not Applicable,1.0
TRN-0004415,2026-11-12,Express,COR-04,SEC-08,Down,Decreasing KM,2026-11-12 20:25,2026-11-12 21:22,High,False,Not Applicable,1.0
TRN-0004416,2026-11-12,Superfast,COR-04,SEC-08,Down,Decreasing KM,2026-11-12 22:11,2026-11-12 22:42,Critical,False,Not Applicable,1.0
TRN-0004417,2026-11-13,Express,COR-01,SEC-01,Up,Increasing KM,2026-11-13 05:37,2026-11-13 06:21,High,False,Not Applicable,1.0
TRN-0004418,2026-11-13,Passenger,COR-01,SEC-01,Up,Increasing KM,2026-11-13 07:03,2026-11-13 07:56,High,False,Not Applicable,1.0
TRN-0004419,2026-11-13,Passenger,COR-01,SEC-02,Up,Increasing KM,2026-11-13 08:39,2026-11-13 09:05,High,False,Not Applicable,1.0
TRN-0004420,2026-11-13,Superfast,COR-01,SEC-01,Up,Increasing KM,2026-11-13 10:07,2026-11-13 10:51,Critical,False,Not Applicable,1.0
TRN-0004421,2026-11-13,Passenger,COR-01,SEC-02,Up,Increasing KM,2026-11-13 11:30,2026-11-13 12:09,High,False,Not Applicable,1.0
TRN-0004422,2026-11-13,Superfast,COR-01,SEC-01,Up,Increasing KM,2026-11-13 13:06,2026-11-13 13:59,Critical,False,Not Applicable,1.0
TRN-0004423,2026-11-13,Passenger,COR-01,SEC-02,Up,Increasing KM,2026-11-13 14:26,2026-11-13 14:58,High,False,Not Applicable,1.0
TRN-0004424,2026-11-13,Passenger,COR-01,SEC-02,Up,Increasing KM,2026-11-13 16:02,2026-11-13 16:32,High,False,Not Applicable,1.0
TRN-0004425,2026-11-13,Goods,COR-01,SEC-01,Up,Increasing KM,2026-11-13 17:40,2026-11-13 18:08,Medium,True,Scheduled,0.71
TRN-0004426,2026-11-13,Passenger,COR-01,SEC-02,Up,Increasing KM,2026-11-13 18:50,2026-11-13 19:29,High,False,Not Applicable,1.0
TRN-0004427,2026-11-13,MEMU,COR-01,SEC-02,Up,Increasing KM,2026-11-13 20:26,2026-11-13 21:16,Medium,False,Not Applicable,1.0
TRN-0004428,2026-11-13,Goods,COR-01,SEC-02,Up,Increasing KM,2026-11-13 21:48,2026-11-13 22:15,Medium,True,Forecasted,0.85
TRN-0004429,2026-11-13,Superfast,COR-01,SEC-02,Down,Decreasing KM,2026-11-13 05:29,2026-11-13 06:05,Critical,False,Not Applicable,1.0
TRN-0004430,2026-11-13,MEMU,COR-01,SEC-01,Down,Decreasing KM,2026-11-13 07:11,2026-11-13 07:51,Medium,False,Not Applicable,1.0
TRN-0004431,2026-11-13,Express,COR-01,SEC-02,Down,Decreasing KM,2026-11-13 08:25,2026-11-13 09:16,High,False,Not Applicable,1.0
TRN-0004432,2026-11-13,Express,COR-01,SEC-01,Down,Decreasing KM,2026-11-13 10:10,2026-11-13 11:09,High,False,Not Applicable,1.0
TRN-0004433,2026-11-13,MEMU,COR-01,SEC-02,Down,Decreasing KM,2026-11-13 11:33,2026-11-13 12:30,Medium,False,Not Applicable,1.0
TRN-0004434,2026-11-13,Goods,COR-01,SEC-02,Down,Decreasing KM,2026-11-13 13:06,2026-11-13 13:54,Medium,True,Forecasted,0.82
TRN-0004435,2026-11-13,Passenger,COR-01,SEC-01,Down,Decreasing KM,2026-11-13 14:22,2026-11-13 14:51,High,False,Not Applicable,1.0
TRN-0004436,2026-11-13,Passenger,COR-01,SEC-01,Down,Decreasing KM,2026-11-13 15:48,2026-11-13 16:38,High,False,Not Applicable,1.0
TRN-0004437,2026-11-13,Passenger,COR-01,SEC-02,Down,Decreasing KM,2026-11-13 17:36,2026-11-13 18:34,High,False,Not Applicable,1.0
TRN-0004438,2026-11-13,Goods,COR-01,SEC-01,Down,Decreasing KM,2026-11-13 19:00,2026-11-13 19:27,Medium,True,Forecasted,0.89
TRN-0004439,2026-11-13,Passenger,COR-01,SEC-02,Down,Decreasing KM,2026-11-13 20:25,2026-11-13 20:58,High,False,Not Applicable,1.0
TRN-0004440,2026-11-13,Express,COR-01,SEC-02,Down,Decreasing KM,2026-11-13 22:10,2026-11-13 22:40,High,False,Not Applicable,1.0
TRN-0004441,2026-11-13,Passenger,COR-02,SEC-04,Up,Increasing KM,2026-11-13 05:42,2026-11-13 06:15,High,False,Not Applicable,1.0
TRN-0004442,2026-11-13,Express,COR-02,SEC-04,Up,Increasing KM,2026-11-13 06:56,2026-11-13 07:38,High,False,Not Applicable,1.0
TRN-0004443,2026-11-13,Passenger,COR-02,SEC-04,Up,Increasing KM,2026-11-13 08:22,2026-11-13 09:16,High,False,Not Applicable,1.0
TRN-0004444,2026-11-13,Goods,COR-02,SEC-04,Up,Increasing KM,2026-11-13 10:05,2026-11-13 10:35,Medium,True,Forecasted,0.73
TRN-0004445,2026-11-13,Superfast,COR-02,SEC-04,Up,Increasing KM,2026-11-13 11:23,2026-11-13 12:17,Critical,False,Not Applicable,1.0
TRN-0004446,2026-11-13,Superfast,COR-02,SEC-03,Up,Increasing KM,2026-11-13 13:07,2026-11-13 14:02,Critical,False,Not Applicable,1.0
TRN-0004447,2026-11-13,Passenger,COR-02,SEC-03,Up,Increasing KM,2026-11-13 14:19,2026-11-13 14:54,High,False,Not Applicable,1.0
TRN-0004448,2026-11-13,Goods,COR-02,SEC-04,Up,Increasing KM,2026-11-13 16:00,2026-11-13 16:46,Medium,True,Forecasted,0.83
TRN-0004449,2026-11-13,Express,COR-02,SEC-04,Up,Increasing KM,2026-11-13 17:28,2026-11-13 18:12,High,False,Not Applicable,1.0
TRN-0004450,2026-11-13,Express,COR-02,SEC-03,Up,Increasing KM,2026-11-13 19:11,2026-11-13 19:55,High,False,Not Applicable,1.0
TRN-0004451,2026-11-13,MEMU,COR-02,SEC-03,Up,Increasing KM,2026-11-13 20:31,2026-11-13 21:20,Medium,False,Not Applicable,1.0
TRN-0004452,2026-11-13,Passenger,COR-02,SEC-04,Up,Increasing KM,2026-11-13 22:11,2026-11-13 23:09,High,False,Not Applicable,1.0
TRN-0004453,2026-11-13,Passenger,COR-02,SEC-04,Down,Decreasing KM,2026-11-13 05:22,2026-11-13 06:06,High,False,Not Applicable,1.0
TRN-0004454,2026-11-13,Passenger,COR-02,SEC-04,Down,Decreasing KM,2026-11-13 06:53,2026-11-13 07:20,High,False,Not Applicable,1.0
TRN-0004455,2026-11-13,Passenger,COR-02,SEC-03,Down,Decreasing KM,2026-11-13 08:23,2026-11-13 09:21,High,False,Not Applicable,1.0
TRN-0004456,2026-11-13,Express,COR-02,SEC-03,Down,Decreasing KM,2026-11-13 10:11,2026-11-13 11:04,High,False,Not Applicable,1.0
TRN-0004457,2026-11-13,Passenger,COR-02,SEC-03,Down,Decreasing KM,2026-11-13 11:20,2026-11-13 11:50,High,False,Not Applicable,1.0
TRN-0004458,2026-11-13,Superfast,COR-02,SEC-04,Down,Decreasing KM,2026-11-13 12:48,2026-11-13 13:43,Critical,False,Not Applicable,1.0
TRN-0004459,2026-11-13,Passenger,COR-02,SEC-04,Down,Decreasing KM,2026-11-13 14:22,2026-11-13 15:03,High,False,Not Applicable,1.0
TRN-0004460,2026-11-13,Superfast,COR-02,SEC-03,Down,Decreasing KM,2026-11-13 16:07,2026-11-13 16:44,Critical,False,Not Applicable,1.0
TRN-0004461,2026-11-13,Express,COR-02,SEC-03,Down,Decreasing KM,2026-11-13 17:32,2026-11-13 18:31,High,False,Not Applicable,1.0
TRN-0004462,2026-11-13,Express,COR-02,SEC-03,Down,Decreasing KM,2026-11-13 19:10,2026-11-13 19:53,High,False,Not Applicable,1.0
TRN-0004463,2026-11-13,MEMU,COR-02,SEC-04,Down,Decreasing KM,2026-11-13 20:23,2026-11-13 20:56,Medium,False,Not Applicable,1.0
TRN-0004464,2026-11-13,Passenger,COR-02,SEC-04,Down,Decreasing KM,2026-11-13 21:57,2026-11-13 22:51,High,False,Not Applicable,1.0
TRN-0004465,2026-11-13,Superfast,COR-03,SEC-06,Up,Increasing KM,2026-11-13 05:35,2026-11-13 06:09,Critical,False,Not Applicable,1.0
TRN-0004466,2026-11-13,Express,COR-03,SEC-06,Up,Increasing KM,2026-11-13 06:52,2026-11-13 07:50,High,False,Not Applicable,1.0
TRN-0004467,2026-11-13,MEMU,COR-03,SEC-05,Up,Increasing KM,2026-11-13 08:34,2026-11-13 09:15,Medium,False,Not Applicable,1.0
TRN-0004468,2026-11-13,Passenger,COR-03,SEC-05,Up,Increasing KM,2026-11-13 10:03,2026-11-13 10:48,High,False,Not Applicable,1.0
TRN-0004469,2026-11-13,Passenger,COR-03,SEC-05,Up,Increasing KM,2026-11-13 11:24,2026-11-13 12:07,High,False,Not Applicable,1.0
TRN-0004470,2026-11-13,Passenger,COR-03,SEC-06,Up,Increasing KM,2026-11-13 12:58,2026-11-13 13:41,High,False,Not Applicable,1.0
TRN-0004471,2026-11-13,Superfast,COR-03,SEC-05,Up,Increasing KM,2026-11-13 14:38,2026-11-13 15:25,Critical,False,Not Applicable,1.0
TRN-0004472,2026-11-13,Goods,COR-03,SEC-06,Up,Increasing KM,2026-11-13 15:52,2026-11-13 16:32,Medium,True,Forecasted,0.92
TRN-0004473,2026-11-13,Express,COR-03,SEC-06,Up,Increasing KM,2026-11-13 17:36,2026-11-13 18:20,High,False,Not Applicable,1.0
TRN-0004474,2026-11-13,MEMU,COR-03,SEC-06,Up,Increasing KM,2026-11-13 19:08,2026-11-13 19:57,Medium,False,Not Applicable,1.0
TRN-0004475,2026-11-13,Passenger,COR-03,SEC-05,Up,Increasing KM,2026-11-13 20:41,2026-11-13 21:20,High,False,Not Applicable,1.0
TRN-0004476,2026-11-13,Goods,COR-03,SEC-05,Up,Increasing KM,2026-11-13 21:56,2026-11-13 22:48,Medium,True,Forecasted,0.74
TRN-0004477,2026-11-13,Passenger,COR-03,SEC-05,Down,Decreasing KM,2026-11-13 05:36,2026-11-13 06:10,High,False,Not Applicable,1.0
TRN-0004478,2026-11-13,Passenger,COR-03,SEC-06,Down,Decreasing KM,2026-11-13 06:50,2026-11-13 07:39,High,False,Not Applicable,1.0
TRN-0004479,2026-11-13,MEMU,COR-03,SEC-06,Down,Decreasing KM,2026-11-13 08:23,2026-11-13 08:53,Medium,False,Not Applicable,1.0
TRN-0004480,2026-11-13,Passenger,COR-03,SEC-05,Down,Decreasing KM,2026-11-13 10:07,2026-11-13 10:53,High,False,Not Applicable,1.0
TRN-0004481,2026-11-13,Passenger,COR-03,SEC-06,Down,Decreasing KM,2026-11-13 11:39,2026-11-13 12:08,High,False,Not Applicable,1.0
TRN-0004482,2026-11-13,Express,COR-03,SEC-06,Down,Decreasing KM,2026-11-13 12:58,2026-11-13 13:57,High,False,Not Applicable,1.0
TRN-0004483,2026-11-13,Express,COR-03,SEC-05,Down,Decreasing KM,2026-11-13 14:28,2026-11-13 15:16,High,False,Not Applicable,1.0
TRN-0004484,2026-11-13,Passenger,COR-03,SEC-06,Down,Decreasing KM,2026-11-13 16:00,2026-11-13 16:30,High,False,Not Applicable,1.0
TRN-0004485,2026-11-13,Express,COR-03,SEC-06,Down,Decreasing KM,2026-11-13 17:37,2026-11-13 18:36,High,False,Not Applicable,1.0
TRN-0004486,2026-11-13,Goods,COR-03,SEC-06,Down,Decreasing KM,2026-11-13 18:59,2026-11-13 19:44,Medium,True,Forecasted,0.92
TRN-0004487,2026-11-13,Express,COR-03,SEC-06,Down,Decreasing KM,2026-11-13 20:22,2026-11-13 21:03,High,False,Not Applicable,1.0
TRN-0004488,2026-11-13,Superfast,COR-03,SEC-05,Down,Decreasing KM,2026-11-13 21:58,2026-11-13 22:45,Critical,False,Not Applicable,1.0
TRN-0004489,2026-11-13,MEMU,COR-04,SEC-08,Up,Increasing KM,2026-11-13 05:42,2026-11-13 06:16,Medium,False,Not Applicable,1.0
TRN-0004490,2026-11-13,Goods,COR-04,SEC-08,Up,Increasing KM,2026-11-13 06:58,2026-11-13 07:55,Medium,True,Forecasted,0.9
TRN-0004491,2026-11-13,Superfast,COR-04,SEC-08,Up,Increasing KM,2026-11-13 08:27,2026-11-13 09:03,Critical,False,Not Applicable,1.0
TRN-0004492,2026-11-13,Goods,COR-04,SEC-08,Up,Increasing KM,2026-11-13 10:08,2026-11-13 11:04,Medium,True,Forecasted,0.79
TRN-0004493,2026-11-13,Goods,COR-04,SEC-08,Up,Increasing KM,2026-11-13 11:19,2026-11-13 12:08,Medium,True,Forecasted,0.96
TRN-0004494,2026-11-13,Superfast,COR-04,SEC-07,Up,Increasing KM,2026-11-13 12:59,2026-11-13 13:28,Critical,False,Not Applicable,1.0
TRN-0004495,2026-11-13,Passenger,COR-04,SEC-08,Up,Increasing KM,2026-11-13 14:39,2026-11-13 15:32,High,False,Not Applicable,1.0
TRN-0004496,2026-11-13,Goods,COR-04,SEC-08,Up,Increasing KM,2026-11-13 15:53,2026-11-13 16:52,Medium,True,Forecasted,0.72
TRN-0004497,2026-11-13,Goods,COR-04,SEC-07,Up,Increasing KM,2026-11-13 17:25,2026-11-13 18:19,Medium,True,Scheduled,0.7
TRN-0004498,2026-11-13,Superfast,COR-04,SEC-07,Up,Increasing KM,2026-11-13 18:59,2026-11-13 19:31,Critical,False,Not Applicable,1.0
TRN-0004499,2026-11-13,Express,COR-04,SEC-07,Up,Increasing KM,2026-11-13 20:19,2026-11-13 21:02,High,False,Not Applicable,1.0
TRN-0004500,2026-11-13,MEMU,COR-04,SEC-07,Up,Increasing KM,2026-11-13 21:49,2026-11-13 22:35,Medium,False,Not Applicable,1.0
TRN-0004501,2026-11-13,Passenger,COR-04,SEC-08,Down,Decreasing KM,2026-11-13 05:19,2026-11-13 06:09,High,False,Not Applicable,1.0
TRN-0004502,2026-11-13,Superfast,COR-04,SEC-07,Down,Decreasing KM,2026-11-13 06:57,2026-11-13 07:37,Critical,False,Not Applicable,1.0
TRN-0004503,2026-11-13,Superfast,COR-04,SEC-08,Down,Decreasing KM,2026-11-13 08:23,2026-11-13 09:09,Critical,False,Not Applicable,1.0
TRN-0004504,2026-11-13,Passenger,COR-04,SEC-08,Down,Decreasing KM,2026-11-13 09:55,2026-11-13 10:52,High,False,Not Applicable,1.0
TRN-0004505,2026-11-13,MEMU,COR-04,SEC-07,Down,Decreasing KM,2026-11-13 11:22,2026-11-13 12:06,Medium,False,Not Applicable,1.0
TRN-0004506,2026-11-13,Superfast,COR-04,SEC-07,Down,Decreasing KM,2026-11-13 13:04,2026-11-13 13:49,Critical,False,Not Applicable,1.0
TRN-0004507,2026-11-13,Superfast,COR-04,SEC-08,Down,Decreasing KM,2026-11-13 14:29,2026-11-13 15:29,Critical,False,Not Applicable,1.0
TRN-0004508,2026-11-13,Express,COR-04,SEC-08,Down,Decreasing KM,2026-11-13 16:11,2026-11-13 16:53,High,False,Not Applicable,1.0
TRN-0004509,2026-11-13,Passenger,COR-04,SEC-07,Down,Decreasing KM,2026-11-13 17:18,2026-11-13 17:49,High,False,Not Applicable,1.0
TRN-0004510,2026-11-13,MEMU,COR-04,SEC-07,Down,Decreasing KM,2026-11-13 19:07,2026-11-13 19:56,Medium,False,Not Applicable,1.0
TRN-0004511,2026-11-13,Goods,COR-04,SEC-08,Down,Decreasing KM,2026-11-13 20:40,2026-11-13 21:29,Medium,True,Forecasted,0.93
TRN-0004512,2026-11-13,MEMU,COR-04,SEC-08,Down,Decreasing KM,2026-11-13 22:00,2026-11-13 22:33,Medium,False,Not Applicable,1.0
TRN-0004513,2026-11-14,Express,COR-01,SEC-02,Up,Increasing KM,2026-11-14 05:33,2026-11-14 06:13,High,False,Not Applicable,1.0
TRN-0004514,2026-11-14,Goods,COR-01,SEC-01,Up,Increasing KM,2026-11-14 07:03,2026-11-14 07:30,Medium,True,Scheduled,0.94
TRN-0004515,2026-11-14,Passenger,COR-01,SEC-01,Up,Increasing KM,2026-11-14 08:33,2026-11-14 09:28,High,False,Not Applicable,1.0
TRN-0004516,2026-11-14,Superfast,COR-01,SEC-01,Up,Increasing KM,2026-11-14 09:52,2026-11-14 10:36,Critical,False,Not Applicable,1.0
TRN-0004517,2026-11-14,Goods,COR-01,SEC-01,Up,Increasing KM,2026-11-14 11:42,2026-11-14 12:39,Medium,True,Forecasted,0.93
TRN-0004518,2026-11-14,MEMU,COR-01,SEC-01,Up,Increasing KM,2026-11-14 12:55,2026-11-14 13:31,Medium,False,Not Applicable,1.0
TRN-0004519,2026-11-14,Passenger,COR-01,SEC-01,Up,Increasing KM,2026-11-14 14:37,2026-11-14 15:33,High,False,Not Applicable,1.0
TRN-0004520,2026-11-14,Passenger,COR-01,SEC-01,Up,Increasing KM,2026-11-14 16:12,2026-11-14 17:05,High,False,Not Applicable,1.0
TRN-0004521,2026-11-14,Express,COR-01,SEC-02,Up,Increasing KM,2026-11-14 17:24,2026-11-14 18:10,High,False,Not Applicable,1.0
TRN-0004522,2026-11-14,MEMU,COR-01,SEC-01,Up,Increasing KM,2026-11-14 19:03,2026-11-14 20:03,Medium,False,Not Applicable,1.0
TRN-0004523,2026-11-14,Superfast,COR-01,SEC-01,Up,Increasing KM,2026-11-14 20:19,2026-11-14 21:04,Critical,False,Not Applicable,1.0
TRN-0004524,2026-11-14,Express,COR-01,SEC-02,Up,Increasing KM,2026-11-14 22:03,2026-11-14 22:50,High,False,Not Applicable,1.0
TRN-0004525,2026-11-14,MEMU,COR-01,SEC-01,Down,Decreasing KM,2026-11-14 05:22,2026-11-14 05:58,Medium,False,Not Applicable,1.0
TRN-0004526,2026-11-14,MEMU,COR-01,SEC-02,Down,Decreasing KM,2026-11-14 06:56,2026-11-14 07:36,Medium,False,Not Applicable,1.0
TRN-0004527,2026-11-14,Express,COR-01,SEC-02,Down,Decreasing KM,2026-11-14 08:40,2026-11-14 09:12,High,False,Not Applicable,1.0
TRN-0004528,2026-11-14,Express,COR-01,SEC-01,Down,Decreasing KM,2026-11-14 10:00,2026-11-14 10:54,High,False,Not Applicable,1.0
TRN-0004529,2026-11-14,Passenger,COR-01,SEC-01,Down,Decreasing KM,2026-11-14 11:30,2026-11-14 12:13,High,False,Not Applicable,1.0
TRN-0004530,2026-11-14,Goods,COR-01,SEC-01,Down,Decreasing KM,2026-11-14 13:08,2026-11-14 13:38,Medium,True,Forecasted,0.74
TRN-0004531,2026-11-14,Passenger,COR-01,SEC-01,Down,Decreasing KM,2026-11-14 14:26,2026-11-14 15:22,High,False,Not Applicable,1.0
TRN-0004532,2026-11-14,Passenger,COR-01,SEC-01,Down,Decreasing KM,2026-11-14 15:54,2026-11-14 16:44,High,False,Not Applicable,1.0
TRN-0004533,2026-11-14,Goods,COR-01,SEC-02,Down,Decreasing KM,2026-11-14 17:18,2026-11-14 17:47,Medium,True,Forecasted,0.81
TRN-0004534,2026-11-14,Passenger,COR-01,SEC-01,Down,Decreasing KM,2026-11-14 18:53,2026-11-14 19:45,High,False,Not Applicable,1.0
TRN-0004535,2026-11-14,Express,COR-01,SEC-02,Down,Decreasing KM,2026-11-14 20:30,2026-11-14 21:16,High,False,Not Applicable,1.0
TRN-0004536,2026-11-14,Passenger,COR-01,SEC-02,Down,Decreasing KM,2026-11-14 22:06,2026-11-14 22:35,High,False,Not Applicable,1.0
TRN-0004537,2026-11-14,Superfast,COR-02,SEC-03,Up,Increasing KM,2026-11-14 05:26,2026-11-14 06:22,Critical,False,Not Applicable,1.0
TRN-0004538,2026-11-14,Superfast,COR-02,SEC-04,Up,Increasing KM,2026-11-14 07:05,2026-11-14 07:31,Critical,False,Not Applicable,1.0
TRN-0004539,2026-11-14,Passenger,COR-02,SEC-03,Up,Increasing KM,2026-11-14 08:31,2026-11-14 09:00,High,False,Not Applicable,1.0
TRN-0004540,2026-11-14,Passenger,COR-02,SEC-03,Up,Increasing KM,2026-11-14 10:12,2026-11-14 10:43,High,False,Not Applicable,1.0
TRN-0004541,2026-11-14,Passenger,COR-02,SEC-03,Up,Increasing KM,2026-11-14 11:23,2026-11-14 12:11,High,False,Not Applicable,1.0
TRN-0004542,2026-11-14,Goods,COR-02,SEC-03,Up,Increasing KM,2026-11-14 13:07,2026-11-14 13:35,Medium,True,Forecasted,0.91
TRN-0004543,2026-11-14,Passenger,COR-02,SEC-04,Up,Increasing KM,2026-11-14 14:28,2026-11-14 15:24,High,False,Not Applicable,1.0
TRN-0004544,2026-11-14,Express,COR-02,SEC-03,Up,Increasing KM,2026-11-14 15:53,2026-11-14 16:28,High,False,Not Applicable,1.0
TRN-0004545,2026-11-14,Express,COR-02,SEC-03,Up,Increasing KM,2026-11-14 17:41,2026-11-14 18:08,High,False,Not Applicable,1.0
TRN-0004546,2026-11-14,Goods,COR-02,SEC-03,Up,Increasing KM,2026-11-14 19:03,2026-11-14 19:55,Medium,True,Scheduled,0.84
TRN-0004547,2026-11-14,Express,COR-02,SEC-04,Up,Increasing KM,2026-11-14 20:31,2026-11-14 21:00,High,False,Not Applicable,1.0
TRN-0004548,2026-11-14,Goods,COR-02,SEC-03,Up,Increasing KM,2026-11-14 21:55,2026-11-14 22:37,Medium,True,Forecasted,0.68
TRN-0004549,2026-11-14,Passenger,COR-02,SEC-04,Down,Decreasing KM,2026-11-14 05:30,2026-11-14 06:15,High,False,Not Applicable,1.0
TRN-0004550,2026-11-14,Express,COR-02,SEC-03,Down,Decreasing KM,2026-11-14 06:58,2026-11-14 07:42,High,False,Not Applicable,1.0
TRN-0004551,2026-11-14,Passenger,COR-02,SEC-03,Down,Decreasing KM,2026-11-14 08:34,2026-11-14 09:06,High,False,Not Applicable,1.0
TRN-0004552,2026-11-14,Passenger,COR-02,SEC-04,Down,Decreasing KM,2026-11-14 10:00,2026-11-14 10:54,High,False,Not Applicable,1.0
TRN-0004553,2026-11-14,Passenger,COR-02,SEC-04,Down,Decreasing KM,2026-11-14 11:29,2026-11-14 12:18,High,False,Not Applicable,1.0
TRN-0004554,2026-11-14,Passenger,COR-02,SEC-04,Down,Decreasing KM,2026-11-14 13:08,2026-11-14 14:04,High,False,Not Applicable,1.0
TRN-0004555,2026-11-14,Express,COR-02,SEC-04,Down,Decreasing KM,2026-11-14 14:30,2026-11-14 15:20,High,False,Not Applicable,1.0
TRN-0004556,2026-11-14,Express,COR-02,SEC-04,Down,Decreasing KM,2026-11-14 16:08,2026-11-14 16:50,High,False,Not Applicable,1.0
TRN-0004557,2026-11-14,Goods,COR-02,SEC-03,Down,Decreasing KM,2026-11-14 17:40,2026-11-14 18:15,Medium,True,Scheduled,0.82
TRN-0004558,2026-11-14,Passenger,COR-02,SEC-04,Down,Decreasing KM,2026-11-14 19:09,2026-11-14 20:09,High,False,Not Applicable,1.0
TRN-0004559,2026-11-14,Passenger,COR-02,SEC-03,Down,Decreasing KM,2026-11-14 20:41,2026-11-14 21:07,High,False,Not Applicable,1.0
TRN-0004560,2026-11-14,MEMU,COR-02,SEC-04,Down,Decreasing KM,2026-11-14 22:05,2026-11-14 22:32,Medium,False,Not Applicable,1.0
TRN-0004561,2026-11-14,Express,COR-03,SEC-06,Up,Increasing KM,2026-11-14 05:35,2026-11-14 06:04,High,False,Not Applicable,1.0
TRN-0004562,2026-11-14,Passenger,COR-03,SEC-06,Up,Increasing KM,2026-11-14 06:53,2026-11-14 07:48,High,False,Not Applicable,1.0
TRN-0004563,2026-11-14,Passenger,COR-03,SEC-05,Up,Increasing KM,2026-11-14 08:20,2026-11-14 08:45,High,False,Not Applicable,1.0
TRN-0004564,2026-11-14,Passenger,COR-03,SEC-06,Up,Increasing KM,2026-11-14 10:07,2026-11-14 10:59,High,False,Not Applicable,1.0
TRN-0004565,2026-11-14,Passenger,COR-03,SEC-05,Up,Increasing KM,2026-11-14 11:33,2026-11-14 12:26,High,False,Not Applicable,1.0
TRN-0004566,2026-11-14,Express,COR-03,SEC-05,Up,Increasing KM,2026-11-14 12:50,2026-11-14 13:29,High,False,Not Applicable,1.0
TRN-0004567,2026-11-14,Express,COR-03,SEC-06,Up,Increasing KM,2026-11-14 14:30,2026-11-14 15:05,High,False,Not Applicable,1.0
TRN-0004568,2026-11-14,Superfast,COR-03,SEC-06,Up,Increasing KM,2026-11-14 15:59,2026-11-14 16:29,Critical,False,Not Applicable,1.0
TRN-0004569,2026-11-14,Superfast,COR-03,SEC-05,Up,Increasing KM,2026-11-14 17:18,2026-11-14 17:55,Critical,False,Not Applicable,1.0
TRN-0004570,2026-11-14,Express,COR-03,SEC-05,Up,Increasing KM,2026-11-14 19:03,2026-11-14 19:52,High,False,Not Applicable,1.0
TRN-0004571,2026-11-14,Superfast,COR-03,SEC-05,Up,Increasing KM,2026-11-14 20:27,2026-11-14 21:18,Critical,False,Not Applicable,1.0
TRN-0004572,2026-11-14,Passenger,COR-03,SEC-06,Up,Increasing KM,2026-11-14 22:09,2026-11-14 22:40,High,False,Not Applicable,1.0
TRN-0004573,2026-11-14,Express,COR-03,SEC-05,Down,Decreasing KM,2026-11-14 05:18,2026-11-14 06:14,High,False,Not Applicable,1.0
TRN-0004574,2026-11-14,Passenger,COR-03,SEC-06,Down,Decreasing KM,2026-11-14 07:02,2026-11-14 07:42,High,False,Not Applicable,1.0
TRN-0004575,2026-11-14,Express,COR-03,SEC-06,Down,Decreasing KM,2026-11-14 08:32,2026-11-14 09:13,High,False,Not Applicable,1.0
TRN-0004576,2026-11-14,Superfast,COR-03,SEC-05,Down,Decreasing KM,2026-11-14 10:12,2026-11-14 10:54,Critical,False,Not Applicable,1.0
TRN-0004577,2026-11-14,Express,COR-03,SEC-06,Down,Decreasing KM,2026-11-14 11:37,2026-11-14 12:31,High,False,Not Applicable,1.0
TRN-0004578,2026-11-14,Superfast,COR-03,SEC-06,Down,Decreasing KM,2026-11-14 13:01,2026-11-14 13:32,Critical,False,Not Applicable,1.0
TRN-0004579,2026-11-14,Goods,COR-03,SEC-06,Down,Decreasing KM,2026-11-14 14:32,2026-11-14 15:09,Medium,True,Forecasted,0.82
TRN-0004580,2026-11-14,Goods,COR-03,SEC-06,Down,Decreasing KM,2026-11-14 16:04,2026-11-14 16:51,Medium,True,Forecasted,0.66
TRN-0004581,2026-11-14,Goods,COR-03,SEC-06,Down,Decreasing KM,2026-11-14 17:29,2026-11-14 18:07,Medium,True,Forecasted,0.74
TRN-0004582,2026-11-14,Express,COR-03,SEC-06,Down,Decreasing KM,2026-11-14 19:04,2026-11-14 19:49,High,False,Not Applicable,1.0
TRN-0004583,2026-11-14,Express,COR-03,SEC-05,Down,Decreasing KM,2026-11-14 20:22,2026-11-14 21:12,High,False,Not Applicable,1.0
TRN-0004584,2026-11-14,Goods,COR-03,SEC-05,Down,Decreasing KM,2026-11-14 22:08,2026-11-14 22:34,Medium,True,Forecasted,0.98
TRN-0004585,2026-11-14,Express,COR-04,SEC-08,Up,Increasing KM,2026-11-14 05:34,2026-11-14 06:19,High,False,Not Applicable,1.0
TRN-0004586,2026-11-14,MEMU,COR-04,SEC-08,Up,Increasing KM,2026-11-14 07:12,2026-11-14 07:38,Medium,False,Not Applicable,1.0
TRN-0004587,2026-11-14,Superfast,COR-04,SEC-07,Up,Increasing KM,2026-11-14 08:18,2026-11-14 08:54,Critical,False,Not Applicable,1.0
TRN-0004588,2026-11-14,Express,COR-04,SEC-08,Up,Increasing KM,2026-11-14 10:05,2026-11-14 10:55,High,False,Not Applicable,1.0
TRN-0004589,2026-11-14,MEMU,COR-04,SEC-07,Up,Increasing KM,2026-11-14 11:19,2026-11-14 12:18,Medium,False,Not Applicable,1.0
TRN-0004590,2026-11-14,MEMU,COR-04,SEC-07,Up,Increasing KM,2026-11-14 13:03,2026-11-14 14:03,Medium,False,Not Applicable,1.0
TRN-0004591,2026-11-14,Passenger,COR-04,SEC-08,Up,Increasing KM,2026-11-14 14:26,2026-11-14 15:10,High,False,Not Applicable,1.0
TRN-0004592,2026-11-14,Goods,COR-04,SEC-07,Up,Increasing KM,2026-11-14 16:07,2026-11-14 16:41,Medium,True,Forecasted,0.77
TRN-0004593,2026-11-14,MEMU,COR-04,SEC-08,Up,Increasing KM,2026-11-14 17:21,2026-11-14 18:17,Medium,False,Not Applicable,1.0
TRN-0004594,2026-11-14,Goods,COR-04,SEC-07,Up,Increasing KM,2026-11-14 19:10,2026-11-14 19:49,Medium,True,Forecasted,0.77
TRN-0004595,2026-11-14,Goods,COR-04,SEC-08,Up,Increasing KM,2026-11-14 20:30,2026-11-14 21:17,Medium,True,Forecasted,0.66
TRN-0004596,2026-11-14,Express,COR-04,SEC-08,Up,Increasing KM,2026-11-14 22:00,2026-11-14 22:58,High,False,Not Applicable,1.0
TRN-0004597,2026-11-14,Passenger,COR-04,SEC-07,Down,Decreasing KM,2026-11-14 05:30,2026-11-14 06:08,High,False,Not Applicable,1.0
TRN-0004598,2026-11-14,Passenger,COR-04,SEC-07,Down,Decreasing KM,2026-11-14 07:08,2026-11-14 07:38,High,False,Not Applicable,1.0
TRN-0004599,2026-11-14,Express,COR-04,SEC-07,Down,Decreasing KM,2026-11-14 08:39,2026-11-14 09:05,High,False,Not Applicable,1.0
TRN-0004600,2026-11-14,Passenger,COR-04,SEC-07,Down,Decreasing KM,2026-11-14 10:07,2026-11-14 10:43,High,False,Not Applicable,1.0
TRN-0004601,2026-11-14,Express,COR-04,SEC-07,Down,Decreasing KM,2026-11-14 11:42,2026-11-14 12:15,High,False,Not Applicable,1.0
TRN-0004602,2026-11-14,Passenger,COR-04,SEC-08,Down,Decreasing KM,2026-11-14 13:00,2026-11-14 13:34,High,False,Not Applicable,1.0
TRN-0004603,2026-11-14,Passenger,COR-04,SEC-07,Down,Decreasing KM,2026-11-14 14:20,2026-11-14 15:20,High,False,Not Applicable,1.0
TRN-0004604,2026-11-14,Express,COR-04,SEC-08,Down,Decreasing KM,2026-11-14 16:00,2026-11-14 16:49,High,False,Not Applicable,1.0
TRN-0004605,2026-11-14,Superfast,COR-04,SEC-08,Down,Decreasing KM,2026-11-14 17:25,2026-11-14 18:09,Critical,False,Not Applicable,1.0
TRN-0004606,2026-11-14,Goods,COR-04,SEC-08,Down,Decreasing KM,2026-11-14 19:08,2026-11-14 19:39,Medium,True,Forecasted,0.8
TRN-0004607,2026-11-14,Superfast,COR-04,SEC-08,Down,Decreasing KM,2026-11-14 20:37,2026-11-14 21:21,Critical,False,Not Applicable,1.0
TRN-0004608,2026-11-14,Goods,COR-04,SEC-07,Down,Decreasing KM,2026-11-14 21:58,2026-11-14 22:53,Medium,True,Forecasted,0.96
TRN-0004609,2026-11-15,Express,COR-01,SEC-02,Up,Increasing KM,2026-11-15 05:26,2026-11-15 05:55,High,False,Not Applicable,1.0
TRN-0004610,2026-11-15,Goods,COR-01,SEC-01,Up,Increasing KM,2026-11-15 07:10,2026-11-15 07:45,Medium,True,Forecasted,0.79
TRN-0004611,2026-11-15,Express,COR-01,SEC-02,Up,Increasing KM,2026-11-15 08:33,2026-11-15 09:18,High,False,Not Applicable,1.0
TRN-0004612,2026-11-15,MEMU,COR-01,SEC-02,Up,Increasing KM,2026-11-15 09:52,2026-11-15 10:45,Medium,False,Not Applicable,1.0
TRN-0004613,2026-11-15,Superfast,COR-01,SEC-01,Up,Increasing KM,2026-11-15 11:42,2026-11-15 12:12,Critical,False,Not Applicable,1.0
TRN-0004614,2026-11-15,Express,COR-01,SEC-01,Up,Increasing KM,2026-11-15 13:05,2026-11-15 13:58,High,False,Not Applicable,1.0
TRN-0004615,2026-11-15,Passenger,COR-01,SEC-01,Up,Increasing KM,2026-11-15 14:27,2026-11-15 15:00,High,False,Not Applicable,1.0
TRN-0004616,2026-11-15,Goods,COR-01,SEC-02,Up,Increasing KM,2026-11-15 15:53,2026-11-15 16:19,Medium,True,Forecasted,0.79
TRN-0004617,2026-11-15,Express,COR-01,SEC-01,Up,Increasing KM,2026-11-15 17:40,2026-11-15 18:36,High,False,Not Applicable,1.0
TRN-0004618,2026-11-15,Superfast,COR-01,SEC-02,Up,Increasing KM,2026-11-15 19:08,2026-11-15 19:54,Critical,False,Not Applicable,1.0
TRN-0004619,2026-11-15,MEMU,COR-01,SEC-01,Up,Increasing KM,2026-11-15 20:19,2026-11-15 21:10,Medium,False,Not Applicable,1.0
TRN-0004620,2026-11-15,Passenger,COR-01,SEC-01,Up,Increasing KM,2026-11-15 22:03,2026-11-15 22:33,High,False,Not Applicable,1.0
TRN-0004621,2026-11-15,Passenger,COR-01,SEC-02,Down,Decreasing KM,2026-11-15 05:19,2026-11-15 06:12,High,False,Not Applicable,1.0
TRN-0004622,2026-11-15,Express,COR-01,SEC-02,Down,Decreasing KM,2026-11-15 06:56,2026-11-15 07:43,High,False,Not Applicable,1.0
TRN-0004623,2026-11-15,Express,COR-01,SEC-01,Down,Decreasing KM,2026-11-15 08:37,2026-11-15 09:23,High,False,Not Applicable,1.0
TRN-0004624,2026-11-15,Express,COR-01,SEC-02,Down,Decreasing KM,2026-11-15 10:10,2026-11-15 10:44,High,False,Not Applicable,1.0
TRN-0004625,2026-11-15,Express,COR-01,SEC-02,Down,Decreasing KM,2026-11-15 11:20,2026-11-15 12:20,High,False,Not Applicable,1.0
TRN-0004626,2026-11-15,Passenger,COR-01,SEC-02,Down,Decreasing KM,2026-11-15 12:59,2026-11-15 13:32,High,False,Not Applicable,1.0
TRN-0004627,2026-11-15,Passenger,COR-01,SEC-02,Down,Decreasing KM,2026-11-15 14:27,2026-11-15 15:25,High,False,Not Applicable,1.0
TRN-0004628,2026-11-15,Goods,COR-01,SEC-01,Down,Decreasing KM,2026-11-15 16:06,2026-11-15 17:06,Medium,True,Scheduled,0.89
TRN-0004629,2026-11-15,Express,COR-01,SEC-01,Down,Decreasing KM,2026-11-15 17:23,2026-11-15 17:50,High,False,Not Applicable,1.0
TRN-0004630,2026-11-15,Express,COR-01,SEC-01,Down,Decreasing KM,2026-11-15 19:00,2026-11-15 19:29,High,False,Not Applicable,1.0
TRN-0004631,2026-11-15,Superfast,COR-01,SEC-02,Down,Decreasing KM,2026-11-15 20:39,2026-11-15 21:06,Critical,False,Not Applicable,1.0
TRN-0004632,2026-11-15,Goods,COR-01,SEC-01,Down,Decreasing KM,2026-11-15 21:59,2026-11-15 22:25,Medium,True,Forecasted,0.96
TRN-0004633,2026-11-15,Passenger,COR-02,SEC-03,Up,Increasing KM,2026-11-15 05:24,2026-11-15 05:55,High,False,Not Applicable,1.0
TRN-0004634,2026-11-15,Superfast,COR-02,SEC-04,Up,Increasing KM,2026-11-15 07:08,2026-11-15 07:44,Critical,False,Not Applicable,1.0
TRN-0004635,2026-11-15,Goods,COR-02,SEC-03,Up,Increasing KM,2026-11-15 08:42,2026-11-15 09:16,Medium,True,Scheduled,0.68
TRN-0004636,2026-11-15,Express,COR-02,SEC-04,Up,Increasing KM,2026-11-15 10:01,2026-11-15 10:59,High,False,Not Applicable,1.0
TRN-0004637,2026-11-15,Express,COR-02,SEC-03,Up,Increasing KM,2026-11-15 11:41,2026-11-15 12:34,High,False,Not Applicable,1.0
TRN-0004638,2026-11-15,Express,COR-02,SEC-04,Up,Increasing KM,2026-11-15 13:12,2026-11-15 13:45,High,False,Not Applicable,1.0
TRN-0004639,2026-11-15,Goods,COR-02,SEC-03,Up,Increasing KM,2026-11-15 14:21,2026-11-15 14:48,Medium,True,Forecasted,0.83
TRN-0004640,2026-11-15,Superfast,COR-02,SEC-04,Up,Increasing KM,2026-11-15 15:51,2026-11-15 16:37,Critical,False,Not Applicable,1.0
TRN-0004641,2026-11-15,Express,COR-02,SEC-04,Up,Increasing KM,2026-11-15 17:27,2026-11-15 18:10,High,False,Not Applicable,1.0
TRN-0004642,2026-11-15,Goods,COR-02,SEC-04,Up,Increasing KM,2026-11-15 19:01,2026-11-15 19:47,Medium,True,Forecasted,0.75
TRN-0004643,2026-11-15,Passenger,COR-02,SEC-03,Up,Increasing KM,2026-11-15 20:37,2026-11-15 21:22,High,False,Not Applicable,1.0
TRN-0004644,2026-11-15,MEMU,COR-02,SEC-04,Up,Increasing KM,2026-11-15 21:52,2026-11-15 22:25,Medium,False,Not Applicable,1.0
TRN-0004645,2026-11-15,MEMU,COR-02,SEC-03,Down,Decreasing KM,2026-11-15 05:33,2026-11-15 06:20,Medium,False,Not Applicable,1.0
TRN-0004646,2026-11-15,Passenger,COR-02,SEC-04,Down,Decreasing KM,2026-11-15 07:11,2026-11-15 07:38,High,False,Not Applicable,1.0
TRN-0004647,2026-11-15,MEMU,COR-02,SEC-04,Down,Decreasing KM,2026-11-15 08:34,2026-11-15 09:22,Medium,False,Not Applicable,1.0
TRN-0004648,2026-11-15,Passenger,COR-02,SEC-04,Down,Decreasing KM,2026-11-15 09:57,2026-11-15 10:48,High,False,Not Applicable,1.0
TRN-0004649,2026-11-15,Express,COR-02,SEC-04,Down,Decreasing KM,2026-11-15 11:28,2026-11-15 11:53,High,False,Not Applicable,1.0
TRN-0004650,2026-11-15,Passenger,COR-02,SEC-03,Down,Decreasing KM,2026-11-15 13:02,2026-11-15 13:53,High,False,Not Applicable,1.0
TRN-0004651,2026-11-15,Goods,COR-02,SEC-04,Down,Decreasing KM,2026-11-15 14:36,2026-11-15 15:05,Medium,True,Forecasted,0.97
TRN-0004652,2026-11-15,Express,COR-02,SEC-04,Down,Decreasing KM,2026-11-15 15:55,2026-11-15 16:29,High,False,Not Applicable,1.0
TRN-0004653,2026-11-15,Passenger,COR-02,SEC-04,Down,Decreasing KM,2026-11-15 17:18,2026-11-15 18:18,High,False,Not Applicable,1.0
TRN-0004654,2026-11-15,Goods,COR-02,SEC-03,Down,Decreasing KM,2026-11-15 19:05,2026-11-15 19:33,Medium,True,Forecasted,0.79
TRN-0004655,2026-11-15,Superfast,COR-02,SEC-03,Down,Decreasing KM,2026-11-15 20:34,2026-11-15 21:25,Critical,False,Not Applicable,1.0
TRN-0004656,2026-11-15,Passenger,COR-02,SEC-04,Down,Decreasing KM,2026-11-15 21:50,2026-11-15 22:25,High,False,Not Applicable,1.0
TRN-0004657,2026-11-15,Passenger,COR-03,SEC-06,Up,Increasing KM,2026-11-15 05:22,2026-11-15 06:03,High,False,Not Applicable,1.0
TRN-0004658,2026-11-15,Passenger,COR-03,SEC-05,Up,Increasing KM,2026-11-15 07:04,2026-11-15 07:30,High,False,Not Applicable,1.0
TRN-0004659,2026-11-15,Superfast,COR-03,SEC-06,Up,Increasing KM,2026-11-15 08:33,2026-11-15 09:02,Critical,False,Not Applicable,1.0
TRN-0004660,2026-11-15,Goods,COR-03,SEC-06,Up,Increasing KM,2026-11-15 10:05,2026-11-15 10:41,Medium,True,Forecasted,0.76
TRN-0004661,2026-11-15,Passenger,COR-03,SEC-05,Up,Increasing KM,2026-11-15 11:25,2026-11-15 11:53,High,False,Not Applicable,1.0
TRN-0004662,2026-11-15,Superfast,COR-03,SEC-05,Up,Increasing KM,2026-11-15 13:01,2026-11-15 13:28,Critical,False,Not Applicable,1.0
TRN-0004663,2026-11-15,Goods,COR-03,SEC-06,Up,Increasing KM,2026-11-15 14:41,2026-11-15 15:40,Medium,True,Forecasted,0.69
TRN-0004664,2026-11-15,Express,COR-03,SEC-06,Up,Increasing KM,2026-11-15 16:03,2026-11-15 16:40,High,False,Not Applicable,1.0
TRN-0004665,2026-11-15,Express,COR-03,SEC-06,Up,Increasing KM,2026-11-15 17:41,2026-11-15 18:40,High,False,Not Applicable,1.0
TRN-0004666,2026-11-15,Goods,COR-03,SEC-05,Up,Increasing KM,2026-11-15 18:58,2026-11-15 19:49,Medium,True,Forecasted,0.86
TRN-0004667,2026-11-15,MEMU,COR-03,SEC-06,Up,Increasing KM,2026-11-15 20:19,2026-11-15 20:48,Medium,False,Not Applicable,1.0
TRN-0004668,2026-11-15,Passenger,COR-03,SEC-06,Up,Increasing KM,2026-11-15 22:07,2026-11-15 22:40,High,False,Not Applicable,1.0
TRN-0004669,2026-11-15,Express,COR-03,SEC-05,Down,Decreasing KM,2026-11-15 05:37,2026-11-15 06:17,High,False,Not Applicable,1.0
TRN-0004670,2026-11-15,Superfast,COR-03,SEC-05,Down,Decreasing KM,2026-11-15 07:08,2026-11-15 07:51,Critical,False,Not Applicable,1.0
TRN-0004671,2026-11-15,Express,COR-03,SEC-05,Down,Decreasing KM,2026-11-15 08:18,2026-11-15 08:51,High,False,Not Applicable,1.0
TRN-0004672,2026-11-15,Express,COR-03,SEC-06,Down,Decreasing KM,2026-11-15 09:53,2026-11-15 10:34,High,False,Not Applicable,1.0
TRN-0004673,2026-11-15,Express,COR-03,SEC-05,Down,Decreasing KM,2026-11-15 11:33,2026-11-15 12:06,High,False,Not Applicable,1.0
TRN-0004674,2026-11-15,Passenger,COR-03,SEC-06,Down,Decreasing KM,2026-11-15 13:10,2026-11-15 13:50,High,False,Not Applicable,1.0
TRN-0004675,2026-11-15,Goods,COR-03,SEC-05,Down,Decreasing KM,2026-11-15 14:34,2026-11-15 15:03,Medium,True,Forecasted,0.95
TRN-0004676,2026-11-15,Goods,COR-03,SEC-06,Down,Decreasing KM,2026-11-15 16:05,2026-11-15 16:51,Medium,True,Forecasted,0.86
TRN-0004677,2026-11-15,MEMU,COR-03,SEC-05,Down,Decreasing KM,2026-11-15 17:27,2026-11-15 17:55,Medium,False,Not Applicable,1.0
TRN-0004678,2026-11-15,Superfast,COR-03,SEC-06,Down,Decreasing KM,2026-11-15 18:49,2026-11-15 19:38,Critical,False,Not Applicable,1.0
TRN-0004679,2026-11-15,Superfast,COR-03,SEC-05,Down,Decreasing KM,2026-11-15 20:37,2026-11-15 21:31,Critical,False,Not Applicable,1.0
TRN-0004680,2026-11-15,Goods,COR-03,SEC-05,Down,Decreasing KM,2026-11-15 22:07,2026-11-15 22:56,Medium,True,Forecasted,0.78
TRN-0004681,2026-11-15,Express,COR-04,SEC-08,Up,Increasing KM,2026-11-15 05:29,2026-11-15 05:57,High,False,Not Applicable,1.0
TRN-0004682,2026-11-15,Passenger,COR-04,SEC-08,Up,Increasing KM,2026-11-15 07:07,2026-11-15 07:33,High,False,Not Applicable,1.0
TRN-0004683,2026-11-15,Passenger,COR-04,SEC-07,Up,Increasing KM,2026-11-15 08:38,2026-11-15 09:10,High,False,Not Applicable,1.0
TRN-0004684,2026-11-15,Passenger,COR-04,SEC-07,Up,Increasing KM,2026-11-15 09:55,2026-11-15 10:45,High,False,Not Applicable,1.0
TRN-0004685,2026-11-15,Superfast,COR-04,SEC-07,Up,Increasing KM,2026-11-15 11:26,2026-11-15 12:18,Critical,False,Not Applicable,1.0
TRN-0004686,2026-11-15,Goods,COR-04,SEC-08,Up,Increasing KM,2026-11-15 12:53,2026-11-15 13:53,Medium,True,Forecasted,0.7
TRN-0004687,2026-11-15,Passenger,COR-04,SEC-07,Up,Increasing KM,2026-11-15 14:28,2026-11-15 15:15,High,False,Not Applicable,1.0
TRN-0004688,2026-11-15,Passenger,COR-04,SEC-08,Up,Increasing KM,2026-11-15 16:01,2026-11-15 16:55,High,False,Not Applicable,1.0
TRN-0004689,2026-11-15,Superfast,COR-04,SEC-08,Up,Increasing KM,2026-11-15 17:35,2026-11-15 18:18,Critical,False,Not Applicable,1.0
TRN-0004690,2026-11-15,Passenger,COR-04,SEC-08,Up,Increasing KM,2026-11-15 18:54,2026-11-15 19:28,High,False,Not Applicable,1.0
TRN-0004691,2026-11-15,Passenger,COR-04,SEC-07,Up,Increasing KM,2026-11-15 20:23,2026-11-15 21:10,High,False,Not Applicable,1.0
TRN-0004692,2026-11-15,Passenger,COR-04,SEC-08,Up,Increasing KM,2026-11-15 21:48,2026-11-15 22:48,High,False,Not Applicable,1.0
TRN-0004693,2026-11-15,Passenger,COR-04,SEC-08,Down,Decreasing KM,2026-11-15 05:23,2026-11-15 05:56,High,False,Not Applicable,1.0
TRN-0004694,2026-11-15,Goods,COR-04,SEC-08,Down,Decreasing KM,2026-11-15 07:02,2026-11-15 07:57,Medium,True,Forecasted,0.93
TRN-0004695,2026-11-15,Superfast,COR-04,SEC-08,Down,Decreasing KM,2026-11-15 08:19,2026-11-15 08:57,Critical,False,Not Applicable,1.0
TRN-0004696,2026-11-15,Superfast,COR-04,SEC-08,Down,Decreasing KM,2026-11-15 09:53,2026-11-15 10:50,Critical,False,Not Applicable,1.0
TRN-0004697,2026-11-15,MEMU,COR-04,SEC-07,Down,Decreasing KM,2026-11-15 11:37,2026-11-15 12:33,Medium,False,Not Applicable,1.0
TRN-0004698,2026-11-15,Express,COR-04,SEC-08,Down,Decreasing KM,2026-11-15 13:00,2026-11-15 13:33,High,False,Not Applicable,1.0
TRN-0004699,2026-11-15,Express,COR-04,SEC-08,Down,Decreasing KM,2026-11-15 14:22,2026-11-15 14:49,High,False,Not Applicable,1.0
TRN-0004700,2026-11-15,Passenger,COR-04,SEC-08,Down,Decreasing KM,2026-11-15 15:56,2026-11-15 16:39,High,False,Not Applicable,1.0
TRN-0004701,2026-11-15,Passenger,COR-04,SEC-07,Down,Decreasing KM,2026-11-15 17:21,2026-11-15 18:13,High,False,Not Applicable,1.0
TRN-0004702,2026-11-15,Goods,COR-04,SEC-08,Down,Decreasing KM,2026-11-15 19:07,2026-11-15 20:02,Medium,True,Forecasted,0.67
TRN-0004703,2026-11-15,Express,COR-04,SEC-07,Down,Decreasing KM,2026-11-15 20:41,2026-11-15 21:32,High,False,Not Applicable,1.0
TRN-0004704,2026-11-15,Superfast,COR-04,SEC-08,Down,Decreasing KM,2026-11-15 21:50,2026-11-15 22:25,Critical,False,Not Applicable,1.0
TRN-0004705,2026-11-16,Passenger,COR-01,SEC-02,Up,Increasing KM,2026-11-16 05:18,2026-11-16 05:54,High,False,Not Applicable,1.0
TRN-0004706,2026-11-16,Express,COR-01,SEC-02,Up,Increasing KM,2026-11-16 06:54,2026-11-16 07:46,High,False,Not Applicable,1.0
TRN-0004707,2026-11-16,Express,COR-01,SEC-02,Up,Increasing KM,2026-11-16 08:36,2026-11-16 09:17,High,False,Not Applicable,1.0
TRN-0004708,2026-11-16,Passenger,COR-01,SEC-01,Up,Increasing KM,2026-11-16 10:09,2026-11-16 10:34,High,False,Not Applicable,1.0
TRN-0004709,2026-11-16,Superfast,COR-01,SEC-02,Up,Increasing KM,2026-11-16 11:20,2026-11-16 12:19,Critical,False,Not Applicable,1.0
TRN-0004710,2026-11-16,Express,COR-01,SEC-01,Up,Increasing KM,2026-11-16 12:59,2026-11-16 13:27,High,False,Not Applicable,1.0
TRN-0004711,2026-11-16,Goods,COR-01,SEC-02,Up,Increasing KM,2026-11-16 14:23,2026-11-16 15:21,Medium,True,Forecasted,0.78
TRN-0004712,2026-11-16,Superfast,COR-01,SEC-02,Up,Increasing KM,2026-11-16 16:05,2026-11-16 16:35,Critical,False,Not Applicable,1.0
TRN-0004713,2026-11-16,MEMU,COR-01,SEC-02,Up,Increasing KM,2026-11-16 17:37,2026-11-16 18:15,Medium,False,Not Applicable,1.0
TRN-0004714,2026-11-16,MEMU,COR-01,SEC-01,Up,Increasing KM,2026-11-16 19:12,2026-11-16 19:54,Medium,False,Not Applicable,1.0
TRN-0004715,2026-11-16,Express,COR-01,SEC-01,Up,Increasing KM,2026-11-16 20:26,2026-11-16 21:25,High,False,Not Applicable,1.0
TRN-0004716,2026-11-16,Passenger,COR-01,SEC-01,Up,Increasing KM,2026-11-16 21:55,2026-11-16 22:28,High,False,Not Applicable,1.0
TRN-0004717,2026-11-16,Passenger,COR-01,SEC-01,Down,Decreasing KM,2026-11-16 05:23,2026-11-16 06:02,High,False,Not Applicable,1.0
TRN-0004718,2026-11-16,Superfast,COR-01,SEC-01,Down,Decreasing KM,2026-11-16 06:49,2026-11-16 07:35,Critical,False,Not Applicable,1.0
TRN-0004719,2026-11-16,Goods,COR-01,SEC-02,Down,Decreasing KM,2026-11-16 08:36,2026-11-16 09:12,Medium,True,Forecasted,0.96
TRN-0004720,2026-11-16,Superfast,COR-01,SEC-02,Down,Decreasing KM,2026-11-16 10:04,2026-11-16 10:52,Critical,False,Not Applicable,1.0
TRN-0004721,2026-11-16,Goods,COR-01,SEC-02,Down,Decreasing KM,2026-11-16 11:33,2026-11-16 12:02,Medium,True,Forecasted,0.85
TRN-0004722,2026-11-16,MEMU,COR-01,SEC-02,Down,Decreasing KM,2026-11-16 12:48,2026-11-16 13:47,Medium,False,Not Applicable,1.0
TRN-0004723,2026-11-16,Express,COR-01,SEC-02,Down,Decreasing KM,2026-11-16 14:37,2026-11-16 15:30,High,False,Not Applicable,1.0
TRN-0004724,2026-11-16,Superfast,COR-01,SEC-02,Down,Decreasing KM,2026-11-16 16:08,2026-11-16 17:01,Critical,False,Not Applicable,1.0
TRN-0004725,2026-11-16,Express,COR-01,SEC-02,Down,Decreasing KM,2026-11-16 17:41,2026-11-16 18:09,High,False,Not Applicable,1.0
TRN-0004726,2026-11-16,Passenger,COR-01,SEC-02,Down,Decreasing KM,2026-11-16 19:11,2026-11-16 19:36,High,False,Not Applicable,1.0
TRN-0004727,2026-11-16,Express,COR-01,SEC-02,Down,Decreasing KM,2026-11-16 20:24,2026-11-16 20:57,High,False,Not Applicable,1.0
TRN-0004728,2026-11-16,Passenger,COR-01,SEC-02,Down,Decreasing KM,2026-11-16 22:05,2026-11-16 22:48,High,False,Not Applicable,1.0
TRN-0004729,2026-11-16,Passenger,COR-02,SEC-03,Up,Increasing KM,2026-11-16 05:39,2026-11-16 06:26,High,False,Not Applicable,1.0
TRN-0004730,2026-11-16,Express,COR-02,SEC-03,Up,Increasing KM,2026-11-16 07:04,2026-11-16 08:02,High,False,Not Applicable,1.0
TRN-0004731,2026-11-16,Superfast,COR-02,SEC-04,Up,Increasing KM,2026-11-16 08:21,2026-11-16 08:56,Critical,False,Not Applicable,1.0
TRN-0004732,2026-11-16,Goods,COR-02,SEC-03,Up,Increasing KM,2026-11-16 10:05,2026-11-16 11:02,Medium,True,Forecasted,0.74
TRN-0004733,2026-11-16,Goods,COR-02,SEC-03,Up,Increasing KM,2026-11-16 11:29,2026-11-16 12:17,Medium,True,Forecasted,0.82
TRN-0004734,2026-11-16,Express,COR-02,SEC-04,Up,Increasing KM,2026-11-16 12:57,2026-11-16 13:50,High,False,Not Applicable,1.0
TRN-0004735,2026-11-16,MEMU,COR-02,SEC-04,Up,Increasing KM,2026-11-16 14:37,2026-11-16 15:33,Medium,False,Not Applicable,1.0
TRN-0004736,2026-11-16,Passenger,COR-02,SEC-03,Up,Increasing KM,2026-11-16 15:55,2026-11-16 16:34,High,False,Not Applicable,1.0
TRN-0004737,2026-11-16,Superfast,COR-02,SEC-03,Up,Increasing KM,2026-11-16 17:33,2026-11-16 18:30,Critical,False,Not Applicable,1.0
TRN-0004738,2026-11-16,Superfast,COR-02,SEC-03,Up,Increasing KM,2026-11-16 18:52,2026-11-16 19:21,Critical,False,Not Applicable,1.0
TRN-0004739,2026-11-16,Superfast,COR-02,SEC-04,Up,Increasing KM,2026-11-16 20:27,2026-11-16 21:27,Critical,False,Not Applicable,1.0
TRN-0004740,2026-11-16,MEMU,COR-02,SEC-04,Up,Increasing KM,2026-11-16 22:01,2026-11-16 22:54,Medium,False,Not Applicable,1.0
TRN-0004741,2026-11-16,Superfast,COR-02,SEC-03,Down,Decreasing KM,2026-11-16 05:33,2026-11-16 06:17,Critical,False,Not Applicable,1.0
TRN-0004742,2026-11-16,Superfast,COR-02,SEC-04,Down,Decreasing KM,2026-11-16 07:03,2026-11-16 07:44,Critical,False,Not Applicable,1.0
TRN-0004743,2026-11-16,Goods,COR-02,SEC-04,Down,Decreasing KM,2026-11-16 08:41,2026-11-16 09:21,Medium,True,Scheduled,0.97
TRN-0004744,2026-11-16,Passenger,COR-02,SEC-04,Down,Decreasing KM,2026-11-16 09:57,2026-11-16 10:55,High,False,Not Applicable,1.0
TRN-0004745,2026-11-16,Superfast,COR-02,SEC-03,Down,Decreasing KM,2026-11-16 11:22,2026-11-16 12:09,Critical,False,Not Applicable,1.0
TRN-0004746,2026-11-16,Goods,COR-02,SEC-03,Down,Decreasing KM,2026-11-16 13:10,2026-11-16 14:04,Medium,True,Forecasted,0.72
TRN-0004747,2026-11-16,Express,COR-02,SEC-03,Down,Decreasing KM,2026-11-16 14:20,2026-11-16 14:46,High,False,Not Applicable,1.0
TRN-0004748,2026-11-16,Passenger,COR-02,SEC-03,Down,Decreasing KM,2026-11-16 16:04,2026-11-16 16:42,High,False,Not Applicable,1.0
TRN-0004749,2026-11-16,Express,COR-02,SEC-04,Down,Decreasing KM,2026-11-16 17:24,2026-11-16 18:24,High,False,Not Applicable,1.0
TRN-0004750,2026-11-16,Passenger,COR-02,SEC-03,Down,Decreasing KM,2026-11-16 19:11,2026-11-16 20:09,High,False,Not Applicable,1.0
TRN-0004751,2026-11-16,Passenger,COR-02,SEC-04,Down,Decreasing KM,2026-11-16 20:42,2026-11-16 21:31,High,False,Not Applicable,1.0
TRN-0004752,2026-11-16,Express,COR-02,SEC-04,Down,Decreasing KM,2026-11-16 21:59,2026-11-16 22:37,High,False,Not Applicable,1.0
TRN-0004753,2026-11-16,MEMU,COR-03,SEC-05,Up,Increasing KM,2026-11-16 05:31,2026-11-16 06:09,Medium,False,Not Applicable,1.0
TRN-0004754,2026-11-16,MEMU,COR-03,SEC-05,Up,Increasing KM,2026-11-16 07:06,2026-11-16 08:06,Medium,False,Not Applicable,1.0
TRN-0004755,2026-11-16,Goods,COR-03,SEC-06,Up,Increasing KM,2026-11-16 08:18,2026-11-16 08:55,Medium,True,Forecasted,0.97
TRN-0004756,2026-11-16,MEMU,COR-03,SEC-05,Up,Increasing KM,2026-11-16 10:11,2026-11-16 10:43,Medium,False,Not Applicable,1.0
TRN-0004757,2026-11-16,Passenger,COR-03,SEC-05,Up,Increasing KM,2026-11-16 11:39,2026-11-16 12:15,High,False,Not Applicable,1.0
TRN-0004758,2026-11-16,Passenger,COR-03,SEC-05,Up,Increasing KM,2026-11-16 13:12,2026-11-16 14:01,High,False,Not Applicable,1.0
TRN-0004759,2026-11-16,Goods,COR-03,SEC-06,Up,Increasing KM,2026-11-16 14:20,2026-11-16 15:13,Medium,True,Forecasted,0.82
TRN-0004760,2026-11-16,Goods,COR-03,SEC-06,Up,Increasing KM,2026-11-16 16:11,2026-11-16 16:55,Medium,True,Scheduled,0.85
TRN-0004761,2026-11-16,Goods,COR-03,SEC-05,Up,Increasing KM,2026-11-16 17:33,2026-11-16 18:12,Medium,True,Forecasted,0.94
TRN-0004762,2026-11-16,Goods,COR-03,SEC-06,Up,Increasing KM,2026-11-16 19:01,2026-11-16 19:40,Medium,True,Scheduled,0.78
TRN-0004763,2026-11-16,MEMU,COR-03,SEC-05,Up,Increasing KM,2026-11-16 20:22,2026-11-16 21:02,Medium,False,Not Applicable,1.0
TRN-0004764,2026-11-16,Goods,COR-03,SEC-05,Up,Increasing KM,2026-11-16 22:00,2026-11-16 22:46,Medium,True,Forecasted,0.8
TRN-0004765,2026-11-16,Express,COR-03,SEC-05,Down,Decreasing KM,2026-11-16 05:41,2026-11-16 06:31,High,False,Not Applicable,1.0
TRN-0004766,2026-11-16,Passenger,COR-03,SEC-06,Down,Decreasing KM,2026-11-16 06:53,2026-11-16 07:23,High,False,Not Applicable,1.0
TRN-0004767,2026-11-16,Goods,COR-03,SEC-05,Down,Decreasing KM,2026-11-16 08:29,2026-11-16 09:07,Medium,True,Forecasted,0.69
TRN-0004768,2026-11-16,Express,COR-03,SEC-06,Down,Decreasing KM,2026-11-16 10:01,2026-11-16 10:51,High,False,Not Applicable,1.0
TRN-0004769,2026-11-16,Express,COR-03,SEC-05,Down,Decreasing KM,2026-11-16 11:40,2026-11-16 12:20,High,False,Not Applicable,1.0
TRN-0004770,2026-11-16,Passenger,COR-03,SEC-06,Down,Decreasing KM,2026-11-16 13:02,2026-11-16 14:02,High,False,Not Applicable,1.0
TRN-0004771,2026-11-16,Goods,COR-03,SEC-05,Down,Decreasing KM,2026-11-16 14:19,2026-11-16 14:54,Medium,True,Scheduled,0.85
TRN-0004772,2026-11-16,Goods,COR-03,SEC-06,Down,Decreasing KM,2026-11-16 15:56,2026-11-16 16:30,Medium,True,Forecasted,0.84
TRN-0004773,2026-11-16,Express,COR-03,SEC-06,Down,Decreasing KM,2026-11-16 17:40,2026-11-16 18:24,High,False,Not Applicable,1.0
TRN-0004774,2026-11-16,Passenger,COR-03,SEC-05,Down,Decreasing KM,2026-11-16 18:54,2026-11-16 19:25,High,False,Not Applicable,1.0
TRN-0004775,2026-11-16,Goods,COR-03,SEC-05,Down,Decreasing KM,2026-11-16 20:26,2026-11-16 21:05,Medium,True,Scheduled,0.77
TRN-0004776,2026-11-16,Passenger,COR-03,SEC-06,Down,Decreasing KM,2026-11-16 21:51,2026-11-16 22:46,High,False,Not Applicable,1.0
TRN-0004777,2026-11-16,Superfast,COR-04,SEC-07,Up,Increasing KM,2026-11-16 05:20,2026-11-16 05:52,Critical,False,Not Applicable,1.0
TRN-0004778,2026-11-16,Express,COR-04,SEC-08,Up,Increasing KM,2026-11-16 07:07,2026-11-16 08:06,High,False,Not Applicable,1.0
TRN-0004779,2026-11-16,Goods,COR-04,SEC-08,Up,Increasing KM,2026-11-16 08:18,2026-11-16 09:11,Medium,True,Forecasted,0.92
TRN-0004780,2026-11-16,Express,COR-04,SEC-08,Up,Increasing KM,2026-11-16 10:01,2026-11-16 10:52,High,False,Not Applicable,1.0
TRN-0004781,2026-11-16,Express,COR-04,SEC-08,Up,Increasing KM,2026-11-16 11:22,2026-11-16 12:08,High,False,Not Applicable,1.0
TRN-0004782,2026-11-16,Goods,COR-04,SEC-08,Up,Increasing KM,2026-11-16 13:10,2026-11-16 13:58,Medium,True,Forecasted,0.94
TRN-0004783,2026-11-16,Superfast,COR-04,SEC-07,Up,Increasing KM,2026-11-16 14:22,2026-11-16 15:09,Critical,False,Not Applicable,1.0
TRN-0004784,2026-11-16,Passenger,COR-04,SEC-08,Up,Increasing KM,2026-11-16 16:08,2026-11-16 16:53,High,False,Not Applicable,1.0
TRN-0004785,2026-11-16,Passenger,COR-04,SEC-08,Up,Increasing KM,2026-11-16 17:32,2026-11-16 18:17,High,False,Not Applicable,1.0
TRN-0004786,2026-11-16,Superfast,COR-04,SEC-08,Up,Increasing KM,2026-11-16 18:49,2026-11-16 19:44,Critical,False,Not Applicable,1.0
TRN-0004787,2026-11-16,Express,COR-04,SEC-07,Up,Increasing KM,2026-11-16 20:36,2026-11-16 21:28,High,False,Not Applicable,1.0
TRN-0004788,2026-11-16,Superfast,COR-04,SEC-08,Up,Increasing KM,2026-11-16 22:09,2026-11-16 22:58,Critical,False,Not Applicable,1.0
TRN-0004789,2026-11-16,Express,COR-04,SEC-08,Down,Decreasing KM,2026-11-16 05:37,2026-11-16 06:32,High,False,Not Applicable,1.0
TRN-0004790,2026-11-16,Goods,COR-04,SEC-07,Down,Decreasing KM,2026-11-16 06:55,2026-11-16 07:44,Medium,True,Forecasted,0.96
TRN-0004791,2026-11-16,Goods,COR-04,SEC-07,Down,Decreasing KM,2026-11-16 08:35,2026-11-16 09:24,Medium,True,Forecasted,0.73
TRN-0004792,2026-11-16,Passenger,COR-04,SEC-08,Down,Decreasing KM,2026-11-16 10:12,2026-11-16 11:11,High,False,Not Applicable,1.0
TRN-0004793,2026-11-16,Goods,COR-04,SEC-08,Down,Decreasing KM,2026-11-16 11:23,2026-11-16 12:11,Medium,True,Forecasted,0.92
TRN-0004794,2026-11-16,Superfast,COR-04,SEC-07,Down,Decreasing KM,2026-11-16 13:02,2026-11-16 13:52,Critical,False,Not Applicable,1.0
TRN-0004795,2026-11-16,Goods,COR-04,SEC-08,Down,Decreasing KM,2026-11-16 14:35,2026-11-16 15:12,Medium,True,Scheduled,0.77
TRN-0004796,2026-11-16,Passenger,COR-04,SEC-07,Down,Decreasing KM,2026-11-16 16:00,2026-11-16 16:42,High,False,Not Applicable,1.0
TRN-0004797,2026-11-16,Passenger,COR-04,SEC-08,Down,Decreasing KM,2026-11-16 17:42,2026-11-16 18:22,High,False,Not Applicable,1.0
TRN-0004798,2026-11-16,Express,COR-04,SEC-07,Down,Decreasing KM,2026-11-16 18:58,2026-11-16 19:32,High,False,Not Applicable,1.0
TRN-0004799,2026-11-16,MEMU,COR-04,SEC-07,Down,Decreasing KM,2026-11-16 20:23,2026-11-16 21:10,Medium,False,Not Applicable,1.0
TRN-0004800,2026-11-16,Superfast,COR-04,SEC-08,Down,Decreasing KM,2026-11-16 21:51,2026-11-16 22:51,Critical,False,Not Applicable,1.0
TRN-0004801,2026-11-17,Superfast,COR-01,SEC-02,Up,Increasing KM,2026-11-17 05:39,2026-11-17 06:18,Critical,False,Not Applicable,1.0
TRN-0004802,2026-11-17,Goods,COR-01,SEC-02,Up,Increasing KM,2026-11-17 07:01,2026-11-17 07:56,Medium,True,Scheduled,0.76
TRN-0004803,2026-11-17,Superfast,COR-01,SEC-02,Up,Increasing KM,2026-11-17 08:21,2026-11-17 08:47,Critical,False,Not Applicable,1.0
TRN-0004804,2026-11-17,Passenger,COR-01,SEC-02,Up,Increasing KM,2026-11-17 10:09,2026-11-17 11:00,High,False,Not Applicable,1.0
TRN-0004805,2026-11-17,Passenger,COR-01,SEC-01,Up,Increasing KM,2026-11-17 11:24,2026-11-17 11:51,High,False,Not Applicable,1.0
TRN-0004806,2026-11-17,Express,COR-01,SEC-02,Up,Increasing KM,2026-11-17 13:10,2026-11-17 13:45,High,False,Not Applicable,1.0
TRN-0004807,2026-11-17,Passenger,COR-01,SEC-01,Up,Increasing KM,2026-11-17 14:27,2026-11-17 15:24,High,False,Not Applicable,1.0
TRN-0004808,2026-11-17,Passenger,COR-01,SEC-01,Up,Increasing KM,2026-11-17 16:00,2026-11-17 16:46,High,False,Not Applicable,1.0
TRN-0004809,2026-11-17,Superfast,COR-01,SEC-02,Up,Increasing KM,2026-11-17 17:28,2026-11-17 18:13,Critical,False,Not Applicable,1.0
TRN-0004810,2026-11-17,Express,COR-01,SEC-01,Up,Increasing KM,2026-11-17 18:59,2026-11-17 19:52,High,False,Not Applicable,1.0
TRN-0004811,2026-11-17,Goods,COR-01,SEC-01,Up,Increasing KM,2026-11-17 20:22,2026-11-17 21:14,Medium,True,Forecasted,0.77
TRN-0004812,2026-11-17,Goods,COR-01,SEC-02,Up,Increasing KM,2026-11-17 22:01,2026-11-17 22:57,Medium,True,Forecasted,0.69
TRN-0004813,2026-11-17,Superfast,COR-01,SEC-02,Down,Decreasing KM,2026-11-17 05:19,2026-11-17 05:46,Critical,False,Not Applicable,1.0
TRN-0004814,2026-11-17,Superfast,COR-01,SEC-02,Down,Decreasing KM,2026-11-17 06:57,2026-11-17 07:31,Critical,False,Not Applicable,1.0
TRN-0004815,2026-11-17,Express,COR-01,SEC-02,Down,Decreasing KM,2026-11-17 08:23,2026-11-17 09:11,High,False,Not Applicable,1.0
TRN-0004816,2026-11-17,Superfast,COR-01,SEC-01,Down,Decreasing KM,2026-11-17 10:09,2026-11-17 11:07,Critical,False,Not Applicable,1.0
TRN-0004817,2026-11-17,MEMU,COR-01,SEC-01,Down,Decreasing KM,2026-11-17 11:27,2026-11-17 12:09,Medium,False,Not Applicable,1.0
TRN-0004818,2026-11-17,Express,COR-01,SEC-01,Down,Decreasing KM,2026-11-17 12:58,2026-11-17 13:25,High,False,Not Applicable,1.0
TRN-0004819,2026-11-17,Passenger,COR-01,SEC-01,Down,Decreasing KM,2026-11-17 14:28,2026-11-17 14:54,High,False,Not Applicable,1.0
TRN-0004820,2026-11-17,Goods,COR-01,SEC-01,Down,Decreasing KM,2026-11-17 15:55,2026-11-17 16:34,Medium,True,Forecasted,0.73
TRN-0004821,2026-11-17,Passenger,COR-01,SEC-02,Down,Decreasing KM,2026-11-17 17:40,2026-11-17 18:25,High,False,Not Applicable,1.0
TRN-0004822,2026-11-17,Passenger,COR-01,SEC-02,Down,Decreasing KM,2026-11-17 19:06,2026-11-17 19:41,High,False,Not Applicable,1.0
TRN-0004823,2026-11-17,Superfast,COR-01,SEC-01,Down,Decreasing KM,2026-11-17 20:21,2026-11-17 20:59,Critical,False,Not Applicable,1.0
TRN-0004824,2026-11-17,Goods,COR-01,SEC-01,Down,Decreasing KM,2026-11-17 21:53,2026-11-17 22:25,Medium,True,Forecasted,0.95
TRN-0004825,2026-11-17,MEMU,COR-02,SEC-03,Up,Increasing KM,2026-11-17 05:40,2026-11-17 06:19,Medium,False,Not Applicable,1.0
TRN-0004826,2026-11-17,Superfast,COR-02,SEC-03,Up,Increasing KM,2026-11-17 06:58,2026-11-17 07:34,Critical,False,Not Applicable,1.0
TRN-0004827,2026-11-17,Passenger,COR-02,SEC-03,Up,Increasing KM,2026-11-17 08:25,2026-11-17 09:12,High,False,Not Applicable,1.0
TRN-0004828,2026-11-17,Superfast,COR-02,SEC-04,Up,Increasing KM,2026-11-17 09:58,2026-11-17 10:57,Critical,False,Not Applicable,1.0
TRN-0004829,2026-11-17,Express,COR-02,SEC-03,Up,Increasing KM,2026-11-17 11:33,2026-11-17 12:13,High,False,Not Applicable,1.0
TRN-0004830,2026-11-17,Express,COR-02,SEC-03,Up,Increasing KM,2026-11-17 12:57,2026-11-17 13:33,High,False,Not Applicable,1.0
TRN-0004831,2026-11-17,Passenger,COR-02,SEC-03,Up,Increasing KM,2026-11-17 14:36,2026-11-17 15:32,High,False,Not Applicable,1.0
TRN-0004832,2026-11-17,Express,COR-02,SEC-04,Up,Increasing KM,2026-11-17 16:12,2026-11-17 16:39,High,False,Not Applicable,1.0
TRN-0004833,2026-11-17,Passenger,COR-02,SEC-03,Up,Increasing KM,2026-11-17 17:28,2026-11-17 18:23,High,False,Not Applicable,1.0
TRN-0004834,2026-11-17,Superfast,COR-02,SEC-04,Up,Increasing KM,2026-11-17 18:50,2026-11-17 19:33,Critical,False,Not Applicable,1.0
TRN-0004835,2026-11-17,Superfast,COR-02,SEC-04,Up,Increasing KM,2026-11-17 20:21,2026-11-17 20:46,Critical,False,Not Applicable,1.0
TRN-0004836,2026-11-17,Goods,COR-02,SEC-03,Up,Increasing KM,2026-11-17 22:09,2026-11-17 22:42,Medium,True,Forecasted,0.87
TRN-0004837,2026-11-17,Goods,COR-02,SEC-04,Down,Decreasing KM,2026-11-17 05:42,2026-11-17 06:25,Medium,True,Scheduled,0.84
TRN-0004838,2026-11-17,Goods,COR-02,SEC-03,Down,Decreasing KM,2026-11-17 07:05,2026-11-17 07:51,Medium,True,Forecasted,0.73
TRN-0004839,2026-11-17,Superfast,COR-02,SEC-04,Down,Decreasing KM,2026-11-17 08:35,2026-11-17 09:34,Critical,False,Not Applicable,1.0
TRN-0004840,2026-11-17,MEMU,COR-02,SEC-04,Down,Decreasing KM,2026-11-17 09:52,2026-11-17 10:41,Medium,False,Not Applicable,1.0
TRN-0004841,2026-11-17,Goods,COR-02,SEC-04,Down,Decreasing KM,2026-11-17 11:33,2026-11-17 12:32,Medium,True,Forecasted,0.92
TRN-0004842,2026-11-17,Express,COR-02,SEC-03,Down,Decreasing KM,2026-11-17 13:05,2026-11-17 13:43,High,False,Not Applicable,1.0
TRN-0004843,2026-11-17,Express,COR-02,SEC-04,Down,Decreasing KM,2026-11-17 14:20,2026-11-17 14:55,High,False,Not Applicable,1.0
TRN-0004844,2026-11-17,Express,COR-02,SEC-04,Down,Decreasing KM,2026-11-17 15:55,2026-11-17 16:21,High,False,Not Applicable,1.0
TRN-0004845,2026-11-17,Passenger,COR-02,SEC-03,Down,Decreasing KM,2026-11-17 17:40,2026-11-17 18:30,High,False,Not Applicable,1.0
TRN-0004846,2026-11-17,Express,COR-02,SEC-04,Down,Decreasing KM,2026-11-17 19:12,2026-11-17 20:01,High,False,Not Applicable,1.0
TRN-0004847,2026-11-17,Superfast,COR-02,SEC-03,Down,Decreasing KM,2026-11-17 20:22,2026-11-17 21:05,Critical,False,Not Applicable,1.0
TRN-0004848,2026-11-17,MEMU,COR-02,SEC-03,Down,Decreasing KM,2026-11-17 22:06,2026-11-17 22:36,Medium,False,Not Applicable,1.0
TRN-0004849,2026-11-17,Express,COR-03,SEC-06,Up,Increasing KM,2026-11-17 05:40,2026-11-17 06:12,High,False,Not Applicable,1.0
TRN-0004850,2026-11-17,MEMU,COR-03,SEC-06,Up,Increasing KM,2026-11-17 06:58,2026-11-17 07:29,Medium,False,Not Applicable,1.0
TRN-0004851,2026-11-17,Express,COR-03,SEC-05,Up,Increasing KM,2026-11-17 08:36,2026-11-17 09:06,High,False,Not Applicable,1.0
TRN-0004852,2026-11-17,Passenger,COR-03,SEC-06,Up,Increasing KM,2026-11-17 10:09,2026-11-17 11:02,High,False,Not Applicable,1.0
TRN-0004853,2026-11-17,Goods,COR-03,SEC-05,Up,Increasing KM,2026-11-17 11:31,2026-11-17 12:04,Medium,True,Forecasted,0.77
TRN-0004854,2026-11-17,MEMU,COR-03,SEC-06,Up,Increasing KM,2026-11-17 12:50,2026-11-17 13:31,Medium,False,Not Applicable,1.0
TRN-0004855,2026-11-17,Express,COR-03,SEC-05,Up,Increasing KM,2026-11-17 14:40,2026-11-17 15:08,High,False,Not Applicable,1.0
TRN-0004856,2026-11-17,Passenger,COR-03,SEC-05,Up,Increasing KM,2026-11-17 16:04,2026-11-17 16:42,High,False,Not Applicable,1.0
TRN-0004857,2026-11-17,Goods,COR-03,SEC-05,Up,Increasing KM,2026-11-17 17:40,2026-11-17 18:31,Medium,True,Forecasted,0.79
TRN-0004858,2026-11-17,Express,COR-03,SEC-06,Up,Increasing KM,2026-11-17 19:03,2026-11-17 19:46,High,False,Not Applicable,1.0
TRN-0004859,2026-11-17,Express,COR-03,SEC-06,Up,Increasing KM,2026-11-17 20:40,2026-11-17 21:15,High,False,Not Applicable,1.0
TRN-0004860,2026-11-17,Passenger,COR-03,SEC-06,Up,Increasing KM,2026-11-17 22:09,2026-11-17 22:57,High,False,Not Applicable,1.0
TRN-0004861,2026-11-17,MEMU,COR-03,SEC-05,Down,Decreasing KM,2026-11-17 05:21,2026-11-17 05:49,Medium,False,Not Applicable,1.0
TRN-0004862,2026-11-17,Superfast,COR-03,SEC-05,Down,Decreasing KM,2026-11-17 07:00,2026-11-17 07:44,Critical,False,Not Applicable,1.0
TRN-0004863,2026-11-17,Express,COR-03,SEC-05,Down,Decreasing KM,2026-11-17 08:28,2026-11-17 09:04,High,False,Not Applicable,1.0
TRN-0004864,2026-11-17,Goods,COR-03,SEC-05,Down,Decreasing KM,2026-11-17 09:52,2026-11-17 10:41,Medium,True,Forecasted,0.96
TRN-0004865,2026-11-17,Goods,COR-03,SEC-05,Down,Decreasing KM,2026-11-17 11:41,2026-11-17 12:23,Medium,True,Forecasted,0.72
TRN-0004866,2026-11-17,Express,COR-03,SEC-06,Down,Decreasing KM,2026-11-17 12:57,2026-11-17 13:33,High,False,Not Applicable,1.0
TRN-0004867,2026-11-17,Superfast,COR-03,SEC-06,Down,Decreasing KM,2026-11-17 14:19,2026-11-17 14:50,Critical,False,Not Applicable,1.0
TRN-0004868,2026-11-17,Goods,COR-03,SEC-06,Down,Decreasing KM,2026-11-17 15:59,2026-11-17 16:27,Medium,True,Forecasted,0.73
TRN-0004869,2026-11-17,Passenger,COR-03,SEC-06,Down,Decreasing KM,2026-11-17 17:42,2026-11-17 18:17,High,False,Not Applicable,1.0
TRN-0004870,2026-11-17,Express,COR-03,SEC-06,Down,Decreasing KM,2026-11-17 19:04,2026-11-17 19:39,High,False,Not Applicable,1.0
TRN-0004871,2026-11-17,Express,COR-03,SEC-06,Down,Decreasing KM,2026-11-17 20:33,2026-11-17 21:18,High,False,Not Applicable,1.0
TRN-0004872,2026-11-17,Express,COR-03,SEC-06,Down,Decreasing KM,2026-11-17 22:10,2026-11-17 22:41,High,False,Not Applicable,1.0
TRN-0004873,2026-11-17,Goods,COR-04,SEC-08,Up,Increasing KM,2026-11-17 05:23,2026-11-17 05:50,Medium,True,Forecasted,0.75
TRN-0004874,2026-11-17,Express,COR-04,SEC-08,Up,Increasing KM,2026-11-17 07:12,2026-11-17 07:43,High,False,Not Applicable,1.0
TRN-0004875,2026-11-17,Superfast,COR-04,SEC-08,Up,Increasing KM,2026-11-17 08:26,2026-11-17 09:03,Critical,False,Not Applicable,1.0
TRN-0004876,2026-11-17,Passenger,COR-04,SEC-08,Up,Increasing KM,2026-11-17 10:07,2026-11-17 10:57,High,False,Not Applicable,1.0
TRN-0004877,2026-11-17,Passenger,COR-04,SEC-08,Up,Increasing KM,2026-11-17 11:23,2026-11-17 11:51,High,False,Not Applicable,1.0
TRN-0004878,2026-11-17,Express,COR-04,SEC-07,Up,Increasing KM,2026-11-17 13:11,2026-11-17 13:36,High,False,Not Applicable,1.0
TRN-0004879,2026-11-17,MEMU,COR-04,SEC-08,Up,Increasing KM,2026-11-17 14:35,2026-11-17 15:26,Medium,False,Not Applicable,1.0
TRN-0004880,2026-11-17,Passenger,COR-04,SEC-07,Up,Increasing KM,2026-11-17 16:09,2026-11-17 16:39,High,False,Not Applicable,1.0
TRN-0004881,2026-11-17,Passenger,COR-04,SEC-08,Up,Increasing KM,2026-11-17 17:30,2026-11-17 18:10,High,False,Not Applicable,1.0
TRN-0004882,2026-11-17,Passenger,COR-04,SEC-08,Up,Increasing KM,2026-11-17 19:10,2026-11-17 19:59,High,False,Not Applicable,1.0
TRN-0004883,2026-11-17,Passenger,COR-04,SEC-08,Up,Increasing KM,2026-11-17 20:27,2026-11-17 21:10,High,False,Not Applicable,1.0
TRN-0004884,2026-11-17,Goods,COR-04,SEC-08,Up,Increasing KM,2026-11-17 21:59,2026-11-17 22:28,Medium,True,Forecasted,0.69
TRN-0004885,2026-11-17,Superfast,COR-04,SEC-07,Down,Decreasing KM,2026-11-17 05:30,2026-11-17 05:55,Critical,False,Not Applicable,1.0
TRN-0004886,2026-11-17,Goods,COR-04,SEC-08,Down,Decreasing KM,2026-11-17 07:05,2026-11-17 07:31,Medium,True,Scheduled,0.94
TRN-0004887,2026-11-17,Goods,COR-04,SEC-07,Down,Decreasing KM,2026-11-17 08:34,2026-11-17 09:18,Medium,True,Forecasted,0.71
TRN-0004888,2026-11-17,Passenger,COR-04,SEC-07,Down,Decreasing KM,2026-11-17 09:51,2026-11-17 10:22,High,False,Not Applicable,1.0
TRN-0004889,2026-11-17,Express,COR-04,SEC-08,Down,Decreasing KM,2026-11-17 11:26,2026-11-17 11:57,High,False,Not Applicable,1.0
TRN-0004890,2026-11-17,MEMU,COR-04,SEC-08,Down,Decreasing KM,2026-11-17 12:51,2026-11-17 13:41,Medium,False,Not Applicable,1.0
TRN-0004891,2026-11-17,MEMU,COR-04,SEC-07,Down,Decreasing KM,2026-11-17 14:26,2026-11-17 15:01,Medium,False,Not Applicable,1.0
TRN-0004892,2026-11-17,Goods,COR-04,SEC-08,Down,Decreasing KM,2026-11-17 15:53,2026-11-17 16:27,Medium,True,Scheduled,0.92
TRN-0004893,2026-11-17,Goods,COR-04,SEC-08,Down,Decreasing KM,2026-11-17 17:36,2026-11-17 18:31,Medium,True,Forecasted,0.94
TRN-0004894,2026-11-17,Passenger,COR-04,SEC-08,Down,Decreasing KM,2026-11-17 19:06,2026-11-17 19:52,High,False,Not Applicable,1.0
TRN-0004895,2026-11-17,Passenger,COR-04,SEC-07,Down,Decreasing KM,2026-11-17 20:38,2026-11-17 21:08,High,False,Not Applicable,1.0
TRN-0004896,2026-11-17,Superfast,COR-04,SEC-08,Down,Decreasing KM,2026-11-17 21:53,2026-11-17 22:44,Critical,False,Not Applicable,1.0
TRN-0004897,2026-11-18,Superfast,COR-01,SEC-02,Up,Increasing KM,2026-11-18 05:28,2026-11-18 06:05,Critical,False,Not Applicable,1.0
TRN-0004898,2026-11-18,MEMU,COR-01,SEC-01,Up,Increasing KM,2026-11-18 07:07,2026-11-18 07:50,Medium,False,Not Applicable,1.0
TRN-0004899,2026-11-18,Express,COR-01,SEC-01,Up,Increasing KM,2026-11-18 08:34,2026-11-18 09:27,High,False,Not Applicable,1.0
TRN-0004900,2026-11-18,Express,COR-01,SEC-02,Up,Increasing KM,2026-11-18 09:49,2026-11-18 10:29,High,False,Not Applicable,1.0
TRN-0004901,2026-11-18,Goods,COR-01,SEC-01,Up,Increasing KM,2026-11-18 11:26,2026-11-18 12:20,Medium,True,Scheduled,0.85
TRN-0004902,2026-11-18,Superfast,COR-01,SEC-01,Up,Increasing KM,2026-11-18 13:05,2026-11-18 13:55,Critical,False,Not Applicable,1.0
TRN-0004903,2026-11-18,Superfast,COR-01,SEC-02,Up,Increasing KM,2026-11-18 14:41,2026-11-18 15:12,Critical,False,Not Applicable,1.0
TRN-0004904,2026-11-18,Passenger,COR-01,SEC-02,Up,Increasing KM,2026-11-18 16:08,2026-11-18 16:41,High,False,Not Applicable,1.0
TRN-0004905,2026-11-18,Superfast,COR-01,SEC-02,Up,Increasing KM,2026-11-18 17:40,2026-11-18 18:35,Critical,False,Not Applicable,1.0
TRN-0004906,2026-11-18,Goods,COR-01,SEC-01,Up,Increasing KM,2026-11-18 19:11,2026-11-18 19:36,Medium,True,Forecasted,0.94
TRN-0004907,2026-11-18,Goods,COR-01,SEC-01,Up,Increasing KM,2026-11-18 20:40,2026-11-18 21:23,Medium,True,Forecasted,0.96
TRN-0004908,2026-11-18,MEMU,COR-01,SEC-02,Up,Increasing KM,2026-11-18 22:02,2026-11-18 22:29,Medium,False,Not Applicable,1.0
TRN-0004909,2026-11-18,MEMU,COR-01,SEC-02,Down,Decreasing KM,2026-11-18 05:27,2026-11-18 06:03,Medium,False,Not Applicable,1.0
TRN-0004910,2026-11-18,MEMU,COR-01,SEC-02,Down,Decreasing KM,2026-11-18 07:00,2026-11-18 07:46,Medium,False,Not Applicable,1.0
TRN-0004911,2026-11-18,Goods,COR-01,SEC-01,Down,Decreasing KM,2026-11-18 08:31,2026-11-18 09:06,Medium,True,Forecasted,0.66
TRN-0004912,2026-11-18,Passenger,COR-01,SEC-02,Down,Decreasing KM,2026-11-18 09:53,2026-11-18 10:41,High,False,Not Applicable,1.0
TRN-0004913,2026-11-18,Passenger,COR-01,SEC-02,Down,Decreasing KM,2026-11-18 11:32,2026-11-18 12:06,High,False,Not Applicable,1.0
TRN-0004914,2026-11-18,Express,COR-01,SEC-02,Down,Decreasing KM,2026-11-18 12:56,2026-11-18 13:27,High,False,Not Applicable,1.0
TRN-0004915,2026-11-18,Passenger,COR-01,SEC-01,Down,Decreasing KM,2026-11-18 14:18,2026-11-18 15:00,High,False,Not Applicable,1.0
TRN-0004916,2026-11-18,Passenger,COR-01,SEC-02,Down,Decreasing KM,2026-11-18 15:58,2026-11-18 16:28,High,False,Not Applicable,1.0
TRN-0004917,2026-11-18,Express,COR-01,SEC-02,Down,Decreasing KM,2026-11-18 17:32,2026-11-18 18:05,High,False,Not Applicable,1.0
TRN-0004918,2026-11-18,Goods,COR-01,SEC-01,Down,Decreasing KM,2026-11-18 18:50,2026-11-18 19:18,Medium,True,Forecasted,0.69
TRN-0004919,2026-11-18,MEMU,COR-01,SEC-02,Down,Decreasing KM,2026-11-18 20:37,2026-11-18 21:32,Medium,False,Not Applicable,1.0
TRN-0004920,2026-11-18,Passenger,COR-01,SEC-02,Down,Decreasing KM,2026-11-18 22:04,2026-11-18 22:53,High,False,Not Applicable,1.0
TRN-0004921,2026-11-18,MEMU,COR-02,SEC-04,Up,Increasing KM,2026-11-18 05:40,2026-11-18 06:39,Medium,False,Not Applicable,1.0
TRN-0004922,2026-11-18,Goods,COR-02,SEC-04,Up,Increasing KM,2026-11-18 06:52,2026-11-18 07:21,Medium,True,Forecasted,0.91
TRN-0004923,2026-11-18,Passenger,COR-02,SEC-04,Up,Increasing KM,2026-11-18 08:26,2026-11-18 09:17,High,False,Not Applicable,1.0
TRN-0004924,2026-11-18,Superfast,COR-02,SEC-03,Up,Increasing KM,2026-11-18 09:50,2026-11-18 10:26,Critical,False,Not Applicable,1.0
TRN-0004925,2026-11-18,Superfast,COR-02,SEC-03,Up,Increasing KM,2026-11-18 11:28,2026-11-18 12:06,Critical,False,Not Applicable,1.0
TRN-0004926,2026-11-18,Superfast,COR-02,SEC-03,Up,Increasing KM,2026-11-18 12:52,2026-11-18 13:19,Critical,False,Not Applicable,1.0
TRN-0004927,2026-11-18,Superfast,COR-02,SEC-04,Up,Increasing KM,2026-11-18 14:18,2026-11-18 14:54,Critical,False,Not Applicable,1.0
TRN-0004928,2026-11-18,Superfast,COR-02,SEC-03,Up,Increasing KM,2026-11-18 16:00,2026-11-18 16:30,Critical,False,Not Applicable,1.0
TRN-0004929,2026-11-18,Goods,COR-02,SEC-04,Up,Increasing KM,2026-11-18 17:42,2026-11-18 18:40,Medium,True,Scheduled,0.77
TRN-0004930,2026-11-18,Goods,COR-02,SEC-04,Up,Increasing KM,2026-11-18 19:04,2026-11-18 19:32,Medium,True,Forecasted,0.9
TRN-0004931,2026-11-18,Express,COR-02,SEC-03,Up,Increasing KM,2026-11-18 20:36,2026-11-18 21:19,High,False,Not Applicable,1.0
TRN-0004932,2026-11-18,Superfast,COR-02,SEC-03,Up,Increasing KM,2026-11-18 22:08,2026-11-18 22:46,Critical,False,Not Applicable,1.0
TRN-0004933,2026-11-18,Passenger,COR-02,SEC-04,Down,Decreasing KM,2026-11-18 05:27,2026-11-18 06:22,High,False,Not Applicable,1.0
TRN-0004934,2026-11-18,Express,COR-02,SEC-04,Down,Decreasing KM,2026-11-18 07:04,2026-11-18 07:54,High,False,Not Applicable,1.0
TRN-0004935,2026-11-18,MEMU,COR-02,SEC-04,Down,Decreasing KM,2026-11-18 08:38,2026-11-18 09:10,Medium,False,Not Applicable,1.0
TRN-0004936,2026-11-18,Superfast,COR-02,SEC-03,Down,Decreasing KM,2026-11-18 09:49,2026-11-18 10:38,Critical,False,Not Applicable,1.0
TRN-0004937,2026-11-18,Superfast,COR-02,SEC-04,Down,Decreasing KM,2026-11-18 11:37,2026-11-18 12:18,Critical,False,Not Applicable,1.0
TRN-0004938,2026-11-18,Passenger,COR-02,SEC-03,Down,Decreasing KM,2026-11-18 13:00,2026-11-18 13:51,High,False,Not Applicable,1.0
TRN-0004939,2026-11-18,Express,COR-02,SEC-03,Down,Decreasing KM,2026-11-18 14:21,2026-11-18 14:54,High,False,Not Applicable,1.0
TRN-0004940,2026-11-18,Passenger,COR-02,SEC-03,Down,Decreasing KM,2026-11-18 15:50,2026-11-18 16:17,High,False,Not Applicable,1.0
TRN-0004941,2026-11-18,Superfast,COR-02,SEC-04,Down,Decreasing KM,2026-11-18 17:26,2026-11-18 18:02,Critical,False,Not Applicable,1.0
TRN-0004942,2026-11-18,Superfast,COR-02,SEC-03,Down,Decreasing KM,2026-11-18 18:54,2026-11-18 19:54,Critical,False,Not Applicable,1.0
TRN-0004943,2026-11-18,Goods,COR-02,SEC-04,Down,Decreasing KM,2026-11-18 20:20,2026-11-18 21:05,Medium,True,Scheduled,0.89
TRN-0004944,2026-11-18,MEMU,COR-02,SEC-03,Down,Decreasing KM,2026-11-18 21:55,2026-11-18 22:21,Medium,False,Not Applicable,1.0
TRN-0004945,2026-11-18,Passenger,COR-03,SEC-05,Up,Increasing KM,2026-11-18 05:22,2026-11-18 06:17,High,False,Not Applicable,1.0
TRN-0004946,2026-11-18,Passenger,COR-03,SEC-05,Up,Increasing KM,2026-11-18 07:02,2026-11-18 07:29,High,False,Not Applicable,1.0
TRN-0004947,2026-11-18,Passenger,COR-03,SEC-05,Up,Increasing KM,2026-11-18 08:40,2026-11-18 09:25,High,False,Not Applicable,1.0
TRN-0004948,2026-11-18,Goods,COR-03,SEC-06,Up,Increasing KM,2026-11-18 09:58,2026-11-18 10:41,Medium,True,Forecasted,0.92
TRN-0004949,2026-11-18,MEMU,COR-03,SEC-06,Up,Increasing KM,2026-11-18 11:18,2026-11-18 11:48,Medium,False,Not Applicable,1.0
TRN-0004950,2026-11-18,MEMU,COR-03,SEC-05,Up,Increasing KM,2026-11-18 13:06,2026-11-18 13:47,Medium,False,Not Applicable,1.0
TRN-0004951,2026-11-18,Superfast,COR-03,SEC-05,Up,Increasing KM,2026-11-18 14:36,2026-11-18 15:34,Critical,False,Not Applicable,1.0
TRN-0004952,2026-11-18,Express,COR-03,SEC-06,Up,Increasing KM,2026-11-18 16:06,2026-11-18 16:39,High,False,Not Applicable,1.0
TRN-0004953,2026-11-18,MEMU,COR-03,SEC-05,Up,Increasing KM,2026-11-18 17:34,2026-11-18 18:29,Medium,False,Not Applicable,1.0
TRN-0004954,2026-11-18,MEMU,COR-03,SEC-05,Up,Increasing KM,2026-11-18 18:51,2026-11-18 19:33,Medium,False,Not Applicable,1.0
TRN-0004955,2026-11-18,Goods,COR-03,SEC-05,Up,Increasing KM,2026-11-18 20:20,2026-11-18 21:03,Medium,True,Forecasted,0.8
TRN-0004956,2026-11-18,Passenger,COR-03,SEC-06,Up,Increasing KM,2026-11-18 22:07,2026-11-18 22:41,High,False,Not Applicable,1.0
TRN-0004957,2026-11-18,Passenger,COR-03,SEC-06,Down,Decreasing KM,2026-11-18 05:20,2026-11-18 06:16,High,False,Not Applicable,1.0
TRN-0004958,2026-11-18,Passenger,COR-03,SEC-05,Down,Decreasing KM,2026-11-18 07:07,2026-11-18 07:44,High,False,Not Applicable,1.0
TRN-0004959,2026-11-18,Express,COR-03,SEC-06,Down,Decreasing KM,2026-11-18 08:26,2026-11-18 08:51,High,False,Not Applicable,1.0
TRN-0004960,2026-11-18,Express,COR-03,SEC-05,Down,Decreasing KM,2026-11-18 09:54,2026-11-18 10:36,High,False,Not Applicable,1.0
TRN-0004961,2026-11-18,Passenger,COR-03,SEC-06,Down,Decreasing KM,2026-11-18 11:37,2026-11-18 12:03,High,False,Not Applicable,1.0
TRN-0004962,2026-11-18,Superfast,COR-03,SEC-05,Down,Decreasing KM,2026-11-18 12:52,2026-11-18 13:26,Critical,False,Not Applicable,1.0
TRN-0004963,2026-11-18,Passenger,COR-03,SEC-05,Down,Decreasing KM,2026-11-18 14:35,2026-11-18 15:25,High,False,Not Applicable,1.0
TRN-0004964,2026-11-18,Express,COR-03,SEC-05,Down,Decreasing KM,2026-11-18 15:59,2026-11-18 16:44,High,False,Not Applicable,1.0
TRN-0004965,2026-11-18,Passenger,COR-03,SEC-05,Down,Decreasing KM,2026-11-18 17:37,2026-11-18 18:27,High,False,Not Applicable,1.0
TRN-0004966,2026-11-18,Passenger,COR-03,SEC-06,Down,Decreasing KM,2026-11-18 18:49,2026-11-18 19:45,High,False,Not Applicable,1.0
TRN-0004967,2026-11-18,Goods,COR-03,SEC-06,Down,Decreasing KM,2026-11-18 20:37,2026-11-18 21:18,Medium,True,Forecasted,0.67
TRN-0004968,2026-11-18,Goods,COR-03,SEC-06,Down,Decreasing KM,2026-11-18 21:53,2026-11-18 22:37,Medium,True,Forecasted,0.84
TRN-0004969,2026-11-18,Express,COR-04,SEC-07,Up,Increasing KM,2026-11-18 05:34,2026-11-18 06:00,High,False,Not Applicable,1.0
TRN-0004970,2026-11-18,MEMU,COR-04,SEC-08,Up,Increasing KM,2026-11-18 07:05,2026-11-18 07:37,Medium,False,Not Applicable,1.0
TRN-0004971,2026-11-18,Express,COR-04,SEC-07,Up,Increasing KM,2026-11-18 08:23,2026-11-18 09:00,High,False,Not Applicable,1.0
TRN-0004972,2026-11-18,MEMU,COR-04,SEC-07,Up,Increasing KM,2026-11-18 09:49,2026-11-18 10:16,Medium,False,Not Applicable,1.0
TRN-0004973,2026-11-18,Passenger,COR-04,SEC-08,Up,Increasing KM,2026-11-18 11:27,2026-11-18 12:24,High,False,Not Applicable,1.0
TRN-0004974,2026-11-18,Express,COR-04,SEC-07,Up,Increasing KM,2026-11-18 12:52,2026-11-18 13:29,High,False,Not Applicable,1.0
TRN-0004975,2026-11-18,Express,COR-04,SEC-08,Up,Increasing KM,2026-11-18 14:26,2026-11-18 15:19,High,False,Not Applicable,1.0
TRN-0004976,2026-11-18,Goods,COR-04,SEC-08,Up,Increasing KM,2026-11-18 15:55,2026-11-18 16:24,Medium,True,Forecasted,0.78
TRN-0004977,2026-11-18,MEMU,COR-04,SEC-08,Up,Increasing KM,2026-11-18 17:37,2026-11-18 18:33,Medium,False,Not Applicable,1.0
TRN-0004978,2026-11-18,Passenger,COR-04,SEC-07,Up,Increasing KM,2026-11-18 18:55,2026-11-18 19:31,High,False,Not Applicable,1.0
TRN-0004979,2026-11-18,Superfast,COR-04,SEC-08,Up,Increasing KM,2026-11-18 20:21,2026-11-18 21:13,Critical,False,Not Applicable,1.0
TRN-0004980,2026-11-18,MEMU,COR-04,SEC-07,Up,Increasing KM,2026-11-18 22:11,2026-11-18 22:39,Medium,False,Not Applicable,1.0
TRN-0004981,2026-11-18,MEMU,COR-04,SEC-08,Down,Decreasing KM,2026-11-18 05:24,2026-11-18 06:17,Medium,False,Not Applicable,1.0
TRN-0004982,2026-11-18,Goods,COR-04,SEC-08,Down,Decreasing KM,2026-11-18 07:03,2026-11-18 08:01,Medium,True,Forecasted,0.73
TRN-0004983,2026-11-18,Passenger,COR-04,SEC-07,Down,Decreasing KM,2026-11-18 08:29,2026-11-18 09:04,High,False,Not Applicable,1.0
TRN-0004984,2026-11-18,Passenger,COR-04,SEC-07,Down,Decreasing KM,2026-11-18 10:00,2026-11-18 10:55,High,False,Not Applicable,1.0
TRN-0004985,2026-11-18,Passenger,COR-04,SEC-07,Down,Decreasing KM,2026-11-18 11:34,2026-11-18 12:08,High,False,Not Applicable,1.0
TRN-0004986,2026-11-18,Passenger,COR-04,SEC-08,Down,Decreasing KM,2026-11-18 12:49,2026-11-18 13:27,High,False,Not Applicable,1.0
TRN-0004987,2026-11-18,Goods,COR-04,SEC-07,Down,Decreasing KM,2026-11-18 14:35,2026-11-18 15:30,Medium,True,Forecasted,0.81
TRN-0004988,2026-11-18,Superfast,COR-04,SEC-07,Down,Decreasing KM,2026-11-18 16:09,2026-11-18 16:39,Critical,False,Not Applicable,1.0
TRN-0004989,2026-11-18,Goods,COR-04,SEC-08,Down,Decreasing KM,2026-11-18 17:37,2026-11-18 18:20,Medium,True,Forecasted,0.94
TRN-0004990,2026-11-18,Express,COR-04,SEC-08,Down,Decreasing KM,2026-11-18 18:55,2026-11-18 19:50,High,False,Not Applicable,1.0
TRN-0004991,2026-11-18,Goods,COR-04,SEC-08,Down,Decreasing KM,2026-11-18 20:26,2026-11-18 21:26,Medium,True,Forecasted,0.82
TRN-0004992,2026-11-18,Passenger,COR-04,SEC-07,Down,Decreasing KM,2026-11-18 22:12,2026-11-18 23:03,High,False,Not Applicable,1.0
TRN-0004993,2026-11-19,Goods,COR-01,SEC-01,Up,Increasing KM,2026-11-19 05:29,2026-11-19 06:29,Medium,True,Forecasted,0.73
TRN-0004994,2026-11-19,Express,COR-01,SEC-01,Up,Increasing KM,2026-11-19 07:12,2026-11-19 08:08,High,False,Not Applicable,1.0
TRN-0004995,2026-11-19,Goods,COR-01,SEC-01,Up,Increasing KM,2026-11-19 08:31,2026-11-19 09:30,Medium,True,Forecasted,0.84
TRN-0004996,2026-11-19,Express,COR-01,SEC-02,Up,Increasing KM,2026-11-19 10:11,2026-11-19 10:50,High,False,Not Applicable,1.0
TRN-0004997,2026-11-19,Express,COR-01,SEC-02,Up,Increasing KM,2026-11-19 11:38,2026-11-19 12:18,High,False,Not Applicable,1.0
TRN-0004998,2026-11-19,MEMU,COR-01,SEC-02,Up,Increasing KM,2026-11-19 13:09,2026-11-19 13:40,Medium,False,Not Applicable,1.0
TRN-0004999,2026-11-19,Superfast,COR-01,SEC-01,Up,Increasing KM,2026-11-19 14:22,2026-11-19 15:18,Critical,False,Not Applicable,1.0
TRN-0005000,2026-11-19,Goods,COR-01,SEC-02,Up,Increasing KM,2026-11-19 16:07,2026-11-19 16:35,Medium,True,Forecasted,0.77
TRN-0005001,2026-11-19,Passenger,COR-01,SEC-02,Up,Increasing KM,2026-11-19 17:24,2026-11-19 17:49,High,False,Not Applicable,1.0
TRN-0005002,2026-11-19,Passenger,COR-01,SEC-01,Up,Increasing KM,2026-11-19 19:02,2026-11-19 19:27,High,False,Not Applicable,1.0
TRN-0005003,2026-11-19,MEMU,COR-01,SEC-01,Up,Increasing KM,2026-11-19 20:30,2026-11-19 21:01,Medium,False,Not Applicable,1.0
TRN-0005004,2026-11-19,Superfast,COR-01,SEC-01,Up,Increasing KM,2026-11-19 21:54,2026-11-19 22:43,Critical,False,Not Applicable,1.0
TRN-0005005,2026-11-19,Passenger,COR-01,SEC-01,Down,Decreasing KM,2026-11-19 05:38,2026-11-19 06:09,High,False,Not Applicable,1.0
TRN-0005006,2026-11-19,Express,COR-01,SEC-01,Down,Decreasing KM,2026-11-19 06:54,2026-11-19 07:31,High,False,Not Applicable,1.0
TRN-0005007,2026-11-19,Passenger,COR-01,SEC-01,Down,Decreasing KM,2026-11-19 08:34,2026-11-19 09:02,High,False,Not Applicable,1.0
TRN-0005008,2026-11-19,Passenger,COR-01,SEC-02,Down,Decreasing KM,2026-11-19 09:56,2026-11-19 10:45,High,False,Not Applicable,1.0
TRN-0005009,2026-11-19,Express,COR-01,SEC-02,Down,Decreasing KM,2026-11-19 11:28,2026-11-19 12:10,High,False,Not Applicable,1.0
TRN-0005010,2026-11-19,Goods,COR-01,SEC-02,Down,Decreasing KM,2026-11-19 12:56,2026-11-19 13:22,Medium,True,Scheduled,0.97
TRN-0005011,2026-11-19,Passenger,COR-01,SEC-01,Down,Decreasing KM,2026-11-19 14:40,2026-11-19 15:38,High,False,Not Applicable,1.0
TRN-0005012,2026-11-19,Express,COR-01,SEC-02,Down,Decreasing KM,2026-11-19 16:00,2026-11-19 16:46,High,False,Not Applicable,1.0
TRN-0005013,2026-11-19,MEMU,COR-01,SEC-02,Down,Decreasing KM,2026-11-19 17:30,2026-11-19 18:28,Medium,False,Not Applicable,1.0
TRN-0005014,2026-11-19,Passenger,COR-01,SEC-02,Down,Decreasing KM,2026-11-19 19:09,2026-11-19 20:08,High,False,Not Applicable,1.0
TRN-0005015,2026-11-19,MEMU,COR-01,SEC-01,Down,Decreasing KM,2026-11-19 20:34,2026-11-19 21:21,Medium,False,Not Applicable,1.0
TRN-0005016,2026-11-19,Express,COR-01,SEC-01,Down,Decreasing KM,2026-11-19 21:51,2026-11-19 22:30,High,False,Not Applicable,1.0
TRN-0005017,2026-11-19,Passenger,COR-02,SEC-03,Up,Increasing KM,2026-11-19 05:42,2026-11-19 06:42,High,False,Not Applicable,1.0
TRN-0005018,2026-11-19,Goods,COR-02,SEC-03,Up,Increasing KM,2026-11-19 06:58,2026-11-19 07:30,Medium,True,Forecasted,0.71
TRN-0005019,2026-11-19,Passenger,COR-02,SEC-03,Up,Increasing KM,2026-11-19 08:22,2026-11-19 08:48,High,False,Not Applicable,1.0
TRN-0005020,2026-11-19,Goods,COR-02,SEC-04,Up,Increasing KM,2026-11-19 09:50,2026-11-19 10:26,Medium,True,Forecasted,0.88
TRN-0005021,2026-11-19,Passenger,COR-02,SEC-03,Up,Increasing KM,2026-11-19 11:32,2026-11-19 12:26,High,False,Not Applicable,1.0
TRN-0005022,2026-11-19,Passenger,COR-02,SEC-04,Up,Increasing KM,2026-11-19 12:48,2026-11-19 13:31,High,False,Not Applicable,1.0
TRN-0005023,2026-11-19,Passenger,COR-02,SEC-04,Up,Increasing KM,2026-11-19 14:20,2026-11-19 14:47,High,False,Not Applicable,1.0
TRN-0005024,2026-11-19,Express,COR-02,SEC-04,Up,Increasing KM,2026-11-19 15:54,2026-11-19 16:45,High,False,Not Applicable,1.0
TRN-0005025,2026-11-19,Superfast,COR-02,SEC-04,Up,Increasing KM,2026-11-19 17:31,2026-11-19 18:01,Critical,False,Not Applicable,1.0
TRN-0005026,2026-11-19,Goods,COR-02,SEC-03,Up,Increasing KM,2026-11-19 18:59,2026-11-19 19:26,Medium,True,Forecasted,0.97
TRN-0005027,2026-11-19,Express,COR-02,SEC-04,Up,Increasing KM,2026-11-19 20:30,2026-11-19 20:58,High,False,Not Applicable,1.0
TRN-0005028,2026-11-19,Superfast,COR-02,SEC-03,Up,Increasing KM,2026-11-19 22:00,2026-11-19 22:26,Critical,False,Not Applicable,1.0
TRN-0005029,2026-11-19,Goods,COR-02,SEC-04,Down,Decreasing KM,2026-11-19 05:32,2026-11-19 06:14,Medium,True,Forecasted,0.69
TRN-0005030,2026-11-19,Superfast,COR-02,SEC-03,Down,Decreasing KM,2026-11-19 06:58,2026-11-19 07:56,Critical,False,Not Applicable,1.0
TRN-0005031,2026-11-19,MEMU,COR-02,SEC-03,Down,Decreasing KM,2026-11-19 08:38,2026-11-19 09:34,Medium,False,Not Applicable,1.0
TRN-0005032,2026-11-19,Passenger,COR-02,SEC-03,Down,Decreasing KM,2026-11-19 09:49,2026-11-19 10:43,High,False,Not Applicable,1.0
TRN-0005033,2026-11-19,Goods,COR-02,SEC-03,Down,Decreasing KM,2026-11-19 11:28,2026-11-19 12:28,Medium,True,Scheduled,0.75
TRN-0005034,2026-11-19,Passenger,COR-02,SEC-04,Down,Decreasing KM,2026-11-19 12:51,2026-11-19 13:32,High,False,Not Applicable,1.0
TRN-0005035,2026-11-19,Passenger,COR-02,SEC-04,Down,Decreasing KM,2026-11-19 14:19,2026-11-19 15:00,High,False,Not Applicable,1.0
TRN-0005036,2026-11-19,Express,COR-02,SEC-04,Down,Decreasing KM,2026-11-19 15:59,2026-11-19 16:46,High,False,Not Applicable,1.0
TRN-0005037,2026-11-19,Passenger,COR-02,SEC-04,Down,Decreasing KM,2026-11-19 17:36,2026-11-19 18:25,High,False,Not Applicable,1.0
TRN-0005038,2026-11-19,Express,COR-02,SEC-03,Down,Decreasing KM,2026-11-19 18:51,2026-11-19 19:49,High,False,Not Applicable,1.0
TRN-0005039,2026-11-19,Express,COR-02,SEC-04,Down,Decreasing KM,2026-11-19 20:39,2026-11-19 21:21,High,False,Not Applicable,1.0
TRN-0005040,2026-11-19,Superfast,COR-02,SEC-03,Down,Decreasing KM,2026-11-19 22:00,2026-11-19 22:31,Critical,False,Not Applicable,1.0
TRN-0005041,2026-11-19,Goods,COR-03,SEC-06,Up,Increasing KM,2026-11-19 05:22,2026-11-19 05:56,Medium,True,Forecasted,0.67
TRN-0005042,2026-11-19,Express,COR-03,SEC-05,Up,Increasing KM,2026-11-19 07:08,2026-11-19 08:07,High,False,Not Applicable,1.0
TRN-0005043,2026-11-19,Passenger,COR-03,SEC-06,Up,Increasing KM,2026-11-19 08:29,2026-11-19 08:58,High,False,Not Applicable,1.0
TRN-0005044,2026-11-19,Goods,COR-03,SEC-06,Up,Increasing KM,2026-11-19 10:03,2026-11-19 11:00,Medium,True,Forecasted,0.85
TRN-0005045,2026-11-19,Superfast,COR-03,SEC-06,Up,Increasing KM,2026-11-19 11:32,2026-11-19 11:59,Critical,False,Not Applicable,1.0
TRN-0005046,2026-11-19,Goods,COR-03,SEC-06,Up,Increasing KM,2026-11-19 13:08,2026-11-19 13:43,Medium,True,Forecasted,0.71
TRN-0005047,2026-11-19,Passenger,COR-03,SEC-06,Up,Increasing KM,2026-11-19 14:23,2026-11-19 15:04,High,False,Not Applicable,1.0
TRN-0005048,2026-11-19,Express,COR-03,SEC-05,Up,Increasing KM,2026-11-19 15:52,2026-11-19 16:33,High,False,Not Applicable,1.0
TRN-0005049,2026-11-19,MEMU,COR-03,SEC-05,Up,Increasing KM,2026-11-19 17:36,2026-11-19 18:13,Medium,False,Not Applicable,1.0
TRN-0005050,2026-11-19,Passenger,COR-03,SEC-06,Up,Increasing KM,2026-11-19 18:58,2026-11-19 19:42,High,False,Not Applicable,1.0
TRN-0005051,2026-11-19,Goods,COR-03,SEC-05,Up,Increasing KM,2026-11-19 20:38,2026-11-19 21:14,Medium,True,Forecasted,0.7
TRN-0005052,2026-11-19,Superfast,COR-03,SEC-06,Up,Increasing KM,2026-11-19 21:51,2026-11-19 22:28,Critical,False,Not Applicable,1.0
TRN-0005053,2026-11-19,Passenger,COR-03,SEC-06,Down,Decreasing KM,2026-11-19 05:35,2026-11-19 06:29,High,False,Not Applicable,1.0
TRN-0005054,2026-11-19,Express,COR-03,SEC-06,Down,Decreasing KM,2026-11-19 07:05,2026-11-19 07:45,High,False,Not Applicable,1.0
TRN-0005055,2026-11-19,Superfast,COR-03,SEC-05,Down,Decreasing KM,2026-11-19 08:34,2026-11-19 09:28,Critical,False,Not Applicable,1.0
TRN-0005056,2026-11-19,MEMU,COR-03,SEC-05,Down,Decreasing KM,2026-11-19 09:52,2026-11-19 10:48,Medium,False,Not Applicable,1.0
TRN-0005057,2026-11-19,Express,COR-03,SEC-05,Down,Decreasing KM,2026-11-19 11:29,2026-11-19 12:12,High,False,Not Applicable,1.0
TRN-0005058,2026-11-19,Passenger,COR-03,SEC-05,Down,Decreasing KM,2026-11-19 12:55,2026-11-19 13:44,High,False,Not Applicable,1.0
TRN-0005059,2026-11-19,Goods,COR-03,SEC-05,Down,Decreasing KM,2026-11-19 14:37,2026-11-19 15:34,Medium,True,Forecasted,0.7
TRN-0005060,2026-11-19,Goods,COR-03,SEC-06,Down,Decreasing KM,2026-11-19 15:56,2026-11-19 16:51,Medium,True,Scheduled,0.91
TRN-0005061,2026-11-19,Superfast,COR-03,SEC-05,Down,Decreasing KM,2026-11-19 17:28,2026-11-19 18:28,Critical,False,Not Applicable,1.0
TRN-0005062,2026-11-19,Superfast,COR-03,SEC-05,Down,Decreasing KM,2026-11-19 18:59,2026-11-19 19:44,Critical,False,Not Applicable,1.0
TRN-0005063,2026-11-19,Goods,COR-03,SEC-06,Down,Decreasing KM,2026-11-19 20:37,2026-11-19 21:29,Medium,True,Forecasted,0.85
TRN-0005064,2026-11-19,Superfast,COR-03,SEC-05,Down,Decreasing KM,2026-11-19 22:05,2026-11-19 22:35,Critical,False,Not Applicable,1.0
TRN-0005065,2026-11-19,Express,COR-04,SEC-07,Up,Increasing KM,2026-11-19 05:41,2026-11-19 06:13,High,False,Not Applicable,1.0
TRN-0005066,2026-11-19,Goods,COR-04,SEC-07,Up,Increasing KM,2026-11-19 06:58,2026-11-19 07:25,Medium,True,Scheduled,0.83
TRN-0005067,2026-11-19,Goods,COR-04,SEC-07,Up,Increasing KM,2026-11-19 08:28,2026-11-19 08:56,Medium,True,Forecasted,0.9
TRN-0005068,2026-11-19,Superfast,COR-04,SEC-08,Up,Increasing KM,2026-11-19 10:04,2026-11-19 11:03,Critical,False,Not Applicable,1.0
TRN-0005069,2026-11-19,Goods,COR-04,SEC-08,Up,Increasing KM,2026-11-19 11:32,2026-11-19 12:19,Medium,True,Scheduled,0.96
TRN-0005070,2026-11-19,Passenger,COR-04,SEC-08,Up,Increasing KM,2026-11-19 12:57,2026-11-19 13:40,High,False,Not Applicable,1.0
TRN-0005071,2026-11-19,Passenger,COR-04,SEC-08,Up,Increasing KM,2026-11-19 14:25,2026-11-19 15:25,High,False,Not Applicable,1.0
TRN-0005072,2026-11-19,MEMU,COR-04,SEC-08,Up,Increasing KM,2026-11-19 16:00,2026-11-19 16:50,Medium,False,Not Applicable,1.0
TRN-0005073,2026-11-19,Express,COR-04,SEC-08,Up,Increasing KM,2026-11-19 17:19,2026-11-19 18:17,High,False,Not Applicable,1.0
TRN-0005074,2026-11-19,Passenger,COR-04,SEC-08,Up,Increasing KM,2026-11-19 18:52,2026-11-19 19:20,High,False,Not Applicable,1.0
TRN-0005075,2026-11-19,Goods,COR-04,SEC-08,Up,Increasing KM,2026-11-19 20:19,2026-11-19 21:03,Medium,True,Forecasted,0.68
TRN-0005076,2026-11-19,Passenger,COR-04,SEC-07,Up,Increasing KM,2026-11-19 21:51,2026-11-19 22:39,High,False,Not Applicable,1.0
TRN-0005077,2026-11-19,Passenger,COR-04,SEC-08,Down,Decreasing KM,2026-11-19 05:26,2026-11-19 05:57,High,False,Not Applicable,1.0
TRN-0005078,2026-11-19,Passenger,COR-04,SEC-08,Down,Decreasing KM,2026-11-19 07:05,2026-11-19 07:31,High,False,Not Applicable,1.0
TRN-0005079,2026-11-19,Goods,COR-04,SEC-07,Down,Decreasing KM,2026-11-19 08:25,2026-11-19 09:07,Medium,True,Scheduled,0.82
TRN-0005080,2026-11-19,Express,COR-04,SEC-07,Down,Decreasing KM,2026-11-19 10:08,2026-11-19 10:58,High,False,Not Applicable,1.0
TRN-0005081,2026-11-19,Superfast,COR-04,SEC-08,Down,Decreasing KM,2026-11-19 11:41,2026-11-19 12:30,Critical,False,Not Applicable,1.0
TRN-0005082,2026-11-19,Superfast,COR-04,SEC-07,Down,Decreasing KM,2026-11-19 12:51,2026-11-19 13:35,Critical,False,Not Applicable,1.0
TRN-0005083,2026-11-19,Goods,COR-04,SEC-07,Down,Decreasing KM,2026-11-19 14:24,2026-11-19 15:06,Medium,True,Forecasted,0.9
TRN-0005084,2026-11-19,Passenger,COR-04,SEC-08,Down,Decreasing KM,2026-11-19 15:49,2026-11-19 16:26,High,False,Not Applicable,1.0
TRN-0005085,2026-11-19,Passenger,COR-04,SEC-08,Down,Decreasing KM,2026-11-19 17:35,2026-11-19 18:31,High,False,Not Applicable,1.0
TRN-0005086,2026-11-19,Passenger,COR-04,SEC-07,Down,Decreasing KM,2026-11-19 19:10,2026-11-19 20:05,High,False,Not Applicable,1.0
TRN-0005087,2026-11-19,Passenger,COR-04,SEC-07,Down,Decreasing KM,2026-11-19 20:33,2026-11-19 21:09,High,False,Not Applicable,1.0
TRN-0005088,2026-11-19,Goods,COR-04,SEC-08,Down,Decreasing KM,2026-11-19 21:51,2026-11-19 22:27,Medium,True,Forecasted,0.74
TRN-0005089,2026-11-20,Passenger,COR-01,SEC-01,Up,Increasing KM,2026-11-20 05:36,2026-11-20 06:17,High,False,Not Applicable,1.0
TRN-0005090,2026-11-20,Superfast,COR-01,SEC-01,Up,Increasing KM,2026-11-20 06:49,2026-11-20 07:33,Critical,False,Not Applicable,1.0
TRN-0005091,2026-11-20,Goods,COR-01,SEC-02,Up,Increasing KM,2026-11-20 08:28,2026-11-20 09:05,Medium,True,Scheduled,0.77
TRN-0005092,2026-11-20,Passenger,COR-01,SEC-02,Up,Increasing KM,2026-11-20 09:55,2026-11-20 10:50,High,False,Not Applicable,1.0
TRN-0005093,2026-11-20,Passenger,COR-01,SEC-01,Up,Increasing KM,2026-11-20 11:30,2026-11-20 12:06,High,False,Not Applicable,1.0
TRN-0005094,2026-11-20,Superfast,COR-01,SEC-02,Up,Increasing KM,2026-11-20 12:48,2026-11-20 13:16,Critical,False,Not Applicable,1.0
TRN-0005095,2026-11-20,Passenger,COR-01,SEC-02,Up,Increasing KM,2026-11-20 14:28,2026-11-20 15:15,High,False,Not Applicable,1.0
TRN-0005096,2026-11-20,MEMU,COR-01,SEC-01,Up,Increasing KM,2026-11-20 16:07,2026-11-20 16:58,Medium,False,Not Applicable,1.0
TRN-0005097,2026-11-20,Express,COR-01,SEC-02,Up,Increasing KM,2026-11-20 17:39,2026-11-20 18:16,High,False,Not Applicable,1.0
TRN-0005098,2026-11-20,Passenger,COR-01,SEC-02,Up,Increasing KM,2026-11-20 18:54,2026-11-20 19:19,High,False,Not Applicable,1.0
TRN-0005099,2026-11-20,Express,COR-01,SEC-01,Up,Increasing KM,2026-11-20 20:28,2026-11-20 21:22,High,False,Not Applicable,1.0
TRN-0005100,2026-11-20,MEMU,COR-01,SEC-02,Up,Increasing KM,2026-11-20 22:05,2026-11-20 22:38,Medium,False,Not Applicable,1.0
TRN-0005101,2026-11-20,Goods,COR-01,SEC-01,Down,Decreasing KM,2026-11-20 05:32,2026-11-20 06:19,Medium,True,Scheduled,0.89
TRN-0005102,2026-11-20,Superfast,COR-01,SEC-01,Down,Decreasing KM,2026-11-20 06:49,2026-11-20 07:24,Critical,False,Not Applicable,1.0
TRN-0005103,2026-11-20,MEMU,COR-01,SEC-02,Down,Decreasing KM,2026-11-20 08:19,2026-11-20 09:15,Medium,False,Not Applicable,1.0
TRN-0005104,2026-11-20,Passenger,COR-01,SEC-02,Down,Decreasing KM,2026-11-20 10:10,2026-11-20 10:50,High,False,Not Applicable,1.0
TRN-0005105,2026-11-20,Goods,COR-01,SEC-02,Down,Decreasing KM,2026-11-20 11:34,2026-11-20 12:26,Medium,True,Scheduled,0.9
TRN-0005106,2026-11-20,Express,COR-01,SEC-01,Down,Decreasing KM,2026-11-20 12:48,2026-11-20 13:25,High,False,Not Applicable,1.0
TRN-0005107,2026-11-20,Goods,COR-01,SEC-02,Down,Decreasing KM,2026-11-20 14:20,2026-11-20 14:56,Medium,True,Forecasted,0.66
TRN-0005108,2026-11-20,Goods,COR-01,SEC-02,Down,Decreasing KM,2026-11-20 16:00,2026-11-20 16:39,Medium,True,Forecasted,0.67
TRN-0005109,2026-11-20,MEMU,COR-01,SEC-02,Down,Decreasing KM,2026-11-20 17:35,2026-11-20 18:13,Medium,False,Not Applicable,1.0
TRN-0005110,2026-11-20,Express,COR-01,SEC-02,Down,Decreasing KM,2026-11-20 18:58,2026-11-20 19:23,High,False,Not Applicable,1.0
TRN-0005111,2026-11-20,MEMU,COR-01,SEC-01,Down,Decreasing KM,2026-11-20 20:39,2026-11-20 21:31,Medium,False,Not Applicable,1.0
TRN-0005112,2026-11-20,Passenger,COR-01,SEC-02,Down,Decreasing KM,2026-11-20 22:04,2026-11-20 22:34,High,False,Not Applicable,1.0
TRN-0005113,2026-11-20,Passenger,COR-02,SEC-04,Up,Increasing KM,2026-11-20 05:42,2026-11-20 06:40,High,False,Not Applicable,1.0
TRN-0005114,2026-11-20,Passenger,COR-02,SEC-04,Up,Increasing KM,2026-11-20 07:09,2026-11-20 07:59,High,False,Not Applicable,1.0
TRN-0005115,2026-11-20,Superfast,COR-02,SEC-03,Up,Increasing KM,2026-11-20 08:35,2026-11-20 09:25,Critical,False,Not Applicable,1.0
TRN-0005116,2026-11-20,MEMU,COR-02,SEC-04,Up,Increasing KM,2026-11-20 10:07,2026-11-20 10:42,Medium,False,Not Applicable,1.0
TRN-0005117,2026-11-20,Superfast,COR-02,SEC-04,Up,Increasing KM,2026-11-20 11:37,2026-11-20 12:29,Critical,False,Not Applicable,1.0
TRN-0005118,2026-11-20,Superfast,COR-02,SEC-04,Up,Increasing KM,2026-11-20 13:09,2026-11-20 13:52,Critical,False,Not Applicable,1.0
TRN-0005119,2026-11-20,Passenger,COR-02,SEC-03,Up,Increasing KM,2026-11-20 14:31,2026-11-20 14:58,High,False,Not Applicable,1.0
TRN-0005120,2026-11-20,Superfast,COR-02,SEC-03,Up,Increasing KM,2026-11-20 16:03,2026-11-20 17:02,Critical,False,Not Applicable,1.0
TRN-0005121,2026-11-20,Superfast,COR-02,SEC-03,Up,Increasing KM,2026-11-20 17:29,2026-11-20 18:29,Critical,False,Not Applicable,1.0
TRN-0005122,2026-11-20,MEMU,COR-02,SEC-03,Up,Increasing KM,2026-11-20 19:03,2026-11-20 19:59,Medium,False,Not Applicable,1.0
TRN-0005123,2026-11-20,Express,COR-02,SEC-04,Up,Increasing KM,2026-11-20 20:27,2026-11-20 21:09,High,False,Not Applicable,1.0
TRN-0005124,2026-11-20,Goods,COR-02,SEC-03,Up,Increasing KM,2026-11-20 21:51,2026-11-20 22:24,Medium,True,Forecasted,0.68
TRN-0005125,2026-11-20,Express,COR-02,SEC-04,Down,Decreasing KM,2026-11-20 05:35,2026-11-20 06:16,High,False,Not Applicable,1.0
TRN-0005126,2026-11-20,Goods,COR-02,SEC-03,Down,Decreasing KM,2026-11-20 06:48,2026-11-20 07:48,Medium,True,Forecasted,0.78
TRN-0005127,2026-11-20,MEMU,COR-02,SEC-04,Down,Decreasing KM,2026-11-20 08:37,2026-11-20 09:29,Medium,False,Not Applicable,1.0
TRN-0005128,2026-11-20,Superfast,COR-02,SEC-03,Down,Decreasing KM,2026-11-20 09:48,2026-11-20 10:31,Critical,False,Not Applicable,1.0
TRN-0005129,2026-11-20,Passenger,COR-02,SEC-03,Down,Decreasing KM,2026-11-20 11:42,2026-11-20 12:32,High,False,Not Applicable,1.0
TRN-0005130,2026-11-20,Passenger,COR-02,SEC-04,Down,Decreasing KM,2026-11-20 12:52,2026-11-20 13:35,High,False,Not Applicable,1.0
TRN-0005131,2026-11-20,Passenger,COR-02,SEC-04,Down,Decreasing KM,2026-11-20 14:28,2026-11-20 15:28,High,False,Not Applicable,1.0
TRN-0005132,2026-11-20,Goods,COR-02,SEC-04,Down,Decreasing KM,2026-11-20 16:05,2026-11-20 16:46,Medium,True,Forecasted,0.94
TRN-0005133,2026-11-20,Goods,COR-02,SEC-04,Down,Decreasing KM,2026-11-20 17:39,2026-11-20 18:12,Medium,True,Forecasted,0.65
TRN-0005134,2026-11-20,Express,COR-02,SEC-04,Down,Decreasing KM,2026-11-20 18:57,2026-11-20 19:32,High,False,Not Applicable,1.0
TRN-0005135,2026-11-20,Express,COR-02,SEC-03,Down,Decreasing KM,2026-11-20 20:42,2026-11-20 21:39,High,False,Not Applicable,1.0
TRN-0005136,2026-11-20,Passenger,COR-02,SEC-03,Down,Decreasing KM,2026-11-20 21:48,2026-11-20 22:43,High,False,Not Applicable,1.0
TRN-0005137,2026-11-20,Express,COR-03,SEC-06,Up,Increasing KM,2026-11-20 05:33,2026-11-20 06:22,High,False,Not Applicable,1.0
TRN-0005138,2026-11-20,Goods,COR-03,SEC-05,Up,Increasing KM,2026-11-20 06:55,2026-11-20 07:32,Medium,True,Scheduled,0.79
TRN-0005139,2026-11-20,Passenger,COR-03,SEC-06,Up,Increasing KM,2026-11-20 08:38,2026-11-20 09:17,High,False,Not Applicable,1.0
TRN-0005140,2026-11-20,Goods,COR-03,SEC-06,Up,Increasing KM,2026-11-20 09:54,2026-11-20 10:27,Medium,True,Forecasted,0.78
TRN-0005141,2026-11-20,Goods,COR-03,SEC-05,Up,Increasing KM,2026-11-20 11:25,2026-11-20 12:13,Medium,True,Scheduled,0.66
TRN-0005142,2026-11-20,Goods,COR-03,SEC-05,Up,Increasing KM,2026-11-20 13:12,2026-11-20 13:38,Medium,True,Scheduled,0.91
TRN-0005143,2026-11-20,Express,COR-03,SEC-05,Up,Increasing KM,2026-11-20 14:41,2026-11-20 15:36,High,False,Not Applicable,1.0
TRN-0005144,2026-11-20,Express,COR-03,SEC-06,Up,Increasing KM,2026-11-20 16:02,2026-11-20 16:29,High,False,Not Applicable,1.0
TRN-0005145,2026-11-20,Passenger,COR-03,SEC-05,Up,Increasing KM,2026-11-20 17:22,2026-11-20 17:55,High,False,Not Applicable,1.0
TRN-0005146,2026-11-20,Superfast,COR-03,SEC-06,Up,Increasing KM,2026-11-20 18:51,2026-11-20 19:42,Critical,False,Not Applicable,1.0
TRN-0005147,2026-11-20,Superfast,COR-03,SEC-05,Up,Increasing KM,2026-11-20 20:42,2026-11-20 21:39,Critical,False,Not Applicable,1.0
TRN-0005148,2026-11-20,Goods,COR-03,SEC-05,Up,Increasing KM,2026-11-20 21:54,2026-11-20 22:46,Medium,True,Forecasted,0.84
TRN-0005149,2026-11-20,Passenger,COR-03,SEC-06,Down,Decreasing KM,2026-11-20 05:37,2026-11-20 06:14,High,False,Not Applicable,1.0
TRN-0005150,2026-11-20,Express,COR-03,SEC-06,Down,Decreasing KM,2026-11-20 06:49,2026-11-20 07:19,High,False,Not Applicable,1.0
TRN-0005151,2026-11-20,MEMU,COR-03,SEC-05,Down,Decreasing KM,2026-11-20 08:23,2026-11-20 09:11,Medium,False,Not Applicable,1.0
TRN-0005152,2026-11-20,MEMU,COR-03,SEC-06,Down,Decreasing KM,2026-11-20 09:49,2026-11-20 10:42,Medium,False,Not Applicable,1.0
TRN-0005153,2026-11-20,Passenger,COR-03,SEC-05,Down,Decreasing KM,2026-11-20 11:37,2026-11-20 12:25,High,False,Not Applicable,1.0
TRN-0005154,2026-11-20,Superfast,COR-03,SEC-06,Down,Decreasing KM,2026-11-20 13:06,2026-11-20 14:00,Critical,False,Not Applicable,1.0
TRN-0005155,2026-11-20,Goods,COR-03,SEC-05,Down,Decreasing KM,2026-11-20 14:19,2026-11-20 15:16,Medium,True,Forecasted,0.79
TRN-0005156,2026-11-20,Express,COR-03,SEC-05,Down,Decreasing KM,2026-11-20 15:50,2026-11-20 16:45,High,False,Not Applicable,1.0
TRN-0005157,2026-11-20,Passenger,COR-03,SEC-05,Down,Decreasing KM,2026-11-20 17:24,2026-11-20 18:14,High,False,Not Applicable,1.0
TRN-0005158,2026-11-20,Goods,COR-03,SEC-06,Down,Decreasing KM,2026-11-20 18:54,2026-11-20 19:49,Medium,True,Forecasted,0.88
TRN-0005159,2026-11-20,Goods,COR-03,SEC-05,Down,Decreasing KM,2026-11-20 20:30,2026-11-20 21:23,Medium,True,Forecasted,0.74
TRN-0005160,2026-11-20,Goods,COR-03,SEC-06,Down,Decreasing KM,2026-11-20 22:00,2026-11-20 22:46,Medium,True,Forecasted,0.69
TRN-0005161,2026-11-20,Express,COR-04,SEC-08,Up,Increasing KM,2026-11-20 05:18,2026-11-20 05:53,High,False,Not Applicable,1.0
TRN-0005162,2026-11-20,Passenger,COR-04,SEC-08,Up,Increasing KM,2026-11-20 07:09,2026-11-20 08:08,High,False,Not Applicable,1.0
TRN-0005163,2026-11-20,Superfast,COR-04,SEC-07,Up,Increasing KM,2026-11-20 08:28,2026-11-20 09:02,Critical,False,Not Applicable,1.0
TRN-0005164,2026-11-20,Express,COR-04,SEC-07,Up,Increasing KM,2026-11-20 10:02,2026-11-20 10:52,High,False,Not Applicable,1.0
TRN-0005165,2026-11-20,Express,COR-04,SEC-07,Up,Increasing KM,2026-11-20 11:40,2026-11-20 12:38,High,False,Not Applicable,1.0
TRN-0005166,2026-11-20,Passenger,COR-04,SEC-07,Up,Increasing KM,2026-11-20 12:50,2026-11-20 13:36,High,False,Not Applicable,1.0
TRN-0005167,2026-11-20,Superfast,COR-04,SEC-08,Up,Increasing KM,2026-11-20 14:41,2026-11-20 15:16,Critical,False,Not Applicable,1.0
TRN-0005168,2026-11-20,Passenger,COR-04,SEC-07,Up,Increasing KM,2026-11-20 16:05,2026-11-20 17:00,High,False,Not Applicable,1.0
TRN-0005169,2026-11-20,Goods,COR-04,SEC-07,Up,Increasing KM,2026-11-20 17:34,2026-11-20 18:28,Medium,True,Forecasted,0.71
TRN-0005170,2026-11-20,Passenger,COR-04,SEC-07,Up,Increasing KM,2026-11-20 18:58,2026-11-20 19:42,High,False,Not Applicable,1.0
TRN-0005171,2026-11-20,Express,COR-04,SEC-07,Up,Increasing KM,2026-11-20 20:35,2026-11-20 21:14,High,False,Not Applicable,1.0
TRN-0005172,2026-11-20,Passenger,COR-04,SEC-08,Up,Increasing KM,2026-11-20 21:53,2026-11-20 22:23,High,False,Not Applicable,1.0
TRN-0005173,2026-11-20,Passenger,COR-04,SEC-07,Down,Decreasing KM,2026-11-20 05:35,2026-11-20 06:07,High,False,Not Applicable,1.0
TRN-0005174,2026-11-20,Goods,COR-04,SEC-08,Down,Decreasing KM,2026-11-20 06:58,2026-11-20 07:58,Medium,True,Forecasted,0.95
TRN-0005175,2026-11-20,Goods,COR-04,SEC-08,Down,Decreasing KM,2026-11-20 08:36,2026-11-20 09:19,Medium,True,Forecasted,0.76
TRN-0005176,2026-11-20,Superfast,COR-04,SEC-07,Down,Decreasing KM,2026-11-20 09:59,2026-11-20 10:53,Critical,False,Not Applicable,1.0
TRN-0005177,2026-11-20,Express,COR-04,SEC-08,Down,Decreasing KM,2026-11-20 11:35,2026-11-20 12:32,High,False,Not Applicable,1.0
TRN-0005178,2026-11-20,Superfast,COR-04,SEC-08,Down,Decreasing KM,2026-11-20 13:06,2026-11-20 13:38,Critical,False,Not Applicable,1.0
TRN-0005179,2026-11-20,Goods,COR-04,SEC-08,Down,Decreasing KM,2026-11-20 14:22,2026-11-20 14:48,Medium,True,Forecasted,0.81
TRN-0005180,2026-11-20,Goods,COR-04,SEC-08,Down,Decreasing KM,2026-11-20 15:59,2026-11-20 16:47,Medium,True,Forecasted,0.76
TRN-0005181,2026-11-20,Express,COR-04,SEC-08,Down,Decreasing KM,2026-11-20 17:36,2026-11-20 18:32,High,False,Not Applicable,1.0
TRN-0005182,2026-11-20,MEMU,COR-04,SEC-07,Down,Decreasing KM,2026-11-20 19:02,2026-11-20 19:40,Medium,False,Not Applicable,1.0
TRN-0005183,2026-11-20,Express,COR-04,SEC-08,Down,Decreasing KM,2026-11-20 20:23,2026-11-20 21:21,High,False,Not Applicable,1.0
TRN-0005184,2026-11-20,Passenger,COR-04,SEC-07,Down,Decreasing KM,2026-11-20 22:08,2026-11-20 23:04,High,False,Not Applicable,1.0
TRN-0005185,2026-11-21,Express,COR-01,SEC-01,Up,Increasing KM,2026-11-21 05:22,2026-11-21 05:55,High,False,Not Applicable,1.0
TRN-0005186,2026-11-21,Goods,COR-01,SEC-01,Up,Increasing KM,2026-11-21 07:12,2026-11-21 07:45,Medium,True,Scheduled,0.87
TRN-0005187,2026-11-21,Passenger,COR-01,SEC-02,Up,Increasing KM,2026-11-21 08:33,2026-11-21 09:20,High,False,Not Applicable,1.0
TRN-0005188,2026-11-21,Superfast,COR-01,SEC-01,Up,Increasing KM,2026-11-21 10:07,2026-11-21 10:47,Critical,False,Not Applicable,1.0
TRN-0005189,2026-11-21,Goods,COR-01,SEC-01,Up,Increasing KM,2026-11-21 11:32,2026-11-21 12:29,Medium,True,Forecasted,0.81
TRN-0005190,2026-11-21,Goods,COR-01,SEC-01,Up,Increasing KM,2026-11-21 12:53,2026-11-21 13:27,Medium,True,Forecasted,0.68
TRN-0005191,2026-11-21,Express,COR-01,SEC-01,Up,Increasing KM,2026-11-21 14:42,2026-11-21 15:12,High,False,Not Applicable,1.0
TRN-0005192,2026-11-21,Express,COR-01,SEC-02,Up,Increasing KM,2026-11-21 15:50,2026-11-21 16:45,High,False,Not Applicable,1.0
TRN-0005193,2026-11-21,Express,COR-01,SEC-02,Up,Increasing KM,2026-11-21 17:38,2026-11-21 18:38,High,False,Not Applicable,1.0
TRN-0005194,2026-11-21,Passenger,COR-01,SEC-01,Up,Increasing KM,2026-11-21 18:53,2026-11-21 19:22,High,False,Not Applicable,1.0
TRN-0005195,2026-11-21,Passenger,COR-01,SEC-02,Up,Increasing KM,2026-11-21 20:37,2026-11-21 21:34,High,False,Not Applicable,1.0
TRN-0005196,2026-11-21,Superfast,COR-01,SEC-01,Up,Increasing KM,2026-11-21 21:58,2026-11-21 22:32,Critical,False,Not Applicable,1.0
TRN-0005197,2026-11-21,MEMU,COR-01,SEC-02,Down,Decreasing KM,2026-11-21 05:42,2026-11-21 06:20,Medium,False,Not Applicable,1.0
TRN-0005198,2026-11-21,Goods,COR-01,SEC-01,Down,Decreasing KM,2026-11-21 07:12,2026-11-21 07:37,Medium,True,Forecasted,0.82
TRN-0005199,2026-11-21,Passenger,COR-01,SEC-02,Down,Decreasing KM,2026-11-21 08:33,2026-11-21 09:05,High,False,Not Applicable,1.0
TRN-0005200,2026-11-21,Passenger,COR-01,SEC-02,Down,Decreasing KM,2026-11-21 09:52,2026-11-21 10:25,High,False,Not Applicable,1.0
TRN-0005201,2026-11-21,Superfast,COR-01,SEC-01,Down,Decreasing KM,2026-11-21 11:37,2026-11-21 12:32,Critical,False,Not Applicable,1.0
TRN-0005202,2026-11-21,Goods,COR-01,SEC-02,Down,Decreasing KM,2026-11-21 12:50,2026-11-21 13:42,Medium,True,Scheduled,0.7
TRN-0005203,2026-11-21,Express,COR-01,SEC-01,Down,Decreasing KM,2026-11-21 14:26,2026-11-21 15:23,High,False,Not Applicable,1.0
TRN-0005204,2026-11-21,MEMU,COR-01,SEC-01,Down,Decreasing KM,2026-11-21 16:03,2026-11-21 16:40,Medium,False,Not Applicable,1.0
TRN-0005205,2026-11-21,Superfast,COR-01,SEC-02,Down,Decreasing KM,2026-11-21 17:19,2026-11-21 17:55,Critical,False,Not Applicable,1.0
TRN-0005206,2026-11-21,Superfast,COR-01,SEC-02,Down,Decreasing KM,2026-11-21 18:57,2026-11-21 19:27,Critical,False,Not Applicable,1.0
TRN-0005207,2026-11-21,Express,COR-01,SEC-02,Down,Decreasing KM,2026-11-21 20:37,2026-11-21 21:33,High,False,Not Applicable,1.0
TRN-0005208,2026-11-21,Passenger,COR-01,SEC-02,Down,Decreasing KM,2026-11-21 21:50,2026-11-21 22:25,High,False,Not Applicable,1.0
TRN-0005209,2026-11-21,Goods,COR-02,SEC-03,Up,Increasing KM,2026-11-21 05:32,2026-11-21 06:03,Medium,True,Forecasted,0.97
TRN-0005210,2026-11-21,Goods,COR-02,SEC-04,Up,Increasing KM,2026-11-21 06:53,2026-11-21 07:28,Medium,True,Forecasted,0.87
TRN-0005211,2026-11-21,Superfast,COR-02,SEC-03,Up,Increasing KM,2026-11-21 08:40,2026-11-21 09:26,Critical,False,Not Applicable,1.0
TRN-0005212,2026-11-21,Superfast,COR-02,SEC-04,Up,Increasing KM,2026-11-21 10:07,2026-11-21 10:56,Critical,False,Not Applicable,1.0
TRN-0005213,2026-11-21,Goods,COR-02,SEC-03,Up,Increasing KM,2026-11-21 11:30,2026-11-21 11:56,Medium,True,Forecasted,0.7
TRN-0005214,2026-11-21,Passenger,COR-02,SEC-03,Up,Increasing KM,2026-11-21 12:56,2026-11-21 13:39,High,False,Not Applicable,1.0
TRN-0005215,2026-11-21,Goods,COR-02,SEC-03,Up,Increasing KM,2026-11-21 14:34,2026-11-21 15:00,Medium,True,Forecasted,0.91
TRN-0005216,2026-11-21,Superfast,COR-02,SEC-04,Up,Increasing KM,2026-11-21 16:00,2026-11-21 16:42,Critical,False,Not Applicable,1.0
TRN-0005217,2026-11-21,Goods,COR-02,SEC-04,Up,Increasing KM,2026-11-21 17:41,2026-11-21 18:19,Medium,True,Scheduled,0.97
TRN-0005218,2026-11-21,Passenger,COR-02,SEC-04,Up,Increasing KM,2026-11-21 19:04,2026-11-21 19:54,High,False,Not Applicable,1.0
TRN-0005219,2026-11-21,Superfast,COR-02,SEC-04,Up,Increasing KM,2026-11-21 20:18,2026-11-21 20:56,Critical,False,Not Applicable,1.0
TRN-0005220,2026-11-21,Goods,COR-02,SEC-04,Up,Increasing KM,2026-11-21 22:08,2026-11-21 22:59,Medium,True,Forecasted,0.78
TRN-0005221,2026-11-21,Goods,COR-02,SEC-03,Down,Decreasing KM,2026-11-21 05:22,2026-11-21 06:01,Medium,True,Forecasted,0.82
TRN-0005222,2026-11-21,Goods,COR-02,SEC-03,Down,Decreasing KM,2026-11-21 07:03,2026-11-21 07:58,Medium,True,Forecasted,0.84
TRN-0005223,2026-11-21,Passenger,COR-02,SEC-04,Down,Decreasing KM,2026-11-21 08:21,2026-11-21 09:13,High,False,Not Applicable,1.0
TRN-0005224,2026-11-21,Passenger,COR-02,SEC-04,Down,Decreasing KM,2026-11-21 10:02,2026-11-21 10:34,High,False,Not Applicable,1.0
TRN-0005225,2026-11-21,MEMU,COR-02,SEC-04,Down,Decreasing KM,2026-11-21 11:23,2026-11-21 11:55,Medium,False,Not Applicable,1.0
TRN-0005226,2026-11-21,Passenger,COR-02,SEC-04,Down,Decreasing KM,2026-11-21 12:52,2026-11-21 13:38,High,False,Not Applicable,1.0
TRN-0005227,2026-11-21,Express,COR-02,SEC-03,Down,Decreasing KM,2026-11-21 14:27,2026-11-21 15:23,High,False,Not Applicable,1.0
TRN-0005228,2026-11-21,Express,COR-02,SEC-03,Down,Decreasing KM,2026-11-21 16:02,2026-11-21 16:39,High,False,Not Applicable,1.0
TRN-0005229,2026-11-21,Express,COR-02,SEC-03,Down,Decreasing KM,2026-11-21 17:27,2026-11-21 18:10,High,False,Not Applicable,1.0
TRN-0005230,2026-11-21,Superfast,COR-02,SEC-03,Down,Decreasing KM,2026-11-21 18:56,2026-11-21 19:44,Critical,False,Not Applicable,1.0
TRN-0005231,2026-11-21,MEMU,COR-02,SEC-03,Down,Decreasing KM,2026-11-21 20:26,2026-11-21 21:14,Medium,False,Not Applicable,1.0
TRN-0005232,2026-11-21,MEMU,COR-02,SEC-03,Down,Decreasing KM,2026-11-21 21:56,2026-11-21 22:26,Medium,False,Not Applicable,1.0
TRN-0005233,2026-11-21,Goods,COR-03,SEC-05,Up,Increasing KM,2026-11-21 05:27,2026-11-21 06:19,Medium,True,Forecasted,0.94
TRN-0005234,2026-11-21,Passenger,COR-03,SEC-05,Up,Increasing KM,2026-11-21 07:12,2026-11-21 08:00,High,False,Not Applicable,1.0
TRN-0005235,2026-11-21,Passenger,COR-03,SEC-06,Up,Increasing KM,2026-11-21 08:40,2026-11-21 09:16,High,False,Not Applicable,1.0
TRN-0005236,2026-11-21,Express,COR-03,SEC-06,Up,Increasing KM,2026-11-21 10:07,2026-11-21 10:48,High,False,Not Applicable,1.0
TRN-0005237,2026-11-21,Goods,COR-03,SEC-05,Up,Increasing KM,2026-11-21 11:18,2026-11-21 12:03,Medium,True,Forecasted,0.86
TRN-0005238,2026-11-21,Passenger,COR-03,SEC-06,Up,Increasing KM,2026-11-21 12:58,2026-11-21 13:47,High,False,Not Applicable,1.0
TRN-0005239,2026-11-21,Passenger,COR-03,SEC-05,Up,Increasing KM,2026-11-21 14:19,2026-11-21 14:48,High,False,Not Applicable,1.0
TRN-0005240,2026-11-21,MEMU,COR-03,SEC-05,Up,Increasing KM,2026-11-21 15:55,2026-11-21 16:37,Medium,False,Not Applicable,1.0
TRN-0005241,2026-11-21,MEMU,COR-03,SEC-05,Up,Increasing KM,2026-11-21 17:39,2026-11-21 18:18,Medium,False,Not Applicable,1.0
TRN-0005242,2026-11-21,Superfast,COR-03,SEC-05,Up,Increasing KM,2026-11-21 18:57,2026-11-21 19:49,Critical,False,Not Applicable,1.0
TRN-0005243,2026-11-21,MEMU,COR-03,SEC-05,Up,Increasing KM,2026-11-21 20:22,2026-11-21 21:04,Medium,False,Not Applicable,1.0
TRN-0005244,2026-11-21,Express,COR-03,SEC-06,Up,Increasing KM,2026-11-21 22:06,2026-11-21 22:31,High,False,Not Applicable,1.0
TRN-0005245,2026-11-21,Passenger,COR-03,SEC-05,Down,Decreasing KM,2026-11-21 05:30,2026-11-21 06:29,High,False,Not Applicable,1.0
TRN-0005246,2026-11-21,MEMU,COR-03,SEC-05,Down,Decreasing KM,2026-11-21 06:53,2026-11-21 07:34,Medium,False,Not Applicable,1.0
TRN-0005247,2026-11-21,Goods,COR-03,SEC-06,Down,Decreasing KM,2026-11-21 08:27,2026-11-21 08:52,Medium,True,Scheduled,0.93
TRN-0005248,2026-11-21,MEMU,COR-03,SEC-05,Down,Decreasing KM,2026-11-21 09:55,2026-11-21 10:51,Medium,False,Not Applicable,1.0
TRN-0005249,2026-11-21,Express,COR-03,SEC-05,Down,Decreasing KM,2026-11-21 11:22,2026-11-21 11:59,High,False,Not Applicable,1.0
TRN-0005250,2026-11-21,Superfast,COR-03,SEC-05,Down,Decreasing KM,2026-11-21 13:11,2026-11-21 14:06,Critical,False,Not Applicable,1.0
TRN-0005251,2026-11-21,MEMU,COR-03,SEC-06,Down,Decreasing KM,2026-11-21 14:24,2026-11-21 15:23,Medium,False,Not Applicable,1.0
TRN-0005252,2026-11-21,Passenger,COR-03,SEC-05,Down,Decreasing KM,2026-11-21 16:00,2026-11-21 16:32,High,False,Not Applicable,1.0
TRN-0005253,2026-11-21,MEMU,COR-03,SEC-06,Down,Decreasing KM,2026-11-21 17:38,2026-11-21 18:16,Medium,False,Not Applicable,1.0
TRN-0005254,2026-11-21,MEMU,COR-03,SEC-06,Down,Decreasing KM,2026-11-21 18:57,2026-11-21 19:31,Medium,False,Not Applicable,1.0
TRN-0005255,2026-11-21,Goods,COR-03,SEC-05,Down,Decreasing KM,2026-11-21 20:41,2026-11-21 21:16,Medium,True,Forecasted,0.72
TRN-0005256,2026-11-21,Superfast,COR-03,SEC-05,Down,Decreasing KM,2026-11-21 21:58,2026-11-21 22:44,Critical,False,Not Applicable,1.0
TRN-0005257,2026-11-21,Express,COR-04,SEC-08,Up,Increasing KM,2026-11-21 05:19,2026-11-21 06:16,High,False,Not Applicable,1.0
TRN-0005258,2026-11-21,Passenger,COR-04,SEC-08,Up,Increasing KM,2026-11-21 07:06,2026-11-21 07:50,High,False,Not Applicable,1.0
TRN-0005259,2026-11-21,Passenger,COR-04,SEC-08,Up,Increasing KM,2026-11-21 08:22,2026-11-21 09:01,High,False,Not Applicable,1.0
TRN-0005260,2026-11-21,Passenger,COR-04,SEC-07,Up,Increasing KM,2026-11-21 09:52,2026-11-21 10:46,High,False,Not Applicable,1.0
TRN-0005261,2026-11-21,MEMU,COR-04,SEC-08,Up,Increasing KM,2026-11-21 11:33,2026-11-21 12:08,Medium,False,Not Applicable,1.0
TRN-0005262,2026-11-21,Goods,COR-04,SEC-07,Up,Increasing KM,2026-11-21 12:54,2026-11-21 13:48,Medium,True,Forecasted,0.91
TRN-0005263,2026-11-21,Goods,COR-04,SEC-07,Up,Increasing KM,2026-11-21 14:22,2026-11-21 15:15,Medium,True,Forecasted,0.69
TRN-0005264,2026-11-21,Superfast,COR-04,SEC-08,Up,Increasing KM,2026-11-21 15:55,2026-11-21 16:27,Critical,False,Not Applicable,1.0
TRN-0005265,2026-11-21,MEMU,COR-04,SEC-08,Up,Increasing KM,2026-11-21 17:31,2026-11-21 18:22,Medium,False,Not Applicable,1.0
TRN-0005266,2026-11-21,Goods,COR-04,SEC-07,Up,Increasing KM,2026-11-21 19:09,2026-11-21 19:49,Medium,True,Forecasted,0.68
TRN-0005267,2026-11-21,Passenger,COR-04,SEC-07,Up,Increasing KM,2026-11-21 20:42,2026-11-21 21:19,High,False,Not Applicable,1.0
TRN-0005268,2026-11-21,Express,COR-04,SEC-07,Up,Increasing KM,2026-11-21 22:06,2026-11-21 22:47,High,False,Not Applicable,1.0
TRN-0005269,2026-11-21,Passenger,COR-04,SEC-08,Down,Decreasing KM,2026-11-21 05:37,2026-11-21 06:32,High,False,Not Applicable,1.0
TRN-0005270,2026-11-21,Express,COR-04,SEC-08,Down,Decreasing KM,2026-11-21 07:04,2026-11-21 08:00,High,False,Not Applicable,1.0
TRN-0005271,2026-11-21,Passenger,COR-04,SEC-07,Down,Decreasing KM,2026-11-21 08:20,2026-11-21 09:14,High,False,Not Applicable,1.0
TRN-0005272,2026-11-21,Express,COR-04,SEC-08,Down,Decreasing KM,2026-11-21 10:03,2026-11-21 10:39,High,False,Not Applicable,1.0
TRN-0005273,2026-11-21,Superfast,COR-04,SEC-08,Down,Decreasing KM,2026-11-21 11:40,2026-11-21 12:21,Critical,False,Not Applicable,1.0
TRN-0005274,2026-11-21,Express,COR-04,SEC-08,Down,Decreasing KM,2026-11-21 12:49,2026-11-21 13:39,High,False,Not Applicable,1.0
TRN-0005275,2026-11-21,Goods,COR-04,SEC-07,Down,Decreasing KM,2026-11-21 14:42,2026-11-21 15:13,Medium,True,Scheduled,0.68
TRN-0005276,2026-11-21,Superfast,COR-04,SEC-07,Down,Decreasing KM,2026-11-21 15:50,2026-11-21 16:35,Critical,False,Not Applicable,1.0
TRN-0005277,2026-11-21,Passenger,COR-04,SEC-07,Down,Decreasing KM,2026-11-21 17:33,2026-11-21 17:59,High,False,Not Applicable,1.0
TRN-0005278,2026-11-21,Express,COR-04,SEC-07,Down,Decreasing KM,2026-11-21 18:56,2026-11-21 19:40,High,False,Not Applicable,1.0
TRN-0005279,2026-11-21,Superfast,COR-04,SEC-07,Down,Decreasing KM,2026-11-21 20:36,2026-11-21 21:20,Critical,False,Not Applicable,1.0
TRN-0005280,2026-11-21,Superfast,COR-04,SEC-07,Down,Decreasing KM,2026-11-21 22:09,2026-11-21 22:55,Critical,False,Not Applicable,1.0
TRN-0005281,2026-11-22,MEMU,COR-01,SEC-02,Up,Increasing KM,2026-11-22 05:24,2026-11-22 05:53,Medium,False,Not Applicable,1.0
TRN-0005282,2026-11-22,Passenger,COR-01,SEC-01,Up,Increasing KM,2026-11-22 06:55,2026-11-22 07:26,High,False,Not Applicable,1.0
TRN-0005283,2026-11-22,Goods,COR-01,SEC-02,Up,Increasing KM,2026-11-22 08:28,2026-11-22 09:10,Medium,True,Forecasted,0.97
TRN-0005284,2026-11-22,Goods,COR-01,SEC-01,Up,Increasing KM,2026-11-22 09:49,2026-11-22 10:44,Medium,True,Forecasted,0.93
TRN-0005285,2026-11-22,Express,COR-01,SEC-01,Up,Increasing KM,2026-11-22 11:36,2026-11-22 12:33,High,False,Not Applicable,1.0
TRN-0005286,2026-11-22,MEMU,COR-01,SEC-01,Up,Increasing KM,2026-11-22 12:49,2026-11-22 13:46,Medium,False,Not Applicable,1.0
TRN-0005287,2026-11-22,Express,COR-01,SEC-01,Up,Increasing KM,2026-11-22 14:34,2026-11-22 14:59,High,False,Not Applicable,1.0
TRN-0005288,2026-11-22,MEMU,COR-01,SEC-02,Up,Increasing KM,2026-11-22 15:59,2026-11-22 16:53,Medium,False,Not Applicable,1.0
TRN-0005289,2026-11-22,Passenger,COR-01,SEC-01,Up,Increasing KM,2026-11-22 17:42,2026-11-22 18:11,High,False,Not Applicable,1.0
TRN-0005290,2026-11-22,Express,COR-01,SEC-01,Up,Increasing KM,2026-11-22 19:05,2026-11-22 19:59,High,False,Not Applicable,1.0
TRN-0005291,2026-11-22,Passenger,COR-01,SEC-02,Up,Increasing KM,2026-11-22 20:29,2026-11-22 21:25,High,False,Not Applicable,1.0
TRN-0005292,2026-11-22,Passenger,COR-01,SEC-01,Up,Increasing KM,2026-11-22 22:05,2026-11-22 22:43,High,False,Not Applicable,1.0
TRN-0005293,2026-11-22,MEMU,COR-01,SEC-01,Down,Decreasing KM,2026-11-22 05:22,2026-11-22 05:54,Medium,False,Not Applicable,1.0
TRN-0005294,2026-11-22,MEMU,COR-01,SEC-02,Down,Decreasing KM,2026-11-22 07:05,2026-11-22 08:02,Medium,False,Not Applicable,1.0
TRN-0005295,2026-11-22,MEMU,COR-01,SEC-02,Down,Decreasing KM,2026-11-22 08:19,2026-11-22 09:19,Medium,False,Not Applicable,1.0
TRN-0005296,2026-11-22,Goods,COR-01,SEC-02,Down,Decreasing KM,2026-11-22 10:02,2026-11-22 10:37,Medium,True,Forecasted,0.75
TRN-0005297,2026-11-22,MEMU,COR-01,SEC-02,Down,Decreasing KM,2026-11-22 11:26,2026-11-22 12:13,Medium,False,Not Applicable,1.0
TRN-0005298,2026-11-22,Passenger,COR-01,SEC-01,Down,Decreasing KM,2026-11-22 12:58,2026-11-22 13:50,High,False,Not Applicable,1.0
TRN-0005299,2026-11-22,Superfast,COR-01,SEC-02,Down,Decreasing KM,2026-11-22 14:38,2026-11-22 15:03,Critical,False,Not Applicable,1.0
TRN-0005300,2026-11-22,MEMU,COR-01,SEC-02,Down,Decreasing KM,2026-11-22 16:12,2026-11-22 17:07,Medium,False,Not Applicable,1.0
TRN-0005301,2026-11-22,Goods,COR-01,SEC-02,Down,Decreasing KM,2026-11-22 17:28,2026-11-22 17:54,Medium,True,Forecasted,0.84
TRN-0005302,2026-11-22,Passenger,COR-01,SEC-02,Down,Decreasing KM,2026-11-22 18:55,2026-11-22 19:24,High,False,Not Applicable,1.0
TRN-0005303,2026-11-22,Express,COR-01,SEC-01,Down,Decreasing KM,2026-11-22 20:38,2026-11-22 21:18,High,False,Not Applicable,1.0
TRN-0005304,2026-11-22,Express,COR-01,SEC-02,Down,Decreasing KM,2026-11-22 21:58,2026-11-22 22:47,High,False,Not Applicable,1.0
TRN-0005305,2026-11-22,Express,COR-02,SEC-03,Up,Increasing KM,2026-11-22 05:37,2026-11-22 06:35,High,False,Not Applicable,1.0
TRN-0005306,2026-11-22,Goods,COR-02,SEC-04,Up,Increasing KM,2026-11-22 07:04,2026-11-22 07:46,Medium,True,Forecasted,0.7
TRN-0005307,2026-11-22,Passenger,COR-02,SEC-03,Up,Increasing KM,2026-11-22 08:27,2026-11-22 08:57,High,False,Not Applicable,1.0
TRN-0005308,2026-11-22,Superfast,COR-02,SEC-04,Up,Increasing KM,2026-11-22 10:11,2026-11-22 11:09,Critical,False,Not Applicable,1.0
TRN-0005309,2026-11-22,Passenger,COR-02,SEC-04,Up,Increasing KM,2026-11-22 11:25,2026-11-22 12:08,High,False,Not Applicable,1.0
TRN-0005310,2026-11-22,Passenger,COR-02,SEC-03,Up,Increasing KM,2026-11-22 12:56,2026-11-22 13:23,High,False,Not Applicable,1.0
TRN-0005311,2026-11-22,Passenger,COR-02,SEC-03,Up,Increasing KM,2026-11-22 14:24,2026-11-22 15:04,High,False,Not Applicable,1.0
TRN-0005312,2026-11-22,Passenger,COR-02,SEC-04,Up,Increasing KM,2026-11-22 15:55,2026-11-22 16:41,High,False,Not Applicable,1.0
TRN-0005313,2026-11-22,Passenger,COR-02,SEC-04,Up,Increasing KM,2026-11-22 17:23,2026-11-22 17:48,High,False,Not Applicable,1.0
TRN-0005314,2026-11-22,Passenger,COR-02,SEC-04,Up,Increasing KM,2026-11-22 19:02,2026-11-22 19:54,High,False,Not Applicable,1.0
TRN-0005315,2026-11-22,MEMU,COR-02,SEC-04,Up,Increasing KM,2026-11-22 20:36,2026-11-22 21:25,Medium,False,Not Applicable,1.0
TRN-0005316,2026-11-22,Passenger,COR-02,SEC-04,Up,Increasing KM,2026-11-22 21:58,2026-11-22 22:23,High,False,Not Applicable,1.0
TRN-0005317,2026-11-22,Passenger,COR-02,SEC-04,Down,Decreasing KM,2026-11-22 05:33,2026-11-22 06:18,High,False,Not Applicable,1.0
TRN-0005318,2026-11-22,Passenger,COR-02,SEC-03,Down,Decreasing KM,2026-11-22 06:53,2026-11-22 07:18,High,False,Not Applicable,1.0
TRN-0005319,2026-11-22,Express,COR-02,SEC-03,Down,Decreasing KM,2026-11-22 08:36,2026-11-22 09:32,High,False,Not Applicable,1.0
TRN-0005320,2026-11-22,MEMU,COR-02,SEC-04,Down,Decreasing KM,2026-11-22 09:57,2026-11-22 10:22,Medium,False,Not Applicable,1.0
TRN-0005321,2026-11-22,Passenger,COR-02,SEC-03,Down,Decreasing KM,2026-11-22 11:23,2026-11-22 12:13,High,False,Not Applicable,1.0
TRN-0005322,2026-11-22,Express,COR-02,SEC-03,Down,Decreasing KM,2026-11-22 13:00,2026-11-22 13:37,High,False,Not Applicable,1.0
TRN-0005323,2026-11-22,Passenger,COR-02,SEC-03,Down,Decreasing KM,2026-11-22 14:29,2026-11-22 15:19,High,False,Not Applicable,1.0
TRN-0005324,2026-11-22,Goods,COR-02,SEC-03,Down,Decreasing KM,2026-11-22 15:56,2026-11-22 16:34,Medium,True,Scheduled,0.66
TRN-0005325,2026-11-22,Passenger,COR-02,SEC-03,Down,Decreasing KM,2026-11-22 17:39,2026-11-22 18:05,High,False,Not Applicable,1.0
TRN-0005326,2026-11-22,Passenger,COR-02,SEC-04,Down,Decreasing KM,2026-11-22 19:04,2026-11-22 19:48,High,False,Not Applicable,1.0
TRN-0005327,2026-11-22,Express,COR-02,SEC-03,Down,Decreasing KM,2026-11-22 20:30,2026-11-22 21:29,High,False,Not Applicable,1.0
TRN-0005328,2026-11-22,Express,COR-02,SEC-03,Down,Decreasing KM,2026-11-22 21:53,2026-11-22 22:38,High,False,Not Applicable,1.0
TRN-0005329,2026-11-22,Superfast,COR-03,SEC-05,Up,Increasing KM,2026-11-22 05:18,2026-11-22 05:48,Critical,False,Not Applicable,1.0
TRN-0005330,2026-11-22,Goods,COR-03,SEC-06,Up,Increasing KM,2026-11-22 07:05,2026-11-22 07:36,Medium,True,Forecasted,0.86
TRN-0005331,2026-11-22,Passenger,COR-03,SEC-05,Up,Increasing KM,2026-11-22 08:28,2026-11-22 09:27,High,False,Not Applicable,1.0
TRN-0005332,2026-11-22,MEMU,COR-03,SEC-06,Up,Increasing KM,2026-11-22 10:03,2026-11-22 10:51,Medium,False,Not Applicable,1.0
TRN-0005333,2026-11-22,Goods,COR-03,SEC-06,Up,Increasing KM,2026-11-22 11:26,2026-11-22 12:21,Medium,True,Forecasted,0.89
TRN-0005334,2026-11-22,MEMU,COR-03,SEC-06,Up,Increasing KM,2026-11-22 12:48,2026-11-22 13:19,Medium,False,Not Applicable,1.0
TRN-0005335,2026-11-22,Express,COR-03,SEC-05,Up,Increasing KM,2026-11-22 14:18,2026-11-22 14:55,High,False,Not Applicable,1.0
TRN-0005336,2026-11-22,Express,COR-03,SEC-05,Up,Increasing KM,2026-11-22 16:03,2026-11-22 16:45,High,False,Not Applicable,1.0
TRN-0005337,2026-11-22,MEMU,COR-03,SEC-05,Up,Increasing KM,2026-11-22 17:33,2026-11-22 18:02,Medium,False,Not Applicable,1.0
TRN-0005338,2026-11-22,Passenger,COR-03,SEC-05,Up,Increasing KM,2026-11-22 18:56,2026-11-22 19:33,High,False,Not Applicable,1.0
TRN-0005339,2026-11-22,Express,COR-03,SEC-06,Up,Increasing KM,2026-11-22 20:20,2026-11-22 21:09,High,False,Not Applicable,1.0
TRN-0005340,2026-11-22,Passenger,COR-03,SEC-06,Up,Increasing KM,2026-11-22 22:07,2026-11-22 22:37,High,False,Not Applicable,1.0
TRN-0005341,2026-11-22,Passenger,COR-03,SEC-05,Down,Decreasing KM,2026-11-22 05:30,2026-11-22 06:06,High,False,Not Applicable,1.0
TRN-0005342,2026-11-22,Superfast,COR-03,SEC-06,Down,Decreasing KM,2026-11-22 06:55,2026-11-22 07:44,Critical,False,Not Applicable,1.0
TRN-0005343,2026-11-22,Superfast,COR-03,SEC-05,Down,Decreasing KM,2026-11-22 08:30,2026-11-22 09:20,Critical,False,Not Applicable,1.0
TRN-0005344,2026-11-22,Superfast,COR-03,SEC-06,Down,Decreasing KM,2026-11-22 10:07,2026-11-22 10:53,Critical,False,Not Applicable,1.0
TRN-0005345,2026-11-22,Passenger,COR-03,SEC-05,Down,Decreasing KM,2026-11-22 11:40,2026-11-22 12:08,High,False,Not Applicable,1.0
TRN-0005346,2026-11-22,Express,COR-03,SEC-05,Down,Decreasing KM,2026-11-22 12:58,2026-11-22 13:41,High,False,Not Applicable,1.0
TRN-0005347,2026-11-22,Superfast,COR-03,SEC-05,Down,Decreasing KM,2026-11-22 14:38,2026-11-22 15:28,Critical,False,Not Applicable,1.0
TRN-0005348,2026-11-22,Goods,COR-03,SEC-06,Down,Decreasing KM,2026-11-22 16:05,2026-11-22 16:37,Medium,True,Scheduled,0.97
TRN-0005349,2026-11-22,Express,COR-03,SEC-05,Down,Decreasing KM,2026-11-22 17:41,2026-11-22 18:36,High,False,Not Applicable,1.0
TRN-0005350,2026-11-22,MEMU,COR-03,SEC-05,Down,Decreasing KM,2026-11-22 19:06,2026-11-22 19:47,Medium,False,Not Applicable,1.0
TRN-0005351,2026-11-22,Passenger,COR-03,SEC-05,Down,Decreasing KM,2026-11-22 20:31,2026-11-22 21:27,High,False,Not Applicable,1.0
TRN-0005352,2026-11-22,Superfast,COR-03,SEC-06,Down,Decreasing KM,2026-11-22 22:04,2026-11-22 23:02,Critical,False,Not Applicable,1.0
TRN-0005353,2026-11-22,Goods,COR-04,SEC-07,Up,Increasing KM,2026-11-22 05:20,2026-11-22 06:19,Medium,True,Forecasted,0.76
TRN-0005354,2026-11-22,Goods,COR-04,SEC-07,Up,Increasing KM,2026-11-22 07:12,2026-11-22 07:53,Medium,True,Forecasted,0.87
TRN-0005355,2026-11-22,Superfast,COR-04,SEC-07,Up,Increasing KM,2026-11-22 08:18,2026-11-22 08:45,Critical,False,Not Applicable,1.0
TRN-0005356,2026-11-22,Passenger,COR-04,SEC-08,Up,Increasing KM,2026-11-22 10:00,2026-11-22 10:50,High,False,Not Applicable,1.0
TRN-0005357,2026-11-22,MEMU,COR-04,SEC-08,Up,Increasing KM,2026-11-22 11:41,2026-11-22 12:31,Medium,False,Not Applicable,1.0
TRN-0005358,2026-11-22,Passenger,COR-04,SEC-08,Up,Increasing KM,2026-11-22 13:06,2026-11-22 13:41,High,False,Not Applicable,1.0
TRN-0005359,2026-11-22,Express,COR-04,SEC-07,Up,Increasing KM,2026-11-22 14:24,2026-11-22 15:20,High,False,Not Applicable,1.0
TRN-0005360,2026-11-22,Goods,COR-04,SEC-08,Up,Increasing KM,2026-11-22 16:04,2026-11-22 16:45,Medium,True,Forecasted,0.73
TRN-0005361,2026-11-22,Express,COR-04,SEC-08,Up,Increasing KM,2026-11-22 17:23,2026-11-22 18:10,High,False,Not Applicable,1.0
TRN-0005362,2026-11-22,Express,COR-04,SEC-07,Up,Increasing KM,2026-11-22 18:53,2026-11-22 19:21,High,False,Not Applicable,1.0
TRN-0005363,2026-11-22,Express,COR-04,SEC-08,Up,Increasing KM,2026-11-22 20:40,2026-11-22 21:06,High,False,Not Applicable,1.0
TRN-0005364,2026-11-22,Passenger,COR-04,SEC-08,Up,Increasing KM,2026-11-22 21:49,2026-11-22 22:18,High,False,Not Applicable,1.0
TRN-0005365,2026-11-22,Superfast,COR-04,SEC-07,Down,Decreasing KM,2026-11-22 05:41,2026-11-22 06:38,Critical,False,Not Applicable,1.0
TRN-0005366,2026-11-22,MEMU,COR-04,SEC-08,Down,Decreasing KM,2026-11-22 06:53,2026-11-22 07:51,Medium,False,Not Applicable,1.0
TRN-0005367,2026-11-22,MEMU,COR-04,SEC-07,Down,Decreasing KM,2026-11-22 08:39,2026-11-22 09:07,Medium,False,Not Applicable,1.0
TRN-0005368,2026-11-22,Express,COR-04,SEC-07,Down,Decreasing KM,2026-11-22 10:02,2026-11-22 10:49,High,False,Not Applicable,1.0
TRN-0005369,2026-11-22,Express,COR-04,SEC-08,Down,Decreasing KM,2026-11-22 11:20,2026-11-22 12:12,High,False,Not Applicable,1.0
TRN-0005370,2026-11-22,Passenger,COR-04,SEC-08,Down,Decreasing KM,2026-11-22 12:59,2026-11-22 13:24,High,False,Not Applicable,1.0
TRN-0005371,2026-11-22,Express,COR-04,SEC-07,Down,Decreasing KM,2026-11-22 14:29,2026-11-22 15:15,High,False,Not Applicable,1.0
TRN-0005372,2026-11-22,MEMU,COR-04,SEC-07,Down,Decreasing KM,2026-11-22 15:54,2026-11-22 16:51,Medium,False,Not Applicable,1.0
TRN-0005373,2026-11-22,Goods,COR-04,SEC-08,Down,Decreasing KM,2026-11-22 17:33,2026-11-22 18:07,Medium,True,Forecasted,0.83
TRN-0005374,2026-11-22,Passenger,COR-04,SEC-08,Down,Decreasing KM,2026-11-22 19:09,2026-11-22 20:04,High,False,Not Applicable,1.0
TRN-0005375,2026-11-22,Express,COR-04,SEC-08,Down,Decreasing KM,2026-11-22 20:40,2026-11-22 21:19,High,False,Not Applicable,1.0
TRN-0005376,2026-11-22,Express,COR-04,SEC-08,Down,Decreasing KM,2026-11-22 22:01,2026-11-22 22:42,High,False,Not Applicable,1.0
TRN-0005377,2026-11-23,Express,COR-01,SEC-02,Up,Increasing KM,2026-11-23 05:31,2026-11-23 06:07,High,False,Not Applicable,1.0
TRN-0005378,2026-11-23,Express,COR-01,SEC-02,Up,Increasing KM,2026-11-23 07:00,2026-11-23 07:34,High,False,Not Applicable,1.0
TRN-0005379,2026-11-23,Express,COR-01,SEC-02,Up,Increasing KM,2026-11-23 08:38,2026-11-23 09:10,High,False,Not Applicable,1.0
TRN-0005380,2026-11-23,Passenger,COR-01,SEC-01,Up,Increasing KM,2026-11-23 10:07,2026-11-23 10:45,High,False,Not Applicable,1.0
TRN-0005381,2026-11-23,Passenger,COR-01,SEC-01,Up,Increasing KM,2026-11-23 11:26,2026-11-23 12:16,High,False,Not Applicable,1.0
TRN-0005382,2026-11-23,Superfast,COR-01,SEC-02,Up,Increasing KM,2026-11-23 13:00,2026-11-23 13:57,Critical,False,Not Applicable,1.0
TRN-0005383,2026-11-23,MEMU,COR-01,SEC-02,Up,Increasing KM,2026-11-23 14:23,2026-11-23 14:54,Medium,False,Not Applicable,1.0
TRN-0005384,2026-11-23,Express,COR-01,SEC-02,Up,Increasing KM,2026-11-23 15:52,2026-11-23 16:25,High,False,Not Applicable,1.0
TRN-0005385,2026-11-23,Passenger,COR-01,SEC-01,Up,Increasing KM,2026-11-23 17:27,2026-11-23 18:08,High,False,Not Applicable,1.0
TRN-0005386,2026-11-23,Express,COR-01,SEC-02,Up,Increasing KM,2026-11-23 18:49,2026-11-23 19:25,High,False,Not Applicable,1.0
TRN-0005387,2026-11-23,Express,COR-01,SEC-02,Up,Increasing KM,2026-11-23 20:39,2026-11-23 21:32,High,False,Not Applicable,1.0
TRN-0005388,2026-11-23,Passenger,COR-01,SEC-01,Up,Increasing KM,2026-11-23 21:51,2026-11-23 22:24,High,False,Not Applicable,1.0
TRN-0005389,2026-11-23,Express,COR-01,SEC-01,Down,Decreasing KM,2026-11-23 05:28,2026-11-23 06:25,High,False,Not Applicable,1.0
TRN-0005390,2026-11-23,Superfast,COR-01,SEC-02,Down,Decreasing KM,2026-11-23 07:01,2026-11-23 07:54,Critical,False,Not Applicable,1.0
TRN-0005391,2026-11-23,Passenger,COR-01,SEC-02,Down,Decreasing KM,2026-11-23 08:27,2026-11-23 09:18,High,False,Not Applicable,1.0
TRN-0005392,2026-11-23,Passenger,COR-01,SEC-01,Down,Decreasing KM,2026-11-23 10:03,2026-11-23 10:41,High,False,Not Applicable,1.0
TRN-0005393,2026-11-23,Express,COR-01,SEC-01,Down,Decreasing KM,2026-11-23 11:37,2026-11-23 12:28,High,False,Not Applicable,1.0
TRN-0005394,2026-11-23,Passenger,COR-01,SEC-01,Down,Decreasing KM,2026-11-23 13:01,2026-11-23 13:46,High,False,Not Applicable,1.0
TRN-0005395,2026-11-23,Superfast,COR-01,SEC-01,Down,Decreasing KM,2026-11-23 14:29,2026-11-23 15:23,Critical,False,Not Applicable,1.0
TRN-0005396,2026-11-23,Passenger,COR-01,SEC-02,Down,Decreasing KM,2026-11-23 16:11,2026-11-23 16:48,High,False,Not Applicable,1.0
TRN-0005397,2026-11-23,Express,COR-01,SEC-01,Down,Decreasing KM,2026-11-23 17:42,2026-11-23 18:33,High,False,Not Applicable,1.0
TRN-0005398,2026-11-23,Goods,COR-01,SEC-02,Down,Decreasing KM,2026-11-23 19:12,2026-11-23 20:05,Medium,True,Forecasted,0.72
TRN-0005399,2026-11-23,Express,COR-01,SEC-01,Down,Decreasing KM,2026-11-23 20:18,2026-11-23 21:16,High,False,Not Applicable,1.0
TRN-0005400,2026-11-23,Goods,COR-01,SEC-01,Down,Decreasing KM,2026-11-23 22:08,2026-11-23 22:34,Medium,True,Forecasted,0.88
TRN-0005401,2026-11-23,Passenger,COR-02,SEC-03,Up,Increasing KM,2026-11-23 05:28,2026-11-23 06:18,High,False,Not Applicable,1.0
TRN-0005402,2026-11-23,MEMU,COR-02,SEC-03,Up,Increasing KM,2026-11-23 06:48,2026-11-23 07:35,Medium,False,Not Applicable,1.0
TRN-0005403,2026-11-23,Express,COR-02,SEC-03,Up,Increasing KM,2026-11-23 08:33,2026-11-23 09:14,High,False,Not Applicable,1.0
TRN-0005404,2026-11-23,Express,COR-02,SEC-04,Up,Increasing KM,2026-11-23 10:00,2026-11-23 10:46,High,False,Not Applicable,1.0
TRN-0005405,2026-11-23,Passenger,COR-02,SEC-03,Up,Increasing KM,2026-11-23 11:30,2026-11-23 12:24,High,False,Not Applicable,1.0
TRN-0005406,2026-11-23,MEMU,COR-02,SEC-04,Up,Increasing KM,2026-11-23 12:57,2026-11-23 13:51,Medium,False,Not Applicable,1.0
TRN-0005407,2026-11-23,Goods,COR-02,SEC-04,Up,Increasing KM,2026-11-23 14:40,2026-11-23 15:20,Medium,True,Scheduled,0.75
TRN-0005408,2026-11-23,Superfast,COR-02,SEC-04,Up,Increasing KM,2026-11-23 16:07,2026-11-23 16:53,Critical,False,Not Applicable,1.0
TRN-0005409,2026-11-23,Superfast,COR-02,SEC-04,Up,Increasing KM,2026-11-23 17:22,2026-11-23 18:18,Critical,False,Not Applicable,1.0
TRN-0005410,2026-11-23,Express,COR-02,SEC-03,Up,Increasing KM,2026-11-23 18:48,2026-11-23 19:27,High,False,Not Applicable,1.0
TRN-0005411,2026-11-23,Passenger,COR-02,SEC-03,Up,Increasing KM,2026-11-23 20:22,2026-11-23 21:14,High,False,Not Applicable,1.0
TRN-0005412,2026-11-23,Goods,COR-02,SEC-03,Up,Increasing KM,2026-11-23 21:49,2026-11-23 22:49,Medium,True,Forecasted,0.91
TRN-0005413,2026-11-23,MEMU,COR-02,SEC-03,Down,Decreasing KM,2026-11-23 05:21,2026-11-23 06:10,Medium,False,Not Applicable,1.0
TRN-0005414,2026-11-23,Passenger,COR-02,SEC-03,Down,Decreasing KM,2026-11-23 06:48,2026-11-23 07:18,High,False,Not Applicable,1.0
TRN-0005415,2026-11-23,Superfast,COR-02,SEC-04,Down,Decreasing KM,2026-11-23 08:24,2026-11-23 09:01,Critical,False,Not Applicable,1.0
TRN-0005416,2026-11-23,Passenger,COR-02,SEC-04,Down,Decreasing KM,2026-11-23 10:00,2026-11-23 10:37,High,False,Not Applicable,1.0
TRN-0005417,2026-11-23,Goods,COR-02,SEC-04,Down,Decreasing KM,2026-11-23 11:21,2026-11-23 12:11,Medium,True,Forecasted,0.96
TRN-0005418,2026-11-23,Goods,COR-02,SEC-03,Down,Decreasing KM,2026-11-23 12:51,2026-11-23 13:25,Medium,True,Forecasted,0.79
TRN-0005419,2026-11-23,MEMU,COR-02,SEC-03,Down,Decreasing KM,2026-11-23 14:26,2026-11-23 15:03,Medium,False,Not Applicable,1.0
TRN-0005420,2026-11-23,MEMU,COR-02,SEC-03,Down,Decreasing KM,2026-11-23 16:02,2026-11-23 16:43,Medium,False,Not Applicable,1.0
TRN-0005421,2026-11-23,Goods,COR-02,SEC-03,Down,Decreasing KM,2026-11-23 17:31,2026-11-23 18:06,Medium,True,Forecasted,0.89
TRN-0005422,2026-11-23,MEMU,COR-02,SEC-04,Down,Decreasing KM,2026-11-23 19:07,2026-11-23 19:42,Medium,False,Not Applicable,1.0
TRN-0005423,2026-11-23,Express,COR-02,SEC-03,Down,Decreasing KM,2026-11-23 20:42,2026-11-23 21:14,High,False,Not Applicable,1.0
TRN-0005424,2026-11-23,Goods,COR-02,SEC-04,Down,Decreasing KM,2026-11-23 21:48,2026-11-23 22:35,Medium,True,Scheduled,0.78
TRN-0005425,2026-11-23,MEMU,COR-03,SEC-05,Up,Increasing KM,2026-11-23 05:18,2026-11-23 06:09,Medium,False,Not Applicable,1.0
TRN-0005426,2026-11-23,Express,COR-03,SEC-05,Up,Increasing KM,2026-11-23 07:03,2026-11-23 07:57,High,False,Not Applicable,1.0
TRN-0005427,2026-11-23,MEMU,COR-03,SEC-06,Up,Increasing KM,2026-11-23 08:26,2026-11-23 09:10,Medium,False,Not Applicable,1.0
TRN-0005428,2026-11-23,MEMU,COR-03,SEC-05,Up,Increasing KM,2026-11-23 10:10,2026-11-23 11:03,Medium,False,Not Applicable,1.0
TRN-0005429,2026-11-23,MEMU,COR-03,SEC-05,Up,Increasing KM,2026-11-23 11:22,2026-11-23 12:09,Medium,False,Not Applicable,1.0
TRN-0005430,2026-11-23,Passenger,COR-03,SEC-06,Up,Increasing KM,2026-11-23 13:09,2026-11-23 13:58,High,False,Not Applicable,1.0
TRN-0005431,2026-11-23,Goods,COR-03,SEC-05,Up,Increasing KM,2026-11-23 14:26,2026-11-23 15:21,Medium,True,Forecasted,0.89
TRN-0005432,2026-11-23,Passenger,COR-03,SEC-05,Up,Increasing KM,2026-11-23 16:11,2026-11-23 17:11,High,False,Not Applicable,1.0
TRN-0005433,2026-11-23,MEMU,COR-03,SEC-06,Up,Increasing KM,2026-11-23 17:22,2026-11-23 18:22,Medium,False,Not Applicable,1.0
TRN-0005434,2026-11-23,Passenger,COR-03,SEC-05,Up,Increasing KM,2026-11-23 18:54,2026-11-23 19:44,High,False,Not Applicable,1.0
TRN-0005435,2026-11-23,Express,COR-03,SEC-06,Up,Increasing KM,2026-11-23 20:26,2026-11-23 21:25,High,False,Not Applicable,1.0
TRN-0005436,2026-11-23,Passenger,COR-03,SEC-06,Up,Increasing KM,2026-11-23 22:12,2026-11-23 23:03,High,False,Not Applicable,1.0
TRN-0005437,2026-11-23,MEMU,COR-03,SEC-06,Down,Decreasing KM,2026-11-23 05:41,2026-11-23 06:08,Medium,False,Not Applicable,1.0
TRN-0005438,2026-11-23,Goods,COR-03,SEC-05,Down,Decreasing KM,2026-11-23 07:06,2026-11-23 08:01,Medium,True,Forecasted,0.85
TRN-0005439,2026-11-23,Express,COR-03,SEC-05,Down,Decreasing KM,2026-11-23 08:40,2026-11-23 09:26,High,False,Not Applicable,1.0
TRN-0005440,2026-11-23,Express,COR-03,SEC-05,Down,Decreasing KM,2026-11-23 09:52,2026-11-23 10:22,High,False,Not Applicable,1.0
TRN-0005441,2026-11-23,Passenger,COR-03,SEC-05,Down,Decreasing KM,2026-11-23 11:42,2026-11-23 12:24,High,False,Not Applicable,1.0
TRN-0005442,2026-11-23,Goods,COR-03,SEC-06,Down,Decreasing KM,2026-11-23 12:56,2026-11-23 13:43,Medium,True,Scheduled,0.86
TRN-0005443,2026-11-23,Express,COR-03,SEC-06,Down,Decreasing KM,2026-11-23 14:37,2026-11-23 15:08,High,False,Not Applicable,1.0
TRN-0005444,2026-11-23,Express,COR-03,SEC-06,Down,Decreasing KM,2026-11-23 15:57,2026-11-23 16:54,High,False,Not Applicable,1.0
TRN-0005445,2026-11-23,Goods,COR-03,SEC-06,Down,Decreasing KM,2026-11-23 17:29,2026-11-23 18:25,Medium,True,Forecasted,0.89
TRN-0005446,2026-11-23,Superfast,COR-03,SEC-06,Down,Decreasing KM,2026-11-23 19:06,2026-11-23 20:06,Critical,False,Not Applicable,1.0
TRN-0005447,2026-11-23,Superfast,COR-03,SEC-05,Down,Decreasing KM,2026-11-23 20:31,2026-11-23 21:03,Critical,False,Not Applicable,1.0
TRN-0005448,2026-11-23,MEMU,COR-03,SEC-05,Down,Decreasing KM,2026-11-23 22:05,2026-11-23 22:49,Medium,False,Not Applicable,1.0
TRN-0005449,2026-11-23,Goods,COR-04,SEC-07,Up,Increasing KM,2026-11-23 05:34,2026-11-23 06:27,Medium,True,Forecasted,0.79
TRN-0005450,2026-11-23,Express,COR-04,SEC-07,Up,Increasing KM,2026-11-23 06:59,2026-11-23 07:39,High,False,Not Applicable,1.0
TRN-0005451,2026-11-23,MEMU,COR-04,SEC-08,Up,Increasing KM,2026-11-23 08:27,2026-11-23 09:19,Medium,False,Not Applicable,1.0
TRN-0005452,2026-11-23,Express,COR-04,SEC-08,Up,Increasing KM,2026-11-23 09:53,2026-11-23 10:48,High,False,Not Applicable,1.0
TRN-0005453,2026-11-23,Goods,COR-04,SEC-08,Up,Increasing KM,2026-11-23 11:28,2026-11-23 12:25,Medium,True,Forecasted,0.98
TRN-0005454,2026-11-23,Express,COR-04,SEC-08,Up,Increasing KM,2026-11-23 12:54,2026-11-23 13:34,High,False,Not Applicable,1.0
TRN-0005455,2026-11-23,Express,COR-04,SEC-08,Up,Increasing KM,2026-11-23 14:25,2026-11-23 14:59,High,False,Not Applicable,1.0
TRN-0005456,2026-11-23,Passenger,COR-04,SEC-08,Up,Increasing KM,2026-11-23 15:52,2026-11-23 16:47,High,False,Not Applicable,1.0
TRN-0005457,2026-11-23,Goods,COR-04,SEC-07,Up,Increasing KM,2026-11-23 17:27,2026-11-23 18:19,Medium,True,Forecasted,0.69
TRN-0005458,2026-11-23,Express,COR-04,SEC-08,Up,Increasing KM,2026-11-23 19:03,2026-11-23 19:51,High,False,Not Applicable,1.0
TRN-0005459,2026-11-23,Passenger,COR-04,SEC-08,Up,Increasing KM,2026-11-23 20:27,2026-11-23 20:59,High,False,Not Applicable,1.0
TRN-0005460,2026-11-23,MEMU,COR-04,SEC-07,Up,Increasing KM,2026-11-23 21:51,2026-11-23 22:43,Medium,False,Not Applicable,1.0
TRN-0005461,2026-11-23,Goods,COR-04,SEC-08,Down,Decreasing KM,2026-11-23 05:28,2026-11-23 06:07,Medium,True,Forecasted,0.75
TRN-0005462,2026-11-23,Goods,COR-04,SEC-07,Down,Decreasing KM,2026-11-23 06:53,2026-11-23 07:21,Medium,True,Forecasted,0.76
TRN-0005463,2026-11-23,Passenger,COR-04,SEC-07,Down,Decreasing KM,2026-11-23 08:19,2026-11-23 09:13,High,False,Not Applicable,1.0
TRN-0005464,2026-11-23,Goods,COR-04,SEC-07,Down,Decreasing KM,2026-11-23 10:00,2026-11-23 10:52,Medium,True,Forecasted,0.96
TRN-0005465,2026-11-23,Passenger,COR-04,SEC-07,Down,Decreasing KM,2026-11-23 11:27,2026-11-23 11:53,High,False,Not Applicable,1.0
TRN-0005466,2026-11-23,Express,COR-04,SEC-07,Down,Decreasing KM,2026-11-23 12:52,2026-11-23 13:28,High,False,Not Applicable,1.0
TRN-0005467,2026-11-23,Superfast,COR-04,SEC-07,Down,Decreasing KM,2026-11-23 14:18,2026-11-23 14:45,Critical,False,Not Applicable,1.0
TRN-0005468,2026-11-23,Goods,COR-04,SEC-07,Down,Decreasing KM,2026-11-23 16:06,2026-11-23 16:34,Medium,True,Forecasted,0.67
TRN-0005469,2026-11-23,Passenger,COR-04,SEC-07,Down,Decreasing KM,2026-11-23 17:37,2026-11-23 18:37,High,False,Not Applicable,1.0
TRN-0005470,2026-11-23,Goods,COR-04,SEC-08,Down,Decreasing KM,2026-11-23 18:54,2026-11-23 19:35,Medium,True,Forecasted,0.94
TRN-0005471,2026-11-23,MEMU,COR-04,SEC-07,Down,Decreasing KM,2026-11-23 20:30,2026-11-23 21:19,Medium,False,Not Applicable,1.0
TRN-0005472,2026-11-23,Passenger,COR-04,SEC-08,Down,Decreasing KM,2026-11-23 21:54,2026-11-23 22:37,High,False,Not Applicable,1.0
TRN-0005473,2026-11-24,Superfast,COR-01,SEC-02,Up,Increasing KM,2026-11-24 05:23,2026-11-24 06:06,Critical,False,Not Applicable,1.0
TRN-0005474,2026-11-24,Goods,COR-01,SEC-01,Up,Increasing KM,2026-11-24 06:53,2026-11-24 07:24,Medium,True,Scheduled,0.87
TRN-0005475,2026-11-24,Superfast,COR-01,SEC-01,Up,Increasing KM,2026-11-24 08:32,2026-11-24 09:26,Critical,False,Not Applicable,1.0
TRN-0005476,2026-11-24,Goods,COR-01,SEC-01,Up,Increasing KM,2026-11-24 09:59,2026-11-24 10:57,Medium,True,Forecasted,0.93
TRN-0005477,2026-11-24,MEMU,COR-01,SEC-01,Up,Increasing KM,2026-11-24 11:19,2026-11-24 12:08,Medium,False,Not Applicable,1.0
TRN-0005478,2026-11-24,Passenger,COR-01,SEC-01,Up,Increasing KM,2026-11-24 12:52,2026-11-24 13:30,High,False,Not Applicable,1.0
TRN-0005479,2026-11-24,Passenger,COR-01,SEC-01,Up,Increasing KM,2026-11-24 14:28,2026-11-24 14:59,High,False,Not Applicable,1.0
TRN-0005480,2026-11-24,Passenger,COR-01,SEC-01,Up,Increasing KM,2026-11-24 15:52,2026-11-24 16:22,High,False,Not Applicable,1.0
TRN-0005481,2026-11-24,Express,COR-01,SEC-01,Up,Increasing KM,2026-11-24 17:31,2026-11-24 18:09,High,False,Not Applicable,1.0
TRN-0005482,2026-11-24,Express,COR-01,SEC-01,Up,Increasing KM,2026-11-24 18:55,2026-11-24 19:48,High,False,Not Applicable,1.0
TRN-0005483,2026-11-24,Goods,COR-01,SEC-02,Up,Increasing KM,2026-11-24 20:25,2026-11-24 21:09,Medium,True,Forecasted,0.92
TRN-0005484,2026-11-24,Superfast,COR-01,SEC-01,Up,Increasing KM,2026-11-24 21:50,2026-11-24 22:17,Critical,False,Not Applicable,1.0
TRN-0005485,2026-11-24,Express,COR-01,SEC-01,Down,Decreasing KM,2026-11-24 05:27,2026-11-24 06:06,High,False,Not Applicable,1.0
TRN-0005486,2026-11-24,Express,COR-01,SEC-01,Down,Decreasing KM,2026-11-24 07:03,2026-11-24 07:37,High,False,Not Applicable,1.0
TRN-0005487,2026-11-24,Passenger,COR-01,SEC-01,Down,Decreasing KM,2026-11-24 08:41,2026-11-24 09:24,High,False,Not Applicable,1.0
TRN-0005488,2026-11-24,Passenger,COR-01,SEC-01,Down,Decreasing KM,2026-11-24 10:00,2026-11-24 10:33,High,False,Not Applicable,1.0
TRN-0005489,2026-11-24,Goods,COR-01,SEC-01,Down,Decreasing KM,2026-11-24 11:33,2026-11-24 12:12,Medium,True,Forecasted,0.8
TRN-0005490,2026-11-24,Passenger,COR-01,SEC-02,Down,Decreasing KM,2026-11-24 12:56,2026-11-24 13:53,High,False,Not Applicable,1.0
TRN-0005491,2026-11-24,Goods,COR-01,SEC-01,Down,Decreasing KM,2026-11-24 14:40,2026-11-24 15:29,Medium,True,Forecasted,0.94
TRN-0005492,2026-11-24,Passenger,COR-01,SEC-02,Down,Decreasing KM,2026-11-24 15:49,2026-11-24 16:48,High,False,Not Applicable,1.0
TRN-0005493,2026-11-24,Superfast,COR-01,SEC-02,Down,Decreasing KM,2026-11-24 17:24,2026-11-24 18:09,Critical,False,Not Applicable,1.0
TRN-0005494,2026-11-24,Passenger,COR-01,SEC-02,Down,Decreasing KM,2026-11-24 19:12,2026-11-24 19:39,High,False,Not Applicable,1.0
TRN-0005495,2026-11-24,Goods,COR-01,SEC-01,Down,Decreasing KM,2026-11-24 20:30,2026-11-24 21:13,Medium,True,Forecasted,0.98
TRN-0005496,2026-11-24,Superfast,COR-01,SEC-02,Down,Decreasing KM,2026-11-24 21:52,2026-11-24 22:31,Critical,False,Not Applicable,1.0
TRN-0005497,2026-11-24,Passenger,COR-02,SEC-03,Up,Increasing KM,2026-11-24 05:19,2026-11-24 06:12,High,False,Not Applicable,1.0
TRN-0005498,2026-11-24,Passenger,COR-02,SEC-03,Up,Increasing KM,2026-11-24 07:10,2026-11-24 07:35,High,False,Not Applicable,1.0
TRN-0005499,2026-11-24,Express,COR-02,SEC-03,Up,Increasing KM,2026-11-24 08:30,2026-11-24 09:18,High,False,Not Applicable,1.0
TRN-0005500,2026-11-24,Superfast,COR-02,SEC-04,Up,Increasing KM,2026-11-24 10:02,2026-11-24 10:50,Critical,False,Not Applicable,1.0
TRN-0005501,2026-11-24,Passenger,COR-02,SEC-04,Up,Increasing KM,2026-11-24 11:41,2026-11-24 12:25,High,False,Not Applicable,1.0
TRN-0005502,2026-11-24,Passenger,COR-02,SEC-03,Up,Increasing KM,2026-11-24 12:53,2026-11-24 13:40,High,False,Not Applicable,1.0
TRN-0005503,2026-11-24,Express,COR-02,SEC-04,Up,Increasing KM,2026-11-24 14:42,2026-11-24 15:33,High,False,Not Applicable,1.0
TRN-0005504,2026-11-24,Goods,COR-02,SEC-03,Up,Increasing KM,2026-11-24 15:54,2026-11-24 16:51,Medium,True,Forecasted,0.76
TRN-0005505,2026-11-24,Superfast,COR-02,SEC-04,Up,Increasing KM,2026-11-24 17:26,2026-11-24 18:26,Critical,False,Not Applicable,1.0
TRN-0005506,2026-11-24,Express,COR-02,SEC-04,Up,Increasing KM,2026-11-24 18:59,2026-11-24 19:42,High,False,Not Applicable,1.0
TRN-0005507,2026-11-24,Express,COR-02,SEC-04,Up,Increasing KM,2026-11-24 20:33,2026-11-24 21:19,High,False,Not Applicable,1.0
TRN-0005508,2026-11-24,Goods,COR-02,SEC-04,Up,Increasing KM,2026-11-24 21:56,2026-11-24 22:28,Medium,True,Forecasted,0.9
TRN-0005509,2026-11-24,Superfast,COR-02,SEC-03,Down,Decreasing KM,2026-11-24 05:21,2026-11-24 06:20,Critical,False,Not Applicable,1.0
TRN-0005510,2026-11-24,Passenger,COR-02,SEC-03,Down,Decreasing KM,2026-11-24 06:51,2026-11-24 07:36,High,False,Not Applicable,1.0
TRN-0005511,2026-11-24,Passenger,COR-02,SEC-04,Down,Decreasing KM,2026-11-24 08:26,2026-11-24 09:03,High,False,Not Applicable,1.0
TRN-0005512,2026-11-24,Express,COR-02,SEC-04,Down,Decreasing KM,2026-11-24 09:55,2026-11-24 10:22,High,False,Not Applicable,1.0
TRN-0005513,2026-11-24,Express,COR-02,SEC-04,Down,Decreasing KM,2026-11-24 11:38,2026-11-24 12:27,High,False,Not Applicable,1.0
TRN-0005514,2026-11-24,Express,COR-02,SEC-04,Down,Decreasing KM,2026-11-24 13:09,2026-11-24 14:02,High,False,Not Applicable,1.0
TRN-0005515,2026-11-24,Express,COR-02,SEC-03,Down,Decreasing KM,2026-11-24 14:29,2026-11-24 15:13,High,False,Not Applicable,1.0
TRN-0005516,2026-11-24,Goods,COR-02,SEC-04,Down,Decreasing KM,2026-11-24 16:00,2026-11-24 16:58,Medium,True,Forecasted,0.69
TRN-0005517,2026-11-24,Express,COR-02,SEC-03,Down,Decreasing KM,2026-11-24 17:25,2026-11-24 17:53,High,False,Not Applicable,1.0
TRN-0005518,2026-11-24,MEMU,COR-02,SEC-04,Down,Decreasing KM,2026-11-24 19:01,2026-11-24 19:51,Medium,False,Not Applicable,1.0
TRN-0005519,2026-11-24,Express,COR-02,SEC-03,Down,Decreasing KM,2026-11-24 20:35,2026-11-24 21:15,High,False,Not Applicable,1.0
TRN-0005520,2026-11-24,Express,COR-02,SEC-03,Down,Decreasing KM,2026-11-24 22:06,2026-11-24 22:52,High,False,Not Applicable,1.0
TRN-0005521,2026-11-24,Express,COR-03,SEC-05,Up,Increasing KM,2026-11-24 05:36,2026-11-24 06:08,High,False,Not Applicable,1.0
TRN-0005522,2026-11-24,Passenger,COR-03,SEC-05,Up,Increasing KM,2026-11-24 06:57,2026-11-24 07:37,High,False,Not Applicable,1.0
TRN-0005523,2026-11-24,Passenger,COR-03,SEC-05,Up,Increasing KM,2026-11-24 08:33,2026-11-24 09:31,High,False,Not Applicable,1.0
TRN-0005524,2026-11-24,Express,COR-03,SEC-05,Up,Increasing KM,2026-11-24 10:01,2026-11-24 10:59,High,False,Not Applicable,1.0
TRN-0005525,2026-11-24,Passenger,COR-03,SEC-05,Up,Increasing KM,2026-11-24 11:32,2026-11-24 12:24,High,False,Not Applicable,1.0
TRN-0005526,2026-11-24,Passenger,COR-03,SEC-06,Up,Increasing KM,2026-11-24 13:05,2026-11-24 13:50,High,False,Not Applicable,1.0
TRN-0005527,2026-11-24,Passenger,COR-03,SEC-06,Up,Increasing KM,2026-11-24 14:27,2026-11-24 14:59,High,False,Not Applicable,1.0
TRN-0005528,2026-11-24,Passenger,COR-03,SEC-06,Up,Increasing KM,2026-11-24 16:00,2026-11-24 16:37,High,False,Not Applicable,1.0
TRN-0005529,2026-11-24,Superfast,COR-03,SEC-06,Up,Increasing KM,2026-11-24 17:32,2026-11-24 18:24,Critical,False,Not Applicable,1.0
TRN-0005530,2026-11-24,Express,COR-03,SEC-05,Up,Increasing KM,2026-11-24 18:51,2026-11-24 19:48,High,False,Not Applicable,1.0
TRN-0005531,2026-11-24,Express,COR-03,SEC-05,Up,Increasing KM,2026-11-24 20:23,2026-11-24 21:22,High,False,Not Applicable,1.0
TRN-0005532,2026-11-24,Express,COR-03,SEC-05,Up,Increasing KM,2026-11-24 21:50,2026-11-24 22:28,High,False,Not Applicable,1.0
TRN-0005533,2026-11-24,Passenger,COR-03,SEC-06,Down,Decreasing KM,2026-11-24 05:30,2026-11-24 06:02,High,False,Not Applicable,1.0
TRN-0005534,2026-11-24,Goods,COR-03,SEC-06,Down,Decreasing KM,2026-11-24 07:00,2026-11-24 07:40,Medium,True,Forecasted,0.97
TRN-0005535,2026-11-24,Passenger,COR-03,SEC-06,Down,Decreasing KM,2026-11-24 08:19,2026-11-24 08:45,High,False,Not Applicable,1.0
TRN-0005536,2026-11-24,Goods,COR-03,SEC-06,Down,Decreasing KM,2026-11-24 09:50,2026-11-24 10:18,Medium,True,Forecasted,0.88
TRN-0005537,2026-11-24,Express,COR-03,SEC-06,Down,Decreasing KM,2026-11-24 11:19,2026-11-24 12:09,High,False,Not Applicable,1.0
TRN-0005538,2026-11-24,Superfast,COR-03,SEC-06,Down,Decreasing KM,2026-11-24 13:06,2026-11-24 13:36,Critical,False,Not Applicable,1.0
TRN-0005539,2026-11-24,Superfast,COR-03,SEC-06,Down,Decreasing KM,2026-11-24 14:23,2026-11-24 15:06,Critical,False,Not Applicable,1.0
TRN-0005540,2026-11-24,Superfast,COR-03,SEC-05,Down,Decreasing KM,2026-11-24 16:05,2026-11-24 16:43,Critical,False,Not Applicable,1.0
TRN-0005541,2026-11-24,Superfast,COR-03,SEC-06,Down,Decreasing KM,2026-11-24 17:27,2026-11-24 18:22,Critical,False,Not Applicable,1.0
TRN-0005542,2026-11-24,Goods,COR-03,SEC-05,Down,Decreasing KM,2026-11-24 19:07,2026-11-24 19:33,Medium,True,Forecasted,0.98
TRN-0005543,2026-11-24,Express,COR-03,SEC-06,Down,Decreasing KM,2026-11-24 20:20,2026-11-24 21:06,High,False,Not Applicable,1.0
TRN-0005544,2026-11-24,Passenger,COR-03,SEC-06,Down,Decreasing KM,2026-11-24 21:56,2026-11-24 22:36,High,False,Not Applicable,1.0
TRN-0005545,2026-11-24,Express,COR-04,SEC-07,Up,Increasing KM,2026-11-24 05:24,2026-11-24 05:49,High,False,Not Applicable,1.0
TRN-0005546,2026-11-24,Passenger,COR-04,SEC-08,Up,Increasing KM,2026-11-24 07:12,2026-11-24 08:01,High,False,Not Applicable,1.0
TRN-0005547,2026-11-24,Goods,COR-04,SEC-08,Up,Increasing KM,2026-11-24 08:22,2026-11-24 09:17,Medium,True,Forecasted,0.86
TRN-0005548,2026-11-24,Superfast,COR-04,SEC-08,Up,Increasing KM,2026-11-24 09:51,2026-11-24 10:47,Critical,False,Not Applicable,1.0
TRN-0005549,2026-11-24,Goods,COR-04,SEC-08,Up,Increasing KM,2026-11-24 11:30,2026-11-24 12:20,Medium,True,Forecasted,0.85
TRN-0005550,2026-11-24,Superfast,COR-04,SEC-08,Up,Increasing KM,2026-11-24 12:57,2026-11-24 13:27,Critical,False,Not Applicable,1.0
TRN-0005551,2026-11-24,Goods,COR-04,SEC-07,Up,Increasing KM,2026-11-24 14:30,2026-11-24 14:59,Medium,True,Forecasted,0.75
TRN-0005552,2026-11-24,MEMU,COR-04,SEC-07,Up,Increasing KM,2026-11-24 16:10,2026-11-24 16:53,Medium,False,Not Applicable,1.0
TRN-0005553,2026-11-24,Goods,COR-04,SEC-07,Up,Increasing KM,2026-11-24 17:24,2026-11-24 17:58,Medium,True,Forecasted,0.78
TRN-0005554,2026-11-24,Goods,COR-04,SEC-07,Up,Increasing KM,2026-11-24 19:09,2026-11-24 19:48,Medium,True,Forecasted,0.69
TRN-0005555,2026-11-24,Express,COR-04,SEC-08,Up,Increasing KM,2026-11-24 20:23,2026-11-24 20:52,High,False,Not Applicable,1.0
TRN-0005556,2026-11-24,MEMU,COR-04,SEC-08,Up,Increasing KM,2026-11-24 21:56,2026-11-24 22:52,Medium,False,Not Applicable,1.0
TRN-0005557,2026-11-24,Express,COR-04,SEC-07,Down,Decreasing KM,2026-11-24 05:29,2026-11-24 06:29,High,False,Not Applicable,1.0
TRN-0005558,2026-11-24,Express,COR-04,SEC-07,Down,Decreasing KM,2026-11-24 07:03,2026-11-24 07:51,High,False,Not Applicable,1.0
TRN-0005559,2026-11-24,Superfast,COR-04,SEC-07,Down,Decreasing KM,2026-11-24 08:36,2026-11-24 09:03,Critical,False,Not Applicable,1.0
TRN-0005560,2026-11-24,Superfast,COR-04,SEC-08,Down,Decreasing KM,2026-11-24 09:51,2026-11-24 10:41,Critical,False,Not Applicable,1.0
TRN-0005561,2026-11-24,Superfast,COR-04,SEC-08,Down,Decreasing KM,2026-11-24 11:42,2026-11-24 12:08,Critical,False,Not Applicable,1.0
TRN-0005562,2026-11-24,Passenger,COR-04,SEC-08,Down,Decreasing KM,2026-11-24 12:58,2026-11-24 13:26,High,False,Not Applicable,1.0
TRN-0005563,2026-11-24,Goods,COR-04,SEC-08,Down,Decreasing KM,2026-11-24 14:40,2026-11-24 15:15,Medium,True,Forecasted,0.8
TRN-0005564,2026-11-24,Goods,COR-04,SEC-08,Down,Decreasing KM,2026-11-24 15:58,2026-11-24 16:33,Medium,True,Forecasted,0.89
TRN-0005565,2026-11-24,Goods,COR-04,SEC-07,Down,Decreasing KM,2026-11-24 17:28,2026-11-24 18:03,Medium,True,Forecasted,0.75
TRN-0005566,2026-11-24,Express,COR-04,SEC-07,Down,Decreasing KM,2026-11-24 19:03,2026-11-24 19:34,High,False,Not Applicable,1.0
TRN-0005567,2026-11-24,Superfast,COR-04,SEC-08,Down,Decreasing KM,2026-11-24 20:22,2026-11-24 20:51,Critical,False,Not Applicable,1.0
TRN-0005568,2026-11-24,Express,COR-04,SEC-08,Down,Decreasing KM,2026-11-24 22:03,2026-11-24 22:41,High,False,Not Applicable,1.0
TRN-0005569,2026-11-25,Superfast,COR-01,SEC-02,Up,Increasing KM,2026-11-25 05:26,2026-11-25 06:16,Critical,False,Not Applicable,1.0
TRN-0005570,2026-11-25,MEMU,COR-01,SEC-02,Up,Increasing KM,2026-11-25 07:05,2026-11-25 08:04,Medium,False,Not Applicable,1.0
TRN-0005571,2026-11-25,MEMU,COR-01,SEC-01,Up,Increasing KM,2026-11-25 08:35,2026-11-25 09:15,Medium,False,Not Applicable,1.0
TRN-0005572,2026-11-25,Goods,COR-01,SEC-01,Up,Increasing KM,2026-11-25 09:49,2026-11-25 10:49,Medium,True,Scheduled,0.75
TRN-0005573,2026-11-25,MEMU,COR-01,SEC-01,Up,Increasing KM,2026-11-25 11:32,2026-11-25 12:02,Medium,False,Not Applicable,1.0
TRN-0005574,2026-11-25,Passenger,COR-01,SEC-01,Up,Increasing KM,2026-11-25 12:56,2026-11-25 13:44,High,False,Not Applicable,1.0
TRN-0005575,2026-11-25,Goods,COR-01,SEC-01,Up,Increasing KM,2026-11-25 14:33,2026-11-25 15:29,Medium,True,Scheduled,0.82
TRN-0005576,2026-11-25,Superfast,COR-01,SEC-02,Up,Increasing KM,2026-11-25 15:57,2026-11-25 16:24,Critical,False,Not Applicable,1.0
TRN-0005577,2026-11-25,Passenger,COR-01,SEC-02,Up,Increasing KM,2026-11-25 17:31,2026-11-25 17:58,High,False,Not Applicable,1.0
TRN-0005578,2026-11-25,Express,COR-01,SEC-01,Up,Increasing KM,2026-11-25 19:05,2026-11-25 19:36,High,False,Not Applicable,1.0
TRN-0005579,2026-11-25,Passenger,COR-01,SEC-01,Up,Increasing KM,2026-11-25 20:25,2026-11-25 21:07,High,False,Not Applicable,1.0
TRN-0005580,2026-11-25,Passenger,COR-01,SEC-01,Up,Increasing KM,2026-11-25 21:52,2026-11-25 22:28,High,False,Not Applicable,1.0
TRN-0005581,2026-11-25,Passenger,COR-01,SEC-02,Down,Decreasing KM,2026-11-25 05:20,2026-11-25 06:09,High,False,Not Applicable,1.0
TRN-0005582,2026-11-25,Passenger,COR-01,SEC-02,Down,Decreasing KM,2026-11-25 07:08,2026-11-25 08:00,High,False,Not Applicable,1.0
TRN-0005583,2026-11-25,Goods,COR-01,SEC-01,Down,Decreasing KM,2026-11-25 08:23,2026-11-25 09:03,Medium,True,Forecasted,0.93
TRN-0005584,2026-11-25,Express,COR-01,SEC-02,Down,Decreasing KM,2026-11-25 10:09,2026-11-25 10:47,High,False,Not Applicable,1.0
TRN-0005585,2026-11-25,Superfast,COR-01,SEC-02,Down,Decreasing KM,2026-11-25 11:22,2026-11-25 11:48,Critical,False,Not Applicable,1.0
TRN-0005586,2026-11-25,Goods,COR-01,SEC-01,Down,Decreasing KM,2026-11-25 13:00,2026-11-25 13:30,Medium,True,Forecasted,0.67
TRN-0005587,2026-11-25,MEMU,COR-01,SEC-02,Down,Decreasing KM,2026-11-25 14:36,2026-11-25 15:04,Medium,False,Not Applicable,1.0
TRN-0005588,2026-11-25,Passenger,COR-01,SEC-02,Down,Decreasing KM,2026-11-25 16:00,2026-11-25 16:39,High,False,Not Applicable,1.0
TRN-0005589,2026-11-25,Passenger,COR-01,SEC-01,Down,Decreasing KM,2026-11-25 17:28,2026-11-25 18:18,High,False,Not Applicable,1.0
TRN-0005590,2026-11-25,Express,COR-01,SEC-01,Down,Decreasing KM,2026-11-25 19:06,2026-11-25 19:58,High,False,Not Applicable,1.0
TRN-0005591,2026-11-25,Passenger,COR-01,SEC-02,Down,Decreasing KM,2026-11-25 20:18,2026-11-25 21:15,High,False,Not Applicable,1.0
TRN-0005592,2026-11-25,Superfast,COR-01,SEC-02,Down,Decreasing KM,2026-11-25 22:08,2026-11-25 22:40,Critical,False,Not Applicable,1.0
TRN-0005593,2026-11-25,Passenger,COR-02,SEC-04,Up,Increasing KM,2026-11-25 05:23,2026-11-25 06:10,High,False,Not Applicable,1.0
TRN-0005594,2026-11-25,Superfast,COR-02,SEC-04,Up,Increasing KM,2026-11-25 07:01,2026-11-25 07:29,Critical,False,Not Applicable,1.0
TRN-0005595,2026-11-25,Superfast,COR-02,SEC-04,Up,Increasing KM,2026-11-25 08:31,2026-11-25 09:06,Critical,False,Not Applicable,1.0
TRN-0005596,2026-11-25,Passenger,COR-02,SEC-03,Up,Increasing KM,2026-11-25 09:48,2026-11-25 10:43,High,False,Not Applicable,1.0
TRN-0005597,2026-11-25,Superfast,COR-02,SEC-04,Up,Increasing KM,2026-11-25 11:29,2026-11-25 11:55,Critical,False,Not Applicable,1.0
TRN-0005598,2026-11-25,Superfast,COR-02,SEC-03,Up,Increasing KM,2026-11-25 13:10,2026-11-25 14:00,Critical,False,Not Applicable,1.0
TRN-0005599,2026-11-25,MEMU,COR-02,SEC-03,Up,Increasing KM,2026-11-25 14:22,2026-11-25 15:05,Medium,False,Not Applicable,1.0
TRN-0005600,2026-11-25,Goods,COR-02,SEC-03,Up,Increasing KM,2026-11-25 16:08,2026-11-25 16:37,Medium,True,Scheduled,0.66
TRN-0005601,2026-11-25,Express,COR-02,SEC-03,Up,Increasing KM,2026-11-25 17:29,2026-11-25 17:54,High,False,Not Applicable,1.0
TRN-0005602,2026-11-25,Passenger,COR-02,SEC-03,Up,Increasing KM,2026-11-25 19:01,2026-11-25 19:48,High,False,Not Applicable,1.0
TRN-0005603,2026-11-25,Superfast,COR-02,SEC-03,Up,Increasing KM,2026-11-25 20:34,2026-11-25 21:32,Critical,False,Not Applicable,1.0
TRN-0005604,2026-11-25,Passenger,COR-02,SEC-04,Up,Increasing KM,2026-11-25 22:05,2026-11-25 22:36,High,False,Not Applicable,1.0
TRN-0005605,2026-11-25,MEMU,COR-02,SEC-04,Down,Decreasing KM,2026-11-25 05:37,2026-11-25 06:13,Medium,False,Not Applicable,1.0
TRN-0005606,2026-11-25,Passenger,COR-02,SEC-04,Down,Decreasing KM,2026-11-25 07:05,2026-11-25 07:52,High,False,Not Applicable,1.0
TRN-0005607,2026-11-25,Goods,COR-02,SEC-04,Down,Decreasing KM,2026-11-25 08:23,2026-11-25 08:54,Medium,True,Scheduled,0.75
TRN-0005608,2026-11-25,Express,COR-02,SEC-03,Down,Decreasing KM,2026-11-25 09:49,2026-11-25 10:32,High,False,Not Applicable,1.0
TRN-0005609,2026-11-25,Superfast,COR-02,SEC-04,Down,Decreasing KM,2026-11-25 11:30,2026-11-25 12:04,Critical,False,Not Applicable,1.0
TRN-0005610,2026-11-25,Goods,COR-02,SEC-03,Down,Decreasing KM,2026-11-25 12:50,2026-11-25 13:34,Medium,True,Scheduled,0.76
TRN-0005611,2026-11-25,Goods,COR-02,SEC-04,Down,Decreasing KM,2026-11-25 14:20,2026-11-25 14:59,Medium,True,Scheduled,0.76
TRN-0005612,2026-11-25,Passenger,COR-02,SEC-04,Down,Decreasing KM,2026-11-25 15:59,2026-11-25 16:39,High,False,Not Applicable,1.0
TRN-0005613,2026-11-25,Passenger,COR-02,SEC-03,Down,Decreasing KM,2026-11-25 17:38,2026-11-25 18:22,High,False,Not Applicable,1.0
TRN-0005614,2026-11-25,Superfast,COR-02,SEC-03,Down,Decreasing KM,2026-11-25 19:12,2026-11-25 19:50,Critical,False,Not Applicable,1.0
TRN-0005615,2026-11-25,Passenger,COR-02,SEC-03,Down,Decreasing KM,2026-11-25 20:33,2026-11-25 21:06,High,False,Not Applicable,1.0
TRN-0005616,2026-11-25,Express,COR-02,SEC-03,Down,Decreasing KM,2026-11-25 21:54,2026-11-25 22:29,High,False,Not Applicable,1.0
TRN-0005617,2026-11-25,Passenger,COR-03,SEC-05,Up,Increasing KM,2026-11-25 05:20,2026-11-25 06:02,High,False,Not Applicable,1.0
TRN-0005618,2026-11-25,MEMU,COR-03,SEC-05,Up,Increasing KM,2026-11-25 07:08,2026-11-25 07:39,Medium,False,Not Applicable,1.0
TRN-0005619,2026-11-25,Express,COR-03,SEC-06,Up,Increasing KM,2026-11-25 08:34,2026-11-25 09:04,High,False,Not Applicable,1.0
TRN-0005620,2026-11-25,Express,COR-03,SEC-06,Up,Increasing KM,2026-11-25 10:11,2026-11-25 10:41,High,False,Not Applicable,1.0
TRN-0005621,2026-11-25,Passenger,COR-03,SEC-06,Up,Increasing KM,2026-11-25 11:18,2026-11-25 11:52,High,False,Not Applicable,1.0
TRN-0005622,2026-11-25,Express,COR-03,SEC-06,Up,Increasing KM,2026-11-25 13:03,2026-11-25 13:32,High,False,Not Applicable,1.0
TRN-0005623,2026-11-25,Superfast,COR-03,SEC-05,Up,Increasing KM,2026-11-25 14:32,2026-11-25 15:14,Critical,False,Not Applicable,1.0
TRN-0005624,2026-11-25,Passenger,COR-03,SEC-05,Up,Increasing KM,2026-11-25 16:03,2026-11-25 16:51,High,False,Not Applicable,1.0
TRN-0005625,2026-11-25,Passenger,COR-03,SEC-06,Up,Increasing KM,2026-11-25 17:42,2026-11-25 18:17,High,False,Not Applicable,1.0
TRN-0005626,2026-11-25,Passenger,COR-03,SEC-05,Up,Increasing KM,2026-11-25 18:57,2026-11-25 19:26,High,False,Not Applicable,1.0
TRN-0005627,2026-11-25,Superfast,COR-03,SEC-06,Up,Increasing KM,2026-11-25 20:21,2026-11-25 21:06,Critical,False,Not Applicable,1.0
TRN-0005628,2026-11-25,Express,COR-03,SEC-05,Up,Increasing KM,2026-11-25 21:48,2026-11-25 22:16,High,False,Not Applicable,1.0
TRN-0005629,2026-11-25,Express,COR-03,SEC-05,Down,Decreasing KM,2026-11-25 05:36,2026-11-25 06:23,High,False,Not Applicable,1.0
TRN-0005630,2026-11-25,Superfast,COR-03,SEC-06,Down,Decreasing KM,2026-11-25 06:57,2026-11-25 07:49,Critical,False,Not Applicable,1.0
TRN-0005631,2026-11-25,Passenger,COR-03,SEC-06,Down,Decreasing KM,2026-11-25 08:28,2026-11-25 09:13,High,False,Not Applicable,1.0
TRN-0005632,2026-11-25,Express,COR-03,SEC-05,Down,Decreasing KM,2026-11-25 09:54,2026-11-25 10:49,High,False,Not Applicable,1.0
TRN-0005633,2026-11-25,Goods,COR-03,SEC-06,Down,Decreasing KM,2026-11-25 11:25,2026-11-25 11:59,Medium,True,Forecasted,0.95
TRN-0005634,2026-11-25,Express,COR-03,SEC-06,Down,Decreasing KM,2026-11-25 12:51,2026-11-25 13:43,High,False,Not Applicable,1.0
TRN-0005635,2026-11-25,MEMU,COR-03,SEC-06,Down,Decreasing KM,2026-11-25 14:31,2026-11-25 15:05,Medium,False,Not Applicable,1.0
TRN-0005636,2026-11-25,Passenger,COR-03,SEC-06,Down,Decreasing KM,2026-11-25 15:51,2026-11-25 16:34,High,False,Not Applicable,1.0
TRN-0005637,2026-11-25,Express,COR-03,SEC-06,Down,Decreasing KM,2026-11-25 17:35,2026-11-25 18:05,High,False,Not Applicable,1.0
TRN-0005638,2026-11-25,Superfast,COR-03,SEC-06,Down,Decreasing KM,2026-11-25 18:54,2026-11-25 19:41,Critical,False,Not Applicable,1.0
TRN-0005639,2026-11-25,Passenger,COR-03,SEC-05,Down,Decreasing KM,2026-11-25 20:32,2026-11-25 20:58,High,False,Not Applicable,1.0
TRN-0005640,2026-11-25,Passenger,COR-03,SEC-05,Down,Decreasing KM,2026-11-25 22:01,2026-11-25 22:40,High,False,Not Applicable,1.0
TRN-0005641,2026-11-25,Goods,COR-04,SEC-07,Up,Increasing KM,2026-11-25 05:18,2026-11-25 06:16,Medium,True,Forecasted,0.67
TRN-0005642,2026-11-25,Passenger,COR-04,SEC-08,Up,Increasing KM,2026-11-25 06:56,2026-11-25 07:52,High,False,Not Applicable,1.0
TRN-0005643,2026-11-25,Goods,COR-04,SEC-07,Up,Increasing KM,2026-11-25 08:30,2026-11-25 09:22,Medium,True,Forecasted,0.98
TRN-0005644,2026-11-25,MEMU,COR-04,SEC-08,Up,Increasing KM,2026-11-25 09:56,2026-11-25 10:36,Medium,False,Not Applicable,1.0
TRN-0005645,2026-11-25,Express,COR-04,SEC-07,Up,Increasing KM,2026-11-25 11:27,2026-11-25 12:21,High,False,Not Applicable,1.0
TRN-0005646,2026-11-25,Superfast,COR-04,SEC-07,Up,Increasing KM,2026-11-25 12:51,2026-11-25 13:40,Critical,False,Not Applicable,1.0
TRN-0005647,2026-11-25,Superfast,COR-04,SEC-08,Up,Increasing KM,2026-11-25 14:35,2026-11-25 15:14,Critical,False,Not Applicable,1.0
TRN-0005648,2026-11-25,Passenger,COR-04,SEC-07,Up,Increasing KM,2026-11-25 16:07,2026-11-25 16:57,High,False,Not Applicable,1.0
TRN-0005649,2026-11-25,Express,COR-04,SEC-07,Up,Increasing KM,2026-11-25 17:29,2026-11-25 18:06,High,False,Not Applicable,1.0
TRN-0005650,2026-11-25,Goods,COR-04,SEC-08,Up,Increasing KM,2026-11-25 18:49,2026-11-25 19:32,Medium,True,Forecasted,0.89
TRN-0005651,2026-11-25,Passenger,COR-04,SEC-08,Up,Increasing KM,2026-11-25 20:19,2026-11-25 21:05,High,False,Not Applicable,1.0
TRN-0005652,2026-11-25,Goods,COR-04,SEC-08,Up,Increasing KM,2026-11-25 22:04,2026-11-25 22:31,Medium,True,Forecasted,0.65
TRN-0005653,2026-11-25,MEMU,COR-04,SEC-07,Down,Decreasing KM,2026-11-25 05:36,2026-11-25 06:25,Medium,False,Not Applicable,1.0
TRN-0005654,2026-11-25,MEMU,COR-04,SEC-08,Down,Decreasing KM,2026-11-25 07:00,2026-11-25 07:27,Medium,False,Not Applicable,1.0
TRN-0005655,2026-11-25,Superfast,COR-04,SEC-08,Down,Decreasing KM,2026-11-25 08:27,2026-11-25 09:03,Critical,False,Not Applicable,1.0
TRN-0005656,2026-11-25,Goods,COR-04,SEC-07,Down,Decreasing KM,2026-11-25 10:09,2026-11-25 11:07,Medium,True,Scheduled,0.88
TRN-0005657,2026-11-25,Passenger,COR-04,SEC-07,Down,Decreasing KM,2026-11-25 11:34,2026-11-25 12:24,High,False,Not Applicable,1.0
TRN-0005658,2026-11-25,MEMU,COR-04,SEC-07,Down,Decreasing KM,2026-11-25 13:03,2026-11-25 13:36,Medium,False,Not Applicable,1.0
TRN-0005659,2026-11-25,Superfast,COR-04,SEC-07,Down,Decreasing KM,2026-11-25 14:21,2026-11-25 15:19,Critical,False,Not Applicable,1.0
TRN-0005660,2026-11-25,MEMU,COR-04,SEC-07,Down,Decreasing KM,2026-11-25 16:00,2026-11-25 16:59,Medium,False,Not Applicable,1.0
TRN-0005661,2026-11-25,Express,COR-04,SEC-08,Down,Decreasing KM,2026-11-25 17:35,2026-11-25 18:03,High,False,Not Applicable,1.0
TRN-0005662,2026-11-25,Goods,COR-04,SEC-07,Down,Decreasing KM,2026-11-25 19:11,2026-11-25 20:03,Medium,True,Forecasted,0.72
TRN-0005663,2026-11-25,Passenger,COR-04,SEC-08,Down,Decreasing KM,2026-11-25 20:33,2026-11-25 21:01,High,False,Not Applicable,1.0
TRN-0005664,2026-11-25,Passenger,COR-04,SEC-07,Down,Decreasing KM,2026-11-25 21:52,2026-11-25 22:35,High,False,Not Applicable,1.0
TRN-0005665,2026-11-26,MEMU,COR-01,SEC-02,Up,Increasing KM,2026-11-26 05:38,2026-11-26 06:26,Medium,False,Not Applicable,1.0
TRN-0005666,2026-11-26,Passenger,COR-01,SEC-02,Up,Increasing KM,2026-11-26 07:08,2026-11-26 07:48,High,False,Not Applicable,1.0
TRN-0005667,2026-11-26,Superfast,COR-01,SEC-02,Up,Increasing KM,2026-11-26 08:24,2026-11-26 09:07,Critical,False,Not Applicable,1.0
TRN-0005668,2026-11-26,Goods,COR-01,SEC-01,Up,Increasing KM,2026-11-26 10:09,2026-11-26 10:37,Medium,True,Forecasted,0.9
TRN-0005669,2026-11-26,Express,COR-01,SEC-02,Up,Increasing KM,2026-11-26 11:26,2026-11-26 12:25,High,False,Not Applicable,1.0
TRN-0005670,2026-11-26,Express,COR-01,SEC-01,Up,Increasing KM,2026-11-26 13:02,2026-11-26 13:27,High,False,Not Applicable,1.0
TRN-0005671,2026-11-26,Passenger,COR-01,SEC-01,Up,Increasing KM,2026-11-26 14:26,2026-11-26 14:58,High,False,Not Applicable,1.0
TRN-0005672,2026-11-26,MEMU,COR-01,SEC-02,Up,Increasing KM,2026-11-26 16:01,2026-11-26 16:27,Medium,False,Not Applicable,1.0
TRN-0005673,2026-11-26,Passenger,COR-01,SEC-01,Up,Increasing KM,2026-11-26 17:31,2026-11-26 18:11,High,False,Not Applicable,1.0
TRN-0005674,2026-11-26,Passenger,COR-01,SEC-01,Up,Increasing KM,2026-11-26 19:05,2026-11-26 20:02,High,False,Not Applicable,1.0
TRN-0005675,2026-11-26,Express,COR-01,SEC-02,Up,Increasing KM,2026-11-26 20:29,2026-11-26 21:21,High,False,Not Applicable,1.0
TRN-0005676,2026-11-26,Passenger,COR-01,SEC-02,Up,Increasing KM,2026-11-26 22:01,2026-11-26 22:51,High,False,Not Applicable,1.0
TRN-0005677,2026-11-26,Passenger,COR-01,SEC-01,Down,Decreasing KM,2026-11-26 05:39,2026-11-26 06:18,High,False,Not Applicable,1.0
TRN-0005678,2026-11-26,Passenger,COR-01,SEC-02,Down,Decreasing KM,2026-11-26 06:48,2026-11-26 07:20,High,False,Not Applicable,1.0
TRN-0005679,2026-11-26,Goods,COR-01,SEC-01,Down,Decreasing KM,2026-11-26 08:37,2026-11-26 09:15,Medium,True,Forecasted,0.82
TRN-0005680,2026-11-26,Passenger,COR-01,SEC-02,Down,Decreasing KM,2026-11-26 09:55,2026-11-26 10:45,High,False,Not Applicable,1.0
TRN-0005681,2026-11-26,Goods,COR-01,SEC-02,Down,Decreasing KM,2026-11-26 11:35,2026-11-26 12:25,Medium,True,Forecasted,0.7
TRN-0005682,2026-11-26,Passenger,COR-01,SEC-01,Down,Decreasing KM,2026-11-26 13:07,2026-11-26 13:38,High,False,Not Applicable,1.0
TRN-0005683,2026-11-26,Superfast,COR-01,SEC-01,Down,Decreasing KM,2026-11-26 14:35,2026-11-26 15:26,Critical,False,Not Applicable,1.0
TRN-0005684,2026-11-26,Superfast,COR-01,SEC-02,Down,Decreasing KM,2026-11-26 15:58,2026-11-26 16:54,Critical,False,Not Applicable,1.0
TRN-0005685,2026-11-26,Goods,COR-01,SEC-02,Down,Decreasing KM,2026-11-26 17:33,2026-11-26 18:15,Medium,True,Forecasted,0.7
TRN-0005686,2026-11-26,Passenger,COR-01,SEC-02,Down,Decreasing KM,2026-11-26 18:59,2026-11-26 19:30,High,False,Not Applicable,1.0
TRN-0005687,2026-11-26,Passenger,COR-01,SEC-02,Down,Decreasing KM,2026-11-26 20:33,2026-11-26 21:10,High,False,Not Applicable,1.0
TRN-0005688,2026-11-26,MEMU,COR-01,SEC-01,Down,Decreasing KM,2026-11-26 21:59,2026-11-26 22:50,Medium,False,Not Applicable,1.0
TRN-0005689,2026-11-26,Passenger,COR-02,SEC-04,Up,Increasing KM,2026-11-26 05:27,2026-11-26 06:22,High,False,Not Applicable,1.0
TRN-0005690,2026-11-26,Goods,COR-02,SEC-03,Up,Increasing KM,2026-11-26 06:59,2026-11-26 07:58,Medium,True,Scheduled,0.74
TRN-0005691,2026-11-26,MEMU,COR-02,SEC-04,Up,Increasing KM,2026-11-26 08:26,2026-11-26 09:12,Medium,False,Not Applicable,1.0
TRN-0005692,2026-11-26,Superfast,COR-02,SEC-04,Up,Increasing KM,2026-11-26 10:11,2026-11-26 10:58,Critical,False,Not Applicable,1.0
TRN-0005693,2026-11-26,Goods,COR-02,SEC-03,Up,Increasing KM,2026-11-26 11:35,2026-11-26 12:05,Medium,True,Forecasted,0.9
TRN-0005694,2026-11-26,Passenger,COR-02,SEC-03,Up,Increasing KM,2026-11-26 13:04,2026-11-26 13:36,High,False,Not Applicable,1.0
TRN-0005695,2026-11-26,Superfast,COR-02,SEC-04,Up,Increasing KM,2026-11-26 14:28,2026-11-26 14:56,Critical,False,Not Applicable,1.0
TRN-0005696,2026-11-26,Goods,COR-02,SEC-03,Up,Increasing KM,2026-11-26 16:01,2026-11-26 16:59,Medium,True,Forecasted,0.88
TRN-0005697,2026-11-26,Express,COR-02,SEC-04,Up,Increasing KM,2026-11-26 17:40,2026-11-26 18:08,High,False,Not Applicable,1.0
TRN-0005698,2026-11-26,Goods,COR-02,SEC-03,Up,Increasing KM,2026-11-26 19:04,2026-11-26 19:54,Medium,True,Forecasted,0.86
TRN-0005699,2026-11-26,Express,COR-02,SEC-04,Up,Increasing KM,2026-11-26 20:38,2026-11-26 21:08,High,False,Not Applicable,1.0
TRN-0005700,2026-11-26,Express,COR-02,SEC-04,Up,Increasing KM,2026-11-26 21:49,2026-11-26 22:37,High,False,Not Applicable,1.0
TRN-0005701,2026-11-26,Express,COR-02,SEC-04,Down,Decreasing KM,2026-11-26 05:28,2026-11-26 06:15,High,False,Not Applicable,1.0
TRN-0005702,2026-11-26,Goods,COR-02,SEC-03,Down,Decreasing KM,2026-11-26 07:07,2026-11-26 07:48,Medium,True,Scheduled,0.8
TRN-0005703,2026-11-26,Goods,COR-02,SEC-04,Down,Decreasing KM,2026-11-26 08:30,2026-11-26 09:20,Medium,True,Forecasted,0.76
TRN-0005704,2026-11-26,Goods,COR-02,SEC-04,Down,Decreasing KM,2026-11-26 10:12,2026-11-26 11:01,Medium,True,Scheduled,0.87
TRN-0005705,2026-11-26,Express,COR-02,SEC-04,Down,Decreasing KM,2026-11-26 11:41,2026-11-26 12:28,High,False,Not Applicable,1.0
TRN-0005706,2026-11-26,Passenger,COR-02,SEC-04,Down,Decreasing KM,2026-11-26 12:49,2026-11-26 13:26,High,False,Not Applicable,1.0
TRN-0005707,2026-11-26,MEMU,COR-02,SEC-04,Down,Decreasing KM,2026-11-26 14:28,2026-11-26 15:05,Medium,False,Not Applicable,1.0
TRN-0005708,2026-11-26,MEMU,COR-02,SEC-04,Down,Decreasing KM,2026-11-26 15:53,2026-11-26 16:50,Medium,False,Not Applicable,1.0
TRN-0005709,2026-11-26,Express,COR-02,SEC-03,Down,Decreasing KM,2026-11-26 17:29,2026-11-26 18:24,High,False,Not Applicable,1.0
TRN-0005710,2026-11-26,MEMU,COR-02,SEC-04,Down,Decreasing KM,2026-11-26 18:51,2026-11-26 19:33,Medium,False,Not Applicable,1.0
TRN-0005711,2026-11-26,Express,COR-02,SEC-03,Down,Decreasing KM,2026-11-26 20:31,2026-11-26 21:07,High,False,Not Applicable,1.0
TRN-0005712,2026-11-26,Superfast,COR-02,SEC-03,Down,Decreasing KM,2026-11-26 21:51,2026-11-26 22:22,Critical,False,Not Applicable,1.0
TRN-0005713,2026-11-26,Goods,COR-03,SEC-05,Up,Increasing KM,2026-11-26 05:18,2026-11-26 06:05,Medium,True,Forecasted,0.79
TRN-0005714,2026-11-26,MEMU,COR-03,SEC-05,Up,Increasing KM,2026-11-26 07:00,2026-11-26 07:55,Medium,False,Not Applicable,1.0
TRN-0005715,2026-11-26,Goods,COR-03,SEC-06,Up,Increasing KM,2026-11-26 08:31,2026-11-26 08:56,Medium,True,Forecasted,0.78
TRN-0005716,2026-11-26,Passenger,COR-03,SEC-06,Up,Increasing KM,2026-11-26 10:04,2026-11-26 10:32,High,False,Not Applicable,1.0
TRN-0005717,2026-11-26,MEMU,COR-03,SEC-05,Up,Increasing KM,2026-11-26 11:38,2026-11-26 12:38,Medium,False,Not Applicable,1.0
TRN-0005718,2026-11-26,Express,COR-03,SEC-05,Up,Increasing KM,2026-11-26 12:57,2026-11-26 13:28,High,False,Not Applicable,1.0
TRN-0005719,2026-11-26,Passenger,COR-03,SEC-05,Up,Increasing KM,2026-11-26 14:22,2026-11-26 14:53,High,False,Not Applicable,1.0
TRN-0005720,2026-11-26,Goods,COR-03,SEC-06,Up,Increasing KM,2026-11-26 16:09,2026-11-26 16:55,Medium,True,Forecasted,0.72
TRN-0005721,2026-11-26,Express,COR-03,SEC-06,Up,Increasing KM,2026-11-26 17:37,2026-11-26 18:28,High,False,Not Applicable,1.0
TRN-0005722,2026-11-26,Goods,COR-03,SEC-06,Up,Increasing KM,2026-11-26 19:01,2026-11-26 19:46,Medium,True,Forecasted,0.86
TRN-0005723,2026-11-26,Superfast,COR-03,SEC-06,Up,Increasing KM,2026-11-26 20:18,2026-11-26 20:55,Critical,False,Not Applicable,1.0
TRN-0005724,2026-11-26,Superfast,COR-03,SEC-06,Up,Increasing KM,2026-11-26 21:59,2026-11-26 22:48,Critical,False,Not Applicable,1.0
TRN-0005725,2026-11-26,Passenger,COR-03,SEC-06,Down,Decreasing KM,2026-11-26 05:21,2026-11-26 05:49,High,False,Not Applicable,1.0
TRN-0005726,2026-11-26,Goods,COR-03,SEC-05,Down,Decreasing KM,2026-11-26 06:55,2026-11-26 07:42,Medium,True,Forecasted,0.96
TRN-0005727,2026-11-26,Passenger,COR-03,SEC-06,Down,Decreasing KM,2026-11-26 08:20,2026-11-26 09:04,High,False,Not Applicable,1.0
TRN-0005728,2026-11-26,Passenger,COR-03,SEC-05,Down,Decreasing KM,2026-11-26 09:50,2026-11-26 10:18,High,False,Not Applicable,1.0
TRN-0005729,2026-11-26,Goods,COR-03,SEC-05,Down,Decreasing KM,2026-11-26 11:24,2026-11-26 12:11,Medium,True,Scheduled,0.79
TRN-0005730,2026-11-26,Express,COR-03,SEC-05,Down,Decreasing KM,2026-11-26 13:00,2026-11-26 13:56,High,False,Not Applicable,1.0
TRN-0005731,2026-11-26,Goods,COR-03,SEC-06,Down,Decreasing KM,2026-11-26 14:21,2026-11-26 15:20,Medium,True,Forecasted,0.95
TRN-0005732,2026-11-26,Passenger,COR-03,SEC-06,Down,Decreasing KM,2026-11-26 15:50,2026-11-26 16:20,High,False,Not Applicable,1.0
TRN-0005733,2026-11-26,Express,COR-03,SEC-05,Down,Decreasing KM,2026-11-26 17:39,2026-11-26 18:39,High,False,Not Applicable,1.0
TRN-0005734,2026-11-26,Superfast,COR-03,SEC-05,Down,Decreasing KM,2026-11-26 19:00,2026-11-26 19:33,Critical,False,Not Applicable,1.0
TRN-0005735,2026-11-26,MEMU,COR-03,SEC-05,Down,Decreasing KM,2026-11-26 20:35,2026-11-26 21:26,Medium,False,Not Applicable,1.0
TRN-0005736,2026-11-26,Passenger,COR-03,SEC-05,Down,Decreasing KM,2026-11-26 22:06,2026-11-26 23:02,High,False,Not Applicable,1.0
TRN-0005737,2026-11-26,Passenger,COR-04,SEC-07,Up,Increasing KM,2026-11-26 05:38,2026-11-26 06:03,High,False,Not Applicable,1.0
TRN-0005738,2026-11-26,Passenger,COR-04,SEC-07,Up,Increasing KM,2026-11-26 07:00,2026-11-26 07:33,High,False,Not Applicable,1.0
TRN-0005739,2026-11-26,Passenger,COR-04,SEC-08,Up,Increasing KM,2026-11-26 08:22,2026-11-26 09:20,High,False,Not Applicable,1.0
TRN-0005740,2026-11-26,MEMU,COR-04,SEC-08,Up,Increasing KM,2026-11-26 09:59,2026-11-26 10:57,Medium,False,Not Applicable,1.0
TRN-0005741,2026-11-26,MEMU,COR-04,SEC-08,Up,Increasing KM,2026-11-26 11:37,2026-11-26 12:12,Medium,False,Not Applicable,1.0
TRN-0005742,2026-11-26,Passenger,COR-04,SEC-08,Up,Increasing KM,2026-11-26 13:03,2026-11-26 14:03,High,False,Not Applicable,1.0
TRN-0005743,2026-11-26,Express,COR-04,SEC-08,Up,Increasing KM,2026-11-26 14:27,2026-11-26 14:59,High,False,Not Applicable,1.0
TRN-0005744,2026-11-26,Passenger,COR-04,SEC-08,Up,Increasing KM,2026-11-26 15:53,2026-11-26 16:19,High,False,Not Applicable,1.0
TRN-0005745,2026-11-26,Superfast,COR-04,SEC-08,Up,Increasing KM,2026-11-26 17:34,2026-11-26 18:10,Critical,False,Not Applicable,1.0
TRN-0005746,2026-11-26,Superfast,COR-04,SEC-07,Up,Increasing KM,2026-11-26 18:58,2026-11-26 19:42,Critical,False,Not Applicable,1.0
TRN-0005747,2026-11-26,Goods,COR-04,SEC-07,Up,Increasing KM,2026-11-26 20:29,2026-11-26 20:54,Medium,True,Forecasted,0.98
TRN-0005748,2026-11-26,Express,COR-04,SEC-08,Up,Increasing KM,2026-11-26 22:11,2026-11-26 22:42,High,False,Not Applicable,1.0
TRN-0005749,2026-11-26,Passenger,COR-04,SEC-08,Down,Decreasing KM,2026-11-26 05:23,2026-11-26 06:15,High,False,Not Applicable,1.0
TRN-0005750,2026-11-26,Goods,COR-04,SEC-08,Down,Decreasing KM,2026-11-26 07:10,2026-11-26 07:41,Medium,True,Forecasted,0.65
TRN-0005751,2026-11-26,Goods,COR-04,SEC-07,Down,Decreasing KM,2026-11-26 08:26,2026-11-26 09:14,Medium,True,Forecasted,0.68
TRN-0005752,2026-11-26,Express,COR-04,SEC-08,Down,Decreasing KM,2026-11-26 10:11,2026-11-26 10:42,High,False,Not Applicable,1.0
TRN-0005753,2026-11-26,MEMU,COR-04,SEC-08,Down,Decreasing KM,2026-11-26 11:37,2026-11-26 12:21,Medium,False,Not Applicable,1.0
TRN-0005754,2026-11-26,MEMU,COR-04,SEC-08,Down,Decreasing KM,2026-11-26 12:53,2026-11-26 13:49,Medium,False,Not Applicable,1.0
TRN-0005755,2026-11-26,Passenger,COR-04,SEC-08,Down,Decreasing KM,2026-11-26 14:23,2026-11-26 14:58,High,False,Not Applicable,1.0
TRN-0005756,2026-11-26,Goods,COR-04,SEC-07,Down,Decreasing KM,2026-11-26 16:01,2026-11-26 16:54,Medium,True,Forecasted,0.91
TRN-0005757,2026-11-26,Express,COR-04,SEC-07,Down,Decreasing KM,2026-11-26 17:30,2026-11-26 17:55,High,False,Not Applicable,1.0
TRN-0005758,2026-11-26,Passenger,COR-04,SEC-07,Down,Decreasing KM,2026-11-26 18:53,2026-11-26 19:33,High,False,Not Applicable,1.0
TRN-0005759,2026-11-26,Express,COR-04,SEC-08,Down,Decreasing KM,2026-11-26 20:24,2026-11-26 20:50,High,False,Not Applicable,1.0
TRN-0005760,2026-11-26,Passenger,COR-04,SEC-08,Down,Decreasing KM,2026-11-26 22:10,2026-11-26 23:02,High,False,Not Applicable,1.0
